ISO-10303-21;
HEADER;
/* Generated by software containing ST-Developer
 * from STEP Tools, Inc. (www.steptools.com) 
 */
/* OPTION: using custom renumber hook */

FILE_DESCRIPTION(
/* description */ ('STEP AP242 Edition 2',
'CAx-IF Rec.Pracs.---Representation and Presentation of Product Manufa
cturing Information (PMI)---4.0---2014-10-13',
'CAx-IF Rec.Pracs.---3D Tessellated Geometry---0.4---2014-09-14','2;1',
'CAx-IF Rec.Pracs.---User Defined Attributes---1.5---2016-08-15'),
/* implementation_level */ '2;1');

FILE_NAME(
/* name */ 'Assembly 2 - Tower Pro - Micro Servo 9g - SG90.1 (2)',
/* time_stamp */ '2026-06-30T13:00:19Z',
/* author */ (''),
/* organization */ (''),
/* preprocessor_version */ 'ST-DEVELOPER v20',
/* originating_system */ 'ONSHAPE BY PTC INC, 1.217',
/* authorisation */ '  ');

FILE_SCHEMA (('AP242_MANAGED_MODEL_BASED_3D_ENGINEERING_MIM_LF { 1 0 10303 442 3 1 4 }'));
ENDSEC;

DATA;
#10=SHAPE_REPRESENTATION_RELATIONSHIP('','',#3602,#11);
#11=ADVANCED_BREP_SHAPE_REPRESENTATION('',(#3600),#6279);
#12=B_SPLINE_CURVE_WITH_KNOTS('',3,(#5558,#5559,#5560,#5561),
 .UNSPECIFIED.,.F.,.F.,(4,4),(2.9592665863125E-7,0.000171242653615307),
 .UNSPECIFIED.);
#13=B_SPLINE_CURVE_WITH_KNOTS('',3,(#5563,#5564,#5565,#5566),
 .UNSPECIFIED.,.F.,.F.,(4,4),(2.92051799424603E-7,0.000171238778756094),
 .UNSPECIFIED.);
#14=B_SPLINE_CURVE_WITH_KNOTS('',3,(#5567,#5568,#5569,#5570),
 .UNSPECIFIED.,.F.,.F.,(4,4),(3.19354662297287E-7,0.000171266081618966),
 .UNSPECIFIED.);
#15=B_SPLINE_CURVE_WITH_KNOTS('',3,(#5572,#5573,#5574,#5575),
 .UNSPECIFIED.,.F.,.F.,(4,4),(3.15172471761257E-7,0.000171261899428427),
 .UNSPECIFIED.);
#16=B_SPLINE_CURVE_WITH_KNOTS('',3,(#5576,#5577,#5578,#5579),
 .UNSPECIFIED.,.F.,.F.,(4,4),(3.37730946611812E-7,0.00017128445790314),
 .UNSPECIFIED.);
#17=B_SPLINE_CURVE_WITH_KNOTS('',3,(#5581,#5582,#5583,#5584),
 .UNSPECIFIED.,.F.,.F.,(4,4),(3.46389971848598E-7,0.000171293116928377),
 .UNSPECIFIED.);
#18=B_SPLINE_CURVE_WITH_KNOTS('',3,(#5585,#5586,#5587,#5588),
 .UNSPECIFIED.,.F.,.F.,(4,4),(3.19354662297287E-7,0.000171266081618972),
 .UNSPECIFIED.);
#19=B_SPLINE_CURVE_WITH_KNOTS('',3,(#5590,#5591,#5592,#5593),
 .UNSPECIFIED.,.F.,.F.,(4,4),(3.15172471762468E-7,0.000171261899428429),
 .UNSPECIFIED.);
#20=B_SPLINE_CURVE_WITH_KNOTS('',3,(#5594,#5595,#5596,#5597),
 .UNSPECIFIED.,.F.,.F.,(4,4),(2.95926658630955E-7,0.000171242653615306),
 .UNSPECIFIED.);
#21=B_SPLINE_CURVE_WITH_KNOTS('',3,(#5599,#5600,#5601,#5602),
 .UNSPECIFIED.,.F.,.F.,(4,4),(2.9205179942509E-7,0.000171238778756096),
 .UNSPECIFIED.);
#22=B_SPLINE_CURVE_WITH_KNOTS('',3,(#5603,#5604,#5605,#5606),
 .UNSPECIFIED.,.F.,.F.,(4,4),(2.78544340999632E-7,0.000171225271297682),
 .UNSPECIFIED.);
#23=B_SPLINE_CURVE_WITH_KNOTS('',3,(#5608,#5609,#5610,#5611),
 .UNSPECIFIED.,.F.,.F.,(4,4),(2.7489745151125E-7,0.00017122162440819),
 .UNSPECIFIED.);
#24=B_SPLINE_CURVE_WITH_KNOTS('',3,(#5612,#5613,#5614,#5615),
 .UNSPECIFIED.,.F.,.F.,(4,4),(2.65841812587007E-7,0.000171212568769265),
 .UNSPECIFIED.);
#25=B_SPLINE_CURVE_WITH_KNOTS('',3,(#5617,#5618,#5619,#5620),
 .UNSPECIFIED.,.F.,.F.,(4,4),(2.62361488271752E-7,0.00017120908844496),
 .UNSPECIFIED.);
#26=B_SPLINE_CURVE_WITH_KNOTS('',3,(#5621,#5622,#5623,#5624),
 .UNSPECIFIED.,.F.,.F.,(4,4),(2.56939639947479E-7,0.000171203666596638),
 .UNSPECIFIED.);
#27=B_SPLINE_CURVE_WITH_KNOTS('',3,(#5626,#5627,#5628,#5629),
 .UNSPECIFIED.,.F.,.F.,(4,4),(2.5357603318681E-7,0.000171200302989854),
 .UNSPECIFIED.);
#28=B_SPLINE_CURVE_WITH_KNOTS('',3,(#5630,#5631,#5632,#5633),
 .UNSPECIFIED.,.F.,.F.,(4,4),(2.51278235998068E-7,0.000171198005192681),
 .UNSPECIFIED.);
#29=B_SPLINE_CURVE_WITH_KNOTS('',3,(#5635,#5636,#5637,#5638),
 .UNSPECIFIED.,.F.,.F.,(4,4),(2.47988850403708E-7,0.00017119471580709),
 .UNSPECIFIED.);
#30=B_SPLINE_CURVE_WITH_KNOTS('',3,(#5639,#5640,#5641,#5642),
 .UNSPECIFIED.,.F.,.F.,(4,4),(2.48525154677798E-7,0.000171195252111367),
 .UNSPECIFIED.);
#31=B_SPLINE_CURVE_WITH_KNOTS('',3,(#5644,#5645,#5646,#5647),
 .UNSPECIFIED.,.F.,.F.,(4,4),(2.4527186029759E-7,0.000171191998816986),
 .UNSPECIFIED.);
#32=B_SPLINE_CURVE_WITH_KNOTS('',3,(#5648,#5649,#5650,#5651),
 .UNSPECIFIED.,.F.,.F.,(4,4),(2.48525154677798E-7,0.000171195252111362),
 .UNSPECIFIED.);
#33=B_SPLINE_CURVE_WITH_KNOTS('',3,(#5653,#5654,#5655,#5656),
 .UNSPECIFIED.,.F.,.F.,(4,4),(2.4527186029759E-7,0.000171191998816986),
 .UNSPECIFIED.);
#34=B_SPLINE_CURVE_WITH_KNOTS('',3,(#5657,#5658,#5659,#5660),
 .UNSPECIFIED.,.F.,.F.,(4,4),(2.51278235998936E-7,0.000171198005192686),
 .UNSPECIFIED.);
#35=B_SPLINE_CURVE_WITH_KNOTS('',3,(#5662,#5663,#5664,#5665),
 .UNSPECIFIED.,.F.,.F.,(4,4),(2.47988850403736E-7,0.00017119471580709),
 .UNSPECIFIED.);
#36=B_SPLINE_CURVE_WITH_KNOTS('',3,(#5666,#5667,#5668,#5669),
 .UNSPECIFIED.,.F.,.F.,(4,4),(2.5693963994731E-7,0.000171203666596632),
 .UNSPECIFIED.);
#37=B_SPLINE_CURVE_WITH_KNOTS('',3,(#5671,#5672,#5673,#5674),
 .UNSPECIFIED.,.F.,.F.,(4,4),(2.53576033186855E-7,0.000171200302989869),
 .UNSPECIFIED.);
#38=B_SPLINE_CURVE_WITH_KNOTS('',3,(#5675,#5676,#5677,#5678),
 .UNSPECIFIED.,.F.,.F.,(4,4),(2.65841812583576E-7,0.000171212568769268),
 .UNSPECIFIED.);
#39=B_SPLINE_CURVE_WITH_KNOTS('',3,(#5680,#5681,#5682,#5683),
 .UNSPECIFIED.,.F.,.F.,(4,4),(2.62361488271783E-7,0.000171209088444959),
 .UNSPECIFIED.);
#40=B_SPLINE_CURVE_WITH_KNOTS('',3,(#5684,#5685,#5686,#5687),
 .UNSPECIFIED.,.F.,.F.,(4,4),(2.78544341001818E-7,0.000171225271297681),
 .UNSPECIFIED.);
#41=B_SPLINE_CURVE_WITH_KNOTS('',3,(#5689,#5690,#5691,#5692),
 .UNSPECIFIED.,.F.,.F.,(4,4),(2.74897451510583E-7,0.000171221624408195),
 .UNSPECIFIED.);
#42=B_SPLINE_CURVE_WITH_KNOTS('',3,(#5693,#5694,#5695,#5696),
 .UNSPECIFIED.,.F.,.F.,(4,4),(2.95926658626463E-7,0.000171242653615302),
 .UNSPECIFIED.);
#43=B_SPLINE_CURVE_WITH_KNOTS('',3,(#5698,#5699,#5700,#5701),
 .UNSPECIFIED.,.F.,.F.,(4,4),(2.92051799424404E-7,0.000171238778756101),
 .UNSPECIFIED.);
#44=B_SPLINE_CURVE_WITH_KNOTS('',3,(#5702,#5703,#5704,#5705),
 .UNSPECIFIED.,.F.,.F.,(4,4),(3.19354662302523E-7,0.000171266081618973),
 .UNSPECIFIED.);
#45=B_SPLINE_CURVE_WITH_KNOTS('',3,(#5707,#5708,#5709,#5710),
 .UNSPECIFIED.,.F.,.F.,(4,4),(3.15172471762495E-7,0.000171261899428431),
 .UNSPECIFIED.);
#46=B_SPLINE_CURVE_WITH_KNOTS('',3,(#5711,#5712,#5713,#5714),
 .UNSPECIFIED.,.F.,.F.,(4,4),(3.37730946614933E-7,0.000171284457903143),
 .UNSPECIFIED.);
#47=B_SPLINE_CURVE_WITH_KNOTS('',3,(#5716,#5717,#5718,#5719),
 .UNSPECIFIED.,.F.,.F.,(4,4),(3.46389971854831E-7,0.000171293116928382),
 .UNSPECIFIED.);
#48=B_SPLINE_CURVE_WITH_KNOTS('',3,(#5720,#5721,#5722,#5723),
 .UNSPECIFIED.,.F.,.F.,(4,4),(3.19354662302284E-7,0.000171266081618965),
 .UNSPECIFIED.);
#49=B_SPLINE_CURVE_WITH_KNOTS('',3,(#5725,#5726,#5727,#5728),
 .UNSPECIFIED.,.F.,.F.,(4,4),(3.15172471763133E-7,0.000171261899428431),
 .UNSPECIFIED.);
#50=B_SPLINE_CURVE_WITH_KNOTS('',3,(#5729,#5730,#5731,#5732),
 .UNSPECIFIED.,.F.,.F.,(4,4),(2.9592665863042E-7,0.000171242653615307),
 .UNSPECIFIED.);
#51=B_SPLINE_CURVE_WITH_KNOTS('',3,(#5734,#5735,#5736,#5737),
 .UNSPECIFIED.,.F.,.F.,(4,4),(2.92051799424456E-7,0.0001712387787561),
 .UNSPECIFIED.);
#52=B_SPLINE_CURVE_WITH_KNOTS('',3,(#5738,#5739,#5740,#5741),
 .UNSPECIFIED.,.F.,.F.,(4,4),(2.78544340999472E-7,0.000171225271297679),
 .UNSPECIFIED.);
#53=B_SPLINE_CURVE_WITH_KNOTS('',3,(#5743,#5744,#5745,#5746),
 .UNSPECIFIED.,.F.,.F.,(4,4),(2.7489745151141E-7,0.000171221624408189),
 .UNSPECIFIED.);
#54=B_SPLINE_CURVE_WITH_KNOTS('',3,(#5747,#5748,#5749,#5750),
 .UNSPECIFIED.,.F.,.F.,(4,4),(2.65841812581941E-7,0.000171212568769262),
 .UNSPECIFIED.);
#55=B_SPLINE_CURVE_WITH_KNOTS('',3,(#5752,#5753,#5754,#5755),
 .UNSPECIFIED.,.F.,.F.,(4,4),(2.62361488272989E-7,0.000171209088444957),
 .UNSPECIFIED.);
#56=B_SPLINE_CURVE_WITH_KNOTS('',3,(#5756,#5757,#5758,#5759),
 .UNSPECIFIED.,.F.,.F.,(4,4),(2.56939639950234E-7,0.000171203666596633),
 .UNSPECIFIED.);
#57=B_SPLINE_CURVE_WITH_KNOTS('',3,(#5761,#5762,#5763,#5764),
 .UNSPECIFIED.,.F.,.F.,(4,4),(2.5357603318698E-7,0.000171200302989868),
 .UNSPECIFIED.);
#58=B_SPLINE_CURVE_WITH_KNOTS('',3,(#5765,#5766,#5767,#5768),
 .UNSPECIFIED.,.F.,.F.,(4,4),(2.51278235998443E-7,0.000171198005192686),
 .UNSPECIFIED.);
#59=B_SPLINE_CURVE_WITH_KNOTS('',3,(#5770,#5771,#5772,#5773),
 .UNSPECIFIED.,.F.,.F.,(4,4),(2.4798885040518E-7,0.000171194715807091),
 .UNSPECIFIED.);
#60=B_SPLINE_CURVE_WITH_KNOTS('',3,(#5774,#5775,#5776,#5777),
 .UNSPECIFIED.,.F.,.F.,(4,4),(2.48525154677429E-7,0.000171195252111367),
 .UNSPECIFIED.);
#61=B_SPLINE_CURVE_WITH_KNOTS('',3,(#5779,#5780,#5781,#5782),
 .UNSPECIFIED.,.F.,.F.,(4,4),(2.45271860302253E-7,0.000171191998816987),
 .UNSPECIFIED.);
#62=B_SPLINE_CURVE_WITH_KNOTS('',3,(#5783,#5784,#5785,#5786),
 .UNSPECIFIED.,.F.,.F.,(4,4),(2.48525154677429E-7,0.000171195252111367),
 .UNSPECIFIED.);
#63=B_SPLINE_CURVE_WITH_KNOTS('',3,(#5788,#5789,#5790,#5791),
 .UNSPECIFIED.,.F.,.F.,(4,4),(2.4527186029759E-7,0.000171191998816982),
 .UNSPECIFIED.);
#64=B_SPLINE_CURVE_WITH_KNOTS('',3,(#5792,#5793,#5794,#5795),
 .UNSPECIFIED.,.F.,.F.,(4,4),(2.51278235998443E-7,0.000171198005192685),
 .UNSPECIFIED.);
#65=B_SPLINE_CURVE_WITH_KNOTS('',3,(#5797,#5798,#5799,#5800),
 .UNSPECIFIED.,.F.,.F.,(4,4),(2.47988850403159E-7,0.00017119471580709),
 .UNSPECIFIED.);
#66=B_SPLINE_CURVE_WITH_KNOTS('',3,(#5801,#5802,#5803,#5804),
 .UNSPECIFIED.,.F.,.F.,(4,4),(2.56939639950959E-7,0.000171203666596649),
 .UNSPECIFIED.);
#67=B_SPLINE_CURVE_WITH_KNOTS('',3,(#5806,#5807,#5808,#5809),
 .UNSPECIFIED.,.F.,.F.,(4,4),(2.53576033188691E-7,0.000171200302989872),
 .UNSPECIFIED.);
#68=B_SPLINE_CURVE_WITH_KNOTS('',3,(#5810,#5811,#5812,#5813),
 .UNSPECIFIED.,.F.,.F.,(4,4),(2.6584181258119E-7,0.000171212568769261),
 .UNSPECIFIED.);
#69=B_SPLINE_CURVE_WITH_KNOTS('',3,(#5815,#5816,#5817,#5818),
 .UNSPECIFIED.,.F.,.F.,(4,4),(2.6236148827208E-7,0.000171209088444956),
 .UNSPECIFIED.);
#70=B_SPLINE_CURVE_WITH_KNOTS('',3,(#5819,#5820,#5821,#5822),
 .UNSPECIFIED.,.F.,.F.,(4,4),(2.78544341001661E-7,0.000171225271297685),
 .UNSPECIFIED.);
#71=B_SPLINE_CURVE_WITH_KNOTS('',3,(#5824,#5825,#5826,#5827),
 .UNSPECIFIED.,.F.,.F.,(4,4),(2.74897451510463E-7,0.000171221624408192),
 .UNSPECIFIED.);
#72=B_SPLINE_CURVE_WITH_KNOTS('',3,(#5828,#5829,#5830,#5831),
 .UNSPECIFIED.,.F.,.F.,(4,4),(2.95926658630468E-7,0.000171242653615306),
 .UNSPECIFIED.);
#73=B_SPLINE_CURVE_WITH_KNOTS('',3,(#5833,#5834,#5835,#5836),
 .UNSPECIFIED.,.F.,.F.,(4,4),(2.92051799424603E-7,0.000171238778756098),
 .UNSPECIFIED.);
#74=B_SPLINE_CURVE_WITH_KNOTS('',3,(#5837,#5838,#5839,#5840),
 .UNSPECIFIED.,.F.,.F.,(4,4),(3.19354662303052E-7,0.000171266081618973),
 .UNSPECIFIED.);
#75=B_SPLINE_CURVE_WITH_KNOTS('',3,(#5842,#5843,#5844,#5845),
 .UNSPECIFIED.,.F.,.F.,(4,4),(3.15172471762962E-7,0.000171261899428433),
 .UNSPECIFIED.);
#76=B_SPLINE_CURVE_WITH_KNOTS('',3,(#5846,#5847,#5848,#5849),
 .UNSPECIFIED.,.F.,.F.,(4,4),(3.37730946611812E-7,0.00017128445790314),
 .UNSPECIFIED.);
#77=B_SPLINE_CURVE_WITH_KNOTS('',3,(#5851,#5852,#5853,#5854),
 .UNSPECIFIED.,.F.,.F.,(4,4),(3.46389971854616E-7,0.000171293116928383),
 .UNSPECIFIED.);
#78=B_SPLINE_CURVE_WITH_KNOTS('',3,(#5855,#5856,#5857,#5858),
 .UNSPECIFIED.,.F.,.F.,(4,4),(3.19354662303274E-7,0.000171266081618972),
 .UNSPECIFIED.);
#79=B_SPLINE_CURVE_WITH_KNOTS('',3,(#5860,#5861,#5862,#5863),
 .UNSPECIFIED.,.F.,.F.,(4,4),(3.15172471763236E-7,0.000171261899428432),
 .UNSPECIFIED.);
#80=B_SPLINE_CURVE_WITH_KNOTS('',3,(#5864,#5865,#5866,#5867),
 .UNSPECIFIED.,.F.,.F.,(4,4),(2.95926658630955E-7,0.00017124265361531),
 .UNSPECIFIED.);
#81=B_SPLINE_CURVE_WITH_KNOTS('',3,(#5869,#5870,#5871,#5872),
 .UNSPECIFIED.,.F.,.F.,(4,4),(2.9205179942509E-7,0.000171238778756103),
 .UNSPECIFIED.);
#82=B_SPLINE_CURVE_WITH_KNOTS('',3,(#5873,#5874,#5875,#5876),
 .UNSPECIFIED.,.F.,.F.,(4,4),(2.78544340998372E-7,0.000171225271297681),
 .UNSPECIFIED.);
#83=B_SPLINE_CURVE_WITH_KNOTS('',3,(#5878,#5879,#5880,#5881),
 .UNSPECIFIED.,.F.,.F.,(4,4),(2.74897451510623E-7,0.000171221624408189),
 .UNSPECIFIED.);
#84=B_SPLINE_CURVE_WITH_KNOTS('',3,(#5882,#5883,#5884,#5885),
 .UNSPECIFIED.,.F.,.F.,(4,4),(2.65841812582427E-7,0.000171212568769262),
 .UNSPECIFIED.);
#85=B_SPLINE_CURVE_WITH_KNOTS('',3,(#5887,#5888,#5889,#5890),
 .UNSPECIFIED.,.F.,.F.,(4,4),(2.62361488272535E-7,0.000171209088444957),
 .UNSPECIFIED.);
#86=B_SPLINE_CURVE_WITH_KNOTS('',3,(#5891,#5892,#5893,#5894),
 .UNSPECIFIED.,.F.,.F.,(4,4),(2.56939639947479E-7,0.000171203666596635),
 .UNSPECIFIED.);
#87=B_SPLINE_CURVE_WITH_KNOTS('',3,(#5896,#5897,#5898,#5899),
 .UNSPECIFIED.,.F.,.F.,(4,4),(2.53576033186901E-7,0.000171200302989862),
 .UNSPECIFIED.);
#88=B_SPLINE_CURVE_WITH_KNOTS('',3,(#5900,#5901,#5902,#5903),
 .UNSPECIFIED.,.F.,.F.,(4,4),(2.51278235998415E-7,0.000171198005192685),
 .UNSPECIFIED.);
#89=B_SPLINE_CURVE_WITH_KNOTS('',3,(#5905,#5906,#5907,#5908),
 .UNSPECIFIED.,.F.,.F.,(4,4),(2.47988850403736E-7,0.00017119471580709),
 .UNSPECIFIED.);
#90=B_SPLINE_CURVE_WITH_KNOTS('',3,(#5909,#5910,#5911,#5912),
 .UNSPECIFIED.,.F.,.F.,(4,4),(2.4852515467778E-7,0.000171195252111367),
 .UNSPECIFIED.);
#91=B_SPLINE_CURVE_WITH_KNOTS('',3,(#5914,#5915,#5916,#5917),
 .UNSPECIFIED.,.F.,.F.,(4,4),(2.45271860302438E-7,0.000171191998816986),
 .UNSPECIFIED.);
#92=B_SPLINE_CURVE_WITH_KNOTS('',3,(#5918,#5919,#5920,#5921),
 .UNSPECIFIED.,.F.,.F.,(4,4),(2.48525154677604E-7,0.000171195252111367),
 .UNSPECIFIED.);
#93=B_SPLINE_CURVE_WITH_KNOTS('',3,(#5923,#5924,#5925,#5926),
 .UNSPECIFIED.,.F.,.F.,(4,4),(2.45271860301736E-7,0.000171191998816986),
 .UNSPECIFIED.);
#94=B_SPLINE_CURVE_WITH_KNOTS('',3,(#5927,#5928,#5929,#5930),
 .UNSPECIFIED.,.F.,.F.,(4,4),(2.5127823599847E-7,0.000171198005192685),
 .UNSPECIFIED.);
#95=B_SPLINE_CURVE_WITH_KNOTS('',3,(#5932,#5933,#5934,#5935),
 .UNSPECIFIED.,.F.,.F.,(4,4),(2.47988850403388E-7,0.00017119471580709),
 .UNSPECIFIED.);
#96=B_SPLINE_CURVE_WITH_KNOTS('',3,(#5936,#5937,#5938,#5939),
 .UNSPECIFIED.,.F.,.F.,(4,4),(2.56939639950019E-7,0.00017120366659664),
 .UNSPECIFIED.);
#97=B_SPLINE_CURVE_WITH_KNOTS('',3,(#5941,#5942,#5943,#5944),
 .UNSPECIFIED.,.F.,.F.,(4,4),(2.53576033188305E-7,0.000171200302989869),
 .UNSPECIFIED.);
#98=B_SPLINE_CURVE_WITH_KNOTS('',3,(#5945,#5946,#5947,#5948),
 .UNSPECIFIED.,.F.,.F.,(4,4),(2.65841812582465E-7,0.000171212568769264),
 .UNSPECIFIED.);
#99=B_SPLINE_CURVE_WITH_KNOTS('',3,(#5950,#5951,#5952,#5953),
 .UNSPECIFIED.,.F.,.F.,(4,4),(2.62361488271752E-7,0.000171209088444952),
 .UNSPECIFIED.);
#100=B_SPLINE_CURVE_WITH_KNOTS('',3,(#5954,#5955,#5956,#5957),
 .UNSPECIFIED.,.F.,.F.,(4,4),(2.78544340998529E-7,0.000171225271297678),
 .UNSPECIFIED.);
#101=B_SPLINE_CURVE_WITH_KNOTS('',3,(#5959,#5960,#5961,#5962),
 .UNSPECIFIED.,.F.,.F.,(4,4),(2.74897451514972E-7,0.000171221624408193),
 .UNSPECIFIED.);
#102=B_SPLINE_CURVE_WITH_KNOTS('',3,(#5963,#5964,#5965,#5966),
 .UNSPECIFIED.,.F.,.F.,(4,4),(2.95926658630468E-7,0.000171242653615305),
 .UNSPECIFIED.);
#103=B_SPLINE_CURVE_WITH_KNOTS('',3,(#5968,#5969,#5970,#5971),
 .UNSPECIFIED.,.F.,.F.,(4,4),(2.92051799424651E-7,0.000171238778756101),
 .UNSPECIFIED.);
#104=B_SPLINE_CURVE_WITH_KNOTS('',3,(#5972,#5973,#5974,#5975),
 .UNSPECIFIED.,.F.,.F.,(4,4),(3.1935466230295E-7,0.000171266081618972),
 .UNSPECIFIED.);
#105=B_SPLINE_CURVE_WITH_KNOTS('',3,(#5977,#5978,#5979,#5980),
 .UNSPECIFIED.,.F.,.F.,(4,4),(3.15172471762412E-7,0.000171261899428432),
 .UNSPECIFIED.);
#106=B_SPLINE_CURVE_WITH_KNOTS('',3,(#5981,#5982,#5983,#5984),
 .UNSPECIFIED.,.F.,.F.,(4,4),(3.37730946613122E-7,0.00017128445790314),
 .UNSPECIFIED.);
#107=B_SPLINE_CURVE_WITH_KNOTS('',3,(#5986,#5987,#5988,#5989),
 .UNSPECIFIED.,.F.,.F.,(4,4),(3.46389971851763E-7,0.000171293116928379),
 .UNSPECIFIED.);
#108=B_SPLINE_CURVE_WITH_KNOTS('',3,(#5990,#5991,#5992,#5993),
 .UNSPECIFIED.,.F.,.F.,(4,4),(3.19354662302146E-7,0.000171266081618968),
 .UNSPECIFIED.);
#109=B_SPLINE_CURVE_WITH_KNOTS('',3,(#5995,#5996,#5997,#5998),
 .UNSPECIFIED.,.F.,.F.,(4,4),(3.15172471763167E-7,0.000171261899428432),
 .UNSPECIFIED.);
#110=B_SPLINE_CURVE_WITH_KNOTS('',3,(#5999,#6000,#6001,#6002),
 .UNSPECIFIED.,.F.,.F.,(4,4),(2.95926658630444E-7,0.000171242653615303),
 .UNSPECIFIED.);
#111=B_SPLINE_CURVE_WITH_KNOTS('',3,(#6004,#6005,#6006,#6007),
 .UNSPECIFIED.,.F.,.F.,(4,4),(2.92051799424869E-7,0.000171238778756101),
 .UNSPECIFIED.);
#112=B_SPLINE_CURVE_WITH_KNOTS('',3,(#6008,#6009,#6010,#6011),
 .UNSPECIFIED.,.F.,.F.,(4,4),(2.78544340999552E-7,0.000171225271297678),
 .UNSPECIFIED.);
#113=B_SPLINE_CURVE_WITH_KNOTS('',3,(#6013,#6014,#6015,#6016),
 .UNSPECIFIED.,.F.,.F.,(4,4),(2.7489745151078E-7,0.000171221624408189),
 .UNSPECIFIED.);
#114=B_SPLINE_CURVE_WITH_KNOTS('',3,(#6017,#6018,#6019,#6020),
 .UNSPECIFIED.,.F.,.F.,(4,4),(2.65841812586584E-7,0.000171212568769266),
 .UNSPECIFIED.);
#115=B_SPLINE_CURVE_WITH_KNOTS('',3,(#6022,#6023,#6024,#6025),
 .UNSPECIFIED.,.F.,.F.,(4,4),(2.62361488270887E-7,0.000171209088444951),
 .UNSPECIFIED.);
#116=B_SPLINE_CURVE_WITH_KNOTS('',3,(#6026,#6027,#6028,#6029),
 .UNSPECIFIED.,.F.,.F.,(4,4),(2.56939639950188E-7,0.000171203666596635),
 .UNSPECIFIED.);
#117=B_SPLINE_CURVE_WITH_KNOTS('',3,(#6031,#6032,#6033,#6034),
 .UNSPECIFIED.,.F.,.F.,(4,4),(2.5357603318741E-7,0.000171200302989867),
 .UNSPECIFIED.);
#118=B_SPLINE_CURVE_WITH_KNOTS('',3,(#6035,#6036,#6037,#6038),
 .UNSPECIFIED.,.F.,.F.,(4,4),(2.51278235998443E-7,0.000171198005192685),
 .UNSPECIFIED.);
#119=B_SPLINE_CURVE_WITH_KNOTS('',3,(#6040,#6041,#6042,#6043),
 .UNSPECIFIED.,.F.,.F.,(4,4),(2.47988850403562E-7,0.000171194715807086),
 .UNSPECIFIED.);
#120=B_SPLINE_CURVE_WITH_KNOTS('',3,(#6044,#6045,#6046,#6047),
 .UNSPECIFIED.,.F.,.F.,(4,4),(2.4852515467778E-7,0.000171195252111367),
 .UNSPECIFIED.);
#121=B_SPLINE_CURVE_WITH_KNOTS('',3,(#6049,#6050,#6051,#6052),
 .UNSPECIFIED.,.F.,.F.,(4,4),(2.4527186029759E-7,0.000171191998816982),
 .UNSPECIFIED.);
#122=B_SPLINE_CURVE_WITH_KNOTS('',3,(#6053,#6054,#6055,#6056),
 .UNSPECIFIED.,.F.,.F.,(4,4),(2.4852515467778E-7,0.000171195252111367),
 .UNSPECIFIED.);
#123=B_SPLINE_CURVE_WITH_KNOTS('',3,(#6058,#6059,#6060,#6061),
 .UNSPECIFIED.,.F.,.F.,(4,4),(2.45271860297414E-7,0.000171191998816986),
 .UNSPECIFIED.);
#124=B_SPLINE_CURVE_WITH_KNOTS('',3,(#6062,#6063,#6064,#6065),
 .UNSPECIFIED.,.F.,.F.,(4,4),(2.51278236003307E-7,0.000171198005192685),
 .UNSPECIFIED.);
#125=B_SPLINE_CURVE_WITH_KNOTS('',3,(#6067,#6068,#6069,#6070),
 .UNSPECIFIED.,.F.,.F.,(4,4),(2.47988850403562E-7,0.000171194715807091),
 .UNSPECIFIED.);
#126=B_SPLINE_CURVE_WITH_KNOTS('',3,(#6071,#6072,#6073,#6074),
 .UNSPECIFIED.,.F.,.F.,(4,4),(2.56939639949849E-7,0.000171203666596636),
 .UNSPECIFIED.);
#127=B_SPLINE_CURVE_WITH_KNOTS('',3,(#6076,#6077,#6078,#6079),
 .UNSPECIFIED.,.F.,.F.,(4,4),(2.53576033187489E-7,0.000171200302989869),
 .UNSPECIFIED.);
#128=B_SPLINE_CURVE_WITH_KNOTS('',3,(#6080,#6081,#6082,#6083),
 .UNSPECIFIED.,.F.,.F.,(4,4),(2.65841812582756E-7,0.000171212568769264),
 .UNSPECIFIED.);
#129=B_SPLINE_CURVE_WITH_KNOTS('',3,(#6085,#6086,#6087,#6088),
 .UNSPECIFIED.,.F.,.F.,(4,4),(2.62361488271095E-7,0.000171209088444956),
 .UNSPECIFIED.);
#130=B_SPLINE_CURVE_WITH_KNOTS('',3,(#6089,#6090,#6091,#6092),
 .UNSPECIFIED.,.F.,.F.,(4,4),(2.78544340998059E-7,0.000171225271297678),
 .UNSPECIFIED.);
#131=B_SPLINE_CURVE_WITH_KNOTS('',3,(#6094,#6095,#6096,#6097),
 .UNSPECIFIED.,.F.,.F.,(4,4),(2.74897451509204E-7,0.000171221624408192),
 .UNSPECIFIED.);
#132=CONICAL_SURFACE('',#3790,0.00225,0.785398163397448);
#133=PLANE('',#3784);
#134=PLANE('',#3786);
#135=PLANE('',#3791);
#136=PLANE('',#3792);
#137=PLANE('',#3793);
#138=PLANE('',#3794);
#139=PLANE('',#3795);
#140=PLANE('',#3796);
#141=PLANE('',#3797);
#142=PLANE('',#3798);
#143=PLANE('',#3799);
#144=PLANE('',#3800);
#145=PLANE('',#3801);
#146=PLANE('',#3802);
#147=PLANE('',#3803);
#148=PLANE('',#3804);
#149=PLANE('',#3805);
#150=PLANE('',#3806);
#151=PLANE('',#3807);
#152=PLANE('',#3808);
#153=PLANE('',#3809);
#154=PLANE('',#3810);
#155=PLANE('',#3811);
#156=PLANE('',#3812);
#157=PLANE('',#3813);
#158=PLANE('',#3814);
#159=PLANE('',#3815);
#160=PLANE('',#3816);
#161=PLANE('',#3817);
#162=PLANE('',#3818);
#163=PLANE('',#3819);
#164=PLANE('',#3820);
#165=PLANE('',#3821);
#166=PLANE('',#3822);
#167=PLANE('',#3823);
#168=PLANE('',#3824);
#169=PLANE('',#3825);
#170=PLANE('',#3826);
#171=PLANE('',#3827);
#172=PLANE('',#3828);
#173=PLANE('',#3829);
#174=PLANE('',#3830);
#175=PLANE('',#3831);
#176=PLANE('',#3832);
#177=PLANE('',#3833);
#178=PLANE('',#3834);
#179=PLANE('',#3835);
#180=PLANE('',#3836);
#181=PLANE('',#3837);
#182=PLANE('',#3838);
#183=PLANE('',#3839);
#184=PLANE('',#3840);
#185=PLANE('',#3841);
#186=PLANE('',#3842);
#187=PLANE('',#3843);
#188=PLANE('',#3844);
#189=PLANE('',#3845);
#190=PLANE('',#3846);
#191=PLANE('',#3847);
#192=PLANE('',#3848);
#193=PLANE('',#3849);
#194=PLANE('',#3850);
#195=PLANE('',#3851);
#196=PLANE('',#3852);
#197=PLANE('',#3853);
#198=PLANE('',#3854);
#199=PLANE('',#3855);
#200=PLANE('',#3856);
#201=PLANE('',#3857);
#202=PLANE('',#3858);
#203=PLANE('',#3859);
#204=PLANE('',#3860);
#205=PLANE('',#3861);
#206=PLANE('',#3862);
#207=PLANE('',#3863);
#208=PLANE('',#3864);
#209=PLANE('',#3865);
#210=PLANE('',#3866);
#211=PLANE('',#3867);
#212=PLANE('',#3868);
#213=PLANE('',#3869);
#214=PLANE('',#3870);
#215=PLANE('',#3871);
#216=PLANE('',#3872);
#217=PLANE('',#3873);
#218=PLANE('',#3874);
#219=PLANE('',#3875);
#220=PLANE('',#3876);
#221=PLANE('',#3877);
#222=PLANE('',#3878);
#223=PLANE('',#3879);
#224=PLANE('',#3880);
#225=PLANE('',#3881);
#226=PLANE('',#3882);
#227=PLANE('',#3883);
#228=PLANE('',#3884);
#229=PLANE('',#3885);
#230=PLANE('',#3886);
#231=PLANE('',#3887);
#232=PLANE('',#3888);
#233=PLANE('',#3889);
#234=PLANE('',#3890);
#235=PLANE('',#3891);
#236=PLANE('',#3892);
#237=PLANE('',#3893);
#238=PLANE('',#3894);
#239=PLANE('',#3895);
#240=PLANE('',#3896);
#241=PLANE('',#3897);
#242=PLANE('',#3898);
#243=PLANE('',#3899);
#244=PLANE('',#3900);
#245=PLANE('',#3901);
#246=PLANE('',#3902);
#247=PLANE('',#3903);
#248=PLANE('',#3904);
#249=PLANE('',#3905);
#250=PLANE('',#3906);
#251=PLANE('',#3907);
#252=PLANE('',#3908);
#253=PLANE('',#3909);
#254=PLANE('',#3910);
#255=LINE('',#4832,#555);
#256=LINE('',#4836,#556);
#257=LINE('',#4841,#557);
#258=LINE('',#4845,#558);
#259=LINE('',#4850,#559);
#260=LINE('',#4854,#560);
#261=LINE('',#4859,#561);
#262=LINE('',#4863,#562);
#263=LINE('',#4868,#563);
#264=LINE('',#4872,#564);
#265=LINE('',#4877,#565);
#266=LINE('',#4881,#566);
#267=LINE('',#4886,#567);
#268=LINE('',#4890,#568);
#269=LINE('',#4895,#569);
#270=LINE('',#4899,#570);
#271=LINE('',#4904,#571);
#272=LINE('',#4908,#572);
#273=LINE('',#4913,#573);
#274=LINE('',#4917,#574);
#275=LINE('',#4922,#575);
#276=LINE('',#4926,#576);
#277=LINE('',#4931,#577);
#278=LINE('',#4935,#578);
#279=LINE('',#4940,#579);
#280=LINE('',#4944,#580);
#281=LINE('',#4949,#581);
#282=LINE('',#4953,#582);
#283=LINE('',#4958,#583);
#284=LINE('',#4962,#584);
#285=LINE('',#4967,#585);
#286=LINE('',#4971,#586);
#287=LINE('',#4976,#587);
#288=LINE('',#4980,#588);
#289=LINE('',#4985,#589);
#290=LINE('',#4989,#590);
#291=LINE('',#4994,#591);
#292=LINE('',#4998,#592);
#293=LINE('',#5003,#593);
#294=LINE('',#5007,#594);
#295=LINE('',#5012,#595);
#296=LINE('',#5016,#596);
#297=LINE('',#5021,#597);
#298=LINE('',#5025,#598);
#299=LINE('',#5030,#599);
#300=LINE('',#5034,#600);
#301=LINE('',#5039,#601);
#302=LINE('',#5043,#602);
#303=LINE('',#5048,#603);
#304=LINE('',#5052,#604);
#305=LINE('',#5057,#605);
#306=LINE('',#5061,#606);
#307=LINE('',#5066,#607);
#308=LINE('',#5070,#608);
#309=LINE('',#5075,#609);
#310=LINE('',#5079,#610);
#311=LINE('',#5084,#611);
#312=LINE('',#5088,#612);
#313=LINE('',#5093,#613);
#314=LINE('',#5097,#614);
#315=LINE('',#5102,#615);
#316=LINE('',#5106,#616);
#317=LINE('',#5111,#617);
#318=LINE('',#5115,#618);
#319=LINE('',#5120,#619);
#320=LINE('',#5124,#620);
#321=LINE('',#5129,#621);
#322=LINE('',#5133,#622);
#323=LINE('',#5138,#623);
#324=LINE('',#5142,#624);
#325=LINE('',#5147,#625);
#326=LINE('',#5151,#626);
#327=LINE('',#5156,#627);
#328=LINE('',#5160,#628);
#329=LINE('',#5165,#629);
#330=LINE('',#5169,#630);
#331=LINE('',#5174,#631);
#332=LINE('',#5178,#632);
#333=LINE('',#5183,#633);
#334=LINE('',#5187,#634);
#335=LINE('',#5192,#635);
#336=LINE('',#5196,#636);
#337=LINE('',#5201,#637);
#338=LINE('',#5205,#638);
#339=LINE('',#5210,#639);
#340=LINE('',#5214,#640);
#341=LINE('',#5219,#641);
#342=LINE('',#5223,#642);
#343=LINE('',#5228,#643);
#344=LINE('',#5232,#644);
#345=LINE('',#5237,#645);
#346=LINE('',#5241,#646);
#347=LINE('',#5246,#647);
#348=LINE('',#5250,#648);
#349=LINE('',#5255,#649);
#350=LINE('',#5259,#650);
#351=LINE('',#5264,#651);
#352=LINE('',#5268,#652);
#353=LINE('',#5273,#653);
#354=LINE('',#5277,#654);
#355=LINE('',#5282,#655);
#356=LINE('',#5286,#656);
#357=LINE('',#5291,#657);
#358=LINE('',#5295,#658);
#359=LINE('',#5300,#659);
#360=LINE('',#5304,#660);
#361=LINE('',#5309,#661);
#362=LINE('',#5313,#662);
#363=LINE('',#5318,#663);
#364=LINE('',#5322,#664);
#365=LINE('',#5327,#665);
#366=LINE('',#5331,#666);
#367=LINE('',#5336,#667);
#368=LINE('',#5340,#668);
#369=LINE('',#5345,#669);
#370=LINE('',#5349,#670);
#371=LINE('',#5354,#671);
#372=LINE('',#5358,#672);
#373=LINE('',#5363,#673);
#374=LINE('',#5367,#674);
#375=LINE('',#5371,#675);
#376=LINE('',#5373,#676);
#377=LINE('',#5374,#677);
#378=LINE('',#5376,#678);
#379=LINE('',#5377,#679);
#380=LINE('',#5379,#680);
#381=LINE('',#5380,#681);
#382=LINE('',#5382,#682);
#383=LINE('',#5383,#683);
#384=LINE('',#5385,#684);
#385=LINE('',#5386,#685);
#386=LINE('',#5388,#686);
#387=LINE('',#5389,#687);
#388=LINE('',#5391,#688);
#389=LINE('',#5392,#689);
#390=LINE('',#5394,#690);
#391=LINE('',#5395,#691);
#392=LINE('',#5397,#692);
#393=LINE('',#5398,#693);
#394=LINE('',#5400,#694);
#395=LINE('',#5401,#695);
#396=LINE('',#5403,#696);
#397=LINE('',#5404,#697);
#398=LINE('',#5406,#698);
#399=LINE('',#5407,#699);
#400=LINE('',#5409,#700);
#401=LINE('',#5410,#701);
#402=LINE('',#5412,#702);
#403=LINE('',#5413,#703);
#404=LINE('',#5415,#704);
#405=LINE('',#5416,#705);
#406=LINE('',#5418,#706);
#407=LINE('',#5419,#707);
#408=LINE('',#5421,#708);
#409=LINE('',#5422,#709);
#410=LINE('',#5424,#710);
#411=LINE('',#5425,#711);
#412=LINE('',#5427,#712);
#413=LINE('',#5428,#713);
#414=LINE('',#5430,#714);
#415=LINE('',#5431,#715);
#416=LINE('',#5433,#716);
#417=LINE('',#5434,#717);
#418=LINE('',#5436,#718);
#419=LINE('',#5437,#719);
#420=LINE('',#5439,#720);
#421=LINE('',#5440,#721);
#422=LINE('',#5442,#722);
#423=LINE('',#5443,#723);
#424=LINE('',#5445,#724);
#425=LINE('',#5446,#725);
#426=LINE('',#5448,#726);
#427=LINE('',#5449,#727);
#428=LINE('',#5451,#728);
#429=LINE('',#5452,#729);
#430=LINE('',#5454,#730);
#431=LINE('',#5455,#731);
#432=LINE('',#5457,#732);
#433=LINE('',#5458,#733);
#434=LINE('',#5460,#734);
#435=LINE('',#5461,#735);
#436=LINE('',#5463,#736);
#437=LINE('',#5464,#737);
#438=LINE('',#5466,#738);
#439=LINE('',#5467,#739);
#440=LINE('',#5469,#740);
#441=LINE('',#5470,#741);
#442=LINE('',#5472,#742);
#443=LINE('',#5473,#743);
#444=LINE('',#5475,#744);
#445=LINE('',#5476,#745);
#446=LINE('',#5478,#746);
#447=LINE('',#5479,#747);
#448=LINE('',#5481,#748);
#449=LINE('',#5482,#749);
#450=LINE('',#5484,#750);
#451=LINE('',#5485,#751);
#452=LINE('',#5487,#752);
#453=LINE('',#5488,#753);
#454=LINE('',#5490,#754);
#455=LINE('',#5491,#755);
#456=LINE('',#5493,#756);
#457=LINE('',#5494,#757);
#458=LINE('',#5496,#758);
#459=LINE('',#5497,#759);
#460=LINE('',#5499,#760);
#461=LINE('',#5500,#761);
#462=LINE('',#5502,#762);
#463=LINE('',#5503,#763);
#464=LINE('',#5505,#764);
#465=LINE('',#5506,#765);
#466=LINE('',#5508,#766);
#467=LINE('',#5509,#767);
#468=LINE('',#5511,#768);
#469=LINE('',#5512,#769);
#470=LINE('',#5514,#770);
#471=LINE('',#5515,#771);
#472=LINE('',#5517,#772);
#473=LINE('',#5518,#773);
#474=LINE('',#5520,#774);
#475=LINE('',#5521,#775);
#476=LINE('',#5523,#776);
#477=LINE('',#5524,#777);
#478=LINE('',#5526,#778);
#479=LINE('',#5527,#779);
#480=LINE('',#5529,#780);
#481=LINE('',#5530,#781);
#482=LINE('',#5532,#782);
#483=LINE('',#5533,#783);
#484=LINE('',#5535,#784);
#485=LINE('',#5536,#785);
#486=LINE('',#5538,#786);
#487=LINE('',#5539,#787);
#488=LINE('',#5541,#788);
#489=LINE('',#5542,#789);
#490=LINE('',#5544,#790);
#491=LINE('',#5545,#791);
#492=LINE('',#5547,#792);
#493=LINE('',#5548,#793);
#494=LINE('',#5550,#794);
#495=LINE('',#6099,#795);
#496=LINE('',#6102,#796);
#497=LINE('',#6105,#797);
#498=LINE('',#6108,#798);
#499=LINE('',#6111,#799);
#500=LINE('',#6114,#800);
#501=LINE('',#6117,#801);
#502=LINE('',#6120,#802);
#503=LINE('',#6123,#803);
#504=LINE('',#6126,#804);
#505=LINE('',#6129,#805);
#506=LINE('',#6132,#806);
#507=LINE('',#6135,#807);
#508=LINE('',#6138,#808);
#509=LINE('',#6141,#809);
#510=LINE('',#6144,#810);
#511=LINE('',#6147,#811);
#512=LINE('',#6150,#812);
#513=LINE('',#6153,#813);
#514=LINE('',#6156,#814);
#515=LINE('',#6159,#815);
#516=LINE('',#6162,#816);
#517=LINE('',#6165,#817);
#518=LINE('',#6168,#818);
#519=LINE('',#6171,#819);
#520=LINE('',#6174,#820);
#521=LINE('',#6177,#821);
#522=LINE('',#6180,#822);
#523=LINE('',#6183,#823);
#524=LINE('',#6186,#824);
#525=LINE('',#6189,#825);
#526=LINE('',#6192,#826);
#527=LINE('',#6195,#827);
#528=LINE('',#6198,#828);
#529=LINE('',#6201,#829);
#530=LINE('',#6204,#830);
#531=LINE('',#6207,#831);
#532=LINE('',#6210,#832);
#533=LINE('',#6213,#833);
#534=LINE('',#6216,#834);
#535=LINE('',#6219,#835);
#536=LINE('',#6222,#836);
#537=LINE('',#6225,#837);
#538=LINE('',#6228,#838);
#539=LINE('',#6231,#839);
#540=LINE('',#6234,#840);
#541=LINE('',#6237,#841);
#542=LINE('',#6240,#842);
#543=LINE('',#6243,#843);
#544=LINE('',#6246,#844);
#545=LINE('',#6249,#845);
#546=LINE('',#6252,#846);
#547=LINE('',#6255,#847);
#548=LINE('',#6258,#848);
#549=LINE('',#6261,#849);
#550=LINE('',#6264,#850);
#551=LINE('',#6267,#851);
#552=LINE('',#6270,#852);
#553=LINE('',#6273,#853);
#554=LINE('',#6276,#854);
#555=VECTOR('',#3917,1.);
#556=VECTOR('',#3920,1.);
#557=VECTOR('',#3925,1.);
#558=VECTOR('',#3928,1.);
#559=VECTOR('',#3933,1.);
#560=VECTOR('',#3936,1.);
#561=VECTOR('',#3941,1.);
#562=VECTOR('',#3944,1.);
#563=VECTOR('',#3949,1.);
#564=VECTOR('',#3952,1.);
#565=VECTOR('',#3957,1.);
#566=VECTOR('',#3960,1.);
#567=VECTOR('',#3965,1.);
#568=VECTOR('',#3968,1.);
#569=VECTOR('',#3973,1.);
#570=VECTOR('',#3976,1.);
#571=VECTOR('',#3981,1.);
#572=VECTOR('',#3984,1.);
#573=VECTOR('',#3989,1.);
#574=VECTOR('',#3992,1.);
#575=VECTOR('',#3997,1.);
#576=VECTOR('',#4000,1.);
#577=VECTOR('',#4005,1.);
#578=VECTOR('',#4008,1.);
#579=VECTOR('',#4013,1.);
#580=VECTOR('',#4016,1.);
#581=VECTOR('',#4021,1.);
#582=VECTOR('',#4024,1.);
#583=VECTOR('',#4029,1.);
#584=VECTOR('',#4032,1.);
#585=VECTOR('',#4037,1.);
#586=VECTOR('',#4040,1.);
#587=VECTOR('',#4045,1.);
#588=VECTOR('',#4048,1.);
#589=VECTOR('',#4053,1.);
#590=VECTOR('',#4056,1.);
#591=VECTOR('',#4061,1.);
#592=VECTOR('',#4064,1.);
#593=VECTOR('',#4069,1.);
#594=VECTOR('',#4072,1.);
#595=VECTOR('',#4077,1.);
#596=VECTOR('',#4080,1.);
#597=VECTOR('',#4085,1.);
#598=VECTOR('',#4088,1.);
#599=VECTOR('',#4093,1.);
#600=VECTOR('',#4096,1.);
#601=VECTOR('',#4101,1.);
#602=VECTOR('',#4104,1.);
#603=VECTOR('',#4109,1.);
#604=VECTOR('',#4112,1.);
#605=VECTOR('',#4117,1.);
#606=VECTOR('',#4120,1.);
#607=VECTOR('',#4125,1.);
#608=VECTOR('',#4128,1.);
#609=VECTOR('',#4133,1.);
#610=VECTOR('',#4136,1.);
#611=VECTOR('',#4141,1.);
#612=VECTOR('',#4144,1.);
#613=VECTOR('',#4149,1.);
#614=VECTOR('',#4152,1.);
#615=VECTOR('',#4157,1.);
#616=VECTOR('',#4160,1.);
#617=VECTOR('',#4165,1.);
#618=VECTOR('',#4168,1.);
#619=VECTOR('',#4173,1.);
#620=VECTOR('',#4176,1.);
#621=VECTOR('',#4181,1.);
#622=VECTOR('',#4184,1.);
#623=VECTOR('',#4189,1.);
#624=VECTOR('',#4192,1.);
#625=VECTOR('',#4197,1.);
#626=VECTOR('',#4200,1.);
#627=VECTOR('',#4205,1.);
#628=VECTOR('',#4208,1.);
#629=VECTOR('',#4213,1.);
#630=VECTOR('',#4216,1.);
#631=VECTOR('',#4221,1.);
#632=VECTOR('',#4224,1.);
#633=VECTOR('',#4229,1.);
#634=VECTOR('',#4232,1.);
#635=VECTOR('',#4237,1.);
#636=VECTOR('',#4240,1.);
#637=VECTOR('',#4245,1.);
#638=VECTOR('',#4248,1.);
#639=VECTOR('',#4253,1.);
#640=VECTOR('',#4256,1.);
#641=VECTOR('',#4261,1.);
#642=VECTOR('',#4264,1.);
#643=VECTOR('',#4269,1.);
#644=VECTOR('',#4272,1.);
#645=VECTOR('',#4277,1.);
#646=VECTOR('',#4280,1.);
#647=VECTOR('',#4285,1.);
#648=VECTOR('',#4288,1.);
#649=VECTOR('',#4293,1.);
#650=VECTOR('',#4296,1.);
#651=VECTOR('',#4301,1.);
#652=VECTOR('',#4304,1.);
#653=VECTOR('',#4309,1.);
#654=VECTOR('',#4312,1.);
#655=VECTOR('',#4317,1.);
#656=VECTOR('',#4320,1.);
#657=VECTOR('',#4325,1.);
#658=VECTOR('',#4328,1.);
#659=VECTOR('',#4333,1.);
#660=VECTOR('',#4336,1.);
#661=VECTOR('',#4341,1.);
#662=VECTOR('',#4344,1.);
#663=VECTOR('',#4349,1.);
#664=VECTOR('',#4352,1.);
#665=VECTOR('',#4357,1.);
#666=VECTOR('',#4360,1.);
#667=VECTOR('',#4365,1.);
#668=VECTOR('',#4368,1.);
#669=VECTOR('',#4373,1.);
#670=VECTOR('',#4376,1.);
#671=VECTOR('',#4381,1.);
#672=VECTOR('',#4384,1.);
#673=VECTOR('',#4389,1.);
#674=VECTOR('',#4392,1.);
#675=VECTOR('',#4397,1.);
#676=VECTOR('',#4398,1.);
#677=VECTOR('',#4399,1.);
#678=VECTOR('',#4400,1.);
#679=VECTOR('',#4401,1.);
#680=VECTOR('',#4402,1.);
#681=VECTOR('',#4403,1.);
#682=VECTOR('',#4404,1.);
#683=VECTOR('',#4405,1.);
#684=VECTOR('',#4406,1.);
#685=VECTOR('',#4407,1.);
#686=VECTOR('',#4408,1.);
#687=VECTOR('',#4409,1.);
#688=VECTOR('',#4410,1.);
#689=VECTOR('',#4411,1.);
#690=VECTOR('',#4412,1.);
#691=VECTOR('',#4413,1.);
#692=VECTOR('',#4414,1.);
#693=VECTOR('',#4415,1.);
#694=VECTOR('',#4416,1.);
#695=VECTOR('',#4417,1.);
#696=VECTOR('',#4418,1.);
#697=VECTOR('',#4419,1.);
#698=VECTOR('',#4420,1.);
#699=VECTOR('',#4421,1.);
#700=VECTOR('',#4422,1.);
#701=VECTOR('',#4423,1.);
#702=VECTOR('',#4424,1.);
#703=VECTOR('',#4425,1.);
#704=VECTOR('',#4426,1.);
#705=VECTOR('',#4427,1.);
#706=VECTOR('',#4428,1.);
#707=VECTOR('',#4429,1.);
#708=VECTOR('',#4430,1.);
#709=VECTOR('',#4431,1.);
#710=VECTOR('',#4432,1.);
#711=VECTOR('',#4433,1.);
#712=VECTOR('',#4434,1.);
#713=VECTOR('',#4435,1.);
#714=VECTOR('',#4436,1.);
#715=VECTOR('',#4437,1.);
#716=VECTOR('',#4438,1.);
#717=VECTOR('',#4439,1.);
#718=VECTOR('',#4440,1.);
#719=VECTOR('',#4441,1.);
#720=VECTOR('',#4442,1.);
#721=VECTOR('',#4443,1.);
#722=VECTOR('',#4444,1.);
#723=VECTOR('',#4445,1.);
#724=VECTOR('',#4446,1.);
#725=VECTOR('',#4447,1.);
#726=VECTOR('',#4448,1.);
#727=VECTOR('',#4449,1.);
#728=VECTOR('',#4450,1.);
#729=VECTOR('',#4451,1.);
#730=VECTOR('',#4452,1.);
#731=VECTOR('',#4453,1.);
#732=VECTOR('',#4454,1.);
#733=VECTOR('',#4455,1.);
#734=VECTOR('',#4456,1.);
#735=VECTOR('',#4457,1.);
#736=VECTOR('',#4458,1.);
#737=VECTOR('',#4459,1.);
#738=VECTOR('',#4460,1.);
#739=VECTOR('',#4461,1.);
#740=VECTOR('',#4462,1.);
#741=VECTOR('',#4463,1.);
#742=VECTOR('',#4464,1.);
#743=VECTOR('',#4465,1.);
#744=VECTOR('',#4466,1.);
#745=VECTOR('',#4467,1.);
#746=VECTOR('',#4468,1.);
#747=VECTOR('',#4469,1.);
#748=VECTOR('',#4470,1.);
#749=VECTOR('',#4471,1.);
#750=VECTOR('',#4472,1.);
#751=VECTOR('',#4473,1.);
#752=VECTOR('',#4474,1.);
#753=VECTOR('',#4475,1.);
#754=VECTOR('',#4476,1.);
#755=VECTOR('',#4477,1.);
#756=VECTOR('',#4478,1.);
#757=VECTOR('',#4479,1.);
#758=VECTOR('',#4480,1.);
#759=VECTOR('',#4481,1.);
#760=VECTOR('',#4482,1.);
#761=VECTOR('',#4483,1.);
#762=VECTOR('',#4484,1.);
#763=VECTOR('',#4485,1.);
#764=VECTOR('',#4486,1.);
#765=VECTOR('',#4487,1.);
#766=VECTOR('',#4488,1.);
#767=VECTOR('',#4489,1.);
#768=VECTOR('',#4490,1.);
#769=VECTOR('',#4491,1.);
#770=VECTOR('',#4492,1.);
#771=VECTOR('',#4493,1.);
#772=VECTOR('',#4494,1.);
#773=VECTOR('',#4495,1.);
#774=VECTOR('',#4496,1.);
#775=VECTOR('',#4497,1.);
#776=VECTOR('',#4498,1.);
#777=VECTOR('',#4499,1.);
#778=VECTOR('',#4500,1.);
#779=VECTOR('',#4501,1.);
#780=VECTOR('',#4502,1.);
#781=VECTOR('',#4503,1.);
#782=VECTOR('',#4504,1.);
#783=VECTOR('',#4505,1.);
#784=VECTOR('',#4506,1.);
#785=VECTOR('',#4507,1.);
#786=VECTOR('',#4508,1.);
#787=VECTOR('',#4509,1.);
#788=VECTOR('',#4510,1.);
#789=VECTOR('',#4511,1.);
#790=VECTOR('',#4512,1.);
#791=VECTOR('',#4513,1.);
#792=VECTOR('',#4514,1.);
#793=VECTOR('',#4515,1.);
#794=VECTOR('',#4516,1.);
#795=VECTOR('',#4529,1.);
#796=VECTOR('',#4534,1.);
#797=VECTOR('',#4539,1.);
#798=VECTOR('',#4544,1.);
#799=VECTOR('',#4549,1.);
#800=VECTOR('',#4554,1.);
#801=VECTOR('',#4559,1.);
#802=VECTOR('',#4564,1.);
#803=VECTOR('',#4569,1.);
#804=VECTOR('',#4574,1.);
#805=VECTOR('',#4579,1.);
#806=VECTOR('',#4584,1.);
#807=VECTOR('',#4589,1.);
#808=VECTOR('',#4594,1.);
#809=VECTOR('',#4599,1.);
#810=VECTOR('',#4604,1.);
#811=VECTOR('',#4609,1.);
#812=VECTOR('',#4614,1.);
#813=VECTOR('',#4619,1.);
#814=VECTOR('',#4624,1.);
#815=VECTOR('',#4629,1.);
#816=VECTOR('',#4634,1.);
#817=VECTOR('',#4639,1.);
#818=VECTOR('',#4644,1.);
#819=VECTOR('',#4649,1.);
#820=VECTOR('',#4654,1.);
#821=VECTOR('',#4659,1.);
#822=VECTOR('',#4664,1.);
#823=VECTOR('',#4669,1.);
#824=VECTOR('',#4674,1.);
#825=VECTOR('',#4679,1.);
#826=VECTOR('',#4684,1.);
#827=VECTOR('',#4689,1.);
#828=VECTOR('',#4694,1.);
#829=VECTOR('',#4699,1.);
#830=VECTOR('',#4704,1.);
#831=VECTOR('',#4709,1.);
#832=VECTOR('',#4714,1.);
#833=VECTOR('',#4719,1.);
#834=VECTOR('',#4724,1.);
#835=VECTOR('',#4729,1.);
#836=VECTOR('',#4734,1.);
#837=VECTOR('',#4739,1.);
#838=VECTOR('',#4744,1.);
#839=VECTOR('',#4749,1.);
#840=VECTOR('',#4754,1.);
#841=VECTOR('',#4759,1.);
#842=VECTOR('',#4764,1.);
#843=VECTOR('',#4769,1.);
#844=VECTOR('',#4774,1.);
#845=VECTOR('',#4779,1.);
#846=VECTOR('',#4784,1.);
#847=VECTOR('',#4789,1.);
#848=VECTOR('',#4794,1.);
#849=VECTOR('',#4799,1.);
#850=VECTOR('',#4804,1.);
#851=VECTOR('',#4809,1.);
#852=VECTOR('',#4814,1.);
#853=VECTOR('',#4819,1.);
#854=VECTOR('',#4824,1.);
#855=ORIENTED_EDGE('',*,*,#1941,.T.);
#856=ORIENTED_EDGE('',*,*,#1942,.T.);
#857=ORIENTED_EDGE('',*,*,#1943,.T.);
#858=ORIENTED_EDGE('',*,*,#1944,.F.);
#859=ORIENTED_EDGE('',*,*,#1945,.T.);
#860=ORIENTED_EDGE('',*,*,#1946,.T.);
#861=ORIENTED_EDGE('',*,*,#1947,.T.);
#862=ORIENTED_EDGE('',*,*,#1948,.F.);
#863=ORIENTED_EDGE('',*,*,#1949,.T.);
#864=ORIENTED_EDGE('',*,*,#1950,.T.);
#865=ORIENTED_EDGE('',*,*,#1951,.T.);
#866=ORIENTED_EDGE('',*,*,#1952,.F.);
#867=ORIENTED_EDGE('',*,*,#1953,.T.);
#868=ORIENTED_EDGE('',*,*,#1954,.T.);
#869=ORIENTED_EDGE('',*,*,#1955,.T.);
#870=ORIENTED_EDGE('',*,*,#1956,.F.);
#871=ORIENTED_EDGE('',*,*,#1957,.T.);
#872=ORIENTED_EDGE('',*,*,#1958,.T.);
#873=ORIENTED_EDGE('',*,*,#1959,.T.);
#874=ORIENTED_EDGE('',*,*,#1960,.F.);
#875=ORIENTED_EDGE('',*,*,#1961,.T.);
#876=ORIENTED_EDGE('',*,*,#1962,.T.);
#877=ORIENTED_EDGE('',*,*,#1963,.T.);
#878=ORIENTED_EDGE('',*,*,#1964,.F.);
#879=ORIENTED_EDGE('',*,*,#1965,.T.);
#880=ORIENTED_EDGE('',*,*,#1966,.T.);
#881=ORIENTED_EDGE('',*,*,#1967,.T.);
#882=ORIENTED_EDGE('',*,*,#1968,.F.);
#883=ORIENTED_EDGE('',*,*,#1969,.T.);
#884=ORIENTED_EDGE('',*,*,#1970,.T.);
#885=ORIENTED_EDGE('',*,*,#1971,.T.);
#886=ORIENTED_EDGE('',*,*,#1972,.F.);
#887=ORIENTED_EDGE('',*,*,#1973,.T.);
#888=ORIENTED_EDGE('',*,*,#1974,.T.);
#889=ORIENTED_EDGE('',*,*,#1975,.T.);
#890=ORIENTED_EDGE('',*,*,#1976,.F.);
#891=ORIENTED_EDGE('',*,*,#1977,.T.);
#892=ORIENTED_EDGE('',*,*,#1978,.T.);
#893=ORIENTED_EDGE('',*,*,#1979,.T.);
#894=ORIENTED_EDGE('',*,*,#1980,.F.);
#895=ORIENTED_EDGE('',*,*,#1981,.T.);
#896=ORIENTED_EDGE('',*,*,#1982,.T.);
#897=ORIENTED_EDGE('',*,*,#1983,.T.);
#898=ORIENTED_EDGE('',*,*,#1984,.F.);
#899=ORIENTED_EDGE('',*,*,#1985,.T.);
#900=ORIENTED_EDGE('',*,*,#1986,.T.);
#901=ORIENTED_EDGE('',*,*,#1987,.T.);
#902=ORIENTED_EDGE('',*,*,#1988,.F.);
#903=ORIENTED_EDGE('',*,*,#1989,.T.);
#904=ORIENTED_EDGE('',*,*,#1990,.T.);
#905=ORIENTED_EDGE('',*,*,#1991,.T.);
#906=ORIENTED_EDGE('',*,*,#1992,.F.);
#907=ORIENTED_EDGE('',*,*,#1993,.T.);
#908=ORIENTED_EDGE('',*,*,#1994,.T.);
#909=ORIENTED_EDGE('',*,*,#1995,.T.);
#910=ORIENTED_EDGE('',*,*,#1996,.F.);
#911=ORIENTED_EDGE('',*,*,#1997,.T.);
#912=ORIENTED_EDGE('',*,*,#1998,.T.);
#913=ORIENTED_EDGE('',*,*,#1999,.T.);
#914=ORIENTED_EDGE('',*,*,#2000,.F.);
#915=ORIENTED_EDGE('',*,*,#2001,.T.);
#916=ORIENTED_EDGE('',*,*,#2002,.T.);
#917=ORIENTED_EDGE('',*,*,#2003,.T.);
#918=ORIENTED_EDGE('',*,*,#2004,.F.);
#919=ORIENTED_EDGE('',*,*,#2005,.T.);
#920=ORIENTED_EDGE('',*,*,#2006,.T.);
#921=ORIENTED_EDGE('',*,*,#2007,.T.);
#922=ORIENTED_EDGE('',*,*,#2008,.F.);
#923=ORIENTED_EDGE('',*,*,#2009,.T.);
#924=ORIENTED_EDGE('',*,*,#2010,.T.);
#925=ORIENTED_EDGE('',*,*,#2011,.T.);
#926=ORIENTED_EDGE('',*,*,#2012,.F.);
#927=ORIENTED_EDGE('',*,*,#2013,.T.);
#928=ORIENTED_EDGE('',*,*,#2014,.T.);
#929=ORIENTED_EDGE('',*,*,#2015,.T.);
#930=ORIENTED_EDGE('',*,*,#2016,.F.);
#931=ORIENTED_EDGE('',*,*,#2017,.T.);
#932=ORIENTED_EDGE('',*,*,#2018,.T.);
#933=ORIENTED_EDGE('',*,*,#2019,.T.);
#934=ORIENTED_EDGE('',*,*,#2020,.F.);
#935=ORIENTED_EDGE('',*,*,#2021,.T.);
#936=ORIENTED_EDGE('',*,*,#2022,.T.);
#937=ORIENTED_EDGE('',*,*,#2023,.T.);
#938=ORIENTED_EDGE('',*,*,#2024,.F.);
#939=ORIENTED_EDGE('',*,*,#2025,.T.);
#940=ORIENTED_EDGE('',*,*,#2026,.T.);
#941=ORIENTED_EDGE('',*,*,#2027,.T.);
#942=ORIENTED_EDGE('',*,*,#2028,.F.);
#943=ORIENTED_EDGE('',*,*,#2029,.T.);
#944=ORIENTED_EDGE('',*,*,#2030,.T.);
#945=ORIENTED_EDGE('',*,*,#2031,.T.);
#946=ORIENTED_EDGE('',*,*,#2032,.F.);
#947=ORIENTED_EDGE('',*,*,#2033,.T.);
#948=ORIENTED_EDGE('',*,*,#2034,.T.);
#949=ORIENTED_EDGE('',*,*,#2035,.T.);
#950=ORIENTED_EDGE('',*,*,#2036,.F.);
#951=ORIENTED_EDGE('',*,*,#2037,.T.);
#952=ORIENTED_EDGE('',*,*,#2038,.T.);
#953=ORIENTED_EDGE('',*,*,#2039,.T.);
#954=ORIENTED_EDGE('',*,*,#2040,.F.);
#955=ORIENTED_EDGE('',*,*,#2041,.T.);
#956=ORIENTED_EDGE('',*,*,#2042,.T.);
#957=ORIENTED_EDGE('',*,*,#2043,.T.);
#958=ORIENTED_EDGE('',*,*,#2044,.F.);
#959=ORIENTED_EDGE('',*,*,#2045,.T.);
#960=ORIENTED_EDGE('',*,*,#2046,.T.);
#961=ORIENTED_EDGE('',*,*,#2047,.T.);
#962=ORIENTED_EDGE('',*,*,#2048,.F.);
#963=ORIENTED_EDGE('',*,*,#2049,.T.);
#964=ORIENTED_EDGE('',*,*,#2050,.T.);
#965=ORIENTED_EDGE('',*,*,#2051,.T.);
#966=ORIENTED_EDGE('',*,*,#2052,.F.);
#967=ORIENTED_EDGE('',*,*,#2053,.T.);
#968=ORIENTED_EDGE('',*,*,#2054,.T.);
#969=ORIENTED_EDGE('',*,*,#2055,.T.);
#970=ORIENTED_EDGE('',*,*,#2056,.F.);
#971=ORIENTED_EDGE('',*,*,#2057,.T.);
#972=ORIENTED_EDGE('',*,*,#2058,.T.);
#973=ORIENTED_EDGE('',*,*,#2059,.T.);
#974=ORIENTED_EDGE('',*,*,#2060,.F.);
#975=ORIENTED_EDGE('',*,*,#2061,.T.);
#976=ORIENTED_EDGE('',*,*,#2062,.T.);
#977=ORIENTED_EDGE('',*,*,#2063,.T.);
#978=ORIENTED_EDGE('',*,*,#2064,.F.);
#979=ORIENTED_EDGE('',*,*,#2065,.T.);
#980=ORIENTED_EDGE('',*,*,#2066,.T.);
#981=ORIENTED_EDGE('',*,*,#2067,.T.);
#982=ORIENTED_EDGE('',*,*,#2068,.F.);
#983=ORIENTED_EDGE('',*,*,#2069,.T.);
#984=ORIENTED_EDGE('',*,*,#2070,.T.);
#985=ORIENTED_EDGE('',*,*,#2071,.T.);
#986=ORIENTED_EDGE('',*,*,#2072,.F.);
#987=ORIENTED_EDGE('',*,*,#2073,.T.);
#988=ORIENTED_EDGE('',*,*,#2074,.T.);
#989=ORIENTED_EDGE('',*,*,#2075,.T.);
#990=ORIENTED_EDGE('',*,*,#2076,.F.);
#991=ORIENTED_EDGE('',*,*,#2077,.T.);
#992=ORIENTED_EDGE('',*,*,#2078,.T.);
#993=ORIENTED_EDGE('',*,*,#2079,.T.);
#994=ORIENTED_EDGE('',*,*,#2080,.F.);
#995=ORIENTED_EDGE('',*,*,#2081,.T.);
#996=ORIENTED_EDGE('',*,*,#2082,.T.);
#997=ORIENTED_EDGE('',*,*,#2083,.T.);
#998=ORIENTED_EDGE('',*,*,#2084,.F.);
#999=ORIENTED_EDGE('',*,*,#2085,.T.);
#1000=ORIENTED_EDGE('',*,*,#2086,.T.);
#1001=ORIENTED_EDGE('',*,*,#2087,.T.);
#1002=ORIENTED_EDGE('',*,*,#2088,.F.);
#1003=ORIENTED_EDGE('',*,*,#2089,.T.);
#1004=ORIENTED_EDGE('',*,*,#2090,.T.);
#1005=ORIENTED_EDGE('',*,*,#2091,.T.);
#1006=ORIENTED_EDGE('',*,*,#2092,.F.);
#1007=ORIENTED_EDGE('',*,*,#2093,.T.);
#1008=ORIENTED_EDGE('',*,*,#2094,.T.);
#1009=ORIENTED_EDGE('',*,*,#2095,.T.);
#1010=ORIENTED_EDGE('',*,*,#2096,.F.);
#1011=ORIENTED_EDGE('',*,*,#2097,.T.);
#1012=ORIENTED_EDGE('',*,*,#2098,.T.);
#1013=ORIENTED_EDGE('',*,*,#2099,.T.);
#1014=ORIENTED_EDGE('',*,*,#2100,.F.);
#1015=ORIENTED_EDGE('',*,*,#2101,.T.);
#1016=ORIENTED_EDGE('',*,*,#2102,.T.);
#1017=ORIENTED_EDGE('',*,*,#2103,.T.);
#1018=ORIENTED_EDGE('',*,*,#2104,.F.);
#1019=ORIENTED_EDGE('',*,*,#2105,.T.);
#1020=ORIENTED_EDGE('',*,*,#2106,.T.);
#1021=ORIENTED_EDGE('',*,*,#2107,.T.);
#1022=ORIENTED_EDGE('',*,*,#2108,.F.);
#1023=ORIENTED_EDGE('',*,*,#2109,.T.);
#1024=ORIENTED_EDGE('',*,*,#2110,.T.);
#1025=ORIENTED_EDGE('',*,*,#2111,.T.);
#1026=ORIENTED_EDGE('',*,*,#2112,.F.);
#1027=ORIENTED_EDGE('',*,*,#2113,.T.);
#1028=ORIENTED_EDGE('',*,*,#2114,.T.);
#1029=ORIENTED_EDGE('',*,*,#2115,.T.);
#1030=ORIENTED_EDGE('',*,*,#2116,.F.);
#1031=ORIENTED_EDGE('',*,*,#2117,.T.);
#1032=ORIENTED_EDGE('',*,*,#2118,.T.);
#1033=ORIENTED_EDGE('',*,*,#2119,.T.);
#1034=ORIENTED_EDGE('',*,*,#2120,.F.);
#1035=ORIENTED_EDGE('',*,*,#2121,.T.);
#1036=ORIENTED_EDGE('',*,*,#2122,.T.);
#1037=ORIENTED_EDGE('',*,*,#2123,.T.);
#1038=ORIENTED_EDGE('',*,*,#2124,.F.);
#1039=ORIENTED_EDGE('',*,*,#2125,.T.);
#1040=ORIENTED_EDGE('',*,*,#2126,.T.);
#1041=ORIENTED_EDGE('',*,*,#2127,.T.);
#1042=ORIENTED_EDGE('',*,*,#2128,.F.);
#1043=ORIENTED_EDGE('',*,*,#2129,.T.);
#1044=ORIENTED_EDGE('',*,*,#2130,.T.);
#1045=ORIENTED_EDGE('',*,*,#2131,.T.);
#1046=ORIENTED_EDGE('',*,*,#2132,.F.);
#1047=ORIENTED_EDGE('',*,*,#2133,.T.);
#1048=ORIENTED_EDGE('',*,*,#2134,.T.);
#1049=ORIENTED_EDGE('',*,*,#2135,.T.);
#1050=ORIENTED_EDGE('',*,*,#2136,.F.);
#1051=ORIENTED_EDGE('',*,*,#2137,.T.);
#1052=ORIENTED_EDGE('',*,*,#2138,.T.);
#1053=ORIENTED_EDGE('',*,*,#2139,.T.);
#1054=ORIENTED_EDGE('',*,*,#2140,.F.);
#1055=ORIENTED_EDGE('',*,*,#2141,.T.);
#1056=ORIENTED_EDGE('',*,*,#2142,.T.);
#1057=ORIENTED_EDGE('',*,*,#2143,.T.);
#1058=ORIENTED_EDGE('',*,*,#2144,.F.);
#1059=ORIENTED_EDGE('',*,*,#2145,.T.);
#1060=ORIENTED_EDGE('',*,*,#2146,.T.);
#1061=ORIENTED_EDGE('',*,*,#2147,.T.);
#1062=ORIENTED_EDGE('',*,*,#2148,.F.);
#1063=ORIENTED_EDGE('',*,*,#2149,.T.);
#1064=ORIENTED_EDGE('',*,*,#2150,.T.);
#1065=ORIENTED_EDGE('',*,*,#2151,.T.);
#1066=ORIENTED_EDGE('',*,*,#2152,.F.);
#1067=ORIENTED_EDGE('',*,*,#2153,.T.);
#1068=ORIENTED_EDGE('',*,*,#2154,.T.);
#1069=ORIENTED_EDGE('',*,*,#2155,.T.);
#1070=ORIENTED_EDGE('',*,*,#2156,.F.);
#1071=ORIENTED_EDGE('',*,*,#2157,.T.);
#1072=ORIENTED_EDGE('',*,*,#2158,.T.);
#1073=ORIENTED_EDGE('',*,*,#2159,.T.);
#1074=ORIENTED_EDGE('',*,*,#2160,.F.);
#1075=ORIENTED_EDGE('',*,*,#2161,.T.);
#1076=ORIENTED_EDGE('',*,*,#2162,.T.);
#1077=ORIENTED_EDGE('',*,*,#2163,.T.);
#1078=ORIENTED_EDGE('',*,*,#2164,.F.);
#1079=ORIENTED_EDGE('',*,*,#2165,.T.);
#1080=ORIENTED_EDGE('',*,*,#2166,.T.);
#1081=ORIENTED_EDGE('',*,*,#2167,.T.);
#1082=ORIENTED_EDGE('',*,*,#2168,.F.);
#1083=ORIENTED_EDGE('',*,*,#2169,.T.);
#1084=ORIENTED_EDGE('',*,*,#2170,.T.);
#1085=ORIENTED_EDGE('',*,*,#2171,.T.);
#1086=ORIENTED_EDGE('',*,*,#2172,.F.);
#1087=ORIENTED_EDGE('',*,*,#2173,.T.);
#1088=ORIENTED_EDGE('',*,*,#2174,.F.);
#1089=ORIENTED_EDGE('',*,*,#2175,.T.);
#1090=ORIENTED_EDGE('',*,*,#2176,.T.);
#1091=ORIENTED_EDGE('',*,*,#2177,.T.);
#1092=ORIENTED_EDGE('',*,*,#2178,.F.);
#1093=ORIENTED_EDGE('',*,*,#2179,.T.);
#1094=ORIENTED_EDGE('',*,*,#2180,.T.);
#1095=ORIENTED_EDGE('',*,*,#2181,.T.);
#1096=ORIENTED_EDGE('',*,*,#2182,.F.);
#1097=ORIENTED_EDGE('',*,*,#2183,.F.);
#1098=ORIENTED_EDGE('',*,*,#1941,.F.);
#1099=ORIENTED_EDGE('',*,*,#2184,.F.);
#1100=ORIENTED_EDGE('',*,*,#2185,.F.);
#1101=ORIENTED_EDGE('',*,*,#1945,.F.);
#1102=ORIENTED_EDGE('',*,*,#2186,.F.);
#1103=ORIENTED_EDGE('',*,*,#2187,.F.);
#1104=ORIENTED_EDGE('',*,*,#1949,.F.);
#1105=ORIENTED_EDGE('',*,*,#2188,.F.);
#1106=ORIENTED_EDGE('',*,*,#2189,.F.);
#1107=ORIENTED_EDGE('',*,*,#1953,.F.);
#1108=ORIENTED_EDGE('',*,*,#2190,.F.);
#1109=ORIENTED_EDGE('',*,*,#2191,.F.);
#1110=ORIENTED_EDGE('',*,*,#1957,.F.);
#1111=ORIENTED_EDGE('',*,*,#2192,.F.);
#1112=ORIENTED_EDGE('',*,*,#2193,.F.);
#1113=ORIENTED_EDGE('',*,*,#1961,.F.);
#1114=ORIENTED_EDGE('',*,*,#2194,.F.);
#1115=ORIENTED_EDGE('',*,*,#2195,.F.);
#1116=ORIENTED_EDGE('',*,*,#1965,.F.);
#1117=ORIENTED_EDGE('',*,*,#2196,.F.);
#1118=ORIENTED_EDGE('',*,*,#2197,.F.);
#1119=ORIENTED_EDGE('',*,*,#1969,.F.);
#1120=ORIENTED_EDGE('',*,*,#2198,.F.);
#1121=ORIENTED_EDGE('',*,*,#2199,.F.);
#1122=ORIENTED_EDGE('',*,*,#1973,.F.);
#1123=ORIENTED_EDGE('',*,*,#2200,.F.);
#1124=ORIENTED_EDGE('',*,*,#2201,.F.);
#1125=ORIENTED_EDGE('',*,*,#1977,.F.);
#1126=ORIENTED_EDGE('',*,*,#2202,.F.);
#1127=ORIENTED_EDGE('',*,*,#2203,.F.);
#1128=ORIENTED_EDGE('',*,*,#1981,.F.);
#1129=ORIENTED_EDGE('',*,*,#2204,.F.);
#1130=ORIENTED_EDGE('',*,*,#2205,.F.);
#1131=ORIENTED_EDGE('',*,*,#1985,.F.);
#1132=ORIENTED_EDGE('',*,*,#2206,.F.);
#1133=ORIENTED_EDGE('',*,*,#2207,.F.);
#1134=ORIENTED_EDGE('',*,*,#1989,.F.);
#1135=ORIENTED_EDGE('',*,*,#2208,.F.);
#1136=ORIENTED_EDGE('',*,*,#2209,.F.);
#1137=ORIENTED_EDGE('',*,*,#1993,.F.);
#1138=ORIENTED_EDGE('',*,*,#2210,.F.);
#1139=ORIENTED_EDGE('',*,*,#2211,.F.);
#1140=ORIENTED_EDGE('',*,*,#1997,.F.);
#1141=ORIENTED_EDGE('',*,*,#2212,.F.);
#1142=ORIENTED_EDGE('',*,*,#2213,.F.);
#1143=ORIENTED_EDGE('',*,*,#2001,.F.);
#1144=ORIENTED_EDGE('',*,*,#2214,.F.);
#1145=ORIENTED_EDGE('',*,*,#2215,.F.);
#1146=ORIENTED_EDGE('',*,*,#2005,.F.);
#1147=ORIENTED_EDGE('',*,*,#2216,.F.);
#1148=ORIENTED_EDGE('',*,*,#2217,.F.);
#1149=ORIENTED_EDGE('',*,*,#2009,.F.);
#1150=ORIENTED_EDGE('',*,*,#2218,.F.);
#1151=ORIENTED_EDGE('',*,*,#2219,.F.);
#1152=ORIENTED_EDGE('',*,*,#2013,.F.);
#1153=ORIENTED_EDGE('',*,*,#2220,.F.);
#1154=ORIENTED_EDGE('',*,*,#2221,.F.);
#1155=ORIENTED_EDGE('',*,*,#2017,.F.);
#1156=ORIENTED_EDGE('',*,*,#2222,.F.);
#1157=ORIENTED_EDGE('',*,*,#2223,.F.);
#1158=ORIENTED_EDGE('',*,*,#2021,.F.);
#1159=ORIENTED_EDGE('',*,*,#2224,.F.);
#1160=ORIENTED_EDGE('',*,*,#2225,.F.);
#1161=ORIENTED_EDGE('',*,*,#2025,.F.);
#1162=ORIENTED_EDGE('',*,*,#2226,.F.);
#1163=ORIENTED_EDGE('',*,*,#2227,.F.);
#1164=ORIENTED_EDGE('',*,*,#2029,.F.);
#1165=ORIENTED_EDGE('',*,*,#2228,.F.);
#1166=ORIENTED_EDGE('',*,*,#2229,.F.);
#1167=ORIENTED_EDGE('',*,*,#2033,.F.);
#1168=ORIENTED_EDGE('',*,*,#2230,.F.);
#1169=ORIENTED_EDGE('',*,*,#2231,.F.);
#1170=ORIENTED_EDGE('',*,*,#2037,.F.);
#1171=ORIENTED_EDGE('',*,*,#2232,.F.);
#1172=ORIENTED_EDGE('',*,*,#2233,.F.);
#1173=ORIENTED_EDGE('',*,*,#2041,.F.);
#1174=ORIENTED_EDGE('',*,*,#2234,.F.);
#1175=ORIENTED_EDGE('',*,*,#2235,.F.);
#1176=ORIENTED_EDGE('',*,*,#2045,.F.);
#1177=ORIENTED_EDGE('',*,*,#2236,.F.);
#1178=ORIENTED_EDGE('',*,*,#2237,.F.);
#1179=ORIENTED_EDGE('',*,*,#2049,.F.);
#1180=ORIENTED_EDGE('',*,*,#2238,.F.);
#1181=ORIENTED_EDGE('',*,*,#2239,.F.);
#1182=ORIENTED_EDGE('',*,*,#2053,.F.);
#1183=ORIENTED_EDGE('',*,*,#2240,.F.);
#1184=ORIENTED_EDGE('',*,*,#2241,.F.);
#1185=ORIENTED_EDGE('',*,*,#2057,.F.);
#1186=ORIENTED_EDGE('',*,*,#2242,.F.);
#1187=ORIENTED_EDGE('',*,*,#2243,.F.);
#1188=ORIENTED_EDGE('',*,*,#2061,.F.);
#1189=ORIENTED_EDGE('',*,*,#2244,.F.);
#1190=ORIENTED_EDGE('',*,*,#2245,.F.);
#1191=ORIENTED_EDGE('',*,*,#2065,.F.);
#1192=ORIENTED_EDGE('',*,*,#2246,.F.);
#1193=ORIENTED_EDGE('',*,*,#2247,.F.);
#1194=ORIENTED_EDGE('',*,*,#2069,.F.);
#1195=ORIENTED_EDGE('',*,*,#2248,.F.);
#1196=ORIENTED_EDGE('',*,*,#2249,.F.);
#1197=ORIENTED_EDGE('',*,*,#2073,.F.);
#1198=ORIENTED_EDGE('',*,*,#2250,.F.);
#1199=ORIENTED_EDGE('',*,*,#2251,.F.);
#1200=ORIENTED_EDGE('',*,*,#2077,.F.);
#1201=ORIENTED_EDGE('',*,*,#2252,.F.);
#1202=ORIENTED_EDGE('',*,*,#2253,.F.);
#1203=ORIENTED_EDGE('',*,*,#2081,.F.);
#1204=ORIENTED_EDGE('',*,*,#2254,.F.);
#1205=ORIENTED_EDGE('',*,*,#2255,.F.);
#1206=ORIENTED_EDGE('',*,*,#2085,.F.);
#1207=ORIENTED_EDGE('',*,*,#2256,.F.);
#1208=ORIENTED_EDGE('',*,*,#2257,.F.);
#1209=ORIENTED_EDGE('',*,*,#2089,.F.);
#1210=ORIENTED_EDGE('',*,*,#2258,.F.);
#1211=ORIENTED_EDGE('',*,*,#2259,.F.);
#1212=ORIENTED_EDGE('',*,*,#2093,.F.);
#1213=ORIENTED_EDGE('',*,*,#2260,.F.);
#1214=ORIENTED_EDGE('',*,*,#2261,.F.);
#1215=ORIENTED_EDGE('',*,*,#2097,.F.);
#1216=ORIENTED_EDGE('',*,*,#2262,.F.);
#1217=ORIENTED_EDGE('',*,*,#2263,.F.);
#1218=ORIENTED_EDGE('',*,*,#2101,.F.);
#1219=ORIENTED_EDGE('',*,*,#2264,.F.);
#1220=ORIENTED_EDGE('',*,*,#2265,.F.);
#1221=ORIENTED_EDGE('',*,*,#2105,.F.);
#1222=ORIENTED_EDGE('',*,*,#2266,.F.);
#1223=ORIENTED_EDGE('',*,*,#2267,.F.);
#1224=ORIENTED_EDGE('',*,*,#2109,.F.);
#1225=ORIENTED_EDGE('',*,*,#2268,.F.);
#1226=ORIENTED_EDGE('',*,*,#2269,.F.);
#1227=ORIENTED_EDGE('',*,*,#2113,.F.);
#1228=ORIENTED_EDGE('',*,*,#2270,.F.);
#1229=ORIENTED_EDGE('',*,*,#2271,.F.);
#1230=ORIENTED_EDGE('',*,*,#2117,.F.);
#1231=ORIENTED_EDGE('',*,*,#2272,.F.);
#1232=ORIENTED_EDGE('',*,*,#2273,.F.);
#1233=ORIENTED_EDGE('',*,*,#2121,.F.);
#1234=ORIENTED_EDGE('',*,*,#2274,.F.);
#1235=ORIENTED_EDGE('',*,*,#2275,.F.);
#1236=ORIENTED_EDGE('',*,*,#2125,.F.);
#1237=ORIENTED_EDGE('',*,*,#2276,.F.);
#1238=ORIENTED_EDGE('',*,*,#2277,.F.);
#1239=ORIENTED_EDGE('',*,*,#2129,.F.);
#1240=ORIENTED_EDGE('',*,*,#2278,.F.);
#1241=ORIENTED_EDGE('',*,*,#2279,.F.);
#1242=ORIENTED_EDGE('',*,*,#2133,.F.);
#1243=ORIENTED_EDGE('',*,*,#2280,.F.);
#1244=ORIENTED_EDGE('',*,*,#2281,.F.);
#1245=ORIENTED_EDGE('',*,*,#2137,.F.);
#1246=ORIENTED_EDGE('',*,*,#2282,.F.);
#1247=ORIENTED_EDGE('',*,*,#2283,.F.);
#1248=ORIENTED_EDGE('',*,*,#2141,.F.);
#1249=ORIENTED_EDGE('',*,*,#2284,.F.);
#1250=ORIENTED_EDGE('',*,*,#2285,.F.);
#1251=ORIENTED_EDGE('',*,*,#2145,.F.);
#1252=ORIENTED_EDGE('',*,*,#2286,.F.);
#1253=ORIENTED_EDGE('',*,*,#2287,.F.);
#1254=ORIENTED_EDGE('',*,*,#2149,.F.);
#1255=ORIENTED_EDGE('',*,*,#2288,.F.);
#1256=ORIENTED_EDGE('',*,*,#2289,.F.);
#1257=ORIENTED_EDGE('',*,*,#2153,.F.);
#1258=ORIENTED_EDGE('',*,*,#2290,.F.);
#1259=ORIENTED_EDGE('',*,*,#2291,.F.);
#1260=ORIENTED_EDGE('',*,*,#2157,.F.);
#1261=ORIENTED_EDGE('',*,*,#2292,.F.);
#1262=ORIENTED_EDGE('',*,*,#2293,.F.);
#1263=ORIENTED_EDGE('',*,*,#2161,.F.);
#1264=ORIENTED_EDGE('',*,*,#2294,.F.);
#1265=ORIENTED_EDGE('',*,*,#2295,.F.);
#1266=ORIENTED_EDGE('',*,*,#2165,.F.);
#1267=ORIENTED_EDGE('',*,*,#2296,.F.);
#1268=ORIENTED_EDGE('',*,*,#2297,.F.);
#1269=ORIENTED_EDGE('',*,*,#2169,.F.);
#1270=ORIENTED_EDGE('',*,*,#2298,.F.);
#1271=ORIENTED_EDGE('',*,*,#2299,.F.);
#1272=ORIENTED_EDGE('',*,*,#2179,.F.);
#1273=ORIENTED_EDGE('',*,*,#2300,.F.);
#1274=ORIENTED_EDGE('',*,*,#2301,.F.);
#1275=ORIENTED_EDGE('',*,*,#2175,.F.);
#1276=ORIENTED_EDGE('',*,*,#2302,.T.);
#1277=ORIENTED_EDGE('',*,*,#2303,.F.);
#1278=ORIENTED_EDGE('',*,*,#2181,.F.);
#1279=ORIENTED_EDGE('',*,*,#2303,.T.);
#1280=ORIENTED_EDGE('',*,*,#2304,.T.);
#1281=ORIENTED_EDGE('',*,*,#2305,.T.);
#1282=ORIENTED_EDGE('',*,*,#2173,.F.);
#1283=ORIENTED_EDGE('',*,*,#2306,.T.);
#1284=ORIENTED_EDGE('',*,*,#2307,.T.);
#1285=ORIENTED_EDGE('',*,*,#2177,.F.);
#1286=ORIENTED_EDGE('',*,*,#2308,.T.);
#1287=ORIENTED_EDGE('',*,*,#2309,.T.);
#1288=ORIENTED_EDGE('',*,*,#2171,.F.);
#1289=ORIENTED_EDGE('',*,*,#2310,.T.);
#1290=ORIENTED_EDGE('',*,*,#2311,.T.);
#1291=ORIENTED_EDGE('',*,*,#2167,.F.);
#1292=ORIENTED_EDGE('',*,*,#2312,.T.);
#1293=ORIENTED_EDGE('',*,*,#2313,.T.);
#1294=ORIENTED_EDGE('',*,*,#2163,.F.);
#1295=ORIENTED_EDGE('',*,*,#2314,.T.);
#1296=ORIENTED_EDGE('',*,*,#2315,.T.);
#1297=ORIENTED_EDGE('',*,*,#2159,.F.);
#1298=ORIENTED_EDGE('',*,*,#2316,.T.);
#1299=ORIENTED_EDGE('',*,*,#2317,.T.);
#1300=ORIENTED_EDGE('',*,*,#2155,.F.);
#1301=ORIENTED_EDGE('',*,*,#2318,.T.);
#1302=ORIENTED_EDGE('',*,*,#2319,.T.);
#1303=ORIENTED_EDGE('',*,*,#2151,.F.);
#1304=ORIENTED_EDGE('',*,*,#2320,.T.);
#1305=ORIENTED_EDGE('',*,*,#2321,.T.);
#1306=ORIENTED_EDGE('',*,*,#2147,.F.);
#1307=ORIENTED_EDGE('',*,*,#2322,.T.);
#1308=ORIENTED_EDGE('',*,*,#2323,.T.);
#1309=ORIENTED_EDGE('',*,*,#2143,.F.);
#1310=ORIENTED_EDGE('',*,*,#2324,.T.);
#1311=ORIENTED_EDGE('',*,*,#2325,.T.);
#1312=ORIENTED_EDGE('',*,*,#2139,.F.);
#1313=ORIENTED_EDGE('',*,*,#2326,.T.);
#1314=ORIENTED_EDGE('',*,*,#2327,.T.);
#1315=ORIENTED_EDGE('',*,*,#2135,.F.);
#1316=ORIENTED_EDGE('',*,*,#2328,.T.);
#1317=ORIENTED_EDGE('',*,*,#2329,.T.);
#1318=ORIENTED_EDGE('',*,*,#2131,.F.);
#1319=ORIENTED_EDGE('',*,*,#2330,.T.);
#1320=ORIENTED_EDGE('',*,*,#2331,.T.);
#1321=ORIENTED_EDGE('',*,*,#2127,.F.);
#1322=ORIENTED_EDGE('',*,*,#2332,.T.);
#1323=ORIENTED_EDGE('',*,*,#2333,.T.);
#1324=ORIENTED_EDGE('',*,*,#2123,.F.);
#1325=ORIENTED_EDGE('',*,*,#2334,.T.);
#1326=ORIENTED_EDGE('',*,*,#2335,.T.);
#1327=ORIENTED_EDGE('',*,*,#2119,.F.);
#1328=ORIENTED_EDGE('',*,*,#2336,.T.);
#1329=ORIENTED_EDGE('',*,*,#2337,.T.);
#1330=ORIENTED_EDGE('',*,*,#2115,.F.);
#1331=ORIENTED_EDGE('',*,*,#2338,.T.);
#1332=ORIENTED_EDGE('',*,*,#2339,.T.);
#1333=ORIENTED_EDGE('',*,*,#2111,.F.);
#1334=ORIENTED_EDGE('',*,*,#2340,.T.);
#1335=ORIENTED_EDGE('',*,*,#2341,.T.);
#1336=ORIENTED_EDGE('',*,*,#2107,.F.);
#1337=ORIENTED_EDGE('',*,*,#2342,.T.);
#1338=ORIENTED_EDGE('',*,*,#2343,.T.);
#1339=ORIENTED_EDGE('',*,*,#2103,.F.);
#1340=ORIENTED_EDGE('',*,*,#2344,.T.);
#1341=ORIENTED_EDGE('',*,*,#2345,.T.);
#1342=ORIENTED_EDGE('',*,*,#2099,.F.);
#1343=ORIENTED_EDGE('',*,*,#2346,.T.);
#1344=ORIENTED_EDGE('',*,*,#2347,.T.);
#1345=ORIENTED_EDGE('',*,*,#2095,.F.);
#1346=ORIENTED_EDGE('',*,*,#2348,.T.);
#1347=ORIENTED_EDGE('',*,*,#2349,.T.);
#1348=ORIENTED_EDGE('',*,*,#2091,.F.);
#1349=ORIENTED_EDGE('',*,*,#2350,.T.);
#1350=ORIENTED_EDGE('',*,*,#2351,.T.);
#1351=ORIENTED_EDGE('',*,*,#2087,.F.);
#1352=ORIENTED_EDGE('',*,*,#2352,.T.);
#1353=ORIENTED_EDGE('',*,*,#2353,.T.);
#1354=ORIENTED_EDGE('',*,*,#2083,.F.);
#1355=ORIENTED_EDGE('',*,*,#2354,.T.);
#1356=ORIENTED_EDGE('',*,*,#2355,.T.);
#1357=ORIENTED_EDGE('',*,*,#2079,.F.);
#1358=ORIENTED_EDGE('',*,*,#2356,.T.);
#1359=ORIENTED_EDGE('',*,*,#2357,.T.);
#1360=ORIENTED_EDGE('',*,*,#2075,.F.);
#1361=ORIENTED_EDGE('',*,*,#2358,.T.);
#1362=ORIENTED_EDGE('',*,*,#2359,.T.);
#1363=ORIENTED_EDGE('',*,*,#2071,.F.);
#1364=ORIENTED_EDGE('',*,*,#2360,.T.);
#1365=ORIENTED_EDGE('',*,*,#2361,.T.);
#1366=ORIENTED_EDGE('',*,*,#2067,.F.);
#1367=ORIENTED_EDGE('',*,*,#2362,.T.);
#1368=ORIENTED_EDGE('',*,*,#2363,.T.);
#1369=ORIENTED_EDGE('',*,*,#2063,.F.);
#1370=ORIENTED_EDGE('',*,*,#2364,.T.);
#1371=ORIENTED_EDGE('',*,*,#2365,.T.);
#1372=ORIENTED_EDGE('',*,*,#2059,.F.);
#1373=ORIENTED_EDGE('',*,*,#2366,.T.);
#1374=ORIENTED_EDGE('',*,*,#2367,.T.);
#1375=ORIENTED_EDGE('',*,*,#2055,.F.);
#1376=ORIENTED_EDGE('',*,*,#2368,.T.);
#1377=ORIENTED_EDGE('',*,*,#2369,.T.);
#1378=ORIENTED_EDGE('',*,*,#2051,.F.);
#1379=ORIENTED_EDGE('',*,*,#2370,.T.);
#1380=ORIENTED_EDGE('',*,*,#2371,.T.);
#1381=ORIENTED_EDGE('',*,*,#2047,.F.);
#1382=ORIENTED_EDGE('',*,*,#2372,.T.);
#1383=ORIENTED_EDGE('',*,*,#2373,.T.);
#1384=ORIENTED_EDGE('',*,*,#2043,.F.);
#1385=ORIENTED_EDGE('',*,*,#2374,.T.);
#1386=ORIENTED_EDGE('',*,*,#2375,.T.);
#1387=ORIENTED_EDGE('',*,*,#2039,.F.);
#1388=ORIENTED_EDGE('',*,*,#2376,.T.);
#1389=ORIENTED_EDGE('',*,*,#2377,.T.);
#1390=ORIENTED_EDGE('',*,*,#2035,.F.);
#1391=ORIENTED_EDGE('',*,*,#2378,.T.);
#1392=ORIENTED_EDGE('',*,*,#2379,.T.);
#1393=ORIENTED_EDGE('',*,*,#2031,.F.);
#1394=ORIENTED_EDGE('',*,*,#2380,.T.);
#1395=ORIENTED_EDGE('',*,*,#2381,.T.);
#1396=ORIENTED_EDGE('',*,*,#2027,.F.);
#1397=ORIENTED_EDGE('',*,*,#2382,.T.);
#1398=ORIENTED_EDGE('',*,*,#2383,.T.);
#1399=ORIENTED_EDGE('',*,*,#2023,.F.);
#1400=ORIENTED_EDGE('',*,*,#2384,.T.);
#1401=ORIENTED_EDGE('',*,*,#2385,.T.);
#1402=ORIENTED_EDGE('',*,*,#2019,.F.);
#1403=ORIENTED_EDGE('',*,*,#2386,.T.);
#1404=ORIENTED_EDGE('',*,*,#2387,.T.);
#1405=ORIENTED_EDGE('',*,*,#2015,.F.);
#1406=ORIENTED_EDGE('',*,*,#2388,.T.);
#1407=ORIENTED_EDGE('',*,*,#2389,.T.);
#1408=ORIENTED_EDGE('',*,*,#2011,.F.);
#1409=ORIENTED_EDGE('',*,*,#2390,.T.);
#1410=ORIENTED_EDGE('',*,*,#2391,.T.);
#1411=ORIENTED_EDGE('',*,*,#2007,.F.);
#1412=ORIENTED_EDGE('',*,*,#2392,.T.);
#1413=ORIENTED_EDGE('',*,*,#2393,.T.);
#1414=ORIENTED_EDGE('',*,*,#2003,.F.);
#1415=ORIENTED_EDGE('',*,*,#2394,.T.);
#1416=ORIENTED_EDGE('',*,*,#2395,.T.);
#1417=ORIENTED_EDGE('',*,*,#1999,.F.);
#1418=ORIENTED_EDGE('',*,*,#2396,.T.);
#1419=ORIENTED_EDGE('',*,*,#2397,.T.);
#1420=ORIENTED_EDGE('',*,*,#1995,.F.);
#1421=ORIENTED_EDGE('',*,*,#2398,.T.);
#1422=ORIENTED_EDGE('',*,*,#2399,.T.);
#1423=ORIENTED_EDGE('',*,*,#1991,.F.);
#1424=ORIENTED_EDGE('',*,*,#2400,.T.);
#1425=ORIENTED_EDGE('',*,*,#2401,.T.);
#1426=ORIENTED_EDGE('',*,*,#1987,.F.);
#1427=ORIENTED_EDGE('',*,*,#2402,.T.);
#1428=ORIENTED_EDGE('',*,*,#2403,.T.);
#1429=ORIENTED_EDGE('',*,*,#1983,.F.);
#1430=ORIENTED_EDGE('',*,*,#2404,.T.);
#1431=ORIENTED_EDGE('',*,*,#2405,.T.);
#1432=ORIENTED_EDGE('',*,*,#1979,.F.);
#1433=ORIENTED_EDGE('',*,*,#2406,.T.);
#1434=ORIENTED_EDGE('',*,*,#2407,.T.);
#1435=ORIENTED_EDGE('',*,*,#1975,.F.);
#1436=ORIENTED_EDGE('',*,*,#2408,.T.);
#1437=ORIENTED_EDGE('',*,*,#2409,.T.);
#1438=ORIENTED_EDGE('',*,*,#1971,.F.);
#1439=ORIENTED_EDGE('',*,*,#2410,.T.);
#1440=ORIENTED_EDGE('',*,*,#2411,.T.);
#1441=ORIENTED_EDGE('',*,*,#1967,.F.);
#1442=ORIENTED_EDGE('',*,*,#2412,.T.);
#1443=ORIENTED_EDGE('',*,*,#2413,.T.);
#1444=ORIENTED_EDGE('',*,*,#1963,.F.);
#1445=ORIENTED_EDGE('',*,*,#2414,.T.);
#1446=ORIENTED_EDGE('',*,*,#2415,.T.);
#1447=ORIENTED_EDGE('',*,*,#1959,.F.);
#1448=ORIENTED_EDGE('',*,*,#2416,.T.);
#1449=ORIENTED_EDGE('',*,*,#2417,.T.);
#1450=ORIENTED_EDGE('',*,*,#1955,.F.);
#1451=ORIENTED_EDGE('',*,*,#2418,.T.);
#1452=ORIENTED_EDGE('',*,*,#2419,.T.);
#1453=ORIENTED_EDGE('',*,*,#1951,.F.);
#1454=ORIENTED_EDGE('',*,*,#2420,.T.);
#1455=ORIENTED_EDGE('',*,*,#2421,.T.);
#1456=ORIENTED_EDGE('',*,*,#1947,.F.);
#1457=ORIENTED_EDGE('',*,*,#2422,.T.);
#1458=ORIENTED_EDGE('',*,*,#2423,.T.);
#1459=ORIENTED_EDGE('',*,*,#1943,.F.);
#1460=ORIENTED_EDGE('',*,*,#2302,.F.);
#1461=ORIENTED_EDGE('',*,*,#2299,.T.);
#1462=ORIENTED_EDGE('',*,*,#2424,.T.);
#1463=ORIENTED_EDGE('',*,*,#2308,.F.);
#1464=ORIENTED_EDGE('',*,*,#2180,.F.);
#1465=ORIENTED_EDGE('',*,*,#2298,.T.);
#1466=ORIENTED_EDGE('',*,*,#2172,.T.);
#1467=ORIENTED_EDGE('',*,*,#2309,.F.);
#1468=ORIENTED_EDGE('',*,*,#2424,.F.);
#1469=ORIENTED_EDGE('',*,*,#2301,.T.);
#1470=ORIENTED_EDGE('',*,*,#2425,.T.);
#1471=ORIENTED_EDGE('',*,*,#2306,.F.);
#1472=ORIENTED_EDGE('',*,*,#2176,.F.);
#1473=ORIENTED_EDGE('',*,*,#2300,.T.);
#1474=ORIENTED_EDGE('',*,*,#2178,.T.);
#1475=ORIENTED_EDGE('',*,*,#2307,.F.);
#1476=ORIENTED_EDGE('',*,*,#2425,.F.);
#1477=ORIENTED_EDGE('',*,*,#2297,.T.);
#1478=ORIENTED_EDGE('',*,*,#2426,.T.);
#1479=ORIENTED_EDGE('',*,*,#2310,.F.);
#1480=ORIENTED_EDGE('',*,*,#2170,.F.);
#1481=ORIENTED_EDGE('',*,*,#2296,.T.);
#1482=ORIENTED_EDGE('',*,*,#2168,.T.);
#1483=ORIENTED_EDGE('',*,*,#2311,.F.);
#1484=ORIENTED_EDGE('',*,*,#2426,.F.);
#1485=ORIENTED_EDGE('',*,*,#2295,.T.);
#1486=ORIENTED_EDGE('',*,*,#2427,.T.);
#1487=ORIENTED_EDGE('',*,*,#2312,.F.);
#1488=ORIENTED_EDGE('',*,*,#2166,.F.);
#1489=ORIENTED_EDGE('',*,*,#2294,.T.);
#1490=ORIENTED_EDGE('',*,*,#2164,.T.);
#1491=ORIENTED_EDGE('',*,*,#2313,.F.);
#1492=ORIENTED_EDGE('',*,*,#2427,.F.);
#1493=ORIENTED_EDGE('',*,*,#2293,.T.);
#1494=ORIENTED_EDGE('',*,*,#2428,.T.);
#1495=ORIENTED_EDGE('',*,*,#2314,.F.);
#1496=ORIENTED_EDGE('',*,*,#2162,.F.);
#1497=ORIENTED_EDGE('',*,*,#2292,.T.);
#1498=ORIENTED_EDGE('',*,*,#2160,.T.);
#1499=ORIENTED_EDGE('',*,*,#2315,.F.);
#1500=ORIENTED_EDGE('',*,*,#2428,.F.);
#1501=ORIENTED_EDGE('',*,*,#2291,.T.);
#1502=ORIENTED_EDGE('',*,*,#2429,.T.);
#1503=ORIENTED_EDGE('',*,*,#2316,.F.);
#1504=ORIENTED_EDGE('',*,*,#2158,.F.);
#1505=ORIENTED_EDGE('',*,*,#2290,.T.);
#1506=ORIENTED_EDGE('',*,*,#2156,.T.);
#1507=ORIENTED_EDGE('',*,*,#2317,.F.);
#1508=ORIENTED_EDGE('',*,*,#2429,.F.);
#1509=ORIENTED_EDGE('',*,*,#2289,.T.);
#1510=ORIENTED_EDGE('',*,*,#2430,.T.);
#1511=ORIENTED_EDGE('',*,*,#2318,.F.);
#1512=ORIENTED_EDGE('',*,*,#2154,.F.);
#1513=ORIENTED_EDGE('',*,*,#2288,.T.);
#1514=ORIENTED_EDGE('',*,*,#2152,.T.);
#1515=ORIENTED_EDGE('',*,*,#2319,.F.);
#1516=ORIENTED_EDGE('',*,*,#2430,.F.);
#1517=ORIENTED_EDGE('',*,*,#2287,.T.);
#1518=ORIENTED_EDGE('',*,*,#2431,.T.);
#1519=ORIENTED_EDGE('',*,*,#2320,.F.);
#1520=ORIENTED_EDGE('',*,*,#2150,.F.);
#1521=ORIENTED_EDGE('',*,*,#2286,.T.);
#1522=ORIENTED_EDGE('',*,*,#2148,.T.);
#1523=ORIENTED_EDGE('',*,*,#2321,.F.);
#1524=ORIENTED_EDGE('',*,*,#2431,.F.);
#1525=ORIENTED_EDGE('',*,*,#2285,.T.);
#1526=ORIENTED_EDGE('',*,*,#2432,.T.);
#1527=ORIENTED_EDGE('',*,*,#2322,.F.);
#1528=ORIENTED_EDGE('',*,*,#2146,.F.);
#1529=ORIENTED_EDGE('',*,*,#2284,.T.);
#1530=ORIENTED_EDGE('',*,*,#2144,.T.);
#1531=ORIENTED_EDGE('',*,*,#2323,.F.);
#1532=ORIENTED_EDGE('',*,*,#2432,.F.);
#1533=ORIENTED_EDGE('',*,*,#2283,.T.);
#1534=ORIENTED_EDGE('',*,*,#2433,.T.);
#1535=ORIENTED_EDGE('',*,*,#2324,.F.);
#1536=ORIENTED_EDGE('',*,*,#2142,.F.);
#1537=ORIENTED_EDGE('',*,*,#2282,.T.);
#1538=ORIENTED_EDGE('',*,*,#2140,.T.);
#1539=ORIENTED_EDGE('',*,*,#2325,.F.);
#1540=ORIENTED_EDGE('',*,*,#2433,.F.);
#1541=ORIENTED_EDGE('',*,*,#2281,.T.);
#1542=ORIENTED_EDGE('',*,*,#2434,.T.);
#1543=ORIENTED_EDGE('',*,*,#2326,.F.);
#1544=ORIENTED_EDGE('',*,*,#2138,.F.);
#1545=ORIENTED_EDGE('',*,*,#2280,.T.);
#1546=ORIENTED_EDGE('',*,*,#2136,.T.);
#1547=ORIENTED_EDGE('',*,*,#2327,.F.);
#1548=ORIENTED_EDGE('',*,*,#2434,.F.);
#1549=ORIENTED_EDGE('',*,*,#2279,.T.);
#1550=ORIENTED_EDGE('',*,*,#2435,.T.);
#1551=ORIENTED_EDGE('',*,*,#2328,.F.);
#1552=ORIENTED_EDGE('',*,*,#2134,.F.);
#1553=ORIENTED_EDGE('',*,*,#2278,.T.);
#1554=ORIENTED_EDGE('',*,*,#2132,.T.);
#1555=ORIENTED_EDGE('',*,*,#2329,.F.);
#1556=ORIENTED_EDGE('',*,*,#2435,.F.);
#1557=ORIENTED_EDGE('',*,*,#2277,.T.);
#1558=ORIENTED_EDGE('',*,*,#2436,.T.);
#1559=ORIENTED_EDGE('',*,*,#2330,.F.);
#1560=ORIENTED_EDGE('',*,*,#2130,.F.);
#1561=ORIENTED_EDGE('',*,*,#2276,.T.);
#1562=ORIENTED_EDGE('',*,*,#2128,.T.);
#1563=ORIENTED_EDGE('',*,*,#2331,.F.);
#1564=ORIENTED_EDGE('',*,*,#2436,.F.);
#1565=ORIENTED_EDGE('',*,*,#2275,.T.);
#1566=ORIENTED_EDGE('',*,*,#2437,.T.);
#1567=ORIENTED_EDGE('',*,*,#2332,.F.);
#1568=ORIENTED_EDGE('',*,*,#2126,.F.);
#1569=ORIENTED_EDGE('',*,*,#2274,.T.);
#1570=ORIENTED_EDGE('',*,*,#2124,.T.);
#1571=ORIENTED_EDGE('',*,*,#2333,.F.);
#1572=ORIENTED_EDGE('',*,*,#2437,.F.);
#1573=ORIENTED_EDGE('',*,*,#2273,.T.);
#1574=ORIENTED_EDGE('',*,*,#2438,.T.);
#1575=ORIENTED_EDGE('',*,*,#2334,.F.);
#1576=ORIENTED_EDGE('',*,*,#2122,.F.);
#1577=ORIENTED_EDGE('',*,*,#2272,.T.);
#1578=ORIENTED_EDGE('',*,*,#2120,.T.);
#1579=ORIENTED_EDGE('',*,*,#2335,.F.);
#1580=ORIENTED_EDGE('',*,*,#2438,.F.);
#1581=ORIENTED_EDGE('',*,*,#2271,.T.);
#1582=ORIENTED_EDGE('',*,*,#2439,.T.);
#1583=ORIENTED_EDGE('',*,*,#2336,.F.);
#1584=ORIENTED_EDGE('',*,*,#2118,.F.);
#1585=ORIENTED_EDGE('',*,*,#2270,.T.);
#1586=ORIENTED_EDGE('',*,*,#2116,.T.);
#1587=ORIENTED_EDGE('',*,*,#2337,.F.);
#1588=ORIENTED_EDGE('',*,*,#2439,.F.);
#1589=ORIENTED_EDGE('',*,*,#2269,.T.);
#1590=ORIENTED_EDGE('',*,*,#2440,.T.);
#1591=ORIENTED_EDGE('',*,*,#2338,.F.);
#1592=ORIENTED_EDGE('',*,*,#2114,.F.);
#1593=ORIENTED_EDGE('',*,*,#2268,.T.);
#1594=ORIENTED_EDGE('',*,*,#2112,.T.);
#1595=ORIENTED_EDGE('',*,*,#2339,.F.);
#1596=ORIENTED_EDGE('',*,*,#2440,.F.);
#1597=ORIENTED_EDGE('',*,*,#2267,.T.);
#1598=ORIENTED_EDGE('',*,*,#2441,.T.);
#1599=ORIENTED_EDGE('',*,*,#2340,.F.);
#1600=ORIENTED_EDGE('',*,*,#2110,.F.);
#1601=ORIENTED_EDGE('',*,*,#2266,.T.);
#1602=ORIENTED_EDGE('',*,*,#2108,.T.);
#1603=ORIENTED_EDGE('',*,*,#2341,.F.);
#1604=ORIENTED_EDGE('',*,*,#2441,.F.);
#1605=ORIENTED_EDGE('',*,*,#2265,.T.);
#1606=ORIENTED_EDGE('',*,*,#2442,.T.);
#1607=ORIENTED_EDGE('',*,*,#2342,.F.);
#1608=ORIENTED_EDGE('',*,*,#2106,.F.);
#1609=ORIENTED_EDGE('',*,*,#2264,.T.);
#1610=ORIENTED_EDGE('',*,*,#2104,.T.);
#1611=ORIENTED_EDGE('',*,*,#2343,.F.);
#1612=ORIENTED_EDGE('',*,*,#2442,.F.);
#1613=ORIENTED_EDGE('',*,*,#2263,.T.);
#1614=ORIENTED_EDGE('',*,*,#2443,.T.);
#1615=ORIENTED_EDGE('',*,*,#2344,.F.);
#1616=ORIENTED_EDGE('',*,*,#2102,.F.);
#1617=ORIENTED_EDGE('',*,*,#2262,.T.);
#1618=ORIENTED_EDGE('',*,*,#2100,.T.);
#1619=ORIENTED_EDGE('',*,*,#2345,.F.);
#1620=ORIENTED_EDGE('',*,*,#2443,.F.);
#1621=ORIENTED_EDGE('',*,*,#2261,.T.);
#1622=ORIENTED_EDGE('',*,*,#2444,.T.);
#1623=ORIENTED_EDGE('',*,*,#2346,.F.);
#1624=ORIENTED_EDGE('',*,*,#2098,.F.);
#1625=ORIENTED_EDGE('',*,*,#2260,.T.);
#1626=ORIENTED_EDGE('',*,*,#2096,.T.);
#1627=ORIENTED_EDGE('',*,*,#2347,.F.);
#1628=ORIENTED_EDGE('',*,*,#2444,.F.);
#1629=ORIENTED_EDGE('',*,*,#2259,.T.);
#1630=ORIENTED_EDGE('',*,*,#2445,.T.);
#1631=ORIENTED_EDGE('',*,*,#2348,.F.);
#1632=ORIENTED_EDGE('',*,*,#2094,.F.);
#1633=ORIENTED_EDGE('',*,*,#2258,.T.);
#1634=ORIENTED_EDGE('',*,*,#2092,.T.);
#1635=ORIENTED_EDGE('',*,*,#2349,.F.);
#1636=ORIENTED_EDGE('',*,*,#2445,.F.);
#1637=ORIENTED_EDGE('',*,*,#2257,.T.);
#1638=ORIENTED_EDGE('',*,*,#2446,.T.);
#1639=ORIENTED_EDGE('',*,*,#2350,.F.);
#1640=ORIENTED_EDGE('',*,*,#2090,.F.);
#1641=ORIENTED_EDGE('',*,*,#2256,.T.);
#1642=ORIENTED_EDGE('',*,*,#2088,.T.);
#1643=ORIENTED_EDGE('',*,*,#2351,.F.);
#1644=ORIENTED_EDGE('',*,*,#2446,.F.);
#1645=ORIENTED_EDGE('',*,*,#2255,.T.);
#1646=ORIENTED_EDGE('',*,*,#2447,.T.);
#1647=ORIENTED_EDGE('',*,*,#2352,.F.);
#1648=ORIENTED_EDGE('',*,*,#2086,.F.);
#1649=ORIENTED_EDGE('',*,*,#2254,.T.);
#1650=ORIENTED_EDGE('',*,*,#2084,.T.);
#1651=ORIENTED_EDGE('',*,*,#2353,.F.);
#1652=ORIENTED_EDGE('',*,*,#2447,.F.);
#1653=ORIENTED_EDGE('',*,*,#2253,.T.);
#1654=ORIENTED_EDGE('',*,*,#2448,.T.);
#1655=ORIENTED_EDGE('',*,*,#2354,.F.);
#1656=ORIENTED_EDGE('',*,*,#2082,.F.);
#1657=ORIENTED_EDGE('',*,*,#2252,.T.);
#1658=ORIENTED_EDGE('',*,*,#2080,.T.);
#1659=ORIENTED_EDGE('',*,*,#2355,.F.);
#1660=ORIENTED_EDGE('',*,*,#2448,.F.);
#1661=ORIENTED_EDGE('',*,*,#2251,.T.);
#1662=ORIENTED_EDGE('',*,*,#2449,.T.);
#1663=ORIENTED_EDGE('',*,*,#2356,.F.);
#1664=ORIENTED_EDGE('',*,*,#2078,.F.);
#1665=ORIENTED_EDGE('',*,*,#2250,.T.);
#1666=ORIENTED_EDGE('',*,*,#2076,.T.);
#1667=ORIENTED_EDGE('',*,*,#2357,.F.);
#1668=ORIENTED_EDGE('',*,*,#2449,.F.);
#1669=ORIENTED_EDGE('',*,*,#2249,.T.);
#1670=ORIENTED_EDGE('',*,*,#2450,.T.);
#1671=ORIENTED_EDGE('',*,*,#2358,.F.);
#1672=ORIENTED_EDGE('',*,*,#2074,.F.);
#1673=ORIENTED_EDGE('',*,*,#2248,.T.);
#1674=ORIENTED_EDGE('',*,*,#2072,.T.);
#1675=ORIENTED_EDGE('',*,*,#2359,.F.);
#1676=ORIENTED_EDGE('',*,*,#2450,.F.);
#1677=ORIENTED_EDGE('',*,*,#2247,.T.);
#1678=ORIENTED_EDGE('',*,*,#2451,.T.);
#1679=ORIENTED_EDGE('',*,*,#2360,.F.);
#1680=ORIENTED_EDGE('',*,*,#2070,.F.);
#1681=ORIENTED_EDGE('',*,*,#2246,.T.);
#1682=ORIENTED_EDGE('',*,*,#2068,.T.);
#1683=ORIENTED_EDGE('',*,*,#2361,.F.);
#1684=ORIENTED_EDGE('',*,*,#2451,.F.);
#1685=ORIENTED_EDGE('',*,*,#2245,.T.);
#1686=ORIENTED_EDGE('',*,*,#2452,.T.);
#1687=ORIENTED_EDGE('',*,*,#2362,.F.);
#1688=ORIENTED_EDGE('',*,*,#2066,.F.);
#1689=ORIENTED_EDGE('',*,*,#2244,.T.);
#1690=ORIENTED_EDGE('',*,*,#2064,.T.);
#1691=ORIENTED_EDGE('',*,*,#2363,.F.);
#1692=ORIENTED_EDGE('',*,*,#2452,.F.);
#1693=ORIENTED_EDGE('',*,*,#2243,.T.);
#1694=ORIENTED_EDGE('',*,*,#2453,.T.);
#1695=ORIENTED_EDGE('',*,*,#2364,.F.);
#1696=ORIENTED_EDGE('',*,*,#2062,.F.);
#1697=ORIENTED_EDGE('',*,*,#2242,.T.);
#1698=ORIENTED_EDGE('',*,*,#2060,.T.);
#1699=ORIENTED_EDGE('',*,*,#2365,.F.);
#1700=ORIENTED_EDGE('',*,*,#2453,.F.);
#1701=ORIENTED_EDGE('',*,*,#2241,.T.);
#1702=ORIENTED_EDGE('',*,*,#2454,.T.);
#1703=ORIENTED_EDGE('',*,*,#2366,.F.);
#1704=ORIENTED_EDGE('',*,*,#2058,.F.);
#1705=ORIENTED_EDGE('',*,*,#2240,.T.);
#1706=ORIENTED_EDGE('',*,*,#2056,.T.);
#1707=ORIENTED_EDGE('',*,*,#2367,.F.);
#1708=ORIENTED_EDGE('',*,*,#2454,.F.);
#1709=ORIENTED_EDGE('',*,*,#2239,.T.);
#1710=ORIENTED_EDGE('',*,*,#2455,.T.);
#1711=ORIENTED_EDGE('',*,*,#2368,.F.);
#1712=ORIENTED_EDGE('',*,*,#2054,.F.);
#1713=ORIENTED_EDGE('',*,*,#2238,.T.);
#1714=ORIENTED_EDGE('',*,*,#2052,.T.);
#1715=ORIENTED_EDGE('',*,*,#2369,.F.);
#1716=ORIENTED_EDGE('',*,*,#2455,.F.);
#1717=ORIENTED_EDGE('',*,*,#2237,.T.);
#1718=ORIENTED_EDGE('',*,*,#2456,.T.);
#1719=ORIENTED_EDGE('',*,*,#2370,.F.);
#1720=ORIENTED_EDGE('',*,*,#2050,.F.);
#1721=ORIENTED_EDGE('',*,*,#2236,.T.);
#1722=ORIENTED_EDGE('',*,*,#2048,.T.);
#1723=ORIENTED_EDGE('',*,*,#2371,.F.);
#1724=ORIENTED_EDGE('',*,*,#2456,.F.);
#1725=ORIENTED_EDGE('',*,*,#2235,.T.);
#1726=ORIENTED_EDGE('',*,*,#2457,.T.);
#1727=ORIENTED_EDGE('',*,*,#2372,.F.);
#1728=ORIENTED_EDGE('',*,*,#2046,.F.);
#1729=ORIENTED_EDGE('',*,*,#2234,.T.);
#1730=ORIENTED_EDGE('',*,*,#2044,.T.);
#1731=ORIENTED_EDGE('',*,*,#2373,.F.);
#1732=ORIENTED_EDGE('',*,*,#2457,.F.);
#1733=ORIENTED_EDGE('',*,*,#2233,.T.);
#1734=ORIENTED_EDGE('',*,*,#2458,.T.);
#1735=ORIENTED_EDGE('',*,*,#2374,.F.);
#1736=ORIENTED_EDGE('',*,*,#2042,.F.);
#1737=ORIENTED_EDGE('',*,*,#2232,.T.);
#1738=ORIENTED_EDGE('',*,*,#2040,.T.);
#1739=ORIENTED_EDGE('',*,*,#2375,.F.);
#1740=ORIENTED_EDGE('',*,*,#2458,.F.);
#1741=ORIENTED_EDGE('',*,*,#2231,.T.);
#1742=ORIENTED_EDGE('',*,*,#2459,.T.);
#1743=ORIENTED_EDGE('',*,*,#2376,.F.);
#1744=ORIENTED_EDGE('',*,*,#2038,.F.);
#1745=ORIENTED_EDGE('',*,*,#2230,.T.);
#1746=ORIENTED_EDGE('',*,*,#2036,.T.);
#1747=ORIENTED_EDGE('',*,*,#2377,.F.);
#1748=ORIENTED_EDGE('',*,*,#2459,.F.);
#1749=ORIENTED_EDGE('',*,*,#2229,.T.);
#1750=ORIENTED_EDGE('',*,*,#2460,.T.);
#1751=ORIENTED_EDGE('',*,*,#2378,.F.);
#1752=ORIENTED_EDGE('',*,*,#2034,.F.);
#1753=ORIENTED_EDGE('',*,*,#2228,.T.);
#1754=ORIENTED_EDGE('',*,*,#2032,.T.);
#1755=ORIENTED_EDGE('',*,*,#2379,.F.);
#1756=ORIENTED_EDGE('',*,*,#2460,.F.);
#1757=ORIENTED_EDGE('',*,*,#2227,.T.);
#1758=ORIENTED_EDGE('',*,*,#2461,.T.);
#1759=ORIENTED_EDGE('',*,*,#2380,.F.);
#1760=ORIENTED_EDGE('',*,*,#2030,.F.);
#1761=ORIENTED_EDGE('',*,*,#2226,.T.);
#1762=ORIENTED_EDGE('',*,*,#2028,.T.);
#1763=ORIENTED_EDGE('',*,*,#2381,.F.);
#1764=ORIENTED_EDGE('',*,*,#2461,.F.);
#1765=ORIENTED_EDGE('',*,*,#2225,.T.);
#1766=ORIENTED_EDGE('',*,*,#2462,.T.);
#1767=ORIENTED_EDGE('',*,*,#2382,.F.);
#1768=ORIENTED_EDGE('',*,*,#2026,.F.);
#1769=ORIENTED_EDGE('',*,*,#2224,.T.);
#1770=ORIENTED_EDGE('',*,*,#2024,.T.);
#1771=ORIENTED_EDGE('',*,*,#2383,.F.);
#1772=ORIENTED_EDGE('',*,*,#2462,.F.);
#1773=ORIENTED_EDGE('',*,*,#2223,.T.);
#1774=ORIENTED_EDGE('',*,*,#2463,.T.);
#1775=ORIENTED_EDGE('',*,*,#2384,.F.);
#1776=ORIENTED_EDGE('',*,*,#2022,.F.);
#1777=ORIENTED_EDGE('',*,*,#2222,.T.);
#1778=ORIENTED_EDGE('',*,*,#2020,.T.);
#1779=ORIENTED_EDGE('',*,*,#2385,.F.);
#1780=ORIENTED_EDGE('',*,*,#2463,.F.);
#1781=ORIENTED_EDGE('',*,*,#2221,.T.);
#1782=ORIENTED_EDGE('',*,*,#2464,.T.);
#1783=ORIENTED_EDGE('',*,*,#2386,.F.);
#1784=ORIENTED_EDGE('',*,*,#2018,.F.);
#1785=ORIENTED_EDGE('',*,*,#2220,.T.);
#1786=ORIENTED_EDGE('',*,*,#2016,.T.);
#1787=ORIENTED_EDGE('',*,*,#2387,.F.);
#1788=ORIENTED_EDGE('',*,*,#2464,.F.);
#1789=ORIENTED_EDGE('',*,*,#2219,.T.);
#1790=ORIENTED_EDGE('',*,*,#2465,.T.);
#1791=ORIENTED_EDGE('',*,*,#2388,.F.);
#1792=ORIENTED_EDGE('',*,*,#2014,.F.);
#1793=ORIENTED_EDGE('',*,*,#2218,.T.);
#1794=ORIENTED_EDGE('',*,*,#2012,.T.);
#1795=ORIENTED_EDGE('',*,*,#2389,.F.);
#1796=ORIENTED_EDGE('',*,*,#2465,.F.);
#1797=ORIENTED_EDGE('',*,*,#2217,.T.);
#1798=ORIENTED_EDGE('',*,*,#2466,.T.);
#1799=ORIENTED_EDGE('',*,*,#2390,.F.);
#1800=ORIENTED_EDGE('',*,*,#2010,.F.);
#1801=ORIENTED_EDGE('',*,*,#2216,.T.);
#1802=ORIENTED_EDGE('',*,*,#2008,.T.);
#1803=ORIENTED_EDGE('',*,*,#2391,.F.);
#1804=ORIENTED_EDGE('',*,*,#2466,.F.);
#1805=ORIENTED_EDGE('',*,*,#2215,.T.);
#1806=ORIENTED_EDGE('',*,*,#2467,.T.);
#1807=ORIENTED_EDGE('',*,*,#2392,.F.);
#1808=ORIENTED_EDGE('',*,*,#2006,.F.);
#1809=ORIENTED_EDGE('',*,*,#2214,.T.);
#1810=ORIENTED_EDGE('',*,*,#2004,.T.);
#1811=ORIENTED_EDGE('',*,*,#2393,.F.);
#1812=ORIENTED_EDGE('',*,*,#2467,.F.);
#1813=ORIENTED_EDGE('',*,*,#2213,.T.);
#1814=ORIENTED_EDGE('',*,*,#2468,.T.);
#1815=ORIENTED_EDGE('',*,*,#2394,.F.);
#1816=ORIENTED_EDGE('',*,*,#2002,.F.);
#1817=ORIENTED_EDGE('',*,*,#2212,.T.);
#1818=ORIENTED_EDGE('',*,*,#2000,.T.);
#1819=ORIENTED_EDGE('',*,*,#2395,.F.);
#1820=ORIENTED_EDGE('',*,*,#2468,.F.);
#1821=ORIENTED_EDGE('',*,*,#2211,.T.);
#1822=ORIENTED_EDGE('',*,*,#2469,.T.);
#1823=ORIENTED_EDGE('',*,*,#2396,.F.);
#1824=ORIENTED_EDGE('',*,*,#1998,.F.);
#1825=ORIENTED_EDGE('',*,*,#2210,.T.);
#1826=ORIENTED_EDGE('',*,*,#1996,.T.);
#1827=ORIENTED_EDGE('',*,*,#2397,.F.);
#1828=ORIENTED_EDGE('',*,*,#2469,.F.);
#1829=ORIENTED_EDGE('',*,*,#2209,.T.);
#1830=ORIENTED_EDGE('',*,*,#2470,.T.);
#1831=ORIENTED_EDGE('',*,*,#2398,.F.);
#1832=ORIENTED_EDGE('',*,*,#1994,.F.);
#1833=ORIENTED_EDGE('',*,*,#2208,.T.);
#1834=ORIENTED_EDGE('',*,*,#1992,.T.);
#1835=ORIENTED_EDGE('',*,*,#2399,.F.);
#1836=ORIENTED_EDGE('',*,*,#2470,.F.);
#1837=ORIENTED_EDGE('',*,*,#2207,.T.);
#1838=ORIENTED_EDGE('',*,*,#2471,.T.);
#1839=ORIENTED_EDGE('',*,*,#2400,.F.);
#1840=ORIENTED_EDGE('',*,*,#1990,.F.);
#1841=ORIENTED_EDGE('',*,*,#2206,.T.);
#1842=ORIENTED_EDGE('',*,*,#1988,.T.);
#1843=ORIENTED_EDGE('',*,*,#2401,.F.);
#1844=ORIENTED_EDGE('',*,*,#2471,.F.);
#1845=ORIENTED_EDGE('',*,*,#2205,.T.);
#1846=ORIENTED_EDGE('',*,*,#2472,.T.);
#1847=ORIENTED_EDGE('',*,*,#2402,.F.);
#1848=ORIENTED_EDGE('',*,*,#1986,.F.);
#1849=ORIENTED_EDGE('',*,*,#2204,.T.);
#1850=ORIENTED_EDGE('',*,*,#1984,.T.);
#1851=ORIENTED_EDGE('',*,*,#2403,.F.);
#1852=ORIENTED_EDGE('',*,*,#2472,.F.);
#1853=ORIENTED_EDGE('',*,*,#2203,.T.);
#1854=ORIENTED_EDGE('',*,*,#2473,.T.);
#1855=ORIENTED_EDGE('',*,*,#2404,.F.);
#1856=ORIENTED_EDGE('',*,*,#1982,.F.);
#1857=ORIENTED_EDGE('',*,*,#2202,.T.);
#1858=ORIENTED_EDGE('',*,*,#1980,.T.);
#1859=ORIENTED_EDGE('',*,*,#2405,.F.);
#1860=ORIENTED_EDGE('',*,*,#2473,.F.);
#1861=ORIENTED_EDGE('',*,*,#2201,.T.);
#1862=ORIENTED_EDGE('',*,*,#2474,.T.);
#1863=ORIENTED_EDGE('',*,*,#2406,.F.);
#1864=ORIENTED_EDGE('',*,*,#1978,.F.);
#1865=ORIENTED_EDGE('',*,*,#2200,.T.);
#1866=ORIENTED_EDGE('',*,*,#1976,.T.);
#1867=ORIENTED_EDGE('',*,*,#2407,.F.);
#1868=ORIENTED_EDGE('',*,*,#2474,.F.);
#1869=ORIENTED_EDGE('',*,*,#2199,.T.);
#1870=ORIENTED_EDGE('',*,*,#2475,.T.);
#1871=ORIENTED_EDGE('',*,*,#2408,.F.);
#1872=ORIENTED_EDGE('',*,*,#1974,.F.);
#1873=ORIENTED_EDGE('',*,*,#2198,.T.);
#1874=ORIENTED_EDGE('',*,*,#1972,.T.);
#1875=ORIENTED_EDGE('',*,*,#2409,.F.);
#1876=ORIENTED_EDGE('',*,*,#2475,.F.);
#1877=ORIENTED_EDGE('',*,*,#2197,.T.);
#1878=ORIENTED_EDGE('',*,*,#2476,.T.);
#1879=ORIENTED_EDGE('',*,*,#2410,.F.);
#1880=ORIENTED_EDGE('',*,*,#1970,.F.);
#1881=ORIENTED_EDGE('',*,*,#2196,.T.);
#1882=ORIENTED_EDGE('',*,*,#1968,.T.);
#1883=ORIENTED_EDGE('',*,*,#2411,.F.);
#1884=ORIENTED_EDGE('',*,*,#2476,.F.);
#1885=ORIENTED_EDGE('',*,*,#2195,.T.);
#1886=ORIENTED_EDGE('',*,*,#2477,.T.);
#1887=ORIENTED_EDGE('',*,*,#2412,.F.);
#1888=ORIENTED_EDGE('',*,*,#1966,.F.);
#1889=ORIENTED_EDGE('',*,*,#2194,.T.);
#1890=ORIENTED_EDGE('',*,*,#1964,.T.);
#1891=ORIENTED_EDGE('',*,*,#2413,.F.);
#1892=ORIENTED_EDGE('',*,*,#2477,.F.);
#1893=ORIENTED_EDGE('',*,*,#2193,.T.);
#1894=ORIENTED_EDGE('',*,*,#2478,.T.);
#1895=ORIENTED_EDGE('',*,*,#2414,.F.);
#1896=ORIENTED_EDGE('',*,*,#1962,.F.);
#1897=ORIENTED_EDGE('',*,*,#2192,.T.);
#1898=ORIENTED_EDGE('',*,*,#1960,.T.);
#1899=ORIENTED_EDGE('',*,*,#2415,.F.);
#1900=ORIENTED_EDGE('',*,*,#2478,.F.);
#1901=ORIENTED_EDGE('',*,*,#2191,.T.);
#1902=ORIENTED_EDGE('',*,*,#2479,.T.);
#1903=ORIENTED_EDGE('',*,*,#2416,.F.);
#1904=ORIENTED_EDGE('',*,*,#1958,.F.);
#1905=ORIENTED_EDGE('',*,*,#2190,.T.);
#1906=ORIENTED_EDGE('',*,*,#1956,.T.);
#1907=ORIENTED_EDGE('',*,*,#2417,.F.);
#1908=ORIENTED_EDGE('',*,*,#2479,.F.);
#1909=ORIENTED_EDGE('',*,*,#2189,.T.);
#1910=ORIENTED_EDGE('',*,*,#2480,.T.);
#1911=ORIENTED_EDGE('',*,*,#2418,.F.);
#1912=ORIENTED_EDGE('',*,*,#1954,.F.);
#1913=ORIENTED_EDGE('',*,*,#2188,.T.);
#1914=ORIENTED_EDGE('',*,*,#1952,.T.);
#1915=ORIENTED_EDGE('',*,*,#2419,.F.);
#1916=ORIENTED_EDGE('',*,*,#2480,.F.);
#1917=ORIENTED_EDGE('',*,*,#2187,.T.);
#1918=ORIENTED_EDGE('',*,*,#2481,.T.);
#1919=ORIENTED_EDGE('',*,*,#2420,.F.);
#1920=ORIENTED_EDGE('',*,*,#1950,.F.);
#1921=ORIENTED_EDGE('',*,*,#2186,.T.);
#1922=ORIENTED_EDGE('',*,*,#1948,.T.);
#1923=ORIENTED_EDGE('',*,*,#2421,.F.);
#1924=ORIENTED_EDGE('',*,*,#2481,.F.);
#1925=ORIENTED_EDGE('',*,*,#2185,.T.);
#1926=ORIENTED_EDGE('',*,*,#2482,.T.);
#1927=ORIENTED_EDGE('',*,*,#2422,.F.);
#1928=ORIENTED_EDGE('',*,*,#1946,.F.);
#1929=ORIENTED_EDGE('',*,*,#2184,.T.);
#1930=ORIENTED_EDGE('',*,*,#1944,.T.);
#1931=ORIENTED_EDGE('',*,*,#2423,.F.);
#1932=ORIENTED_EDGE('',*,*,#2482,.F.);
#1933=ORIENTED_EDGE('',*,*,#2183,.T.);
#1934=ORIENTED_EDGE('',*,*,#2483,.T.);
#1935=ORIENTED_EDGE('',*,*,#2304,.F.);
#1936=ORIENTED_EDGE('',*,*,#1942,.F.);
#1937=ORIENTED_EDGE('',*,*,#2182,.T.);
#1938=ORIENTED_EDGE('',*,*,#2174,.T.);
#1939=ORIENTED_EDGE('',*,*,#2305,.F.);
#1940=ORIENTED_EDGE('',*,*,#2483,.F.);
#1941=EDGE_CURVE('',#2484,#2485,#2847,.T.);
#1942=EDGE_CURVE('',#2485,#2486,#255,.T.);
#1943=EDGE_CURVE('',#2486,#2487,#2848,.F.);
#1944=EDGE_CURVE('',#2484,#2487,#256,.T.);
#1945=EDGE_CURVE('',#2488,#2489,#2849,.T.);
#1946=EDGE_CURVE('',#2489,#2490,#257,.T.);
#1947=EDGE_CURVE('',#2490,#2491,#2850,.F.);
#1948=EDGE_CURVE('',#2488,#2491,#258,.T.);
#1949=EDGE_CURVE('',#2492,#2493,#2851,.T.);
#1950=EDGE_CURVE('',#2493,#2494,#259,.T.);
#1951=EDGE_CURVE('',#2494,#2495,#2852,.F.);
#1952=EDGE_CURVE('',#2492,#2495,#260,.T.);
#1953=EDGE_CURVE('',#2496,#2497,#2853,.T.);
#1954=EDGE_CURVE('',#2497,#2498,#261,.T.);
#1955=EDGE_CURVE('',#2498,#2499,#2854,.F.);
#1956=EDGE_CURVE('',#2496,#2499,#262,.T.);
#1957=EDGE_CURVE('',#2500,#2501,#2855,.T.);
#1958=EDGE_CURVE('',#2501,#2502,#263,.T.);
#1959=EDGE_CURVE('',#2502,#2503,#2856,.F.);
#1960=EDGE_CURVE('',#2500,#2503,#264,.T.);
#1961=EDGE_CURVE('',#2504,#2505,#2857,.T.);
#1962=EDGE_CURVE('',#2505,#2506,#265,.T.);
#1963=EDGE_CURVE('',#2506,#2507,#2858,.F.);
#1964=EDGE_CURVE('',#2504,#2507,#266,.T.);
#1965=EDGE_CURVE('',#2508,#2509,#2859,.T.);
#1966=EDGE_CURVE('',#2509,#2510,#267,.T.);
#1967=EDGE_CURVE('',#2510,#2511,#2860,.F.);
#1968=EDGE_CURVE('',#2508,#2511,#268,.T.);
#1969=EDGE_CURVE('',#2512,#2513,#2861,.T.);
#1970=EDGE_CURVE('',#2513,#2514,#269,.T.);
#1971=EDGE_CURVE('',#2514,#2515,#2862,.F.);
#1972=EDGE_CURVE('',#2512,#2515,#270,.T.);
#1973=EDGE_CURVE('',#2516,#2517,#2863,.T.);
#1974=EDGE_CURVE('',#2517,#2518,#271,.T.);
#1975=EDGE_CURVE('',#2518,#2519,#2864,.F.);
#1976=EDGE_CURVE('',#2516,#2519,#272,.T.);
#1977=EDGE_CURVE('',#2520,#2521,#2865,.T.);
#1978=EDGE_CURVE('',#2521,#2522,#273,.T.);
#1979=EDGE_CURVE('',#2522,#2523,#2866,.F.);
#1980=EDGE_CURVE('',#2520,#2523,#274,.T.);
#1981=EDGE_CURVE('',#2524,#2525,#2867,.T.);
#1982=EDGE_CURVE('',#2525,#2526,#275,.T.);
#1983=EDGE_CURVE('',#2526,#2527,#2868,.F.);
#1984=EDGE_CURVE('',#2524,#2527,#276,.T.);
#1985=EDGE_CURVE('',#2528,#2529,#2869,.T.);
#1986=EDGE_CURVE('',#2529,#2530,#277,.T.);
#1987=EDGE_CURVE('',#2530,#2531,#2870,.F.);
#1988=EDGE_CURVE('',#2528,#2531,#278,.T.);
#1989=EDGE_CURVE('',#2532,#2533,#2871,.T.);
#1990=EDGE_CURVE('',#2533,#2534,#279,.T.);
#1991=EDGE_CURVE('',#2534,#2535,#2872,.F.);
#1992=EDGE_CURVE('',#2532,#2535,#280,.T.);
#1993=EDGE_CURVE('',#2536,#2537,#2873,.T.);
#1994=EDGE_CURVE('',#2537,#2538,#281,.T.);
#1995=EDGE_CURVE('',#2538,#2539,#2874,.F.);
#1996=EDGE_CURVE('',#2536,#2539,#282,.T.);
#1997=EDGE_CURVE('',#2540,#2541,#2875,.T.);
#1998=EDGE_CURVE('',#2541,#2542,#283,.T.);
#1999=EDGE_CURVE('',#2542,#2543,#2876,.F.);
#2000=EDGE_CURVE('',#2540,#2543,#284,.T.);
#2001=EDGE_CURVE('',#2544,#2545,#2877,.T.);
#2002=EDGE_CURVE('',#2545,#2546,#285,.T.);
#2003=EDGE_CURVE('',#2546,#2547,#2878,.F.);
#2004=EDGE_CURVE('',#2544,#2547,#286,.T.);
#2005=EDGE_CURVE('',#2548,#2549,#2879,.T.);
#2006=EDGE_CURVE('',#2549,#2550,#287,.T.);
#2007=EDGE_CURVE('',#2550,#2551,#2880,.F.);
#2008=EDGE_CURVE('',#2548,#2551,#288,.T.);
#2009=EDGE_CURVE('',#2552,#2553,#2881,.T.);
#2010=EDGE_CURVE('',#2553,#2554,#289,.T.);
#2011=EDGE_CURVE('',#2554,#2555,#2882,.F.);
#2012=EDGE_CURVE('',#2552,#2555,#290,.T.);
#2013=EDGE_CURVE('',#2556,#2557,#2883,.T.);
#2014=EDGE_CURVE('',#2557,#2558,#291,.T.);
#2015=EDGE_CURVE('',#2558,#2559,#2884,.F.);
#2016=EDGE_CURVE('',#2556,#2559,#292,.T.);
#2017=EDGE_CURVE('',#2560,#2561,#2885,.T.);
#2018=EDGE_CURVE('',#2561,#2562,#293,.T.);
#2019=EDGE_CURVE('',#2562,#2563,#2886,.F.);
#2020=EDGE_CURVE('',#2560,#2563,#294,.T.);
#2021=EDGE_CURVE('',#2564,#2565,#2887,.T.);
#2022=EDGE_CURVE('',#2565,#2566,#295,.T.);
#2023=EDGE_CURVE('',#2566,#2567,#2888,.F.);
#2024=EDGE_CURVE('',#2564,#2567,#296,.T.);
#2025=EDGE_CURVE('',#2568,#2569,#2889,.T.);
#2026=EDGE_CURVE('',#2569,#2570,#297,.T.);
#2027=EDGE_CURVE('',#2570,#2571,#2890,.F.);
#2028=EDGE_CURVE('',#2568,#2571,#298,.T.);
#2029=EDGE_CURVE('',#2572,#2573,#2891,.T.);
#2030=EDGE_CURVE('',#2573,#2574,#299,.T.);
#2031=EDGE_CURVE('',#2574,#2575,#2892,.F.);
#2032=EDGE_CURVE('',#2572,#2575,#300,.T.);
#2033=EDGE_CURVE('',#2576,#2577,#2893,.T.);
#2034=EDGE_CURVE('',#2577,#2578,#301,.T.);
#2035=EDGE_CURVE('',#2578,#2579,#2894,.F.);
#2036=EDGE_CURVE('',#2576,#2579,#302,.T.);
#2037=EDGE_CURVE('',#2580,#2581,#2895,.T.);
#2038=EDGE_CURVE('',#2581,#2582,#303,.T.);
#2039=EDGE_CURVE('',#2582,#2583,#2896,.F.);
#2040=EDGE_CURVE('',#2580,#2583,#304,.T.);
#2041=EDGE_CURVE('',#2584,#2585,#2897,.T.);
#2042=EDGE_CURVE('',#2585,#2586,#305,.T.);
#2043=EDGE_CURVE('',#2586,#2587,#2898,.F.);
#2044=EDGE_CURVE('',#2584,#2587,#306,.T.);
#2045=EDGE_CURVE('',#2588,#2589,#2899,.T.);
#2046=EDGE_CURVE('',#2589,#2590,#307,.T.);
#2047=EDGE_CURVE('',#2590,#2591,#2900,.F.);
#2048=EDGE_CURVE('',#2588,#2591,#308,.T.);
#2049=EDGE_CURVE('',#2592,#2593,#2901,.T.);
#2050=EDGE_CURVE('',#2593,#2594,#309,.T.);
#2051=EDGE_CURVE('',#2594,#2595,#2902,.F.);
#2052=EDGE_CURVE('',#2592,#2595,#310,.T.);
#2053=EDGE_CURVE('',#2596,#2597,#2903,.T.);
#2054=EDGE_CURVE('',#2597,#2598,#311,.T.);
#2055=EDGE_CURVE('',#2598,#2599,#2904,.F.);
#2056=EDGE_CURVE('',#2596,#2599,#312,.T.);
#2057=EDGE_CURVE('',#2600,#2601,#2905,.T.);
#2058=EDGE_CURVE('',#2601,#2602,#313,.T.);
#2059=EDGE_CURVE('',#2602,#2603,#2906,.F.);
#2060=EDGE_CURVE('',#2600,#2603,#314,.T.);
#2061=EDGE_CURVE('',#2604,#2605,#2907,.T.);
#2062=EDGE_CURVE('',#2605,#2606,#315,.T.);
#2063=EDGE_CURVE('',#2606,#2607,#2908,.F.);
#2064=EDGE_CURVE('',#2604,#2607,#316,.T.);
#2065=EDGE_CURVE('',#2608,#2609,#2909,.T.);
#2066=EDGE_CURVE('',#2609,#2610,#317,.T.);
#2067=EDGE_CURVE('',#2610,#2611,#2910,.F.);
#2068=EDGE_CURVE('',#2608,#2611,#318,.T.);
#2069=EDGE_CURVE('',#2612,#2613,#2911,.T.);
#2070=EDGE_CURVE('',#2613,#2614,#319,.T.);
#2071=EDGE_CURVE('',#2614,#2615,#2912,.F.);
#2072=EDGE_CURVE('',#2612,#2615,#320,.T.);
#2073=EDGE_CURVE('',#2616,#2617,#2913,.T.);
#2074=EDGE_CURVE('',#2617,#2618,#321,.T.);
#2075=EDGE_CURVE('',#2618,#2619,#2914,.F.);
#2076=EDGE_CURVE('',#2616,#2619,#322,.T.);
#2077=EDGE_CURVE('',#2620,#2621,#2915,.T.);
#2078=EDGE_CURVE('',#2621,#2622,#323,.T.);
#2079=EDGE_CURVE('',#2622,#2623,#2916,.F.);
#2080=EDGE_CURVE('',#2620,#2623,#324,.T.);
#2081=EDGE_CURVE('',#2624,#2625,#2917,.T.);
#2082=EDGE_CURVE('',#2625,#2626,#325,.T.);
#2083=EDGE_CURVE('',#2626,#2627,#2918,.F.);
#2084=EDGE_CURVE('',#2624,#2627,#326,.T.);
#2085=EDGE_CURVE('',#2628,#2629,#2919,.T.);
#2086=EDGE_CURVE('',#2629,#2630,#327,.T.);
#2087=EDGE_CURVE('',#2630,#2631,#2920,.F.);
#2088=EDGE_CURVE('',#2628,#2631,#328,.T.);
#2089=EDGE_CURVE('',#2632,#2633,#2921,.T.);
#2090=EDGE_CURVE('',#2633,#2634,#329,.T.);
#2091=EDGE_CURVE('',#2634,#2635,#2922,.F.);
#2092=EDGE_CURVE('',#2632,#2635,#330,.T.);
#2093=EDGE_CURVE('',#2636,#2637,#2923,.T.);
#2094=EDGE_CURVE('',#2637,#2638,#331,.T.);
#2095=EDGE_CURVE('',#2638,#2639,#2924,.F.);
#2096=EDGE_CURVE('',#2636,#2639,#332,.T.);
#2097=EDGE_CURVE('',#2640,#2641,#2925,.T.);
#2098=EDGE_CURVE('',#2641,#2642,#333,.T.);
#2099=EDGE_CURVE('',#2642,#2643,#2926,.F.);
#2100=EDGE_CURVE('',#2640,#2643,#334,.T.);
#2101=EDGE_CURVE('',#2644,#2645,#2927,.T.);
#2102=EDGE_CURVE('',#2645,#2646,#335,.T.);
#2103=EDGE_CURVE('',#2646,#2647,#2928,.F.);
#2104=EDGE_CURVE('',#2644,#2647,#336,.T.);
#2105=EDGE_CURVE('',#2648,#2649,#2929,.T.);
#2106=EDGE_CURVE('',#2649,#2650,#337,.T.);
#2107=EDGE_CURVE('',#2650,#2651,#2930,.F.);
#2108=EDGE_CURVE('',#2648,#2651,#338,.T.);
#2109=EDGE_CURVE('',#2652,#2653,#2931,.T.);
#2110=EDGE_CURVE('',#2653,#2654,#339,.T.);
#2111=EDGE_CURVE('',#2654,#2655,#2932,.F.);
#2112=EDGE_CURVE('',#2652,#2655,#340,.T.);
#2113=EDGE_CURVE('',#2656,#2657,#2933,.T.);
#2114=EDGE_CURVE('',#2657,#2658,#341,.T.);
#2115=EDGE_CURVE('',#2658,#2659,#2934,.F.);
#2116=EDGE_CURVE('',#2656,#2659,#342,.T.);
#2117=EDGE_CURVE('',#2660,#2661,#2935,.T.);
#2118=EDGE_CURVE('',#2661,#2662,#343,.T.);
#2119=EDGE_CURVE('',#2662,#2663,#2936,.F.);
#2120=EDGE_CURVE('',#2660,#2663,#344,.T.);
#2121=EDGE_CURVE('',#2664,#2665,#2937,.T.);
#2122=EDGE_CURVE('',#2665,#2666,#345,.T.);
#2123=EDGE_CURVE('',#2666,#2667,#2938,.F.);
#2124=EDGE_CURVE('',#2664,#2667,#346,.T.);
#2125=EDGE_CURVE('',#2668,#2669,#2939,.T.);
#2126=EDGE_CURVE('',#2669,#2670,#347,.T.);
#2127=EDGE_CURVE('',#2670,#2671,#2940,.F.);
#2128=EDGE_CURVE('',#2668,#2671,#348,.T.);
#2129=EDGE_CURVE('',#2672,#2673,#2941,.T.);
#2130=EDGE_CURVE('',#2673,#2674,#349,.T.);
#2131=EDGE_CURVE('',#2674,#2675,#2942,.F.);
#2132=EDGE_CURVE('',#2672,#2675,#350,.T.);
#2133=EDGE_CURVE('',#2676,#2677,#2943,.T.);
#2134=EDGE_CURVE('',#2677,#2678,#351,.T.);
#2135=EDGE_CURVE('',#2678,#2679,#2944,.F.);
#2136=EDGE_CURVE('',#2676,#2679,#352,.T.);
#2137=EDGE_CURVE('',#2680,#2681,#2945,.T.);
#2138=EDGE_CURVE('',#2681,#2682,#353,.T.);
#2139=EDGE_CURVE('',#2682,#2683,#2946,.F.);
#2140=EDGE_CURVE('',#2680,#2683,#354,.T.);
#2141=EDGE_CURVE('',#2684,#2685,#2947,.T.);
#2142=EDGE_CURVE('',#2685,#2686,#355,.T.);
#2143=EDGE_CURVE('',#2686,#2687,#2948,.F.);
#2144=EDGE_CURVE('',#2684,#2687,#356,.T.);
#2145=EDGE_CURVE('',#2688,#2689,#2949,.T.);
#2146=EDGE_CURVE('',#2689,#2690,#357,.T.);
#2147=EDGE_CURVE('',#2690,#2691,#2950,.F.);
#2148=EDGE_CURVE('',#2688,#2691,#358,.T.);
#2149=EDGE_CURVE('',#2692,#2693,#2951,.T.);
#2150=EDGE_CURVE('',#2693,#2694,#359,.T.);
#2151=EDGE_CURVE('',#2694,#2695,#2952,.F.);
#2152=EDGE_CURVE('',#2692,#2695,#360,.T.);
#2153=EDGE_CURVE('',#2696,#2697,#2953,.T.);
#2154=EDGE_CURVE('',#2697,#2698,#361,.T.);
#2155=EDGE_CURVE('',#2698,#2699,#2954,.F.);
#2156=EDGE_CURVE('',#2696,#2699,#362,.T.);
#2157=EDGE_CURVE('',#2700,#2701,#2955,.T.);
#2158=EDGE_CURVE('',#2701,#2702,#363,.T.);
#2159=EDGE_CURVE('',#2702,#2703,#2956,.F.);
#2160=EDGE_CURVE('',#2700,#2703,#364,.T.);
#2161=EDGE_CURVE('',#2704,#2705,#2957,.T.);
#2162=EDGE_CURVE('',#2705,#2706,#365,.T.);
#2163=EDGE_CURVE('',#2706,#2707,#2958,.F.);
#2164=EDGE_CURVE('',#2704,#2707,#366,.T.);
#2165=EDGE_CURVE('',#2708,#2709,#2959,.T.);
#2166=EDGE_CURVE('',#2709,#2710,#367,.T.);
#2167=EDGE_CURVE('',#2710,#2711,#2960,.F.);
#2168=EDGE_CURVE('',#2708,#2711,#368,.T.);
#2169=EDGE_CURVE('',#2712,#2713,#2961,.T.);
#2170=EDGE_CURVE('',#2713,#2714,#369,.T.);
#2171=EDGE_CURVE('',#2714,#2715,#2962,.F.);
#2172=EDGE_CURVE('',#2712,#2715,#370,.T.);
#2173=EDGE_CURVE('',#2716,#2717,#2963,.F.);
#2174=EDGE_CURVE('',#2718,#2717,#371,.T.);
#2175=EDGE_CURVE('',#2718,#2719,#2964,.T.);
#2176=EDGE_CURVE('',#2719,#2716,#372,.T.);
#2177=EDGE_CURVE('',#2720,#2721,#2965,.F.);
#2178=EDGE_CURVE('',#2722,#2721,#373,.T.);
#2179=EDGE_CURVE('',#2722,#2723,#2966,.T.);
#2180=EDGE_CURVE('',#2723,#2720,#374,.T.);
#2181=EDGE_CURVE('',#2724,#2724,#2967,.T.);
#2182=EDGE_CURVE('',#2725,#2718,#375,.T.);
#2183=EDGE_CURVE('',#2485,#2725,#376,.T.);
#2184=EDGE_CURVE('',#2726,#2484,#377,.T.);
#2185=EDGE_CURVE('',#2489,#2726,#378,.T.);
#2186=EDGE_CURVE('',#2727,#2488,#379,.T.);
#2187=EDGE_CURVE('',#2493,#2727,#380,.T.);
#2188=EDGE_CURVE('',#2728,#2492,#381,.T.);
#2189=EDGE_CURVE('',#2497,#2728,#382,.T.);
#2190=EDGE_CURVE('',#2729,#2496,#383,.T.);
#2191=EDGE_CURVE('',#2501,#2729,#384,.T.);
#2192=EDGE_CURVE('',#2730,#2500,#385,.T.);
#2193=EDGE_CURVE('',#2505,#2730,#386,.T.);
#2194=EDGE_CURVE('',#2731,#2504,#387,.T.);
#2195=EDGE_CURVE('',#2509,#2731,#388,.T.);
#2196=EDGE_CURVE('',#2732,#2508,#389,.T.);
#2197=EDGE_CURVE('',#2513,#2732,#390,.T.);
#2198=EDGE_CURVE('',#2733,#2512,#391,.T.);
#2199=EDGE_CURVE('',#2517,#2733,#392,.T.);
#2200=EDGE_CURVE('',#2734,#2516,#393,.T.);
#2201=EDGE_CURVE('',#2521,#2734,#394,.T.);
#2202=EDGE_CURVE('',#2735,#2520,#395,.T.);
#2203=EDGE_CURVE('',#2525,#2735,#396,.T.);
#2204=EDGE_CURVE('',#2736,#2524,#397,.T.);
#2205=EDGE_CURVE('',#2529,#2736,#398,.T.);
#2206=EDGE_CURVE('',#2737,#2528,#399,.T.);
#2207=EDGE_CURVE('',#2533,#2737,#400,.T.);
#2208=EDGE_CURVE('',#2738,#2532,#401,.T.);
#2209=EDGE_CURVE('',#2537,#2738,#402,.T.);
#2210=EDGE_CURVE('',#2739,#2536,#403,.T.);
#2211=EDGE_CURVE('',#2541,#2739,#404,.T.);
#2212=EDGE_CURVE('',#2740,#2540,#405,.T.);
#2213=EDGE_CURVE('',#2545,#2740,#406,.T.);
#2214=EDGE_CURVE('',#2741,#2544,#407,.T.);
#2215=EDGE_CURVE('',#2549,#2741,#408,.T.);
#2216=EDGE_CURVE('',#2742,#2548,#409,.T.);
#2217=EDGE_CURVE('',#2553,#2742,#410,.T.);
#2218=EDGE_CURVE('',#2743,#2552,#411,.T.);
#2219=EDGE_CURVE('',#2557,#2743,#412,.T.);
#2220=EDGE_CURVE('',#2744,#2556,#413,.T.);
#2221=EDGE_CURVE('',#2561,#2744,#414,.T.);
#2222=EDGE_CURVE('',#2745,#2560,#415,.T.);
#2223=EDGE_CURVE('',#2565,#2745,#416,.T.);
#2224=EDGE_CURVE('',#2746,#2564,#417,.T.);
#2225=EDGE_CURVE('',#2569,#2746,#418,.T.);
#2226=EDGE_CURVE('',#2747,#2568,#419,.T.);
#2227=EDGE_CURVE('',#2573,#2747,#420,.T.);
#2228=EDGE_CURVE('',#2748,#2572,#421,.T.);
#2229=EDGE_CURVE('',#2577,#2748,#422,.T.);
#2230=EDGE_CURVE('',#2749,#2576,#423,.T.);
#2231=EDGE_CURVE('',#2581,#2749,#424,.T.);
#2232=EDGE_CURVE('',#2750,#2580,#425,.T.);
#2233=EDGE_CURVE('',#2585,#2750,#426,.T.);
#2234=EDGE_CURVE('',#2751,#2584,#427,.T.);
#2235=EDGE_CURVE('',#2589,#2751,#428,.T.);
#2236=EDGE_CURVE('',#2752,#2588,#429,.T.);
#2237=EDGE_CURVE('',#2593,#2752,#430,.T.);
#2238=EDGE_CURVE('',#2753,#2592,#431,.T.);
#2239=EDGE_CURVE('',#2597,#2753,#432,.T.);
#2240=EDGE_CURVE('',#2754,#2596,#433,.T.);
#2241=EDGE_CURVE('',#2601,#2754,#434,.T.);
#2242=EDGE_CURVE('',#2755,#2600,#435,.T.);
#2243=EDGE_CURVE('',#2605,#2755,#436,.T.);
#2244=EDGE_CURVE('',#2756,#2604,#437,.T.);
#2245=EDGE_CURVE('',#2609,#2756,#438,.T.);
#2246=EDGE_CURVE('',#2757,#2608,#439,.T.);
#2247=EDGE_CURVE('',#2613,#2757,#440,.T.);
#2248=EDGE_CURVE('',#2758,#2612,#441,.T.);
#2249=EDGE_CURVE('',#2617,#2758,#442,.T.);
#2250=EDGE_CURVE('',#2759,#2616,#443,.T.);
#2251=EDGE_CURVE('',#2621,#2759,#444,.T.);
#2252=EDGE_CURVE('',#2760,#2620,#445,.T.);
#2253=EDGE_CURVE('',#2625,#2760,#446,.T.);
#2254=EDGE_CURVE('',#2761,#2624,#447,.T.);
#2255=EDGE_CURVE('',#2629,#2761,#448,.T.);
#2256=EDGE_CURVE('',#2762,#2628,#449,.T.);
#2257=EDGE_CURVE('',#2633,#2762,#450,.T.);
#2258=EDGE_CURVE('',#2763,#2632,#451,.T.);
#2259=EDGE_CURVE('',#2637,#2763,#452,.T.);
#2260=EDGE_CURVE('',#2764,#2636,#453,.T.);
#2261=EDGE_CURVE('',#2641,#2764,#454,.T.);
#2262=EDGE_CURVE('',#2765,#2640,#455,.T.);
#2263=EDGE_CURVE('',#2645,#2765,#456,.T.);
#2264=EDGE_CURVE('',#2766,#2644,#457,.T.);
#2265=EDGE_CURVE('',#2649,#2766,#458,.T.);
#2266=EDGE_CURVE('',#2767,#2648,#459,.T.);
#2267=EDGE_CURVE('',#2653,#2767,#460,.T.);
#2268=EDGE_CURVE('',#2768,#2652,#461,.T.);
#2269=EDGE_CURVE('',#2657,#2768,#462,.T.);
#2270=EDGE_CURVE('',#2769,#2656,#463,.T.);
#2271=EDGE_CURVE('',#2661,#2769,#464,.T.);
#2272=EDGE_CURVE('',#2770,#2660,#465,.T.);
#2273=EDGE_CURVE('',#2665,#2770,#466,.T.);
#2274=EDGE_CURVE('',#2771,#2664,#467,.T.);
#2275=EDGE_CURVE('',#2669,#2771,#468,.T.);
#2276=EDGE_CURVE('',#2772,#2668,#469,.T.);
#2277=EDGE_CURVE('',#2673,#2772,#470,.T.);
#2278=EDGE_CURVE('',#2773,#2672,#471,.T.);
#2279=EDGE_CURVE('',#2677,#2773,#472,.T.);
#2280=EDGE_CURVE('',#2774,#2676,#473,.T.);
#2281=EDGE_CURVE('',#2681,#2774,#474,.T.);
#2282=EDGE_CURVE('',#2775,#2680,#475,.T.);
#2283=EDGE_CURVE('',#2685,#2775,#476,.T.);
#2284=EDGE_CURVE('',#2776,#2684,#477,.T.);
#2285=EDGE_CURVE('',#2689,#2776,#478,.T.);
#2286=EDGE_CURVE('',#2777,#2688,#479,.T.);
#2287=EDGE_CURVE('',#2693,#2777,#480,.T.);
#2288=EDGE_CURVE('',#2778,#2692,#481,.T.);
#2289=EDGE_CURVE('',#2697,#2778,#482,.T.);
#2290=EDGE_CURVE('',#2779,#2696,#483,.T.);
#2291=EDGE_CURVE('',#2701,#2779,#484,.T.);
#2292=EDGE_CURVE('',#2780,#2700,#485,.T.);
#2293=EDGE_CURVE('',#2705,#2780,#486,.T.);
#2294=EDGE_CURVE('',#2781,#2704,#487,.T.);
#2295=EDGE_CURVE('',#2709,#2781,#488,.T.);
#2296=EDGE_CURVE('',#2782,#2708,#489,.T.);
#2297=EDGE_CURVE('',#2713,#2782,#490,.T.);
#2298=EDGE_CURVE('',#2783,#2712,#491,.T.);
#2299=EDGE_CURVE('',#2723,#2783,#492,.T.);
#2300=EDGE_CURVE('',#2784,#2722,#493,.T.);
#2301=EDGE_CURVE('',#2719,#2784,#494,.T.);
#2302=EDGE_CURVE('',#2785,#2785,#2968,.T.);
#2303=EDGE_CURVE('',#2786,#2786,#2969,.T.);
#2304=EDGE_CURVE('',#2486,#2787,#12,.T.);
#2305=EDGE_CURVE('',#2787,#2717,#13,.T.);
#2306=EDGE_CURVE('',#2716,#2788,#14,.T.);
#2307=EDGE_CURVE('',#2788,#2721,#15,.T.);
#2308=EDGE_CURVE('',#2720,#2789,#16,.T.);
#2309=EDGE_CURVE('',#2789,#2715,#17,.T.);
#2310=EDGE_CURVE('',#2714,#2790,#18,.T.);
#2311=EDGE_CURVE('',#2790,#2711,#19,.T.);
#2312=EDGE_CURVE('',#2710,#2791,#20,.T.);
#2313=EDGE_CURVE('',#2791,#2707,#21,.T.);
#2314=EDGE_CURVE('',#2706,#2792,#22,.T.);
#2315=EDGE_CURVE('',#2792,#2703,#23,.T.);
#2316=EDGE_CURVE('',#2702,#2793,#24,.T.);
#2317=EDGE_CURVE('',#2793,#2699,#25,.T.);
#2318=EDGE_CURVE('',#2698,#2794,#26,.T.);
#2319=EDGE_CURVE('',#2794,#2695,#27,.T.);
#2320=EDGE_CURVE('',#2694,#2795,#28,.T.);
#2321=EDGE_CURVE('',#2795,#2691,#29,.T.);
#2322=EDGE_CURVE('',#2690,#2796,#30,.T.);
#2323=EDGE_CURVE('',#2796,#2687,#31,.T.);
#2324=EDGE_CURVE('',#2686,#2797,#32,.T.);
#2325=EDGE_CURVE('',#2797,#2683,#33,.T.);
#2326=EDGE_CURVE('',#2682,#2798,#34,.T.);
#2327=EDGE_CURVE('',#2798,#2679,#35,.T.);
#2328=EDGE_CURVE('',#2678,#2799,#36,.T.);
#2329=EDGE_CURVE('',#2799,#2675,#37,.T.);
#2330=EDGE_CURVE('',#2674,#2800,#38,.T.);
#2331=EDGE_CURVE('',#2800,#2671,#39,.T.);
#2332=EDGE_CURVE('',#2670,#2801,#40,.T.);
#2333=EDGE_CURVE('',#2801,#2667,#41,.T.);
#2334=EDGE_CURVE('',#2666,#2802,#42,.T.);
#2335=EDGE_CURVE('',#2802,#2663,#43,.T.);
#2336=EDGE_CURVE('',#2662,#2803,#44,.T.);
#2337=EDGE_CURVE('',#2803,#2659,#45,.T.);
#2338=EDGE_CURVE('',#2658,#2804,#46,.T.);
#2339=EDGE_CURVE('',#2804,#2655,#47,.T.);
#2340=EDGE_CURVE('',#2654,#2805,#48,.T.);
#2341=EDGE_CURVE('',#2805,#2651,#49,.T.);
#2342=EDGE_CURVE('',#2650,#2806,#50,.T.);
#2343=EDGE_CURVE('',#2806,#2647,#51,.T.);
#2344=EDGE_CURVE('',#2646,#2807,#52,.T.);
#2345=EDGE_CURVE('',#2807,#2643,#53,.T.);
#2346=EDGE_CURVE('',#2642,#2808,#54,.T.);
#2347=EDGE_CURVE('',#2808,#2639,#55,.T.);
#2348=EDGE_CURVE('',#2638,#2809,#56,.T.);
#2349=EDGE_CURVE('',#2809,#2635,#57,.T.);
#2350=EDGE_CURVE('',#2634,#2810,#58,.T.);
#2351=EDGE_CURVE('',#2810,#2631,#59,.T.);
#2352=EDGE_CURVE('',#2630,#2811,#60,.T.);
#2353=EDGE_CURVE('',#2811,#2627,#61,.T.);
#2354=EDGE_CURVE('',#2626,#2812,#62,.T.);
#2355=EDGE_CURVE('',#2812,#2623,#63,.T.);
#2356=EDGE_CURVE('',#2622,#2813,#64,.T.);
#2357=EDGE_CURVE('',#2813,#2619,#65,.T.);
#2358=EDGE_CURVE('',#2618,#2814,#66,.T.);
#2359=EDGE_CURVE('',#2814,#2615,#67,.T.);
#2360=EDGE_CURVE('',#2614,#2815,#68,.T.);
#2361=EDGE_CURVE('',#2815,#2611,#69,.T.);
#2362=EDGE_CURVE('',#2610,#2816,#70,.T.);
#2363=EDGE_CURVE('',#2816,#2607,#71,.T.);
#2364=EDGE_CURVE('',#2606,#2817,#72,.T.);
#2365=EDGE_CURVE('',#2817,#2603,#73,.T.);
#2366=EDGE_CURVE('',#2602,#2818,#74,.T.);
#2367=EDGE_CURVE('',#2818,#2599,#75,.T.);
#2368=EDGE_CURVE('',#2598,#2819,#76,.T.);
#2369=EDGE_CURVE('',#2819,#2595,#77,.T.);
#2370=EDGE_CURVE('',#2594,#2820,#78,.T.);
#2371=EDGE_CURVE('',#2820,#2591,#79,.T.);
#2372=EDGE_CURVE('',#2590,#2821,#80,.T.);
#2373=EDGE_CURVE('',#2821,#2587,#81,.T.);
#2374=EDGE_CURVE('',#2586,#2822,#82,.T.);
#2375=EDGE_CURVE('',#2822,#2583,#83,.T.);
#2376=EDGE_CURVE('',#2582,#2823,#84,.T.);
#2377=EDGE_CURVE('',#2823,#2579,#85,.T.);
#2378=EDGE_CURVE('',#2578,#2824,#86,.T.);
#2379=EDGE_CURVE('',#2824,#2575,#87,.T.);
#2380=EDGE_CURVE('',#2574,#2825,#88,.T.);
#2381=EDGE_CURVE('',#2825,#2571,#89,.T.);
#2382=EDGE_CURVE('',#2570,#2826,#90,.T.);
#2383=EDGE_CURVE('',#2826,#2567,#91,.T.);
#2384=EDGE_CURVE('',#2566,#2827,#92,.T.);
#2385=EDGE_CURVE('',#2827,#2563,#93,.T.);
#2386=EDGE_CURVE('',#2562,#2828,#94,.T.);
#2387=EDGE_CURVE('',#2828,#2559,#95,.T.);
#2388=EDGE_CURVE('',#2558,#2829,#96,.T.);
#2389=EDGE_CURVE('',#2829,#2555,#97,.T.);
#2390=EDGE_CURVE('',#2554,#2830,#98,.T.);
#2391=EDGE_CURVE('',#2830,#2551,#99,.T.);
#2392=EDGE_CURVE('',#2550,#2831,#100,.T.);
#2393=EDGE_CURVE('',#2831,#2547,#101,.T.);
#2394=EDGE_CURVE('',#2546,#2832,#102,.T.);
#2395=EDGE_CURVE('',#2832,#2543,#103,.T.);
#2396=EDGE_CURVE('',#2542,#2833,#104,.T.);
#2397=EDGE_CURVE('',#2833,#2539,#105,.T.);
#2398=EDGE_CURVE('',#2538,#2834,#106,.T.);
#2399=EDGE_CURVE('',#2834,#2535,#107,.T.);
#2400=EDGE_CURVE('',#2534,#2835,#108,.T.);
#2401=EDGE_CURVE('',#2835,#2531,#109,.T.);
#2402=EDGE_CURVE('',#2530,#2836,#110,.T.);
#2403=EDGE_CURVE('',#2836,#2527,#111,.T.);
#2404=EDGE_CURVE('',#2526,#2837,#112,.T.);
#2405=EDGE_CURVE('',#2837,#2523,#113,.T.);
#2406=EDGE_CURVE('',#2522,#2838,#114,.T.);
#2407=EDGE_CURVE('',#2838,#2519,#115,.T.);
#2408=EDGE_CURVE('',#2518,#2839,#116,.T.);
#2409=EDGE_CURVE('',#2839,#2515,#117,.T.);
#2410=EDGE_CURVE('',#2514,#2840,#118,.T.);
#2411=EDGE_CURVE('',#2840,#2511,#119,.T.);
#2412=EDGE_CURVE('',#2510,#2841,#120,.T.);
#2413=EDGE_CURVE('',#2841,#2507,#121,.T.);
#2414=EDGE_CURVE('',#2506,#2842,#122,.T.);
#2415=EDGE_CURVE('',#2842,#2503,#123,.T.);
#2416=EDGE_CURVE('',#2502,#2843,#124,.T.);
#2417=EDGE_CURVE('',#2843,#2499,#125,.T.);
#2418=EDGE_CURVE('',#2498,#2844,#126,.T.);
#2419=EDGE_CURVE('',#2844,#2495,#127,.T.);
#2420=EDGE_CURVE('',#2494,#2845,#128,.T.);
#2421=EDGE_CURVE('',#2845,#2491,#129,.T.);
#2422=EDGE_CURVE('',#2490,#2846,#130,.T.);
#2423=EDGE_CURVE('',#2846,#2487,#131,.T.);
#2424=EDGE_CURVE('',#2783,#2789,#495,.T.);
#2425=EDGE_CURVE('',#2784,#2788,#496,.T.);
#2426=EDGE_CURVE('',#2782,#2790,#497,.T.);
#2427=EDGE_CURVE('',#2781,#2791,#498,.T.);
#2428=EDGE_CURVE('',#2780,#2792,#499,.T.);
#2429=EDGE_CURVE('',#2779,#2793,#500,.T.);
#2430=EDGE_CURVE('',#2778,#2794,#501,.T.);
#2431=EDGE_CURVE('',#2777,#2795,#502,.T.);
#2432=EDGE_CURVE('',#2776,#2796,#503,.T.);
#2433=EDGE_CURVE('',#2775,#2797,#504,.T.);
#2434=EDGE_CURVE('',#2774,#2798,#505,.T.);
#2435=EDGE_CURVE('',#2773,#2799,#506,.T.);
#2436=EDGE_CURVE('',#2772,#2800,#507,.T.);
#2437=EDGE_CURVE('',#2771,#2801,#508,.T.);
#2438=EDGE_CURVE('',#2770,#2802,#509,.T.);
#2439=EDGE_CURVE('',#2769,#2803,#510,.T.);
#2440=EDGE_CURVE('',#2768,#2804,#511,.T.);
#2441=EDGE_CURVE('',#2767,#2805,#512,.T.);
#2442=EDGE_CURVE('',#2766,#2806,#513,.T.);
#2443=EDGE_CURVE('',#2765,#2807,#514,.T.);
#2444=EDGE_CURVE('',#2764,#2808,#515,.T.);
#2445=EDGE_CURVE('',#2763,#2809,#516,.T.);
#2446=EDGE_CURVE('',#2762,#2810,#517,.T.);
#2447=EDGE_CURVE('',#2761,#2811,#518,.T.);
#2448=EDGE_CURVE('',#2760,#2812,#519,.T.);
#2449=EDGE_CURVE('',#2759,#2813,#520,.T.);
#2450=EDGE_CURVE('',#2758,#2814,#521,.T.);
#2451=EDGE_CURVE('',#2757,#2815,#522,.T.);
#2452=EDGE_CURVE('',#2756,#2816,#523,.T.);
#2453=EDGE_CURVE('',#2755,#2817,#524,.T.);
#2454=EDGE_CURVE('',#2754,#2818,#525,.T.);
#2455=EDGE_CURVE('',#2753,#2819,#526,.T.);
#2456=EDGE_CURVE('',#2752,#2820,#527,.T.);
#2457=EDGE_CURVE('',#2751,#2821,#528,.T.);
#2458=EDGE_CURVE('',#2750,#2822,#529,.T.);
#2459=EDGE_CURVE('',#2749,#2823,#530,.T.);
#2460=EDGE_CURVE('',#2748,#2824,#531,.T.);
#2461=EDGE_CURVE('',#2747,#2825,#532,.T.);
#2462=EDGE_CURVE('',#2746,#2826,#533,.T.);
#2463=EDGE_CURVE('',#2745,#2827,#534,.T.);
#2464=EDGE_CURVE('',#2744,#2828,#535,.T.);
#2465=EDGE_CURVE('',#2743,#2829,#536,.T.);
#2466=EDGE_CURVE('',#2742,#2830,#537,.T.);
#2467=EDGE_CURVE('',#2741,#2831,#538,.T.);
#2468=EDGE_CURVE('',#2740,#2832,#539,.T.);
#2469=EDGE_CURVE('',#2739,#2833,#540,.T.);
#2470=EDGE_CURVE('',#2738,#2834,#541,.T.);
#2471=EDGE_CURVE('',#2737,#2835,#542,.T.);
#2472=EDGE_CURVE('',#2736,#2836,#543,.T.);
#2473=EDGE_CURVE('',#2735,#2837,#544,.T.);
#2474=EDGE_CURVE('',#2734,#2838,#545,.T.);
#2475=EDGE_CURVE('',#2733,#2839,#546,.T.);
#2476=EDGE_CURVE('',#2732,#2840,#547,.T.);
#2477=EDGE_CURVE('',#2731,#2841,#548,.T.);
#2478=EDGE_CURVE('',#2730,#2842,#549,.T.);
#2479=EDGE_CURVE('',#2729,#2843,#550,.T.);
#2480=EDGE_CURVE('',#2728,#2844,#551,.T.);
#2481=EDGE_CURVE('',#2727,#2845,#552,.T.);
#2482=EDGE_CURVE('',#2726,#2846,#553,.T.);
#2483=EDGE_CURVE('',#2725,#2787,#554,.T.);
#2484=VERTEX_POINT('',#4830);
#2485=VERTEX_POINT('',#4831);
#2486=VERTEX_POINT('',#4833);
#2487=VERTEX_POINT('',#4835);
#2488=VERTEX_POINT('',#4839);
#2489=VERTEX_POINT('',#4840);
#2490=VERTEX_POINT('',#4842);
#2491=VERTEX_POINT('',#4844);
#2492=VERTEX_POINT('',#4848);
#2493=VERTEX_POINT('',#4849);
#2494=VERTEX_POINT('',#4851);
#2495=VERTEX_POINT('',#4853);
#2496=VERTEX_POINT('',#4857);
#2497=VERTEX_POINT('',#4858);
#2498=VERTEX_POINT('',#4860);
#2499=VERTEX_POINT('',#4862);
#2500=VERTEX_POINT('',#4866);
#2501=VERTEX_POINT('',#4867);
#2502=VERTEX_POINT('',#4869);
#2503=VERTEX_POINT('',#4871);
#2504=VERTEX_POINT('',#4875);
#2505=VERTEX_POINT('',#4876);
#2506=VERTEX_POINT('',#4878);
#2507=VERTEX_POINT('',#4880);
#2508=VERTEX_POINT('',#4884);
#2509=VERTEX_POINT('',#4885);
#2510=VERTEX_POINT('',#4887);
#2511=VERTEX_POINT('',#4889);
#2512=VERTEX_POINT('',#4893);
#2513=VERTEX_POINT('',#4894);
#2514=VERTEX_POINT('',#4896);
#2515=VERTEX_POINT('',#4898);
#2516=VERTEX_POINT('',#4902);
#2517=VERTEX_POINT('',#4903);
#2518=VERTEX_POINT('',#4905);
#2519=VERTEX_POINT('',#4907);
#2520=VERTEX_POINT('',#4911);
#2521=VERTEX_POINT('',#4912);
#2522=VERTEX_POINT('',#4914);
#2523=VERTEX_POINT('',#4916);
#2524=VERTEX_POINT('',#4920);
#2525=VERTEX_POINT('',#4921);
#2526=VERTEX_POINT('',#4923);
#2527=VERTEX_POINT('',#4925);
#2528=VERTEX_POINT('',#4929);
#2529=VERTEX_POINT('',#4930);
#2530=VERTEX_POINT('',#4932);
#2531=VERTEX_POINT('',#4934);
#2532=VERTEX_POINT('',#4938);
#2533=VERTEX_POINT('',#4939);
#2534=VERTEX_POINT('',#4941);
#2535=VERTEX_POINT('',#4943);
#2536=VERTEX_POINT('',#4947);
#2537=VERTEX_POINT('',#4948);
#2538=VERTEX_POINT('',#4950);
#2539=VERTEX_POINT('',#4952);
#2540=VERTEX_POINT('',#4956);
#2541=VERTEX_POINT('',#4957);
#2542=VERTEX_POINT('',#4959);
#2543=VERTEX_POINT('',#4961);
#2544=VERTEX_POINT('',#4965);
#2545=VERTEX_POINT('',#4966);
#2546=VERTEX_POINT('',#4968);
#2547=VERTEX_POINT('',#4970);
#2548=VERTEX_POINT('',#4974);
#2549=VERTEX_POINT('',#4975);
#2550=VERTEX_POINT('',#4977);
#2551=VERTEX_POINT('',#4979);
#2552=VERTEX_POINT('',#4983);
#2553=VERTEX_POINT('',#4984);
#2554=VERTEX_POINT('',#4986);
#2555=VERTEX_POINT('',#4988);
#2556=VERTEX_POINT('',#4992);
#2557=VERTEX_POINT('',#4993);
#2558=VERTEX_POINT('',#4995);
#2559=VERTEX_POINT('',#4997);
#2560=VERTEX_POINT('',#5001);
#2561=VERTEX_POINT('',#5002);
#2562=VERTEX_POINT('',#5004);
#2563=VERTEX_POINT('',#5006);
#2564=VERTEX_POINT('',#5010);
#2565=VERTEX_POINT('',#5011);
#2566=VERTEX_POINT('',#5013);
#2567=VERTEX_POINT('',#5015);
#2568=VERTEX_POINT('',#5019);
#2569=VERTEX_POINT('',#5020);
#2570=VERTEX_POINT('',#5022);
#2571=VERTEX_POINT('',#5024);
#2572=VERTEX_POINT('',#5028);
#2573=VERTEX_POINT('',#5029);
#2574=VERTEX_POINT('',#5031);
#2575=VERTEX_POINT('',#5033);
#2576=VERTEX_POINT('',#5037);
#2577=VERTEX_POINT('',#5038);
#2578=VERTEX_POINT('',#5040);
#2579=VERTEX_POINT('',#5042);
#2580=VERTEX_POINT('',#5046);
#2581=VERTEX_POINT('',#5047);
#2582=VERTEX_POINT('',#5049);
#2583=VERTEX_POINT('',#5051);
#2584=VERTEX_POINT('',#5055);
#2585=VERTEX_POINT('',#5056);
#2586=VERTEX_POINT('',#5058);
#2587=VERTEX_POINT('',#5060);
#2588=VERTEX_POINT('',#5064);
#2589=VERTEX_POINT('',#5065);
#2590=VERTEX_POINT('',#5067);
#2591=VERTEX_POINT('',#5069);
#2592=VERTEX_POINT('',#5073);
#2593=VERTEX_POINT('',#5074);
#2594=VERTEX_POINT('',#5076);
#2595=VERTEX_POINT('',#5078);
#2596=VERTEX_POINT('',#5082);
#2597=VERTEX_POINT('',#5083);
#2598=VERTEX_POINT('',#5085);
#2599=VERTEX_POINT('',#5087);
#2600=VERTEX_POINT('',#5091);
#2601=VERTEX_POINT('',#5092);
#2602=VERTEX_POINT('',#5094);
#2603=VERTEX_POINT('',#5096);
#2604=VERTEX_POINT('',#5100);
#2605=VERTEX_POINT('',#5101);
#2606=VERTEX_POINT('',#5103);
#2607=VERTEX_POINT('',#5105);
#2608=VERTEX_POINT('',#5109);
#2609=VERTEX_POINT('',#5110);
#2610=VERTEX_POINT('',#5112);
#2611=VERTEX_POINT('',#5114);
#2612=VERTEX_POINT('',#5118);
#2613=VERTEX_POINT('',#5119);
#2614=VERTEX_POINT('',#5121);
#2615=VERTEX_POINT('',#5123);
#2616=VERTEX_POINT('',#5127);
#2617=VERTEX_POINT('',#5128);
#2618=VERTEX_POINT('',#5130);
#2619=VERTEX_POINT('',#5132);
#2620=VERTEX_POINT('',#5136);
#2621=VERTEX_POINT('',#5137);
#2622=VERTEX_POINT('',#5139);
#2623=VERTEX_POINT('',#5141);
#2624=VERTEX_POINT('',#5145);
#2625=VERTEX_POINT('',#5146);
#2626=VERTEX_POINT('',#5148);
#2627=VERTEX_POINT('',#5150);
#2628=VERTEX_POINT('',#5154);
#2629=VERTEX_POINT('',#5155);
#2630=VERTEX_POINT('',#5157);
#2631=VERTEX_POINT('',#5159);
#2632=VERTEX_POINT('',#5163);
#2633=VERTEX_POINT('',#5164);
#2634=VERTEX_POINT('',#5166);
#2635=VERTEX_POINT('',#5168);
#2636=VERTEX_POINT('',#5172);
#2637=VERTEX_POINT('',#5173);
#2638=VERTEX_POINT('',#5175);
#2639=VERTEX_POINT('',#5177);
#2640=VERTEX_POINT('',#5181);
#2641=VERTEX_POINT('',#5182);
#2642=VERTEX_POINT('',#5184);
#2643=VERTEX_POINT('',#5186);
#2644=VERTEX_POINT('',#5190);
#2645=VERTEX_POINT('',#5191);
#2646=VERTEX_POINT('',#5193);
#2647=VERTEX_POINT('',#5195);
#2648=VERTEX_POINT('',#5199);
#2649=VERTEX_POINT('',#5200);
#2650=VERTEX_POINT('',#5202);
#2651=VERTEX_POINT('',#5204);
#2652=VERTEX_POINT('',#5208);
#2653=VERTEX_POINT('',#5209);
#2654=VERTEX_POINT('',#5211);
#2655=VERTEX_POINT('',#5213);
#2656=VERTEX_POINT('',#5217);
#2657=VERTEX_POINT('',#5218);
#2658=VERTEX_POINT('',#5220);
#2659=VERTEX_POINT('',#5222);
#2660=VERTEX_POINT('',#5226);
#2661=VERTEX_POINT('',#5227);
#2662=VERTEX_POINT('',#5229);
#2663=VERTEX_POINT('',#5231);
#2664=VERTEX_POINT('',#5235);
#2665=VERTEX_POINT('',#5236);
#2666=VERTEX_POINT('',#5238);
#2667=VERTEX_POINT('',#5240);
#2668=VERTEX_POINT('',#5244);
#2669=VERTEX_POINT('',#5245);
#2670=VERTEX_POINT('',#5247);
#2671=VERTEX_POINT('',#5249);
#2672=VERTEX_POINT('',#5253);
#2673=VERTEX_POINT('',#5254);
#2674=VERTEX_POINT('',#5256);
#2675=VERTEX_POINT('',#5258);
#2676=VERTEX_POINT('',#5262);
#2677=VERTEX_POINT('',#5263);
#2678=VERTEX_POINT('',#5265);
#2679=VERTEX_POINT('',#5267);
#2680=VERTEX_POINT('',#5271);
#2681=VERTEX_POINT('',#5272);
#2682=VERTEX_POINT('',#5274);
#2683=VERTEX_POINT('',#5276);
#2684=VERTEX_POINT('',#5280);
#2685=VERTEX_POINT('',#5281);
#2686=VERTEX_POINT('',#5283);
#2687=VERTEX_POINT('',#5285);
#2688=VERTEX_POINT('',#5289);
#2689=VERTEX_POINT('',#5290);
#2690=VERTEX_POINT('',#5292);
#2691=VERTEX_POINT('',#5294);
#2692=VERTEX_POINT('',#5298);
#2693=VERTEX_POINT('',#5299);
#2694=VERTEX_POINT('',#5301);
#2695=VERTEX_POINT('',#5303);
#2696=VERTEX_POINT('',#5307);
#2697=VERTEX_POINT('',#5308);
#2698=VERTEX_POINT('',#5310);
#2699=VERTEX_POINT('',#5312);
#2700=VERTEX_POINT('',#5316);
#2701=VERTEX_POINT('',#5317);
#2702=VERTEX_POINT('',#5319);
#2703=VERTEX_POINT('',#5321);
#2704=VERTEX_POINT('',#5325);
#2705=VERTEX_POINT('',#5326);
#2706=VERTEX_POINT('',#5328);
#2707=VERTEX_POINT('',#5330);
#2708=VERTEX_POINT('',#5334);
#2709=VERTEX_POINT('',#5335);
#2710=VERTEX_POINT('',#5337);
#2711=VERTEX_POINT('',#5339);
#2712=VERTEX_POINT('',#5343);
#2713=VERTEX_POINT('',#5344);
#2714=VERTEX_POINT('',#5346);
#2715=VERTEX_POINT('',#5348);
#2716=VERTEX_POINT('',#5352);
#2717=VERTEX_POINT('',#5353);
#2718=VERTEX_POINT('',#5355);
#2719=VERTEX_POINT('',#5357);
#2720=VERTEX_POINT('',#5361);
#2721=VERTEX_POINT('',#5362);
#2722=VERTEX_POINT('',#5364);
#2723=VERTEX_POINT('',#5366);
#2724=VERTEX_POINT('',#5370);
#2725=VERTEX_POINT('',#5372);
#2726=VERTEX_POINT('',#5375);
#2727=VERTEX_POINT('',#5378);
#2728=VERTEX_POINT('',#5381);
#2729=VERTEX_POINT('',#5384);
#2730=VERTEX_POINT('',#5387);
#2731=VERTEX_POINT('',#5390);
#2732=VERTEX_POINT('',#5393);
#2733=VERTEX_POINT('',#5396);
#2734=VERTEX_POINT('',#5399);
#2735=VERTEX_POINT('',#5402);
#2736=VERTEX_POINT('',#5405);
#2737=VERTEX_POINT('',#5408);
#2738=VERTEX_POINT('',#5411);
#2739=VERTEX_POINT('',#5414);
#2740=VERTEX_POINT('',#5417);
#2741=VERTEX_POINT('',#5420);
#2742=VERTEX_POINT('',#5423);
#2743=VERTEX_POINT('',#5426);
#2744=VERTEX_POINT('',#5429);
#2745=VERTEX_POINT('',#5432);
#2746=VERTEX_POINT('',#5435);
#2747=VERTEX_POINT('',#5438);
#2748=VERTEX_POINT('',#5441);
#2749=VERTEX_POINT('',#5444);
#2750=VERTEX_POINT('',#5447);
#2751=VERTEX_POINT('',#5450);
#2752=VERTEX_POINT('',#5453);
#2753=VERTEX_POINT('',#5456);
#2754=VERTEX_POINT('',#5459);
#2755=VERTEX_POINT('',#5462);
#2756=VERTEX_POINT('',#5465);
#2757=VERTEX_POINT('',#5468);
#2758=VERTEX_POINT('',#5471);
#2759=VERTEX_POINT('',#5474);
#2760=VERTEX_POINT('',#5477);
#2761=VERTEX_POINT('',#5480);
#2762=VERTEX_POINT('',#5483);
#2763=VERTEX_POINT('',#5486);
#2764=VERTEX_POINT('',#5489);
#2765=VERTEX_POINT('',#5492);
#2766=VERTEX_POINT('',#5495);
#2767=VERTEX_POINT('',#5498);
#2768=VERTEX_POINT('',#5501);
#2769=VERTEX_POINT('',#5504);
#2770=VERTEX_POINT('',#5507);
#2771=VERTEX_POINT('',#5510);
#2772=VERTEX_POINT('',#5513);
#2773=VERTEX_POINT('',#5516);
#2774=VERTEX_POINT('',#5519);
#2775=VERTEX_POINT('',#5522);
#2776=VERTEX_POINT('',#5525);
#2777=VERTEX_POINT('',#5528);
#2778=VERTEX_POINT('',#5531);
#2779=VERTEX_POINT('',#5534);
#2780=VERTEX_POINT('',#5537);
#2781=VERTEX_POINT('',#5540);
#2782=VERTEX_POINT('',#5543);
#2783=VERTEX_POINT('',#5546);
#2784=VERTEX_POINT('',#5549);
#2785=VERTEX_POINT('',#5553);
#2786=VERTEX_POINT('',#5555);
#2787=VERTEX_POINT('',#5562);
#2788=VERTEX_POINT('',#5571);
#2789=VERTEX_POINT('',#5580);
#2790=VERTEX_POINT('',#5589);
#2791=VERTEX_POINT('',#5598);
#2792=VERTEX_POINT('',#5607);
#2793=VERTEX_POINT('',#5616);
#2794=VERTEX_POINT('',#5625);
#2795=VERTEX_POINT('',#5634);
#2796=VERTEX_POINT('',#5643);
#2797=VERTEX_POINT('',#5652);
#2798=VERTEX_POINT('',#5661);
#2799=VERTEX_POINT('',#5670);
#2800=VERTEX_POINT('',#5679);
#2801=VERTEX_POINT('',#5688);
#2802=VERTEX_POINT('',#5697);
#2803=VERTEX_POINT('',#5706);
#2804=VERTEX_POINT('',#5715);
#2805=VERTEX_POINT('',#5724);
#2806=VERTEX_POINT('',#5733);
#2807=VERTEX_POINT('',#5742);
#2808=VERTEX_POINT('',#5751);
#2809=VERTEX_POINT('',#5760);
#2810=VERTEX_POINT('',#5769);
#2811=VERTEX_POINT('',#5778);
#2812=VERTEX_POINT('',#5787);
#2813=VERTEX_POINT('',#5796);
#2814=VERTEX_POINT('',#5805);
#2815=VERTEX_POINT('',#5814);
#2816=VERTEX_POINT('',#5823);
#2817=VERTEX_POINT('',#5832);
#2818=VERTEX_POINT('',#5841);
#2819=VERTEX_POINT('',#5850);
#2820=VERTEX_POINT('',#5859);
#2821=VERTEX_POINT('',#5868);
#2822=VERTEX_POINT('',#5877);
#2823=VERTEX_POINT('',#5886);
#2824=VERTEX_POINT('',#5895);
#2825=VERTEX_POINT('',#5904);
#2826=VERTEX_POINT('',#5913);
#2827=VERTEX_POINT('',#5922);
#2828=VERTEX_POINT('',#5931);
#2829=VERTEX_POINT('',#5940);
#2830=VERTEX_POINT('',#5949);
#2831=VERTEX_POINT('',#5958);
#2832=VERTEX_POINT('',#5967);
#2833=VERTEX_POINT('',#5976);
#2834=VERTEX_POINT('',#5985);
#2835=VERTEX_POINT('',#5994);
#2836=VERTEX_POINT('',#6003);
#2837=VERTEX_POINT('',#6012);
#2838=VERTEX_POINT('',#6021);
#2839=VERTEX_POINT('',#6030);
#2840=VERTEX_POINT('',#6039);
#2841=VERTEX_POINT('',#6048);
#2842=VERTEX_POINT('',#6057);
#2843=VERTEX_POINT('',#6066);
#2844=VERTEX_POINT('',#6075);
#2845=VERTEX_POINT('',#6084);
#2846=VERTEX_POINT('',#6093);
#2847=CIRCLE('',#3605,0.00245);
#2848=CIRCLE('',#3606,0.00245);
#2849=CIRCLE('',#3608,0.00245);
#2850=CIRCLE('',#3609,0.00245);
#2851=CIRCLE('',#3611,0.00245);
#2852=CIRCLE('',#3612,0.00245);
#2853=CIRCLE('',#3614,0.00245);
#2854=CIRCLE('',#3615,0.00245);
#2855=CIRCLE('',#3617,0.00245);
#2856=CIRCLE('',#3618,0.00245);
#2857=CIRCLE('',#3620,0.00245);
#2858=CIRCLE('',#3621,0.00245);
#2859=CIRCLE('',#3623,0.00245);
#2860=CIRCLE('',#3624,0.00245);
#2861=CIRCLE('',#3626,0.00245);
#2862=CIRCLE('',#3627,0.00245);
#2863=CIRCLE('',#3629,0.00245);
#2864=CIRCLE('',#3630,0.00245);
#2865=CIRCLE('',#3632,0.00245);
#2866=CIRCLE('',#3633,0.00245);
#2867=CIRCLE('',#3635,0.00245);
#2868=CIRCLE('',#3636,0.00245);
#2869=CIRCLE('',#3638,0.00245);
#2870=CIRCLE('',#3639,0.00245);
#2871=CIRCLE('',#3641,0.00245);
#2872=CIRCLE('',#3642,0.00245);
#2873=CIRCLE('',#3644,0.00245);
#2874=CIRCLE('',#3645,0.00245);
#2875=CIRCLE('',#3647,0.00245);
#2876=CIRCLE('',#3648,0.00245);
#2877=CIRCLE('',#3650,0.00245);
#2878=CIRCLE('',#3651,0.00245);
#2879=CIRCLE('',#3653,0.00245);
#2880=CIRCLE('',#3654,0.00245);
#2881=CIRCLE('',#3656,0.00245);
#2882=CIRCLE('',#3657,0.00245);
#2883=CIRCLE('',#3659,0.00245);
#2884=CIRCLE('',#3660,0.00245);
#2885=CIRCLE('',#3662,0.00245);
#2886=CIRCLE('',#3663,0.00245);
#2887=CIRCLE('',#3665,0.00245);
#2888=CIRCLE('',#3666,0.00245);
#2889=CIRCLE('',#3668,0.00245);
#2890=CIRCLE('',#3669,0.00245);
#2891=CIRCLE('',#3671,0.00245);
#2892=CIRCLE('',#3672,0.00245);
#2893=CIRCLE('',#3674,0.00245);
#2894=CIRCLE('',#3675,0.00245);
#2895=CIRCLE('',#3677,0.00245);
#2896=CIRCLE('',#3678,0.00245);
#2897=CIRCLE('',#3680,0.00245);
#2898=CIRCLE('',#3681,0.00245);
#2899=CIRCLE('',#3683,0.00245);
#2900=CIRCLE('',#3684,0.00245);
#2901=CIRCLE('',#3686,0.00245);
#2902=CIRCLE('',#3687,0.00245);
#2903=CIRCLE('',#3689,0.00245);
#2904=CIRCLE('',#3690,0.00245);
#2905=CIRCLE('',#3692,0.00245);
#2906=CIRCLE('',#3693,0.00245);
#2907=CIRCLE('',#3695,0.00245);
#2908=CIRCLE('',#3696,0.00245);
#2909=CIRCLE('',#3698,0.00245);
#2910=CIRCLE('',#3699,0.00245);
#2911=CIRCLE('',#3701,0.00245);
#2912=CIRCLE('',#3702,0.00245);
#2913=CIRCLE('',#3704,0.00245);
#2914=CIRCLE('',#3705,0.00245);
#2915=CIRCLE('',#3707,0.00245);
#2916=CIRCLE('',#3708,0.00245);
#2917=CIRCLE('',#3710,0.00245);
#2918=CIRCLE('',#3711,0.00245);
#2919=CIRCLE('',#3713,0.00245);
#2920=CIRCLE('',#3714,0.00245);
#2921=CIRCLE('',#3716,0.00245);
#2922=CIRCLE('',#3717,0.00245);
#2923=CIRCLE('',#3719,0.00245);
#2924=CIRCLE('',#3720,0.00245);
#2925=CIRCLE('',#3722,0.00245);
#2926=CIRCLE('',#3723,0.00245);
#2927=CIRCLE('',#3725,0.00245);
#2928=CIRCLE('',#3726,0.00245);
#2929=CIRCLE('',#3728,0.00245);
#2930=CIRCLE('',#3729,0.00245);
#2931=CIRCLE('',#3731,0.00245);
#2932=CIRCLE('',#3732,0.00245);
#2933=CIRCLE('',#3734,0.00245);
#2934=CIRCLE('',#3735,0.00245);
#2935=CIRCLE('',#3737,0.00245);
#2936=CIRCLE('',#3738,0.00245);
#2937=CIRCLE('',#3740,0.00245);
#2938=CIRCLE('',#3741,0.00245);
#2939=CIRCLE('',#3743,0.00245);
#2940=CIRCLE('',#3744,0.00245);
#2941=CIRCLE('',#3746,0.00245);
#2942=CIRCLE('',#3747,0.00245);
#2943=CIRCLE('',#3749,0.00245);
#2944=CIRCLE('',#3750,0.00245);
#2945=CIRCLE('',#3752,0.00245);
#2946=CIRCLE('',#3753,0.00245);
#2947=CIRCLE('',#3755,0.00245);
#2948=CIRCLE('',#3756,0.00245);
#2949=CIRCLE('',#3758,0.00245);
#2950=CIRCLE('',#3759,0.00245);
#2951=CIRCLE('',#3761,0.00245);
#2952=CIRCLE('',#3762,0.00245);
#2953=CIRCLE('',#3764,0.00245);
#2954=CIRCLE('',#3765,0.00245);
#2955=CIRCLE('',#3767,0.00245);
#2956=CIRCLE('',#3768,0.00245);
#2957=CIRCLE('',#3770,0.00245);
#2958=CIRCLE('',#3771,0.00245);
#2959=CIRCLE('',#3773,0.00245);
#2960=CIRCLE('',#3774,0.00245);
#2961=CIRCLE('',#3776,0.00245);
#2962=CIRCLE('',#3777,0.00245);
#2963=CIRCLE('',#3779,0.00245);
#2964=CIRCLE('',#3780,0.00245);
#2965=CIRCLE('',#3782,0.00245);
#2966=CIRCLE('',#3783,0.00245);
#2967=CIRCLE('',#3785,0.0008);
#2968=CIRCLE('',#3787,0.00225);
#2969=CIRCLE('',#3788,0.000799999999999988);
#2970=EDGE_LOOP('',(#855,#856,#857,#858));
#2971=EDGE_LOOP('',(#859,#860,#861,#862));
#2972=EDGE_LOOP('',(#863,#864,#865,#866));
#2973=EDGE_LOOP('',(#867,#868,#869,#870));
#2974=EDGE_LOOP('',(#871,#872,#873,#874));
#2975=EDGE_LOOP('',(#875,#876,#877,#878));
#2976=EDGE_LOOP('',(#879,#880,#881,#882));
#2977=EDGE_LOOP('',(#883,#884,#885,#886));
#2978=EDGE_LOOP('',(#887,#888,#889,#890));
#2979=EDGE_LOOP('',(#891,#892,#893,#894));
#2980=EDGE_LOOP('',(#895,#896,#897,#898));
#2981=EDGE_LOOP('',(#899,#900,#901,#902));
#2982=EDGE_LOOP('',(#903,#904,#905,#906));
#2983=EDGE_LOOP('',(#907,#908,#909,#910));
#2984=EDGE_LOOP('',(#911,#912,#913,#914));
#2985=EDGE_LOOP('',(#915,#916,#917,#918));
#2986=EDGE_LOOP('',(#919,#920,#921,#922));
#2987=EDGE_LOOP('',(#923,#924,#925,#926));
#2988=EDGE_LOOP('',(#927,#928,#929,#930));
#2989=EDGE_LOOP('',(#931,#932,#933,#934));
#2990=EDGE_LOOP('',(#935,#936,#937,#938));
#2991=EDGE_LOOP('',(#939,#940,#941,#942));
#2992=EDGE_LOOP('',(#943,#944,#945,#946));
#2993=EDGE_LOOP('',(#947,#948,#949,#950));
#2994=EDGE_LOOP('',(#951,#952,#953,#954));
#2995=EDGE_LOOP('',(#955,#956,#957,#958));
#2996=EDGE_LOOP('',(#959,#960,#961,#962));
#2997=EDGE_LOOP('',(#963,#964,#965,#966));
#2998=EDGE_LOOP('',(#967,#968,#969,#970));
#2999=EDGE_LOOP('',(#971,#972,#973,#974));
#3000=EDGE_LOOP('',(#975,#976,#977,#978));
#3001=EDGE_LOOP('',(#979,#980,#981,#982));
#3002=EDGE_LOOP('',(#983,#984,#985,#986));
#3003=EDGE_LOOP('',(#987,#988,#989,#990));
#3004=EDGE_LOOP('',(#991,#992,#993,#994));
#3005=EDGE_LOOP('',(#995,#996,#997,#998));
#3006=EDGE_LOOP('',(#999,#1000,#1001,#1002));
#3007=EDGE_LOOP('',(#1003,#1004,#1005,#1006));
#3008=EDGE_LOOP('',(#1007,#1008,#1009,#1010));
#3009=EDGE_LOOP('',(#1011,#1012,#1013,#1014));
#3010=EDGE_LOOP('',(#1015,#1016,#1017,#1018));
#3011=EDGE_LOOP('',(#1019,#1020,#1021,#1022));
#3012=EDGE_LOOP('',(#1023,#1024,#1025,#1026));
#3013=EDGE_LOOP('',(#1027,#1028,#1029,#1030));
#3014=EDGE_LOOP('',(#1031,#1032,#1033,#1034));
#3015=EDGE_LOOP('',(#1035,#1036,#1037,#1038));
#3016=EDGE_LOOP('',(#1039,#1040,#1041,#1042));
#3017=EDGE_LOOP('',(#1043,#1044,#1045,#1046));
#3018=EDGE_LOOP('',(#1047,#1048,#1049,#1050));
#3019=EDGE_LOOP('',(#1051,#1052,#1053,#1054));
#3020=EDGE_LOOP('',(#1055,#1056,#1057,#1058));
#3021=EDGE_LOOP('',(#1059,#1060,#1061,#1062));
#3022=EDGE_LOOP('',(#1063,#1064,#1065,#1066));
#3023=EDGE_LOOP('',(#1067,#1068,#1069,#1070));
#3024=EDGE_LOOP('',(#1071,#1072,#1073,#1074));
#3025=EDGE_LOOP('',(#1075,#1076,#1077,#1078));
#3026=EDGE_LOOP('',(#1079,#1080,#1081,#1082));
#3027=EDGE_LOOP('',(#1083,#1084,#1085,#1086));
#3028=EDGE_LOOP('',(#1087,#1088,#1089,#1090));
#3029=EDGE_LOOP('',(#1091,#1092,#1093,#1094));
#3030=EDGE_LOOP('',(#1095));
#3031=EDGE_LOOP('',(#1096,#1097,#1098,#1099,#1100,#1101,#1102,#1103,#1104,
#1105,#1106,#1107,#1108,#1109,#1110,#1111,#1112,#1113,#1114,#1115,#1116,
#1117,#1118,#1119,#1120,#1121,#1122,#1123,#1124,#1125,#1126,#1127,#1128,
#1129,#1130,#1131,#1132,#1133,#1134,#1135,#1136,#1137,#1138,#1139,#1140,
#1141,#1142,#1143,#1144,#1145,#1146,#1147,#1148,#1149,#1150,#1151,#1152,
#1153,#1154,#1155,#1156,#1157,#1158,#1159,#1160,#1161,#1162,#1163,#1164,
#1165,#1166,#1167,#1168,#1169,#1170,#1171,#1172,#1173,#1174,#1175,#1176,
#1177,#1178,#1179,#1180,#1181,#1182,#1183,#1184,#1185,#1186,#1187,#1188,
#1189,#1190,#1191,#1192,#1193,#1194,#1195,#1196,#1197,#1198,#1199,#1200,
#1201,#1202,#1203,#1204,#1205,#1206,#1207,#1208,#1209,#1210,#1211,#1212,
#1213,#1214,#1215,#1216,#1217,#1218,#1219,#1220,#1221,#1222,#1223,#1224,
#1225,#1226,#1227,#1228,#1229,#1230,#1231,#1232,#1233,#1234,#1235,#1236,
#1237,#1238,#1239,#1240,#1241,#1242,#1243,#1244,#1245,#1246,#1247,#1248,
#1249,#1250,#1251,#1252,#1253,#1254,#1255,#1256,#1257,#1258,#1259,#1260,
#1261,#1262,#1263,#1264,#1265,#1266,#1267,#1268,#1269,#1270,#1271,#1272,
#1273,#1274,#1275));
#3032=EDGE_LOOP('',(#1276));
#3033=EDGE_LOOP('',(#1277));
#3034=EDGE_LOOP('',(#1278));
#3035=EDGE_LOOP('',(#1279));
#3036=EDGE_LOOP('',(#1280,#1281,#1282,#1283,#1284,#1285,#1286,#1287,#1288,
#1289,#1290,#1291,#1292,#1293,#1294,#1295,#1296,#1297,#1298,#1299,#1300,
#1301,#1302,#1303,#1304,#1305,#1306,#1307,#1308,#1309,#1310,#1311,#1312,
#1313,#1314,#1315,#1316,#1317,#1318,#1319,#1320,#1321,#1322,#1323,#1324,
#1325,#1326,#1327,#1328,#1329,#1330,#1331,#1332,#1333,#1334,#1335,#1336,
#1337,#1338,#1339,#1340,#1341,#1342,#1343,#1344,#1345,#1346,#1347,#1348,
#1349,#1350,#1351,#1352,#1353,#1354,#1355,#1356,#1357,#1358,#1359,#1360,
#1361,#1362,#1363,#1364,#1365,#1366,#1367,#1368,#1369,#1370,#1371,#1372,
#1373,#1374,#1375,#1376,#1377,#1378,#1379,#1380,#1381,#1382,#1383,#1384,
#1385,#1386,#1387,#1388,#1389,#1390,#1391,#1392,#1393,#1394,#1395,#1396,
#1397,#1398,#1399,#1400,#1401,#1402,#1403,#1404,#1405,#1406,#1407,#1408,
#1409,#1410,#1411,#1412,#1413,#1414,#1415,#1416,#1417,#1418,#1419,#1420,
#1421,#1422,#1423,#1424,#1425,#1426,#1427,#1428,#1429,#1430,#1431,#1432,
#1433,#1434,#1435,#1436,#1437,#1438,#1439,#1440,#1441,#1442,#1443,#1444,
#1445,#1446,#1447,#1448,#1449,#1450,#1451,#1452,#1453,#1454,#1455,#1456,
#1457,#1458,#1459));
#3037=EDGE_LOOP('',(#1460));
#3038=EDGE_LOOP('',(#1461,#1462,#1463,#1464));
#3039=EDGE_LOOP('',(#1465,#1466,#1467,#1468));
#3040=EDGE_LOOP('',(#1469,#1470,#1471,#1472));
#3041=EDGE_LOOP('',(#1473,#1474,#1475,#1476));
#3042=EDGE_LOOP('',(#1477,#1478,#1479,#1480));
#3043=EDGE_LOOP('',(#1481,#1482,#1483,#1484));
#3044=EDGE_LOOP('',(#1485,#1486,#1487,#1488));
#3045=EDGE_LOOP('',(#1489,#1490,#1491,#1492));
#3046=EDGE_LOOP('',(#1493,#1494,#1495,#1496));
#3047=EDGE_LOOP('',(#1497,#1498,#1499,#1500));
#3048=EDGE_LOOP('',(#1501,#1502,#1503,#1504));
#3049=EDGE_LOOP('',(#1505,#1506,#1507,#1508));
#3050=EDGE_LOOP('',(#1509,#1510,#1511,#1512));
#3051=EDGE_LOOP('',(#1513,#1514,#1515,#1516));
#3052=EDGE_LOOP('',(#1517,#1518,#1519,#1520));
#3053=EDGE_LOOP('',(#1521,#1522,#1523,#1524));
#3054=EDGE_LOOP('',(#1525,#1526,#1527,#1528));
#3055=EDGE_LOOP('',(#1529,#1530,#1531,#1532));
#3056=EDGE_LOOP('',(#1533,#1534,#1535,#1536));
#3057=EDGE_LOOP('',(#1537,#1538,#1539,#1540));
#3058=EDGE_LOOP('',(#1541,#1542,#1543,#1544));
#3059=EDGE_LOOP('',(#1545,#1546,#1547,#1548));
#3060=EDGE_LOOP('',(#1549,#1550,#1551,#1552));
#3061=EDGE_LOOP('',(#1553,#1554,#1555,#1556));
#3062=EDGE_LOOP('',(#1557,#1558,#1559,#1560));
#3063=EDGE_LOOP('',(#1561,#1562,#1563,#1564));
#3064=EDGE_LOOP('',(#1565,#1566,#1567,#1568));
#3065=EDGE_LOOP('',(#1569,#1570,#1571,#1572));
#3066=EDGE_LOOP('',(#1573,#1574,#1575,#1576));
#3067=EDGE_LOOP('',(#1577,#1578,#1579,#1580));
#3068=EDGE_LOOP('',(#1581,#1582,#1583,#1584));
#3069=EDGE_LOOP('',(#1585,#1586,#1587,#1588));
#3070=EDGE_LOOP('',(#1589,#1590,#1591,#1592));
#3071=EDGE_LOOP('',(#1593,#1594,#1595,#1596));
#3072=EDGE_LOOP('',(#1597,#1598,#1599,#1600));
#3073=EDGE_LOOP('',(#1601,#1602,#1603,#1604));
#3074=EDGE_LOOP('',(#1605,#1606,#1607,#1608));
#3075=EDGE_LOOP('',(#1609,#1610,#1611,#1612));
#3076=EDGE_LOOP('',(#1613,#1614,#1615,#1616));
#3077=EDGE_LOOP('',(#1617,#1618,#1619,#1620));
#3078=EDGE_LOOP('',(#1621,#1622,#1623,#1624));
#3079=EDGE_LOOP('',(#1625,#1626,#1627,#1628));
#3080=EDGE_LOOP('',(#1629,#1630,#1631,#1632));
#3081=EDGE_LOOP('',(#1633,#1634,#1635,#1636));
#3082=EDGE_LOOP('',(#1637,#1638,#1639,#1640));
#3083=EDGE_LOOP('',(#1641,#1642,#1643,#1644));
#3084=EDGE_LOOP('',(#1645,#1646,#1647,#1648));
#3085=EDGE_LOOP('',(#1649,#1650,#1651,#1652));
#3086=EDGE_LOOP('',(#1653,#1654,#1655,#1656));
#3087=EDGE_LOOP('',(#1657,#1658,#1659,#1660));
#3088=EDGE_LOOP('',(#1661,#1662,#1663,#1664));
#3089=EDGE_LOOP('',(#1665,#1666,#1667,#1668));
#3090=EDGE_LOOP('',(#1669,#1670,#1671,#1672));
#3091=EDGE_LOOP('',(#1673,#1674,#1675,#1676));
#3092=EDGE_LOOP('',(#1677,#1678,#1679,#1680));
#3093=EDGE_LOOP('',(#1681,#1682,#1683,#1684));
#3094=EDGE_LOOP('',(#1685,#1686,#1687,#1688));
#3095=EDGE_LOOP('',(#1689,#1690,#1691,#1692));
#3096=EDGE_LOOP('',(#1693,#1694,#1695,#1696));
#3097=EDGE_LOOP('',(#1697,#1698,#1699,#1700));
#3098=EDGE_LOOP('',(#1701,#1702,#1703,#1704));
#3099=EDGE_LOOP('',(#1705,#1706,#1707,#1708));
#3100=EDGE_LOOP('',(#1709,#1710,#1711,#1712));
#3101=EDGE_LOOP('',(#1713,#1714,#1715,#1716));
#3102=EDGE_LOOP('',(#1717,#1718,#1719,#1720));
#3103=EDGE_LOOP('',(#1721,#1722,#1723,#1724));
#3104=EDGE_LOOP('',(#1725,#1726,#1727,#1728));
#3105=EDGE_LOOP('',(#1729,#1730,#1731,#1732));
#3106=EDGE_LOOP('',(#1733,#1734,#1735,#1736));
#3107=EDGE_LOOP('',(#1737,#1738,#1739,#1740));
#3108=EDGE_LOOP('',(#1741,#1742,#1743,#1744));
#3109=EDGE_LOOP('',(#1745,#1746,#1747,#1748));
#3110=EDGE_LOOP('',(#1749,#1750,#1751,#1752));
#3111=EDGE_LOOP('',(#1753,#1754,#1755,#1756));
#3112=EDGE_LOOP('',(#1757,#1758,#1759,#1760));
#3113=EDGE_LOOP('',(#1761,#1762,#1763,#1764));
#3114=EDGE_LOOP('',(#1765,#1766,#1767,#1768));
#3115=EDGE_LOOP('',(#1769,#1770,#1771,#1772));
#3116=EDGE_LOOP('',(#1773,#1774,#1775,#1776));
#3117=EDGE_LOOP('',(#1777,#1778,#1779,#1780));
#3118=EDGE_LOOP('',(#1781,#1782,#1783,#1784));
#3119=EDGE_LOOP('',(#1785,#1786,#1787,#1788));
#3120=EDGE_LOOP('',(#1789,#1790,#1791,#1792));
#3121=EDGE_LOOP('',(#1793,#1794,#1795,#1796));
#3122=EDGE_LOOP('',(#1797,#1798,#1799,#1800));
#3123=EDGE_LOOP('',(#1801,#1802,#1803,#1804));
#3124=EDGE_LOOP('',(#1805,#1806,#1807,#1808));
#3125=EDGE_LOOP('',(#1809,#1810,#1811,#1812));
#3126=EDGE_LOOP('',(#1813,#1814,#1815,#1816));
#3127=EDGE_LOOP('',(#1817,#1818,#1819,#1820));
#3128=EDGE_LOOP('',(#1821,#1822,#1823,#1824));
#3129=EDGE_LOOP('',(#1825,#1826,#1827,#1828));
#3130=EDGE_LOOP('',(#1829,#1830,#1831,#1832));
#3131=EDGE_LOOP('',(#1833,#1834,#1835,#1836));
#3132=EDGE_LOOP('',(#1837,#1838,#1839,#1840));
#3133=EDGE_LOOP('',(#1841,#1842,#1843,#1844));
#3134=EDGE_LOOP('',(#1845,#1846,#1847,#1848));
#3135=EDGE_LOOP('',(#1849,#1850,#1851,#1852));
#3136=EDGE_LOOP('',(#1853,#1854,#1855,#1856));
#3137=EDGE_LOOP('',(#1857,#1858,#1859,#1860));
#3138=EDGE_LOOP('',(#1861,#1862,#1863,#1864));
#3139=EDGE_LOOP('',(#1865,#1866,#1867,#1868));
#3140=EDGE_LOOP('',(#1869,#1870,#1871,#1872));
#3141=EDGE_LOOP('',(#1873,#1874,#1875,#1876));
#3142=EDGE_LOOP('',(#1877,#1878,#1879,#1880));
#3143=EDGE_LOOP('',(#1881,#1882,#1883,#1884));
#3144=EDGE_LOOP('',(#1885,#1886,#1887,#1888));
#3145=EDGE_LOOP('',(#1889,#1890,#1891,#1892));
#3146=EDGE_LOOP('',(#1893,#1894,#1895,#1896));
#3147=EDGE_LOOP('',(#1897,#1898,#1899,#1900));
#3148=EDGE_LOOP('',(#1901,#1902,#1903,#1904));
#3149=EDGE_LOOP('',(#1905,#1906,#1907,#1908));
#3150=EDGE_LOOP('',(#1909,#1910,#1911,#1912));
#3151=EDGE_LOOP('',(#1913,#1914,#1915,#1916));
#3152=EDGE_LOOP('',(#1917,#1918,#1919,#1920));
#3153=EDGE_LOOP('',(#1921,#1922,#1923,#1924));
#3154=EDGE_LOOP('',(#1925,#1926,#1927,#1928));
#3155=EDGE_LOOP('',(#1929,#1930,#1931,#1932));
#3156=EDGE_LOOP('',(#1933,#1934,#1935,#1936));
#3157=EDGE_LOOP('',(#1937,#1938,#1939,#1940));
#3158=FACE_BOUND('',#2970,.T.);
#3159=FACE_BOUND('',#2971,.T.);
#3160=FACE_BOUND('',#2972,.T.);
#3161=FACE_BOUND('',#2973,.T.);
#3162=FACE_BOUND('',#2974,.T.);
#3163=FACE_BOUND('',#2975,.T.);
#3164=FACE_BOUND('',#2976,.T.);
#3165=FACE_BOUND('',#2977,.T.);
#3166=FACE_BOUND('',#2978,.T.);
#3167=FACE_BOUND('',#2979,.T.);
#3168=FACE_BOUND('',#2980,.T.);
#3169=FACE_BOUND('',#2981,.T.);
#3170=FACE_BOUND('',#2982,.T.);
#3171=FACE_BOUND('',#2983,.T.);
#3172=FACE_BOUND('',#2984,.T.);
#3173=FACE_BOUND('',#2985,.T.);
#3174=FACE_BOUND('',#2986,.T.);
#3175=FACE_BOUND('',#2987,.T.);
#3176=FACE_BOUND('',#2988,.T.);
#3177=FACE_BOUND('',#2989,.T.);
#3178=FACE_BOUND('',#2990,.T.);
#3179=FACE_BOUND('',#2991,.T.);
#3180=FACE_BOUND('',#2992,.T.);
#3181=FACE_BOUND('',#2993,.T.);
#3182=FACE_BOUND('',#2994,.T.);
#3183=FACE_BOUND('',#2995,.T.);
#3184=FACE_BOUND('',#2996,.T.);
#3185=FACE_BOUND('',#2997,.T.);
#3186=FACE_BOUND('',#2998,.T.);
#3187=FACE_BOUND('',#2999,.T.);
#3188=FACE_BOUND('',#3000,.T.);
#3189=FACE_BOUND('',#3001,.T.);
#3190=FACE_BOUND('',#3002,.T.);
#3191=FACE_BOUND('',#3003,.T.);
#3192=FACE_BOUND('',#3004,.T.);
#3193=FACE_BOUND('',#3005,.T.);
#3194=FACE_BOUND('',#3006,.T.);
#3195=FACE_BOUND('',#3007,.T.);
#3196=FACE_BOUND('',#3008,.T.);
#3197=FACE_BOUND('',#3009,.T.);
#3198=FACE_BOUND('',#3010,.T.);
#3199=FACE_BOUND('',#3011,.T.);
#3200=FACE_BOUND('',#3012,.T.);
#3201=FACE_BOUND('',#3013,.T.);
#3202=FACE_BOUND('',#3014,.T.);
#3203=FACE_BOUND('',#3015,.T.);
#3204=FACE_BOUND('',#3016,.T.);
#3205=FACE_BOUND('',#3017,.T.);
#3206=FACE_BOUND('',#3018,.T.);
#3207=FACE_BOUND('',#3019,.T.);
#3208=FACE_BOUND('',#3020,.T.);
#3209=FACE_BOUND('',#3021,.T.);
#3210=FACE_BOUND('',#3022,.T.);
#3211=FACE_BOUND('',#3023,.T.);
#3212=FACE_BOUND('',#3024,.T.);
#3213=FACE_BOUND('',#3025,.T.);
#3214=FACE_BOUND('',#3026,.T.);
#3215=FACE_BOUND('',#3027,.T.);
#3216=FACE_BOUND('',#3028,.T.);
#3217=FACE_BOUND('',#3029,.T.);
#3218=FACE_BOUND('',#3030,.T.);
#3219=FACE_BOUND('',#3031,.T.);
#3220=FACE_BOUND('',#3032,.T.);
#3221=FACE_BOUND('',#3033,.T.);
#3222=FACE_BOUND('',#3034,.T.);
#3223=FACE_BOUND('',#3035,.T.);
#3224=FACE_BOUND('',#3036,.T.);
#3225=FACE_BOUND('',#3037,.T.);
#3226=FACE_BOUND('',#3038,.T.);
#3227=FACE_BOUND('',#3039,.T.);
#3228=FACE_BOUND('',#3040,.T.);
#3229=FACE_BOUND('',#3041,.T.);
#3230=FACE_BOUND('',#3042,.T.);
#3231=FACE_BOUND('',#3043,.T.);
#3232=FACE_BOUND('',#3044,.T.);
#3233=FACE_BOUND('',#3045,.T.);
#3234=FACE_BOUND('',#3046,.T.);
#3235=FACE_BOUND('',#3047,.T.);
#3236=FACE_BOUND('',#3048,.T.);
#3237=FACE_BOUND('',#3049,.T.);
#3238=FACE_BOUND('',#3050,.T.);
#3239=FACE_BOUND('',#3051,.T.);
#3240=FACE_BOUND('',#3052,.T.);
#3241=FACE_BOUND('',#3053,.T.);
#3242=FACE_BOUND('',#3054,.T.);
#3243=FACE_BOUND('',#3055,.T.);
#3244=FACE_BOUND('',#3056,.T.);
#3245=FACE_BOUND('',#3057,.T.);
#3246=FACE_BOUND('',#3058,.T.);
#3247=FACE_BOUND('',#3059,.T.);
#3248=FACE_BOUND('',#3060,.T.);
#3249=FACE_BOUND('',#3061,.T.);
#3250=FACE_BOUND('',#3062,.T.);
#3251=FACE_BOUND('',#3063,.T.);
#3252=FACE_BOUND('',#3064,.T.);
#3253=FACE_BOUND('',#3065,.T.);
#3254=FACE_BOUND('',#3066,.T.);
#3255=FACE_BOUND('',#3067,.T.);
#3256=FACE_BOUND('',#3068,.T.);
#3257=FACE_BOUND('',#3069,.T.);
#3258=FACE_BOUND('',#3070,.T.);
#3259=FACE_BOUND('',#3071,.T.);
#3260=FACE_BOUND('',#3072,.T.);
#3261=FACE_BOUND('',#3073,.T.);
#3262=FACE_BOUND('',#3074,.T.);
#3263=FACE_BOUND('',#3075,.T.);
#3264=FACE_BOUND('',#3076,.T.);
#3265=FACE_BOUND('',#3077,.T.);
#3266=FACE_BOUND('',#3078,.T.);
#3267=FACE_BOUND('',#3079,.T.);
#3268=FACE_BOUND('',#3080,.T.);
#3269=FACE_BOUND('',#3081,.T.);
#3270=FACE_BOUND('',#3082,.T.);
#3271=FACE_BOUND('',#3083,.T.);
#3272=FACE_BOUND('',#3084,.T.);
#3273=FACE_BOUND('',#3085,.T.);
#3274=FACE_BOUND('',#3086,.T.);
#3275=FACE_BOUND('',#3087,.T.);
#3276=FACE_BOUND('',#3088,.T.);
#3277=FACE_BOUND('',#3089,.T.);
#3278=FACE_BOUND('',#3090,.T.);
#3279=FACE_BOUND('',#3091,.T.);
#3280=FACE_BOUND('',#3092,.T.);
#3281=FACE_BOUND('',#3093,.T.);
#3282=FACE_BOUND('',#3094,.T.);
#3283=FACE_BOUND('',#3095,.T.);
#3284=FACE_BOUND('',#3096,.T.);
#3285=FACE_BOUND('',#3097,.T.);
#3286=FACE_BOUND('',#3098,.T.);
#3287=FACE_BOUND('',#3099,.T.);
#3288=FACE_BOUND('',#3100,.T.);
#3289=FACE_BOUND('',#3101,.T.);
#3290=FACE_BOUND('',#3102,.T.);
#3291=FACE_BOUND('',#3103,.T.);
#3292=FACE_BOUND('',#3104,.T.);
#3293=FACE_BOUND('',#3105,.T.);
#3294=FACE_BOUND('',#3106,.T.);
#3295=FACE_BOUND('',#3107,.T.);
#3296=FACE_BOUND('',#3108,.T.);
#3297=FACE_BOUND('',#3109,.T.);
#3298=FACE_BOUND('',#3110,.T.);
#3299=FACE_BOUND('',#3111,.T.);
#3300=FACE_BOUND('',#3112,.T.);
#3301=FACE_BOUND('',#3113,.T.);
#3302=FACE_BOUND('',#3114,.T.);
#3303=FACE_BOUND('',#3115,.T.);
#3304=FACE_BOUND('',#3116,.T.);
#3305=FACE_BOUND('',#3117,.T.);
#3306=FACE_BOUND('',#3118,.T.);
#3307=FACE_BOUND('',#3119,.T.);
#3308=FACE_BOUND('',#3120,.T.);
#3309=FACE_BOUND('',#3121,.T.);
#3310=FACE_BOUND('',#3122,.T.);
#3311=FACE_BOUND('',#3123,.T.);
#3312=FACE_BOUND('',#3124,.T.);
#3313=FACE_BOUND('',#3125,.T.);
#3314=FACE_BOUND('',#3126,.T.);
#3315=FACE_BOUND('',#3127,.T.);
#3316=FACE_BOUND('',#3128,.T.);
#3317=FACE_BOUND('',#3129,.T.);
#3318=FACE_BOUND('',#3130,.T.);
#3319=FACE_BOUND('',#3131,.T.);
#3320=FACE_BOUND('',#3132,.T.);
#3321=FACE_BOUND('',#3133,.T.);
#3322=FACE_BOUND('',#3134,.T.);
#3323=FACE_BOUND('',#3135,.T.);
#3324=FACE_BOUND('',#3136,.T.);
#3325=FACE_BOUND('',#3137,.T.);
#3326=FACE_BOUND('',#3138,.T.);
#3327=FACE_BOUND('',#3139,.T.);
#3328=FACE_BOUND('',#3140,.T.);
#3329=FACE_BOUND('',#3141,.T.);
#3330=FACE_BOUND('',#3142,.T.);
#3331=FACE_BOUND('',#3143,.T.);
#3332=FACE_BOUND('',#3144,.T.);
#3333=FACE_BOUND('',#3145,.T.);
#3334=FACE_BOUND('',#3146,.T.);
#3335=FACE_BOUND('',#3147,.T.);
#3336=FACE_BOUND('',#3148,.T.);
#3337=FACE_BOUND('',#3149,.T.);
#3338=FACE_BOUND('',#3150,.T.);
#3339=FACE_BOUND('',#3151,.T.);
#3340=FACE_BOUND('',#3152,.T.);
#3341=FACE_BOUND('',#3153,.T.);
#3342=FACE_BOUND('',#3154,.T.);
#3343=FACE_BOUND('',#3155,.T.);
#3344=FACE_BOUND('',#3156,.T.);
#3345=FACE_BOUND('',#3157,.T.);
#3346=CYLINDRICAL_SURFACE('',#3604,0.00245);
#3347=CYLINDRICAL_SURFACE('',#3607,0.00245);
#3348=CYLINDRICAL_SURFACE('',#3610,0.00245);
#3349=CYLINDRICAL_SURFACE('',#3613,0.00245);
#3350=CYLINDRICAL_SURFACE('',#3616,0.00245);
#3351=CYLINDRICAL_SURFACE('',#3619,0.00245);
#3352=CYLINDRICAL_SURFACE('',#3622,0.00245);
#3353=CYLINDRICAL_SURFACE('',#3625,0.00245);
#3354=CYLINDRICAL_SURFACE('',#3628,0.00245);
#3355=CYLINDRICAL_SURFACE('',#3631,0.00245);
#3356=CYLINDRICAL_SURFACE('',#3634,0.00245);
#3357=CYLINDRICAL_SURFACE('',#3637,0.00245);
#3358=CYLINDRICAL_SURFACE('',#3640,0.00245);
#3359=CYLINDRICAL_SURFACE('',#3643,0.00245);
#3360=CYLINDRICAL_SURFACE('',#3646,0.00245);
#3361=CYLINDRICAL_SURFACE('',#3649,0.00245);
#3362=CYLINDRICAL_SURFACE('',#3652,0.00245);
#3363=CYLINDRICAL_SURFACE('',#3655,0.00245);
#3364=CYLINDRICAL_SURFACE('',#3658,0.00245);
#3365=CYLINDRICAL_SURFACE('',#3661,0.00245);
#3366=CYLINDRICAL_SURFACE('',#3664,0.00245);
#3367=CYLINDRICAL_SURFACE('',#3667,0.00245);
#3368=CYLINDRICAL_SURFACE('',#3670,0.00245);
#3369=CYLINDRICAL_SURFACE('',#3673,0.00245);
#3370=CYLINDRICAL_SURFACE('',#3676,0.00245);
#3371=CYLINDRICAL_SURFACE('',#3679,0.00245);
#3372=CYLINDRICAL_SURFACE('',#3682,0.00245);
#3373=CYLINDRICAL_SURFACE('',#3685,0.00245);
#3374=CYLINDRICAL_SURFACE('',#3688,0.00245);
#3375=CYLINDRICAL_SURFACE('',#3691,0.00245);
#3376=CYLINDRICAL_SURFACE('',#3694,0.00245);
#3377=CYLINDRICAL_SURFACE('',#3697,0.00245);
#3378=CYLINDRICAL_SURFACE('',#3700,0.00245);
#3379=CYLINDRICAL_SURFACE('',#3703,0.00245);
#3380=CYLINDRICAL_SURFACE('',#3706,0.00245);
#3381=CYLINDRICAL_SURFACE('',#3709,0.00245);
#3382=CYLINDRICAL_SURFACE('',#3712,0.00245);
#3383=CYLINDRICAL_SURFACE('',#3715,0.00245);
#3384=CYLINDRICAL_SURFACE('',#3718,0.00245);
#3385=CYLINDRICAL_SURFACE('',#3721,0.00245);
#3386=CYLINDRICAL_SURFACE('',#3724,0.00245);
#3387=CYLINDRICAL_SURFACE('',#3727,0.00245);
#3388=CYLINDRICAL_SURFACE('',#3730,0.00245);
#3389=CYLINDRICAL_SURFACE('',#3733,0.00245);
#3390=CYLINDRICAL_SURFACE('',#3736,0.00245);
#3391=CYLINDRICAL_SURFACE('',#3739,0.00245);
#3392=CYLINDRICAL_SURFACE('',#3742,0.00245);
#3393=CYLINDRICAL_SURFACE('',#3745,0.00245);
#3394=CYLINDRICAL_SURFACE('',#3748,0.00245);
#3395=CYLINDRICAL_SURFACE('',#3751,0.00245);
#3396=CYLINDRICAL_SURFACE('',#3754,0.00245);
#3397=CYLINDRICAL_SURFACE('',#3757,0.00245);
#3398=CYLINDRICAL_SURFACE('',#3760,0.00245);
#3399=CYLINDRICAL_SURFACE('',#3763,0.00245);
#3400=CYLINDRICAL_SURFACE('',#3766,0.00245);
#3401=CYLINDRICAL_SURFACE('',#3769,0.00245);
#3402=CYLINDRICAL_SURFACE('',#3772,0.00245);
#3403=CYLINDRICAL_SURFACE('',#3775,0.00245);
#3404=CYLINDRICAL_SURFACE('',#3778,0.00245);
#3405=CYLINDRICAL_SURFACE('',#3781,0.00245);
#3406=CYLINDRICAL_SURFACE('',#3789,0.0008);
#3407=ADVANCED_FACE('',(#3158),#3346,.T.);
#3408=ADVANCED_FACE('',(#3159),#3347,.T.);
#3409=ADVANCED_FACE('',(#3160),#3348,.T.);
#3410=ADVANCED_FACE('',(#3161),#3349,.T.);
#3411=ADVANCED_FACE('',(#3162),#3350,.T.);
#3412=ADVANCED_FACE('',(#3163),#3351,.T.);
#3413=ADVANCED_FACE('',(#3164),#3352,.T.);
#3414=ADVANCED_FACE('',(#3165),#3353,.T.);
#3415=ADVANCED_FACE('',(#3166),#3354,.T.);
#3416=ADVANCED_FACE('',(#3167),#3355,.T.);
#3417=ADVANCED_FACE('',(#3168),#3356,.T.);
#3418=ADVANCED_FACE('',(#3169),#3357,.T.);
#3419=ADVANCED_FACE('',(#3170),#3358,.T.);
#3420=ADVANCED_FACE('',(#3171),#3359,.T.);
#3421=ADVANCED_FACE('',(#3172),#3360,.T.);
#3422=ADVANCED_FACE('',(#3173),#3361,.T.);
#3423=ADVANCED_FACE('',(#3174),#3362,.T.);
#3424=ADVANCED_FACE('',(#3175),#3363,.T.);
#3425=ADVANCED_FACE('',(#3176),#3364,.T.);
#3426=ADVANCED_FACE('',(#3177),#3365,.T.);
#3427=ADVANCED_FACE('',(#3178),#3366,.T.);
#3428=ADVANCED_FACE('',(#3179),#3367,.T.);
#3429=ADVANCED_FACE('',(#3180),#3368,.T.);
#3430=ADVANCED_FACE('',(#3181),#3369,.T.);
#3431=ADVANCED_FACE('',(#3182),#3370,.T.);
#3432=ADVANCED_FACE('',(#3183),#3371,.T.);
#3433=ADVANCED_FACE('',(#3184),#3372,.T.);
#3434=ADVANCED_FACE('',(#3185),#3373,.T.);
#3435=ADVANCED_FACE('',(#3186),#3374,.T.);
#3436=ADVANCED_FACE('',(#3187),#3375,.T.);
#3437=ADVANCED_FACE('',(#3188),#3376,.T.);
#3438=ADVANCED_FACE('',(#3189),#3377,.T.);
#3439=ADVANCED_FACE('',(#3190),#3378,.T.);
#3440=ADVANCED_FACE('',(#3191),#3379,.T.);
#3441=ADVANCED_FACE('',(#3192),#3380,.T.);
#3442=ADVANCED_FACE('',(#3193),#3381,.T.);
#3443=ADVANCED_FACE('',(#3194),#3382,.T.);
#3444=ADVANCED_FACE('',(#3195),#3383,.T.);
#3445=ADVANCED_FACE('',(#3196),#3384,.T.);
#3446=ADVANCED_FACE('',(#3197),#3385,.T.);
#3447=ADVANCED_FACE('',(#3198),#3386,.T.);
#3448=ADVANCED_FACE('',(#3199),#3387,.T.);
#3449=ADVANCED_FACE('',(#3200),#3388,.T.);
#3450=ADVANCED_FACE('',(#3201),#3389,.T.);
#3451=ADVANCED_FACE('',(#3202),#3390,.T.);
#3452=ADVANCED_FACE('',(#3203),#3391,.T.);
#3453=ADVANCED_FACE('',(#3204),#3392,.T.);
#3454=ADVANCED_FACE('',(#3205),#3393,.T.);
#3455=ADVANCED_FACE('',(#3206),#3394,.T.);
#3456=ADVANCED_FACE('',(#3207),#3395,.T.);
#3457=ADVANCED_FACE('',(#3208),#3396,.T.);
#3458=ADVANCED_FACE('',(#3209),#3397,.T.);
#3459=ADVANCED_FACE('',(#3210),#3398,.T.);
#3460=ADVANCED_FACE('',(#3211),#3399,.T.);
#3461=ADVANCED_FACE('',(#3212),#3400,.T.);
#3462=ADVANCED_FACE('',(#3213),#3401,.T.);
#3463=ADVANCED_FACE('',(#3214),#3402,.T.);
#3464=ADVANCED_FACE('',(#3215),#3403,.T.);
#3465=ADVANCED_FACE('',(#3216),#3404,.T.);
#3466=ADVANCED_FACE('',(#3217),#3405,.T.);
#3467=ADVANCED_FACE('',(#3218,#3219),#133,.F.);
#3468=ADVANCED_FACE('',(#3220,#3221),#134,.T.);
#3469=ADVANCED_FACE('',(#3222,#3223),#3406,.F.);
#3470=ADVANCED_FACE('',(#3224,#3225),#132,.T.);
#3471=ADVANCED_FACE('',(#3226),#135,.F.);
#3472=ADVANCED_FACE('',(#3227),#136,.F.);
#3473=ADVANCED_FACE('',(#3228),#137,.F.);
#3474=ADVANCED_FACE('',(#3229),#138,.F.);
#3475=ADVANCED_FACE('',(#3230),#139,.F.);
#3476=ADVANCED_FACE('',(#3231),#140,.F.);
#3477=ADVANCED_FACE('',(#3232),#141,.F.);
#3478=ADVANCED_FACE('',(#3233),#142,.F.);
#3479=ADVANCED_FACE('',(#3234),#143,.F.);
#3480=ADVANCED_FACE('',(#3235),#144,.F.);
#3481=ADVANCED_FACE('',(#3236),#145,.F.);
#3482=ADVANCED_FACE('',(#3237),#146,.F.);
#3483=ADVANCED_FACE('',(#3238),#147,.F.);
#3484=ADVANCED_FACE('',(#3239),#148,.F.);
#3485=ADVANCED_FACE('',(#3240),#149,.F.);
#3486=ADVANCED_FACE('',(#3241),#150,.F.);
#3487=ADVANCED_FACE('',(#3242),#151,.F.);
#3488=ADVANCED_FACE('',(#3243),#152,.F.);
#3489=ADVANCED_FACE('',(#3244),#153,.F.);
#3490=ADVANCED_FACE('',(#3245),#154,.F.);
#3491=ADVANCED_FACE('',(#3246),#155,.F.);
#3492=ADVANCED_FACE('',(#3247),#156,.F.);
#3493=ADVANCED_FACE('',(#3248),#157,.F.);
#3494=ADVANCED_FACE('',(#3249),#158,.F.);
#3495=ADVANCED_FACE('',(#3250),#159,.F.);
#3496=ADVANCED_FACE('',(#3251),#160,.F.);
#3497=ADVANCED_FACE('',(#3252),#161,.F.);
#3498=ADVANCED_FACE('',(#3253),#162,.F.);
#3499=ADVANCED_FACE('',(#3254),#163,.F.);
#3500=ADVANCED_FACE('',(#3255),#164,.F.);
#3501=ADVANCED_FACE('',(#3256),#165,.F.);
#3502=ADVANCED_FACE('',(#3257),#166,.F.);
#3503=ADVANCED_FACE('',(#3258),#167,.F.);
#3504=ADVANCED_FACE('',(#3259),#168,.F.);
#3505=ADVANCED_FACE('',(#3260),#169,.F.);
#3506=ADVANCED_FACE('',(#3261),#170,.F.);
#3507=ADVANCED_FACE('',(#3262),#171,.F.);
#3508=ADVANCED_FACE('',(#3263),#172,.F.);
#3509=ADVANCED_FACE('',(#3264),#173,.F.);
#3510=ADVANCED_FACE('',(#3265),#174,.F.);
#3511=ADVANCED_FACE('',(#3266),#175,.F.);
#3512=ADVANCED_FACE('',(#3267),#176,.F.);
#3513=ADVANCED_FACE('',(#3268),#177,.F.);
#3514=ADVANCED_FACE('',(#3269),#178,.F.);
#3515=ADVANCED_FACE('',(#3270),#179,.F.);
#3516=ADVANCED_FACE('',(#3271),#180,.F.);
#3517=ADVANCED_FACE('',(#3272),#181,.F.);
#3518=ADVANCED_FACE('',(#3273),#182,.F.);
#3519=ADVANCED_FACE('',(#3274),#183,.F.);
#3520=ADVANCED_FACE('',(#3275),#184,.F.);
#3521=ADVANCED_FACE('',(#3276),#185,.F.);
#3522=ADVANCED_FACE('',(#3277),#186,.F.);
#3523=ADVANCED_FACE('',(#3278),#187,.F.);
#3524=ADVANCED_FACE('',(#3279),#188,.F.);
#3525=ADVANCED_FACE('',(#3280),#189,.F.);
#3526=ADVANCED_FACE('',(#3281),#190,.F.);
#3527=ADVANCED_FACE('',(#3282),#191,.F.);
#3528=ADVANCED_FACE('',(#3283),#192,.F.);
#3529=ADVANCED_FACE('',(#3284),#193,.F.);
#3530=ADVANCED_FACE('',(#3285),#194,.F.);
#3531=ADVANCED_FACE('',(#3286),#195,.F.);
#3532=ADVANCED_FACE('',(#3287),#196,.F.);
#3533=ADVANCED_FACE('',(#3288),#197,.F.);
#3534=ADVANCED_FACE('',(#3289),#198,.F.);
#3535=ADVANCED_FACE('',(#3290),#199,.F.);
#3536=ADVANCED_FACE('',(#3291),#200,.F.);
#3537=ADVANCED_FACE('',(#3292),#201,.F.);
#3538=ADVANCED_FACE('',(#3293),#202,.F.);
#3539=ADVANCED_FACE('',(#3294),#203,.F.);
#3540=ADVANCED_FACE('',(#3295),#204,.F.);
#3541=ADVANCED_FACE('',(#3296),#205,.F.);
#3542=ADVANCED_FACE('',(#3297),#206,.F.);
#3543=ADVANCED_FACE('',(#3298),#207,.F.);
#3544=ADVANCED_FACE('',(#3299),#208,.F.);
#3545=ADVANCED_FACE('',(#3300),#209,.F.);
#3546=ADVANCED_FACE('',(#3301),#210,.F.);
#3547=ADVANCED_FACE('',(#3302),#211,.F.);
#3548=ADVANCED_FACE('',(#3303),#212,.F.);
#3549=ADVANCED_FACE('',(#3304),#213,.F.);
#3550=ADVANCED_FACE('',(#3305),#214,.F.);
#3551=ADVANCED_FACE('',(#3306),#215,.F.);
#3552=ADVANCED_FACE('',(#3307),#216,.F.);
#3553=ADVANCED_FACE('',(#3308),#217,.F.);
#3554=ADVANCED_FACE('',(#3309),#218,.F.);
#3555=ADVANCED_FACE('',(#3310),#219,.F.);
#3556=ADVANCED_FACE('',(#3311),#220,.F.);
#3557=ADVANCED_FACE('',(#3312),#221,.F.);
#3558=ADVANCED_FACE('',(#3313),#222,.F.);
#3559=ADVANCED_FACE('',(#3314),#223,.F.);
#3560=ADVANCED_FACE('',(#3315),#224,.F.);
#3561=ADVANCED_FACE('',(#3316),#225,.F.);
#3562=ADVANCED_FACE('',(#3317),#226,.F.);
#3563=ADVANCED_FACE('',(#3318),#227,.F.);
#3564=ADVANCED_FACE('',(#3319),#228,.F.);
#3565=ADVANCED_FACE('',(#3320),#229,.F.);
#3566=ADVANCED_FACE('',(#3321),#230,.F.);
#3567=ADVANCED_FACE('',(#3322),#231,.F.);
#3568=ADVANCED_FACE('',(#3323),#232,.F.);
#3569=ADVANCED_FACE('',(#3324),#233,.F.);
#3570=ADVANCED_FACE('',(#3325),#234,.F.);
#3571=ADVANCED_FACE('',(#3326),#235,.F.);
#3572=ADVANCED_FACE('',(#3327),#236,.F.);
#3573=ADVANCED_FACE('',(#3328),#237,.F.);
#3574=ADVANCED_FACE('',(#3329),#238,.F.);
#3575=ADVANCED_FACE('',(#3330),#239,.F.);
#3576=ADVANCED_FACE('',(#3331),#240,.F.);
#3577=ADVANCED_FACE('',(#3332),#241,.F.);
#3578=ADVANCED_FACE('',(#3333),#242,.F.);
#3579=ADVANCED_FACE('',(#3334),#243,.F.);
#3580=ADVANCED_FACE('',(#3335),#244,.F.);
#3581=ADVANCED_FACE('',(#3336),#245,.F.);
#3582=ADVANCED_FACE('',(#3337),#246,.F.);
#3583=ADVANCED_FACE('',(#3338),#247,.F.);
#3584=ADVANCED_FACE('',(#3339),#248,.F.);
#3585=ADVANCED_FACE('',(#3340),#249,.F.);
#3586=ADVANCED_FACE('',(#3341),#250,.F.);
#3587=ADVANCED_FACE('',(#3342),#251,.F.);
#3588=ADVANCED_FACE('',(#3343),#252,.F.);
#3589=ADVANCED_FACE('',(#3344),#253,.F.);
#3590=ADVANCED_FACE('',(#3345),#254,.F.);
#3591=CLOSED_SHELL('',(#3407,#3408,#3409,#3410,#3411,#3412,#3413,#3414,
#3415,#3416,#3417,#3418,#3419,#3420,#3421,#3422,#3423,#3424,#3425,#3426,
#3427,#3428,#3429,#3430,#3431,#3432,#3433,#3434,#3435,#3436,#3437,#3438,
#3439,#3440,#3441,#3442,#3443,#3444,#3445,#3446,#3447,#3448,#3449,#3450,
#3451,#3452,#3453,#3454,#3455,#3456,#3457,#3458,#3459,#3460,#3461,#3462,
#3463,#3464,#3465,#3466,#3467,#3468,#3469,#3470,#3471,#3472,#3473,#3474,
#3475,#3476,#3477,#3478,#3479,#3480,#3481,#3482,#3483,#3484,#3485,#3486,
#3487,#3488,#3489,#3490,#3491,#3492,#3493,#3494,#3495,#3496,#3497,#3498,
#3499,#3500,#3501,#3502,#3503,#3504,#3505,#3506,#3507,#3508,#3509,#3510,
#3511,#3512,#3513,#3514,#3515,#3516,#3517,#3518,#3519,#3520,#3521,#3522,
#3523,#3524,#3525,#3526,#3527,#3528,#3529,#3530,#3531,#3532,#3533,#3534,
#3535,#3536,#3537,#3538,#3539,#3540,#3541,#3542,#3543,#3544,#3545,#3546,
#3547,#3548,#3549,#3550,#3551,#3552,#3553,#3554,#3555,#3556,#3557,#3558,
#3559,#3560,#3561,#3562,#3563,#3564,#3565,#3566,#3567,#3568,#3569,#3570,
#3571,#3572,#3573,#3574,#3575,#3576,#3577,#3578,#3579,#3580,#3581,#3582,
#3583,#3584,#3585,#3586,#3587,#3588,#3589,#3590));
#3592=STYLED_ITEM('',(#3593),#3600);
#3593=PRESENTATION_STYLE_ASSIGNMENT((#3594));
#3594=SURFACE_STYLE_USAGE(.BOTH.,#3595);
#3595=SURFACE_SIDE_STYLE('',(#3596));
#3596=SURFACE_STYLE_FILL_AREA(#3597);
#3597=FILL_AREA_STYLE('',(#3598));
#3598=FILL_AREA_STYLE_COLOUR('',#3599);
#3599=DRAUGHTING_PRE_DEFINED_COLOUR('white');
#3600=MANIFOLD_SOLID_BREP('Tower Pro - Micro Servo 9g - SG90.1',#3591);
#3601=SHAPE_DEFINITION_REPRESENTATION(#6284,#3602);
#3602=SHAPE_REPRESENTATION('Tower Pro - Micro Servo 9g - SG90.1',(#3603),
#6279);
#3603=AXIS2_PLACEMENT_3D('',#4827,#3911,#3912);
#3604=AXIS2_PLACEMENT_3D('',#4828,#3913,#3914);
#3605=AXIS2_PLACEMENT_3D('',#4829,#3915,#3916);
#3606=AXIS2_PLACEMENT_3D('',#4834,#3918,#3919);
#3607=AXIS2_PLACEMENT_3D('',#4837,#3921,#3922);
#3608=AXIS2_PLACEMENT_3D('',#4838,#3923,#3924);
#3609=AXIS2_PLACEMENT_3D('',#4843,#3926,#3927);
#3610=AXIS2_PLACEMENT_3D('',#4846,#3929,#3930);
#3611=AXIS2_PLACEMENT_3D('',#4847,#3931,#3932);
#3612=AXIS2_PLACEMENT_3D('',#4852,#3934,#3935);
#3613=AXIS2_PLACEMENT_3D('',#4855,#3937,#3938);
#3614=AXIS2_PLACEMENT_3D('',#4856,#3939,#3940);
#3615=AXIS2_PLACEMENT_3D('',#4861,#3942,#3943);
#3616=AXIS2_PLACEMENT_3D('',#4864,#3945,#3946);
#3617=AXIS2_PLACEMENT_3D('',#4865,#3947,#3948);
#3618=AXIS2_PLACEMENT_3D('',#4870,#3950,#3951);
#3619=AXIS2_PLACEMENT_3D('',#4873,#3953,#3954);
#3620=AXIS2_PLACEMENT_3D('',#4874,#3955,#3956);
#3621=AXIS2_PLACEMENT_3D('',#4879,#3958,#3959);
#3622=AXIS2_PLACEMENT_3D('',#4882,#3961,#3962);
#3623=AXIS2_PLACEMENT_3D('',#4883,#3963,#3964);
#3624=AXIS2_PLACEMENT_3D('',#4888,#3966,#3967);
#3625=AXIS2_PLACEMENT_3D('',#4891,#3969,#3970);
#3626=AXIS2_PLACEMENT_3D('',#4892,#3971,#3972);
#3627=AXIS2_PLACEMENT_3D('',#4897,#3974,#3975);
#3628=AXIS2_PLACEMENT_3D('',#4900,#3977,#3978);
#3629=AXIS2_PLACEMENT_3D('',#4901,#3979,#3980);
#3630=AXIS2_PLACEMENT_3D('',#4906,#3982,#3983);
#3631=AXIS2_PLACEMENT_3D('',#4909,#3985,#3986);
#3632=AXIS2_PLACEMENT_3D('',#4910,#3987,#3988);
#3633=AXIS2_PLACEMENT_3D('',#4915,#3990,#3991);
#3634=AXIS2_PLACEMENT_3D('',#4918,#3993,#3994);
#3635=AXIS2_PLACEMENT_3D('',#4919,#3995,#3996);
#3636=AXIS2_PLACEMENT_3D('',#4924,#3998,#3999);
#3637=AXIS2_PLACEMENT_3D('',#4927,#4001,#4002);
#3638=AXIS2_PLACEMENT_3D('',#4928,#4003,#4004);
#3639=AXIS2_PLACEMENT_3D('',#4933,#4006,#4007);
#3640=AXIS2_PLACEMENT_3D('',#4936,#4009,#4010);
#3641=AXIS2_PLACEMENT_3D('',#4937,#4011,#4012);
#3642=AXIS2_PLACEMENT_3D('',#4942,#4014,#4015);
#3643=AXIS2_PLACEMENT_3D('',#4945,#4017,#4018);
#3644=AXIS2_PLACEMENT_3D('',#4946,#4019,#4020);
#3645=AXIS2_PLACEMENT_3D('',#4951,#4022,#4023);
#3646=AXIS2_PLACEMENT_3D('',#4954,#4025,#4026);
#3647=AXIS2_PLACEMENT_3D('',#4955,#4027,#4028);
#3648=AXIS2_PLACEMENT_3D('',#4960,#4030,#4031);
#3649=AXIS2_PLACEMENT_3D('',#4963,#4033,#4034);
#3650=AXIS2_PLACEMENT_3D('',#4964,#4035,#4036);
#3651=AXIS2_PLACEMENT_3D('',#4969,#4038,#4039);
#3652=AXIS2_PLACEMENT_3D('',#4972,#4041,#4042);
#3653=AXIS2_PLACEMENT_3D('',#4973,#4043,#4044);
#3654=AXIS2_PLACEMENT_3D('',#4978,#4046,#4047);
#3655=AXIS2_PLACEMENT_3D('',#4981,#4049,#4050);
#3656=AXIS2_PLACEMENT_3D('',#4982,#4051,#4052);
#3657=AXIS2_PLACEMENT_3D('',#4987,#4054,#4055);
#3658=AXIS2_PLACEMENT_3D('',#4990,#4057,#4058);
#3659=AXIS2_PLACEMENT_3D('',#4991,#4059,#4060);
#3660=AXIS2_PLACEMENT_3D('',#4996,#4062,#4063);
#3661=AXIS2_PLACEMENT_3D('',#4999,#4065,#4066);
#3662=AXIS2_PLACEMENT_3D('',#5000,#4067,#4068);
#3663=AXIS2_PLACEMENT_3D('',#5005,#4070,#4071);
#3664=AXIS2_PLACEMENT_3D('',#5008,#4073,#4074);
#3665=AXIS2_PLACEMENT_3D('',#5009,#4075,#4076);
#3666=AXIS2_PLACEMENT_3D('',#5014,#4078,#4079);
#3667=AXIS2_PLACEMENT_3D('',#5017,#4081,#4082);
#3668=AXIS2_PLACEMENT_3D('',#5018,#4083,#4084);
#3669=AXIS2_PLACEMENT_3D('',#5023,#4086,#4087);
#3670=AXIS2_PLACEMENT_3D('',#5026,#4089,#4090);
#3671=AXIS2_PLACEMENT_3D('',#5027,#4091,#4092);
#3672=AXIS2_PLACEMENT_3D('',#5032,#4094,#4095);
#3673=AXIS2_PLACEMENT_3D('',#5035,#4097,#4098);
#3674=AXIS2_PLACEMENT_3D('',#5036,#4099,#4100);
#3675=AXIS2_PLACEMENT_3D('',#5041,#4102,#4103);
#3676=AXIS2_PLACEMENT_3D('',#5044,#4105,#4106);
#3677=AXIS2_PLACEMENT_3D('',#5045,#4107,#4108);
#3678=AXIS2_PLACEMENT_3D('',#5050,#4110,#4111);
#3679=AXIS2_PLACEMENT_3D('',#5053,#4113,#4114);
#3680=AXIS2_PLACEMENT_3D('',#5054,#4115,#4116);
#3681=AXIS2_PLACEMENT_3D('',#5059,#4118,#4119);
#3682=AXIS2_PLACEMENT_3D('',#5062,#4121,#4122);
#3683=AXIS2_PLACEMENT_3D('',#5063,#4123,#4124);
#3684=AXIS2_PLACEMENT_3D('',#5068,#4126,#4127);
#3685=AXIS2_PLACEMENT_3D('',#5071,#4129,#4130);
#3686=AXIS2_PLACEMENT_3D('',#5072,#4131,#4132);
#3687=AXIS2_PLACEMENT_3D('',#5077,#4134,#4135);
#3688=AXIS2_PLACEMENT_3D('',#5080,#4137,#4138);
#3689=AXIS2_PLACEMENT_3D('',#5081,#4139,#4140);
#3690=AXIS2_PLACEMENT_3D('',#5086,#4142,#4143);
#3691=AXIS2_PLACEMENT_3D('',#5089,#4145,#4146);
#3692=AXIS2_PLACEMENT_3D('',#5090,#4147,#4148);
#3693=AXIS2_PLACEMENT_3D('',#5095,#4150,#4151);
#3694=AXIS2_PLACEMENT_3D('',#5098,#4153,#4154);
#3695=AXIS2_PLACEMENT_3D('',#5099,#4155,#4156);
#3696=AXIS2_PLACEMENT_3D('',#5104,#4158,#4159);
#3697=AXIS2_PLACEMENT_3D('',#5107,#4161,#4162);
#3698=AXIS2_PLACEMENT_3D('',#5108,#4163,#4164);
#3699=AXIS2_PLACEMENT_3D('',#5113,#4166,#4167);
#3700=AXIS2_PLACEMENT_3D('',#5116,#4169,#4170);
#3701=AXIS2_PLACEMENT_3D('',#5117,#4171,#4172);
#3702=AXIS2_PLACEMENT_3D('',#5122,#4174,#4175);
#3703=AXIS2_PLACEMENT_3D('',#5125,#4177,#4178);
#3704=AXIS2_PLACEMENT_3D('',#5126,#4179,#4180);
#3705=AXIS2_PLACEMENT_3D('',#5131,#4182,#4183);
#3706=AXIS2_PLACEMENT_3D('',#5134,#4185,#4186);
#3707=AXIS2_PLACEMENT_3D('',#5135,#4187,#4188);
#3708=AXIS2_PLACEMENT_3D('',#5140,#4190,#4191);
#3709=AXIS2_PLACEMENT_3D('',#5143,#4193,#4194);
#3710=AXIS2_PLACEMENT_3D('',#5144,#4195,#4196);
#3711=AXIS2_PLACEMENT_3D('',#5149,#4198,#4199);
#3712=AXIS2_PLACEMENT_3D('',#5152,#4201,#4202);
#3713=AXIS2_PLACEMENT_3D('',#5153,#4203,#4204);
#3714=AXIS2_PLACEMENT_3D('',#5158,#4206,#4207);
#3715=AXIS2_PLACEMENT_3D('',#5161,#4209,#4210);
#3716=AXIS2_PLACEMENT_3D('',#5162,#4211,#4212);
#3717=AXIS2_PLACEMENT_3D('',#5167,#4214,#4215);
#3718=AXIS2_PLACEMENT_3D('',#5170,#4217,#4218);
#3719=AXIS2_PLACEMENT_3D('',#5171,#4219,#4220);
#3720=AXIS2_PLACEMENT_3D('',#5176,#4222,#4223);
#3721=AXIS2_PLACEMENT_3D('',#5179,#4225,#4226);
#3722=AXIS2_PLACEMENT_3D('',#5180,#4227,#4228);
#3723=AXIS2_PLACEMENT_3D('',#5185,#4230,#4231);
#3724=AXIS2_PLACEMENT_3D('',#5188,#4233,#4234);
#3725=AXIS2_PLACEMENT_3D('',#5189,#4235,#4236);
#3726=AXIS2_PLACEMENT_3D('',#5194,#4238,#4239);
#3727=AXIS2_PLACEMENT_3D('',#5197,#4241,#4242);
#3728=AXIS2_PLACEMENT_3D('',#5198,#4243,#4244);
#3729=AXIS2_PLACEMENT_3D('',#5203,#4246,#4247);
#3730=AXIS2_PLACEMENT_3D('',#5206,#4249,#4250);
#3731=AXIS2_PLACEMENT_3D('',#5207,#4251,#4252);
#3732=AXIS2_PLACEMENT_3D('',#5212,#4254,#4255);
#3733=AXIS2_PLACEMENT_3D('',#5215,#4257,#4258);
#3734=AXIS2_PLACEMENT_3D('',#5216,#4259,#4260);
#3735=AXIS2_PLACEMENT_3D('',#5221,#4262,#4263);
#3736=AXIS2_PLACEMENT_3D('',#5224,#4265,#4266);
#3737=AXIS2_PLACEMENT_3D('',#5225,#4267,#4268);
#3738=AXIS2_PLACEMENT_3D('',#5230,#4270,#4271);
#3739=AXIS2_PLACEMENT_3D('',#5233,#4273,#4274);
#3740=AXIS2_PLACEMENT_3D('',#5234,#4275,#4276);
#3741=AXIS2_PLACEMENT_3D('',#5239,#4278,#4279);
#3742=AXIS2_PLACEMENT_3D('',#5242,#4281,#4282);
#3743=AXIS2_PLACEMENT_3D('',#5243,#4283,#4284);
#3744=AXIS2_PLACEMENT_3D('',#5248,#4286,#4287);
#3745=AXIS2_PLACEMENT_3D('',#5251,#4289,#4290);
#3746=AXIS2_PLACEMENT_3D('',#5252,#4291,#4292);
#3747=AXIS2_PLACEMENT_3D('',#5257,#4294,#4295);
#3748=AXIS2_PLACEMENT_3D('',#5260,#4297,#4298);
#3749=AXIS2_PLACEMENT_3D('',#5261,#4299,#4300);
#3750=AXIS2_PLACEMENT_3D('',#5266,#4302,#4303);
#3751=AXIS2_PLACEMENT_3D('',#5269,#4305,#4306);
#3752=AXIS2_PLACEMENT_3D('',#5270,#4307,#4308);
#3753=AXIS2_PLACEMENT_3D('',#5275,#4310,#4311);
#3754=AXIS2_PLACEMENT_3D('',#5278,#4313,#4314);
#3755=AXIS2_PLACEMENT_3D('',#5279,#4315,#4316);
#3756=AXIS2_PLACEMENT_3D('',#5284,#4318,#4319);
#3757=AXIS2_PLACEMENT_3D('',#5287,#4321,#4322);
#3758=AXIS2_PLACEMENT_3D('',#5288,#4323,#4324);
#3759=AXIS2_PLACEMENT_3D('',#5293,#4326,#4327);
#3760=AXIS2_PLACEMENT_3D('',#5296,#4329,#4330);
#3761=AXIS2_PLACEMENT_3D('',#5297,#4331,#4332);
#3762=AXIS2_PLACEMENT_3D('',#5302,#4334,#4335);
#3763=AXIS2_PLACEMENT_3D('',#5305,#4337,#4338);
#3764=AXIS2_PLACEMENT_3D('',#5306,#4339,#4340);
#3765=AXIS2_PLACEMENT_3D('',#5311,#4342,#4343);
#3766=AXIS2_PLACEMENT_3D('',#5314,#4345,#4346);
#3767=AXIS2_PLACEMENT_3D('',#5315,#4347,#4348);
#3768=AXIS2_PLACEMENT_3D('',#5320,#4350,#4351);
#3769=AXIS2_PLACEMENT_3D('',#5323,#4353,#4354);
#3770=AXIS2_PLACEMENT_3D('',#5324,#4355,#4356);
#3771=AXIS2_PLACEMENT_3D('',#5329,#4358,#4359);
#3772=AXIS2_PLACEMENT_3D('',#5332,#4361,#4362);
#3773=AXIS2_PLACEMENT_3D('',#5333,#4363,#4364);
#3774=AXIS2_PLACEMENT_3D('',#5338,#4366,#4367);
#3775=AXIS2_PLACEMENT_3D('',#5341,#4369,#4370);
#3776=AXIS2_PLACEMENT_3D('',#5342,#4371,#4372);
#3777=AXIS2_PLACEMENT_3D('',#5347,#4374,#4375);
#3778=AXIS2_PLACEMENT_3D('',#5350,#4377,#4378);
#3779=AXIS2_PLACEMENT_3D('',#5351,#4379,#4380);
#3780=AXIS2_PLACEMENT_3D('',#5356,#4382,#4383);
#3781=AXIS2_PLACEMENT_3D('',#5359,#4385,#4386);
#3782=AXIS2_PLACEMENT_3D('',#5360,#4387,#4388);
#3783=AXIS2_PLACEMENT_3D('',#5365,#4390,#4391);
#3784=AXIS2_PLACEMENT_3D('',#5368,#4393,#4394);
#3785=AXIS2_PLACEMENT_3D('',#5369,#4395,#4396);
#3786=AXIS2_PLACEMENT_3D('',#5551,#4517,#4518);
#3787=AXIS2_PLACEMENT_3D('',#5552,#4519,#4520);
#3788=AXIS2_PLACEMENT_3D('',#5554,#4521,#4522);
#3789=AXIS2_PLACEMENT_3D('',#5556,#4523,#4524);
#3790=AXIS2_PLACEMENT_3D('',#5557,#4525,#4526);
#3791=AXIS2_PLACEMENT_3D('',#6098,#4527,#4528);
#3792=AXIS2_PLACEMENT_3D('',#6100,#4530,#4531);
#3793=AXIS2_PLACEMENT_3D('',#6101,#4532,#4533);
#3794=AXIS2_PLACEMENT_3D('',#6103,#4535,#4536);
#3795=AXIS2_PLACEMENT_3D('',#6104,#4537,#4538);
#3796=AXIS2_PLACEMENT_3D('',#6106,#4540,#4541);
#3797=AXIS2_PLACEMENT_3D('',#6107,#4542,#4543);
#3798=AXIS2_PLACEMENT_3D('',#6109,#4545,#4546);
#3799=AXIS2_PLACEMENT_3D('',#6110,#4547,#4548);
#3800=AXIS2_PLACEMENT_3D('',#6112,#4550,#4551);
#3801=AXIS2_PLACEMENT_3D('',#6113,#4552,#4553);
#3802=AXIS2_PLACEMENT_3D('',#6115,#4555,#4556);
#3803=AXIS2_PLACEMENT_3D('',#6116,#4557,#4558);
#3804=AXIS2_PLACEMENT_3D('',#6118,#4560,#4561);
#3805=AXIS2_PLACEMENT_3D('',#6119,#4562,#4563);
#3806=AXIS2_PLACEMENT_3D('',#6121,#4565,#4566);
#3807=AXIS2_PLACEMENT_3D('',#6122,#4567,#4568);
#3808=AXIS2_PLACEMENT_3D('',#6124,#4570,#4571);
#3809=AXIS2_PLACEMENT_3D('',#6125,#4572,#4573);
#3810=AXIS2_PLACEMENT_3D('',#6127,#4575,#4576);
#3811=AXIS2_PLACEMENT_3D('',#6128,#4577,#4578);
#3812=AXIS2_PLACEMENT_3D('',#6130,#4580,#4581);
#3813=AXIS2_PLACEMENT_3D('',#6131,#4582,#4583);
#3814=AXIS2_PLACEMENT_3D('',#6133,#4585,#4586);
#3815=AXIS2_PLACEMENT_3D('',#6134,#4587,#4588);
#3816=AXIS2_PLACEMENT_3D('',#6136,#4590,#4591);
#3817=AXIS2_PLACEMENT_3D('',#6137,#4592,#4593);
#3818=AXIS2_PLACEMENT_3D('',#6139,#4595,#4596);
#3819=AXIS2_PLACEMENT_3D('',#6140,#4597,#4598);
#3820=AXIS2_PLACEMENT_3D('',#6142,#4600,#4601);
#3821=AXIS2_PLACEMENT_3D('',#6143,#4602,#4603);
#3822=AXIS2_PLACEMENT_3D('',#6145,#4605,#4606);
#3823=AXIS2_PLACEMENT_3D('',#6146,#4607,#4608);
#3824=AXIS2_PLACEMENT_3D('',#6148,#4610,#4611);
#3825=AXIS2_PLACEMENT_3D('',#6149,#4612,#4613);
#3826=AXIS2_PLACEMENT_3D('',#6151,#4615,#4616);
#3827=AXIS2_PLACEMENT_3D('',#6152,#4617,#4618);
#3828=AXIS2_PLACEMENT_3D('',#6154,#4620,#4621);
#3829=AXIS2_PLACEMENT_3D('',#6155,#4622,#4623);
#3830=AXIS2_PLACEMENT_3D('',#6157,#4625,#4626);
#3831=AXIS2_PLACEMENT_3D('',#6158,#4627,#4628);
#3832=AXIS2_PLACEMENT_3D('',#6160,#4630,#4631);
#3833=AXIS2_PLACEMENT_3D('',#6161,#4632,#4633);
#3834=AXIS2_PLACEMENT_3D('',#6163,#4635,#4636);
#3835=AXIS2_PLACEMENT_3D('',#6164,#4637,#4638);
#3836=AXIS2_PLACEMENT_3D('',#6166,#4640,#4641);
#3837=AXIS2_PLACEMENT_3D('',#6167,#4642,#4643);
#3838=AXIS2_PLACEMENT_3D('',#6169,#4645,#4646);
#3839=AXIS2_PLACEMENT_3D('',#6170,#4647,#4648);
#3840=AXIS2_PLACEMENT_3D('',#6172,#4650,#4651);
#3841=AXIS2_PLACEMENT_3D('',#6173,#4652,#4653);
#3842=AXIS2_PLACEMENT_3D('',#6175,#4655,#4656);
#3843=AXIS2_PLACEMENT_3D('',#6176,#4657,#4658);
#3844=AXIS2_PLACEMENT_3D('',#6178,#4660,#4661);
#3845=AXIS2_PLACEMENT_3D('',#6179,#4662,#4663);
#3846=AXIS2_PLACEMENT_3D('',#6181,#4665,#4666);
#3847=AXIS2_PLACEMENT_3D('',#6182,#4667,#4668);
#3848=AXIS2_PLACEMENT_3D('',#6184,#4670,#4671);
#3849=AXIS2_PLACEMENT_3D('',#6185,#4672,#4673);
#3850=AXIS2_PLACEMENT_3D('',#6187,#4675,#4676);
#3851=AXIS2_PLACEMENT_3D('',#6188,#4677,#4678);
#3852=AXIS2_PLACEMENT_3D('',#6190,#4680,#4681);
#3853=AXIS2_PLACEMENT_3D('',#6191,#4682,#4683);
#3854=AXIS2_PLACEMENT_3D('',#6193,#4685,#4686);
#3855=AXIS2_PLACEMENT_3D('',#6194,#4687,#4688);
#3856=AXIS2_PLACEMENT_3D('',#6196,#4690,#4691);
#3857=AXIS2_PLACEMENT_3D('',#6197,#4692,#4693);
#3858=AXIS2_PLACEMENT_3D('',#6199,#4695,#4696);
#3859=AXIS2_PLACEMENT_3D('',#6200,#4697,#4698);
#3860=AXIS2_PLACEMENT_3D('',#6202,#4700,#4701);
#3861=AXIS2_PLACEMENT_3D('',#6203,#4702,#4703);
#3862=AXIS2_PLACEMENT_3D('',#6205,#4705,#4706);
#3863=AXIS2_PLACEMENT_3D('',#6206,#4707,#4708);
#3864=AXIS2_PLACEMENT_3D('',#6208,#4710,#4711);
#3865=AXIS2_PLACEMENT_3D('',#6209,#4712,#4713);
#3866=AXIS2_PLACEMENT_3D('',#6211,#4715,#4716);
#3867=AXIS2_PLACEMENT_3D('',#6212,#4717,#4718);
#3868=AXIS2_PLACEMENT_3D('',#6214,#4720,#4721);
#3869=AXIS2_PLACEMENT_3D('',#6215,#4722,#4723);
#3870=AXIS2_PLACEMENT_3D('',#6217,#4725,#4726);
#3871=AXIS2_PLACEMENT_3D('',#6218,#4727,#4728);
#3872=AXIS2_PLACEMENT_3D('',#6220,#4730,#4731);
#3873=AXIS2_PLACEMENT_3D('',#6221,#4732,#4733);
#3874=AXIS2_PLACEMENT_3D('',#6223,#4735,#4736);
#3875=AXIS2_PLACEMENT_3D('',#6224,#4737,#4738);
#3876=AXIS2_PLACEMENT_3D('',#6226,#4740,#4741);
#3877=AXIS2_PLACEMENT_3D('',#6227,#4742,#4743);
#3878=AXIS2_PLACEMENT_3D('',#6229,#4745,#4746);
#3879=AXIS2_PLACEMENT_3D('',#6230,#4747,#4748);
#3880=AXIS2_PLACEMENT_3D('',#6232,#4750,#4751);
#3881=AXIS2_PLACEMENT_3D('',#6233,#4752,#4753);
#3882=AXIS2_PLACEMENT_3D('',#6235,#4755,#4756);
#3883=AXIS2_PLACEMENT_3D('',#6236,#4757,#4758);
#3884=AXIS2_PLACEMENT_3D('',#6238,#4760,#4761);
#3885=AXIS2_PLACEMENT_3D('',#6239,#4762,#4763);
#3886=AXIS2_PLACEMENT_3D('',#6241,#4765,#4766);
#3887=AXIS2_PLACEMENT_3D('',#6242,#4767,#4768);
#3888=AXIS2_PLACEMENT_3D('',#6244,#4770,#4771);
#3889=AXIS2_PLACEMENT_3D('',#6245,#4772,#4773);
#3890=AXIS2_PLACEMENT_3D('',#6247,#4775,#4776);
#3891=AXIS2_PLACEMENT_3D('',#6248,#4777,#4778);
#3892=AXIS2_PLACEMENT_3D('',#6250,#4780,#4781);
#3893=AXIS2_PLACEMENT_3D('',#6251,#4782,#4783);
#3894=AXIS2_PLACEMENT_3D('',#6253,#4785,#4786);
#3895=AXIS2_PLACEMENT_3D('',#6254,#4787,#4788);
#3896=AXIS2_PLACEMENT_3D('',#6256,#4790,#4791);
#3897=AXIS2_PLACEMENT_3D('',#6257,#4792,#4793);
#3898=AXIS2_PLACEMENT_3D('',#6259,#4795,#4796);
#3899=AXIS2_PLACEMENT_3D('',#6260,#4797,#4798);
#3900=AXIS2_PLACEMENT_3D('',#6262,#4800,#4801);
#3901=AXIS2_PLACEMENT_3D('',#6263,#4802,#4803);
#3902=AXIS2_PLACEMENT_3D('',#6265,#4805,#4806);
#3903=AXIS2_PLACEMENT_3D('',#6266,#4807,#4808);
#3904=AXIS2_PLACEMENT_3D('',#6268,#4810,#4811);
#3905=AXIS2_PLACEMENT_3D('',#6269,#4812,#4813);
#3906=AXIS2_PLACEMENT_3D('',#6271,#4815,#4816);
#3907=AXIS2_PLACEMENT_3D('',#6272,#4817,#4818);
#3908=AXIS2_PLACEMENT_3D('',#6274,#4820,#4821);
#3909=AXIS2_PLACEMENT_3D('',#6275,#4822,#4823);
#3910=AXIS2_PLACEMENT_3D('',#6277,#4825,#4826);
#3911=DIRECTION('',(0.,0.,1.));
#3912=DIRECTION('',(1.,0.,0.));
#3913=DIRECTION('',(0.,-1.,0.));
#3914=DIRECTION('',(0.,0.,-1.));
#3915=DIRECTION('',(0.,1.,0.));
#3916=DIRECTION('',(0.,0.,1.));
#3917=DIRECTION('',(0.,1.,0.));
#3918=DIRECTION('',(0.,1.,0.));
#3919=DIRECTION('',(0.,0.,1.));
#3920=DIRECTION('',(0.,1.,0.));
#3921=DIRECTION('',(0.,-1.,0.));
#3922=DIRECTION('',(0.,0.,-1.));
#3923=DIRECTION('',(0.,1.,0.));
#3924=DIRECTION('',(0.,0.,1.));
#3925=DIRECTION('',(0.,1.,0.));
#3926=DIRECTION('',(0.,1.,0.));
#3927=DIRECTION('',(0.,0.,1.));
#3928=DIRECTION('',(0.,1.,0.));
#3929=DIRECTION('',(0.,-1.,0.));
#3930=DIRECTION('',(0.,0.,-1.));
#3931=DIRECTION('',(0.,1.,0.));
#3932=DIRECTION('',(0.,0.,1.));
#3933=DIRECTION('',(0.,1.,0.));
#3934=DIRECTION('',(0.,1.,0.));
#3935=DIRECTION('',(0.,0.,1.));
#3936=DIRECTION('',(0.,1.,0.));
#3937=DIRECTION('',(0.,-1.,0.));
#3938=DIRECTION('',(0.,0.,-1.));
#3939=DIRECTION('',(0.,1.,0.));
#3940=DIRECTION('',(0.,0.,1.));
#3941=DIRECTION('',(0.,1.,0.));
#3942=DIRECTION('',(0.,1.,0.));
#3943=DIRECTION('',(0.,0.,1.));
#3944=DIRECTION('',(0.,1.,0.));
#3945=DIRECTION('',(0.,-1.,0.));
#3946=DIRECTION('',(0.,0.,-1.));
#3947=DIRECTION('',(0.,1.,0.));
#3948=DIRECTION('',(0.,0.,1.));
#3949=DIRECTION('',(0.,1.,0.));
#3950=DIRECTION('',(0.,1.,0.));
#3951=DIRECTION('',(0.,0.,1.));
#3952=DIRECTION('',(0.,1.,0.));
#3953=DIRECTION('',(0.,-1.,0.));
#3954=DIRECTION('',(0.,0.,-1.));
#3955=DIRECTION('',(0.,1.,0.));
#3956=DIRECTION('',(0.,0.,1.));
#3957=DIRECTION('',(0.,1.,0.));
#3958=DIRECTION('',(0.,1.,0.));
#3959=DIRECTION('',(0.,0.,1.));
#3960=DIRECTION('',(0.,1.,0.));
#3961=DIRECTION('',(0.,-1.,0.));
#3962=DIRECTION('',(0.,0.,-1.));
#3963=DIRECTION('',(0.,1.,0.));
#3964=DIRECTION('',(0.,0.,1.));
#3965=DIRECTION('',(0.,1.,0.));
#3966=DIRECTION('',(0.,1.,0.));
#3967=DIRECTION('',(0.,0.,1.));
#3968=DIRECTION('',(0.,1.,0.));
#3969=DIRECTION('',(0.,-1.,0.));
#3970=DIRECTION('',(0.,0.,-1.));
#3971=DIRECTION('',(0.,1.,0.));
#3972=DIRECTION('',(0.,0.,1.));
#3973=DIRECTION('',(0.,1.,0.));
#3974=DIRECTION('',(0.,1.,0.));
#3975=DIRECTION('',(0.,0.,1.));
#3976=DIRECTION('',(0.,1.,0.));
#3977=DIRECTION('',(0.,-1.,0.));
#3978=DIRECTION('',(0.,0.,-1.));
#3979=DIRECTION('',(0.,1.,0.));
#3980=DIRECTION('',(0.,0.,1.));
#3981=DIRECTION('',(0.,1.,0.));
#3982=DIRECTION('',(0.,1.,0.));
#3983=DIRECTION('',(0.,0.,1.));
#3984=DIRECTION('',(0.,1.,0.));
#3985=DIRECTION('',(0.,-1.,0.));
#3986=DIRECTION('',(0.,0.,-1.));
#3987=DIRECTION('',(0.,1.,0.));
#3988=DIRECTION('',(0.,0.,1.));
#3989=DIRECTION('',(0.,1.,0.));
#3990=DIRECTION('',(0.,1.,0.));
#3991=DIRECTION('',(0.,0.,1.));
#3992=DIRECTION('',(0.,1.,0.));
#3993=DIRECTION('',(0.,-1.,0.));
#3994=DIRECTION('',(0.,0.,-1.));
#3995=DIRECTION('',(0.,1.,0.));
#3996=DIRECTION('',(0.,0.,1.));
#3997=DIRECTION('',(0.,1.,0.));
#3998=DIRECTION('',(0.,1.,0.));
#3999=DIRECTION('',(0.,0.,1.));
#4000=DIRECTION('',(0.,1.,0.));
#4001=DIRECTION('',(0.,-1.,0.));
#4002=DIRECTION('',(0.,0.,-1.));
#4003=DIRECTION('',(0.,1.,0.));
#4004=DIRECTION('',(0.,0.,1.));
#4005=DIRECTION('',(0.,1.,0.));
#4006=DIRECTION('',(0.,1.,0.));
#4007=DIRECTION('',(0.,0.,1.));
#4008=DIRECTION('',(0.,1.,0.));
#4009=DIRECTION('',(0.,-1.,0.));
#4010=DIRECTION('',(0.,0.,-1.));
#4011=DIRECTION('',(0.,1.,0.));
#4012=DIRECTION('',(0.,0.,1.));
#4013=DIRECTION('',(0.,1.,0.));
#4014=DIRECTION('',(0.,1.,0.));
#4015=DIRECTION('',(0.,0.,1.));
#4016=DIRECTION('',(0.,1.,0.));
#4017=DIRECTION('',(0.,-1.,0.));
#4018=DIRECTION('',(0.,0.,-1.));
#4019=DIRECTION('',(0.,1.,0.));
#4020=DIRECTION('',(0.,0.,1.));
#4021=DIRECTION('',(0.,1.,0.));
#4022=DIRECTION('',(0.,1.,0.));
#4023=DIRECTION('',(0.,0.,1.));
#4024=DIRECTION('',(0.,1.,0.));
#4025=DIRECTION('',(0.,-1.,0.));
#4026=DIRECTION('',(0.,0.,-1.));
#4027=DIRECTION('',(0.,1.,0.));
#4028=DIRECTION('',(0.,0.,1.));
#4029=DIRECTION('',(0.,1.,0.));
#4030=DIRECTION('',(0.,1.,0.));
#4031=DIRECTION('',(0.,0.,1.));
#4032=DIRECTION('',(0.,1.,0.));
#4033=DIRECTION('',(0.,-1.,0.));
#4034=DIRECTION('',(0.,0.,-1.));
#4035=DIRECTION('',(0.,1.,0.));
#4036=DIRECTION('',(0.,0.,1.));
#4037=DIRECTION('',(0.,1.,0.));
#4038=DIRECTION('',(0.,1.,0.));
#4039=DIRECTION('',(0.,0.,1.));
#4040=DIRECTION('',(0.,1.,0.));
#4041=DIRECTION('',(0.,-1.,0.));
#4042=DIRECTION('',(0.,0.,-1.));
#4043=DIRECTION('',(0.,1.,0.));
#4044=DIRECTION('',(0.,0.,1.));
#4045=DIRECTION('',(0.,1.,0.));
#4046=DIRECTION('',(0.,1.,0.));
#4047=DIRECTION('',(0.,0.,1.));
#4048=DIRECTION('',(0.,1.,0.));
#4049=DIRECTION('',(0.,-1.,0.));
#4050=DIRECTION('',(0.,0.,-1.));
#4051=DIRECTION('',(0.,1.,0.));
#4052=DIRECTION('',(0.,0.,1.));
#4053=DIRECTION('',(0.,1.,0.));
#4054=DIRECTION('',(0.,1.,0.));
#4055=DIRECTION('',(0.,0.,1.));
#4056=DIRECTION('',(0.,1.,0.));
#4057=DIRECTION('',(0.,-1.,0.));
#4058=DIRECTION('',(0.,0.,-1.));
#4059=DIRECTION('',(0.,1.,0.));
#4060=DIRECTION('',(0.,0.,1.));
#4061=DIRECTION('',(0.,1.,0.));
#4062=DIRECTION('',(0.,1.,0.));
#4063=DIRECTION('',(0.,0.,1.));
#4064=DIRECTION('',(0.,1.,0.));
#4065=DIRECTION('',(0.,-1.,0.));
#4066=DIRECTION('',(0.,0.,-1.));
#4067=DIRECTION('',(0.,1.,0.));
#4068=DIRECTION('',(0.,0.,1.));
#4069=DIRECTION('',(0.,1.,0.));
#4070=DIRECTION('',(0.,1.,0.));
#4071=DIRECTION('',(0.,0.,1.));
#4072=DIRECTION('',(0.,1.,0.));
#4073=DIRECTION('',(0.,-1.,0.));
#4074=DIRECTION('',(0.,0.,-1.));
#4075=DIRECTION('',(0.,1.,0.));
#4076=DIRECTION('',(0.,0.,1.));
#4077=DIRECTION('',(0.,1.,0.));
#4078=DIRECTION('',(0.,1.,0.));
#4079=DIRECTION('',(0.,0.,1.));
#4080=DIRECTION('',(0.,1.,0.));
#4081=DIRECTION('',(0.,-1.,0.));
#4082=DIRECTION('',(0.,0.,-1.));
#4083=DIRECTION('',(0.,1.,0.));
#4084=DIRECTION('',(0.,0.,1.));
#4085=DIRECTION('',(0.,1.,0.));
#4086=DIRECTION('',(0.,1.,0.));
#4087=DIRECTION('',(0.,0.,1.));
#4088=DIRECTION('',(0.,1.,0.));
#4089=DIRECTION('',(0.,-1.,0.));
#4090=DIRECTION('',(0.,0.,-1.));
#4091=DIRECTION('',(0.,1.,0.));
#4092=DIRECTION('',(0.,0.,1.));
#4093=DIRECTION('',(0.,1.,0.));
#4094=DIRECTION('',(0.,1.,0.));
#4095=DIRECTION('',(0.,0.,1.));
#4096=DIRECTION('',(0.,1.,0.));
#4097=DIRECTION('',(0.,-1.,0.));
#4098=DIRECTION('',(0.,0.,-1.));
#4099=DIRECTION('',(0.,1.,0.));
#4100=DIRECTION('',(0.,0.,1.));
#4101=DIRECTION('',(0.,1.,0.));
#4102=DIRECTION('',(0.,1.,0.));
#4103=DIRECTION('',(0.,0.,1.));
#4104=DIRECTION('',(0.,1.,0.));
#4105=DIRECTION('',(0.,-1.,0.));
#4106=DIRECTION('',(0.,0.,-1.));
#4107=DIRECTION('',(0.,1.,0.));
#4108=DIRECTION('',(0.,0.,1.));
#4109=DIRECTION('',(0.,1.,0.));
#4110=DIRECTION('',(0.,1.,0.));
#4111=DIRECTION('',(0.,0.,1.));
#4112=DIRECTION('',(0.,1.,0.));
#4113=DIRECTION('',(0.,-1.,0.));
#4114=DIRECTION('',(0.,0.,-1.));
#4115=DIRECTION('',(0.,1.,0.));
#4116=DIRECTION('',(0.,0.,1.));
#4117=DIRECTION('',(0.,1.,0.));
#4118=DIRECTION('',(0.,1.,0.));
#4119=DIRECTION('',(0.,0.,1.));
#4120=DIRECTION('',(0.,1.,0.));
#4121=DIRECTION('',(0.,-1.,0.));
#4122=DIRECTION('',(0.,0.,-1.));
#4123=DIRECTION('',(0.,1.,0.));
#4124=DIRECTION('',(0.,0.,1.));
#4125=DIRECTION('',(0.,1.,0.));
#4126=DIRECTION('',(0.,1.,0.));
#4127=DIRECTION('',(0.,0.,1.));
#4128=DIRECTION('',(0.,1.,0.));
#4129=DIRECTION('',(0.,-1.,0.));
#4130=DIRECTION('',(0.,0.,-1.));
#4131=DIRECTION('',(0.,1.,0.));
#4132=DIRECTION('',(0.,0.,1.));
#4133=DIRECTION('',(0.,1.,0.));
#4134=DIRECTION('',(0.,1.,0.));
#4135=DIRECTION('',(0.,0.,1.));
#4136=DIRECTION('',(0.,1.,0.));
#4137=DIRECTION('',(0.,-1.,0.));
#4138=DIRECTION('',(0.,0.,-1.));
#4139=DIRECTION('',(0.,1.,0.));
#4140=DIRECTION('',(0.,0.,1.));
#4141=DIRECTION('',(0.,1.,0.));
#4142=DIRECTION('',(0.,1.,0.));
#4143=DIRECTION('',(0.,0.,1.));
#4144=DIRECTION('',(0.,1.,0.));
#4145=DIRECTION('',(0.,-1.,0.));
#4146=DIRECTION('',(0.,0.,-1.));
#4147=DIRECTION('',(0.,1.,0.));
#4148=DIRECTION('',(0.,0.,1.));
#4149=DIRECTION('',(0.,1.,0.));
#4150=DIRECTION('',(0.,1.,0.));
#4151=DIRECTION('',(0.,0.,1.));
#4152=DIRECTION('',(0.,1.,0.));
#4153=DIRECTION('',(0.,-1.,0.));
#4154=DIRECTION('',(0.,0.,-1.));
#4155=DIRECTION('',(0.,1.,0.));
#4156=DIRECTION('',(0.,0.,1.));
#4157=DIRECTION('',(0.,1.,0.));
#4158=DIRECTION('',(0.,1.,0.));
#4159=DIRECTION('',(0.,0.,1.));
#4160=DIRECTION('',(0.,1.,0.));
#4161=DIRECTION('',(0.,-1.,0.));
#4162=DIRECTION('',(0.,0.,-1.));
#4163=DIRECTION('',(0.,1.,0.));
#4164=DIRECTION('',(0.,0.,1.));
#4165=DIRECTION('',(0.,1.,0.));
#4166=DIRECTION('',(0.,1.,0.));
#4167=DIRECTION('',(0.,0.,1.));
#4168=DIRECTION('',(0.,1.,0.));
#4169=DIRECTION('',(0.,-1.,0.));
#4170=DIRECTION('',(0.,0.,-1.));
#4171=DIRECTION('',(0.,1.,0.));
#4172=DIRECTION('',(0.,0.,1.));
#4173=DIRECTION('',(0.,1.,0.));
#4174=DIRECTION('',(0.,1.,0.));
#4175=DIRECTION('',(0.,0.,1.));
#4176=DIRECTION('',(0.,1.,0.));
#4177=DIRECTION('',(0.,-1.,0.));
#4178=DIRECTION('',(0.,0.,-1.));
#4179=DIRECTION('',(0.,1.,0.));
#4180=DIRECTION('',(0.,0.,1.));
#4181=DIRECTION('',(0.,1.,0.));
#4182=DIRECTION('',(0.,1.,0.));
#4183=DIRECTION('',(0.,0.,1.));
#4184=DIRECTION('',(0.,1.,0.));
#4185=DIRECTION('',(0.,-1.,0.));
#4186=DIRECTION('',(0.,0.,-1.));
#4187=DIRECTION('',(0.,1.,0.));
#4188=DIRECTION('',(0.,0.,1.));
#4189=DIRECTION('',(0.,1.,0.));
#4190=DIRECTION('',(0.,1.,0.));
#4191=DIRECTION('',(0.,0.,1.));
#4192=DIRECTION('',(0.,1.,0.));
#4193=DIRECTION('',(0.,-1.,0.));
#4194=DIRECTION('',(0.,0.,-1.));
#4195=DIRECTION('',(0.,1.,0.));
#4196=DIRECTION('',(0.,0.,1.));
#4197=DIRECTION('',(0.,1.,0.));
#4198=DIRECTION('',(0.,1.,0.));
#4199=DIRECTION('',(0.,0.,1.));
#4200=DIRECTION('',(0.,1.,0.));
#4201=DIRECTION('',(0.,-1.,0.));
#4202=DIRECTION('',(0.,0.,-1.));
#4203=DIRECTION('',(0.,1.,0.));
#4204=DIRECTION('',(0.,0.,1.));
#4205=DIRECTION('',(0.,1.,0.));
#4206=DIRECTION('',(0.,1.,0.));
#4207=DIRECTION('',(0.,0.,1.));
#4208=DIRECTION('',(0.,1.,0.));
#4209=DIRECTION('',(0.,-1.,0.));
#4210=DIRECTION('',(0.,0.,-1.));
#4211=DIRECTION('',(0.,1.,0.));
#4212=DIRECTION('',(0.,0.,1.));
#4213=DIRECTION('',(0.,1.,0.));
#4214=DIRECTION('',(0.,1.,0.));
#4215=DIRECTION('',(0.,0.,1.));
#4216=DIRECTION('',(0.,1.,0.));
#4217=DIRECTION('',(0.,-1.,0.));
#4218=DIRECTION('',(0.,0.,-1.));
#4219=DIRECTION('',(0.,1.,0.));
#4220=DIRECTION('',(0.,0.,1.));
#4221=DIRECTION('',(0.,1.,0.));
#4222=DIRECTION('',(0.,1.,0.));
#4223=DIRECTION('',(0.,0.,1.));
#4224=DIRECTION('',(0.,1.,0.));
#4225=DIRECTION('',(0.,-1.,0.));
#4226=DIRECTION('',(0.,0.,-1.));
#4227=DIRECTION('',(0.,1.,0.));
#4228=DIRECTION('',(0.,0.,1.));
#4229=DIRECTION('',(0.,1.,0.));
#4230=DIRECTION('',(0.,1.,0.));
#4231=DIRECTION('',(0.,0.,1.));
#4232=DIRECTION('',(0.,1.,0.));
#4233=DIRECTION('',(0.,-1.,0.));
#4234=DIRECTION('',(0.,0.,-1.));
#4235=DIRECTION('',(0.,1.,0.));
#4236=DIRECTION('',(0.,0.,1.));
#4237=DIRECTION('',(0.,1.,0.));
#4238=DIRECTION('',(0.,1.,0.));
#4239=DIRECTION('',(0.,0.,1.));
#4240=DIRECTION('',(0.,1.,0.));
#4241=DIRECTION('',(0.,-1.,0.));
#4242=DIRECTION('',(0.,0.,-1.));
#4243=DIRECTION('',(0.,1.,0.));
#4244=DIRECTION('',(0.,0.,1.));
#4245=DIRECTION('',(0.,1.,0.));
#4246=DIRECTION('',(0.,1.,0.));
#4247=DIRECTION('',(0.,0.,1.));
#4248=DIRECTION('',(0.,1.,0.));
#4249=DIRECTION('',(0.,-1.,0.));
#4250=DIRECTION('',(0.,0.,-1.));
#4251=DIRECTION('',(0.,1.,0.));
#4252=DIRECTION('',(0.,0.,1.));
#4253=DIRECTION('',(0.,1.,0.));
#4254=DIRECTION('',(0.,1.,0.));
#4255=DIRECTION('',(0.,0.,1.));
#4256=DIRECTION('',(0.,1.,0.));
#4257=DIRECTION('',(0.,-1.,0.));
#4258=DIRECTION('',(0.,0.,-1.));
#4259=DIRECTION('',(0.,1.,0.));
#4260=DIRECTION('',(0.,0.,1.));
#4261=DIRECTION('',(0.,1.,0.));
#4262=DIRECTION('',(0.,1.,0.));
#4263=DIRECTION('',(0.,0.,1.));
#4264=DIRECTION('',(0.,1.,0.));
#4265=DIRECTION('',(0.,-1.,0.));
#4266=DIRECTION('',(0.,0.,-1.));
#4267=DIRECTION('',(0.,1.,0.));
#4268=DIRECTION('',(0.,0.,1.));
#4269=DIRECTION('',(0.,1.,0.));
#4270=DIRECTION('',(0.,1.,0.));
#4271=DIRECTION('',(0.,0.,1.));
#4272=DIRECTION('',(0.,1.,0.));
#4273=DIRECTION('',(0.,-1.,0.));
#4274=DIRECTION('',(0.,0.,-1.));
#4275=DIRECTION('',(0.,1.,0.));
#4276=DIRECTION('',(0.,0.,1.));
#4277=DIRECTION('',(0.,1.,0.));
#4278=DIRECTION('',(0.,1.,0.));
#4279=DIRECTION('',(0.,0.,1.));
#4280=DIRECTION('',(0.,1.,0.));
#4281=DIRECTION('',(0.,-1.,0.));
#4282=DIRECTION('',(0.,0.,-1.));
#4283=DIRECTION('',(0.,1.,0.));
#4284=DIRECTION('',(0.,0.,1.));
#4285=DIRECTION('',(0.,1.,0.));
#4286=DIRECTION('',(0.,1.,0.));
#4287=DIRECTION('',(0.,0.,1.));
#4288=DIRECTION('',(0.,1.,0.));
#4289=DIRECTION('',(0.,-1.,0.));
#4290=DIRECTION('',(0.,0.,-1.));
#4291=DIRECTION('',(0.,1.,0.));
#4292=DIRECTION('',(0.,0.,1.));
#4293=DIRECTION('',(0.,1.,0.));
#4294=DIRECTION('',(0.,1.,0.));
#4295=DIRECTION('',(0.,0.,1.));
#4296=DIRECTION('',(0.,1.,0.));
#4297=DIRECTION('',(0.,-1.,0.));
#4298=DIRECTION('',(0.,0.,-1.));
#4299=DIRECTION('',(0.,1.,0.));
#4300=DIRECTION('',(0.,0.,1.));
#4301=DIRECTION('',(0.,1.,0.));
#4302=DIRECTION('',(0.,1.,0.));
#4303=DIRECTION('',(0.,0.,1.));
#4304=DIRECTION('',(0.,1.,0.));
#4305=DIRECTION('',(0.,-1.,0.));
#4306=DIRECTION('',(0.,0.,-1.));
#4307=DIRECTION('',(0.,1.,0.));
#4308=DIRECTION('',(0.,0.,1.));
#4309=DIRECTION('',(0.,1.,0.));
#4310=DIRECTION('',(0.,1.,0.));
#4311=DIRECTION('',(0.,0.,1.));
#4312=DIRECTION('',(0.,1.,0.));
#4313=DIRECTION('',(0.,-1.,0.));
#4314=DIRECTION('',(0.,0.,-1.));
#4315=DIRECTION('',(0.,1.,0.));
#4316=DIRECTION('',(0.,0.,1.));
#4317=DIRECTION('',(0.,1.,0.));
#4318=DIRECTION('',(0.,1.,0.));
#4319=DIRECTION('',(0.,0.,1.));
#4320=DIRECTION('',(0.,1.,0.));
#4321=DIRECTION('',(0.,-1.,0.));
#4322=DIRECTION('',(0.,0.,-1.));
#4323=DIRECTION('',(0.,1.,0.));
#4324=DIRECTION('',(0.,0.,1.));
#4325=DIRECTION('',(0.,1.,0.));
#4326=DIRECTION('',(0.,1.,0.));
#4327=DIRECTION('',(0.,0.,1.));
#4328=DIRECTION('',(0.,1.,0.));
#4329=DIRECTION('',(0.,-1.,0.));
#4330=DIRECTION('',(0.,0.,-1.));
#4331=DIRECTION('',(0.,1.,0.));
#4332=DIRECTION('',(0.,0.,1.));
#4333=DIRECTION('',(0.,1.,0.));
#4334=DIRECTION('',(0.,1.,0.));
#4335=DIRECTION('',(0.,0.,1.));
#4336=DIRECTION('',(0.,1.,0.));
#4337=DIRECTION('',(0.,-1.,0.));
#4338=DIRECTION('',(0.,0.,-1.));
#4339=DIRECTION('',(0.,1.,0.));
#4340=DIRECTION('',(0.,0.,1.));
#4341=DIRECTION('',(0.,1.,0.));
#4342=DIRECTION('',(0.,1.,0.));
#4343=DIRECTION('',(0.,0.,1.));
#4344=DIRECTION('',(0.,1.,0.));
#4345=DIRECTION('',(0.,-1.,0.));
#4346=DIRECTION('',(0.,0.,-1.));
#4347=DIRECTION('',(0.,1.,0.));
#4348=DIRECTION('',(0.,0.,1.));
#4349=DIRECTION('',(0.,1.,0.));
#4350=DIRECTION('',(0.,1.,0.));
#4351=DIRECTION('',(0.,0.,1.));
#4352=DIRECTION('',(0.,1.,0.));
#4353=DIRECTION('',(0.,-1.,0.));
#4354=DIRECTION('',(0.,0.,-1.));
#4355=DIRECTION('',(0.,1.,0.));
#4356=DIRECTION('',(0.,0.,1.));
#4357=DIRECTION('',(0.,1.,0.));
#4358=DIRECTION('',(0.,1.,0.));
#4359=DIRECTION('',(0.,0.,1.));
#4360=DIRECTION('',(0.,1.,0.));
#4361=DIRECTION('',(0.,-1.,0.));
#4362=DIRECTION('',(0.,0.,-1.));
#4363=DIRECTION('',(0.,1.,0.));
#4364=DIRECTION('',(0.,0.,1.));
#4365=DIRECTION('',(0.,1.,0.));
#4366=DIRECTION('',(0.,1.,0.));
#4367=DIRECTION('',(0.,0.,1.));
#4368=DIRECTION('',(0.,1.,0.));
#4369=DIRECTION('',(0.,-1.,0.));
#4370=DIRECTION('',(0.,0.,-1.));
#4371=DIRECTION('',(0.,1.,0.));
#4372=DIRECTION('',(0.,0.,1.));
#4373=DIRECTION('',(0.,1.,0.));
#4374=DIRECTION('',(0.,1.,0.));
#4375=DIRECTION('',(0.,0.,1.));
#4376=DIRECTION('',(0.,1.,0.));
#4377=DIRECTION('',(0.,-1.,0.));
#4378=DIRECTION('',(0.,0.,-1.));
#4379=DIRECTION('',(0.,1.,0.));
#4380=DIRECTION('',(0.,0.,1.));
#4381=DIRECTION('',(0.,1.,0.));
#4382=DIRECTION('',(0.,1.,0.));
#4383=DIRECTION('',(0.,0.,1.));
#4384=DIRECTION('',(0.,1.,0.));
#4385=DIRECTION('',(0.,-1.,0.));
#4386=DIRECTION('',(0.,0.,-1.));
#4387=DIRECTION('',(0.,1.,0.));
#4388=DIRECTION('',(0.,0.,1.));
#4389=DIRECTION('',(0.,1.,0.));
#4390=DIRECTION('',(0.,1.,0.));
#4391=DIRECTION('',(0.,0.,1.));
#4392=DIRECTION('',(0.,1.,0.));
#4393=DIRECTION('',(0.,1.,0.));
#4394=DIRECTION('',(0.,0.,1.));
#4395=DIRECTION('',(0.,1.,0.));
#4396=DIRECTION('',(0.,0.,1.));
#4397=DIRECTION('',(-0.544639035015021,0.,-0.838670567945428));
#4398=DIRECTION('',(-0.838670567945421,0.,0.544639035015032));
#4399=DIRECTION('',(-0.45399049973954,0.,-0.891006524188371));
#4400=DIRECTION('',(-0.891006524188365,0.,0.453990499739552));
#4401=DIRECTION('',(-0.358367949545293,0.,-0.933580426497205));
#4402=DIRECTION('',(-0.9335804264972,0.,0.358367949545306));
#4403=DIRECTION('',(-0.258819045102514,0.,-0.96592582628907));
#4404=DIRECTION('',(-0.965925826289067,0.,0.258819045102526));
#4405=DIRECTION('',(-0.156434465040223,0.,-0.987688340595139));
#4406=DIRECTION('',(-0.987688340595137,0.,0.156434465040236));
#4407=DIRECTION('',(-0.0523359562429356,0.,-0.998629534754574));
#4408=DIRECTION('',(-0.998629534754574,0.,0.0523359562429489));
#4409=DIRECTION('',(0.0523359562429523,0.,-0.998629534754574));
#4410=DIRECTION('',(-0.998629534754574,0.,-0.052335956242939));
#4411=DIRECTION('',(0.15643446504024,0.,-0.987688340595136));
#4412=DIRECTION('',(-0.987688340595139,0.,-0.156434465040226));
#4413=DIRECTION('',(0.25881904510253,0.,-0.965925826289066));
#4414=DIRECTION('',(-0.965925826289069,0.,-0.258819045102517));
#4415=DIRECTION('',(0.358367949545309,0.,-0.933580426497199));
#4416=DIRECTION('',(-0.933580426497203,0.,-0.358367949545296));
#4417=DIRECTION('',(0.453990499739555,0.,-0.891006524188364));
#4418=DIRECTION('',(-0.89100652418837,0.,-0.453990499739543));
#4419=DIRECTION('',(0.544639035015035,0.,-0.838670567945419));
#4420=DIRECTION('',(-0.838670567945426,0.,-0.544639035015024));
#4421=DIRECTION('',(0.629320391049845,0.,-0.777145961456965));
#4422=DIRECTION('',(-0.777145961456973,0.,-0.629320391049835));
#4423=DIRECTION('',(0.707106781186555,0.,-0.707106781186541));
#4424=DIRECTION('',(-0.70710678118655,0.,-0.707106781186545));
#4425=DIRECTION('',(0.777145961456978,0.,-0.62932039104983));
#4426=DIRECTION('',(-0.62932039104984,0.,-0.777145961456969));
#4427=DIRECTION('',(0.83867056794543,0.,-0.544639035015018));
#4428=DIRECTION('',(-0.544639035015029,0.,-0.838670567945423));
#4429=DIRECTION('',(0.891006524188373,0.,-0.453990499739537));
#4430=DIRECTION('',(-0.453990499739549,0.,-0.891006524188367));
#4431=DIRECTION('',(0.933580426497206,0.,-0.35836794954529));
#4432=DIRECTION('',(-0.358367949545303,0.,-0.933580426497201));
#4433=DIRECTION('',(0.965925826289071,0.,-0.25881904510251));
#4434=DIRECTION('',(-0.258819045102523,0.,-0.965925826289068));
#4435=DIRECTION('',(0.98768834059514,0.,-0.156434465040219));
#4436=DIRECTION('',(-0.156434465040233,0.,-0.987688340595137));
#4437=DIRECTION('',(0.998629534754575,0.,-0.0523359562429323));
#4438=DIRECTION('',(-0.0523359562429455,0.,-0.998629534754574));
#4439=DIRECTION('',(0.998629534754573,0.,0.0523359562429555));
#4440=DIRECTION('',(0.0523359562429423,0.,-0.998629534754574));
#4441=DIRECTION('',(0.987688340595136,0.,0.156434465040242));
#4442=DIRECTION('',(0.156434465040229,0.,-0.987688340595138));
#4443=DIRECTION('',(0.965925826289065,0.,0.258819045102533));
#4444=DIRECTION('',(0.25881904510252,0.,-0.965925826289069));
#4445=DIRECTION('',(0.933580426497197,0.,0.358367949545312));
#4446=DIRECTION('',(0.3583679495453,0.,-0.933580426497202));
#4447=DIRECTION('',(0.891006524188362,0.,0.453990499739558));
#4448=DIRECTION('',(0.453990499739547,0.,-0.891006524188368));
#4449=DIRECTION('',(0.838670567945417,0.,0.544639035015038));
#4450=DIRECTION('',(0.544639035015027,0.,-0.838670567945424));
#4451=DIRECTION('',(0.777145961456963,0.,0.629320391049848));
#4452=DIRECTION('',(0.629320391049837,0.,-0.777145961456971));
#4453=DIRECTION('',(0.707106781186543,0.,0.707106781186552));
#4454=DIRECTION('',(0.707106781186543,0.,-0.707106781186552));
#4455=DIRECTION('',(0.629320391049827,0.,0.77714596145698));
#4456=DIRECTION('',(0.777145961456971,0.,-0.629320391049837));
#4457=DIRECTION('',(0.544639035015015,0.,0.838670567945432));
#4458=DIRECTION('',(0.838670567945425,0.,-0.544639035015027));
#4459=DIRECTION('',(0.453990499739534,0.,0.891006524188374));
#4460=DIRECTION('',(0.891006524188368,0.,-0.453990499739546));
#4461=DIRECTION('',(0.358367949545287,0.,0.933580426497207));
#4462=DIRECTION('',(0.933580426497202,0.,-0.3583679495453));
#4463=DIRECTION('',(0.258819045102507,0.,0.965925826289072));
#4464=DIRECTION('',(0.965925826289069,0.,-0.25881904510252));
#4465=DIRECTION('',(0.156434465040216,0.,0.98768834059514));
#4466=DIRECTION('',(0.987688340595138,0.,-0.156434465040229));
#4467=DIRECTION('',(0.0523359562429288,0.,0.998629534754575));
#4468=DIRECTION('',(0.998629534754574,0.,-0.052335956242942));
#4469=DIRECTION('',(-0.052335956242959,0.,0.998629534754573));
#4470=DIRECTION('',(0.998629534754574,0.,0.0523359562429457));
#4471=DIRECTION('',(-0.156434465040246,0.,0.987688340595135));
#4472=DIRECTION('',(0.987688340595137,0.,0.156434465040233));
#4473=DIRECTION('',(-0.258819045102536,0.,0.965925826289064));
#4474=DIRECTION('',(0.965925826289068,0.,0.258819045102524));
#4475=DIRECTION('',(-0.358367949545315,0.,0.933580426497196));
#4476=DIRECTION('',(0.933580426497201,0.,0.358367949545303));
#4477=DIRECTION('',(-0.453990499739561,0.,0.891006524188361));
#4478=DIRECTION('',(0.891006524188367,0.,0.453990499739549));
#4479=DIRECTION('',(-0.544639035015041,0.,0.838670567945415));
#4480=DIRECTION('',(0.838670567945422,0.,0.54463903501503));
#4481=DIRECTION('',(-0.62932039104985,0.,0.777145961456961));
#4482=DIRECTION('',(0.777145961456969,0.,0.62932039104984));
#4483=DIRECTION('',(-0.70710678118656,0.,0.707106781186536));
#4484=DIRECTION('',(0.707106781186545,0.,0.70710678118655));
#4485=DIRECTION('',(-0.777145961456982,0.,0.629320391049825));
#4486=DIRECTION('',(0.629320391049835,0.,0.777145961456973));
#4487=DIRECTION('',(-0.838670567945434,0.,0.544639035015013));
#4488=DIRECTION('',(0.544639035015024,0.,0.838670567945426));
#4489=DIRECTION('',(-0.891006524188376,0.,0.453990499739532));
#4490=DIRECTION('',(0.453990499739543,0.,0.89100652418837));
#4491=DIRECTION('',(-0.933580426497208,0.,0.358367949545284));
#4492=DIRECTION('',(0.358367949545296,0.,0.933580426497203));
#4493=DIRECTION('',(-0.965925826289073,0.,0.258819045102503));
#4494=DIRECTION('',(0.258819045102516,0.,0.96592582628907));
#4495=DIRECTION('',(-0.987688340595141,0.,0.156434465040213));
#4496=DIRECTION('',(0.156434465040226,0.,0.987688340595139));
#4497=DIRECTION('',(-0.998629534754575,0.,0.0523359562429254));
#4498=DIRECTION('',(0.0523359562429385,0.,0.998629534754574));
#4499=DIRECTION('',(-0.998629534754573,0.,-0.052335956242962));
#4500=DIRECTION('',(-0.0523359562429488,0.,0.998629534754574));
#4501=DIRECTION('',(-0.987688340595135,0.,-0.156434465040249));
#4502=DIRECTION('',(-0.156434465040237,0.,0.987688340595137));
#4503=DIRECTION('',(-0.965925826289063,0.,-0.25881904510254));
#4504=DIRECTION('',(-0.258819045102527,0.,0.965925826289067));
#4505=DIRECTION('',(-0.933580426497195,0.,-0.358367949545318));
#4506=DIRECTION('',(-0.358367949545306,0.,0.9335804264972));
#4507=DIRECTION('',(-0.891006524188359,0.,-0.453990499739564));
#4508=DIRECTION('',(-0.453990499739553,0.,0.891006524188365));
#4509=DIRECTION('',(-0.838670567945414,0.,-0.544639035015043));
#4510=DIRECTION('',(-0.544639035015032,0.,0.838670567945421));
#4511=DIRECTION('',(-0.777145961456959,0.,-0.629320391049853));
#4512=DIRECTION('',(-0.629320391049843,0.,0.777145961456967));
#4513=DIRECTION('',(-0.707106781186543,0.,-0.707106781186552));
#4514=DIRECTION('',(-0.707106781186543,0.,0.707106781186552));
#4515=DIRECTION('',(-0.629320391049832,0.,-0.777145961456975));
#4516=DIRECTION('',(-0.777145961456967,0.,0.629320391049843));
#4517=DIRECTION('',(0.,1.,0.));
#4518=DIRECTION('',(0.,0.,1.));
#4519=DIRECTION('',(0.,1.,0.));
#4520=DIRECTION('',(0.,0.,1.));
#4521=DIRECTION('',(0.,1.,0.));
#4522=DIRECTION('',(0.,0.,1.));
#4523=DIRECTION('',(0.,1.,0.));
#4524=DIRECTION('',(0.,0.,1.));
#4525=DIRECTION('',(0.,-1.,0.));
#4526=DIRECTION('',(0.,0.,-1.));
#4527=DIRECTION('',(0.707106781186552,0.,0.707106781186543));
#4528=DIRECTION('',(0.707106781186543,0.,-0.707106781186552));
#4529=DIRECTION('',(0.,1.,0.));
#4530=DIRECTION('',(-0.707106781186552,0.,0.707106781186543));
#4531=DIRECTION('',(0.707106781186543,0.,0.707106781186552));
#4532=DIRECTION('',(0.629320391049843,0.,0.777145961456967));
#4533=DIRECTION('',(0.777145961456967,0.,-0.629320391049843));
#4534=DIRECTION('',(0.,1.,0.));
#4535=DIRECTION('',(-0.777145961456975,0.,0.629320391049832));
#4536=DIRECTION('',(0.629320391049832,0.,0.777145961456975));
#4537=DIRECTION('',(0.777145961456967,0.,0.629320391049843));
#4538=DIRECTION('',(0.629320391049843,0.,-0.777145961456967));
#4539=DIRECTION('',(0.,1.,0.));
#4540=DIRECTION('',(-0.629320391049853,0.,0.777145961456958));
#4541=DIRECTION('',(0.777145961456959,0.,0.629320391049853));
#4542=DIRECTION('',(0.838670567945421,0.,0.544639035015032));
#4543=DIRECTION('',(0.544639035015032,0.,-0.838670567945421));
#4544=DIRECTION('',(0.,1.,0.));
#4545=DIRECTION('',(-0.544639035015043,0.,0.838670567945414));
#4546=DIRECTION('',(0.838670567945414,0.,0.544639035015043));
#4547=DIRECTION('',(0.891006524188365,0.,0.453990499739553));
#4548=DIRECTION('',(0.453990499739553,0.,-0.891006524188365));
#4549=DIRECTION('',(0.,1.,0.));
#4550=DIRECTION('',(-0.453990499739564,0.,0.891006524188359));
#4551=DIRECTION('',(0.891006524188359,0.,0.453990499739564));
#4552=DIRECTION('',(0.9335804264972,0.,0.358367949545306));
#4553=DIRECTION('',(0.358367949545306,0.,-0.9335804264972));
#4554=DIRECTION('',(0.,1.,0.));
#4555=DIRECTION('',(-0.358367949545318,0.,0.933580426497195));
#4556=DIRECTION('',(0.933580426497195,0.,0.358367949545318));
#4557=DIRECTION('',(0.965925826289067,0.,0.258819045102527));
#4558=DIRECTION('',(0.258819045102527,0.,-0.965925826289067));
#4559=DIRECTION('',(0.,1.,0.));
#4560=DIRECTION('',(-0.25881904510254,0.,0.965925826289063));
#4561=DIRECTION('',(0.965925826289063,0.,0.25881904510254));
#4562=DIRECTION('',(0.987688340595137,0.,0.156434465040237));
#4563=DIRECTION('',(0.156434465040237,0.,-0.987688340595137));
#4564=DIRECTION('',(0.,1.,0.));
#4565=DIRECTION('',(-0.156434465040249,0.,0.987688340595135));
#4566=DIRECTION('',(0.987688340595135,0.,0.156434465040249));
#4567=DIRECTION('',(0.998629534754574,0.,0.0523359562429488));
#4568=DIRECTION('',(0.0523359562429488,0.,-0.998629534754574));
#4569=DIRECTION('',(0.,1.,0.));
#4570=DIRECTION('',(-0.052335956242962,0.,0.998629534754573));
#4571=DIRECTION('',(0.998629534754573,0.,0.052335956242962));
#4572=DIRECTION('',(0.998629534754574,0.,-0.0523359562429385));
#4573=DIRECTION('',(-0.0523359562429385,0.,-0.998629534754574));
#4574=DIRECTION('',(0.,1.,0.));
#4575=DIRECTION('',(0.0523359562429254,0.,0.998629534754575));
#4576=DIRECTION('',(0.998629534754575,0.,-0.0523359562429254));
#4577=DIRECTION('',(0.987688340595138,0.,-0.156434465040226));
#4578=DIRECTION('',(-0.156434465040226,0.,-0.987688340595139));
#4579=DIRECTION('',(0.,1.,0.));
#4580=DIRECTION('',(0.156434465040213,0.,0.987688340595141));
#4581=DIRECTION('',(0.987688340595141,0.,-0.156434465040213));
#4582=DIRECTION('',(0.96592582628907,0.,-0.258819045102516));
#4583=DIRECTION('',(-0.258819045102516,0.,-0.96592582628907));
#4584=DIRECTION('',(0.,1.,0.));
#4585=DIRECTION('',(0.258819045102503,0.,0.965925826289073));
#4586=DIRECTION('',(0.965925826289073,0.,-0.258819045102503));
#4587=DIRECTION('',(0.933580426497203,0.,-0.358367949545296));
#4588=DIRECTION('',(-0.358367949545296,0.,-0.933580426497203));
#4589=DIRECTION('',(0.,1.,0.));
#4590=DIRECTION('',(0.358367949545284,0.,0.933580426497208));
#4591=DIRECTION('',(0.933580426497208,0.,-0.358367949545284));
#4592=DIRECTION('',(0.89100652418837,0.,-0.453990499739543));
#4593=DIRECTION('',(-0.453990499739543,0.,-0.89100652418837));
#4594=DIRECTION('',(0.,1.,0.));
#4595=DIRECTION('',(0.453990499739532,0.,0.891006524188376));
#4596=DIRECTION('',(0.891006524188376,0.,-0.453990499739532));
#4597=DIRECTION('',(0.838670567945426,0.,-0.544639035015024));
#4598=DIRECTION('',(-0.544639035015024,0.,-0.838670567945426));
#4599=DIRECTION('',(0.,1.,0.));
#4600=DIRECTION('',(0.544639035015013,0.,0.838670567945434));
#4601=DIRECTION('',(0.838670567945434,0.,-0.544639035015013));
#4602=DIRECTION('',(0.777145961456973,0.,-0.629320391049835));
#4603=DIRECTION('',(-0.629320391049835,0.,-0.777145961456973));
#4604=DIRECTION('',(0.,1.,0.));
#4605=DIRECTION('',(0.629320391049824,0.,0.777145961456981));
#4606=DIRECTION('',(0.777145961456982,0.,-0.629320391049825));
#4607=DIRECTION('',(0.70710678118655,0.,-0.707106781186545));
#4608=DIRECTION('',(-0.707106781186545,0.,-0.70710678118655));
#4609=DIRECTION('',(0.,1.,0.));
#4610=DIRECTION('',(0.707106781186536,0.,0.70710678118656));
#4611=DIRECTION('',(0.70710678118656,0.,-0.707106781186536));
#4612=DIRECTION('',(0.62932039104984,0.,-0.777145961456969));
#4613=DIRECTION('',(-0.777145961456969,0.,-0.62932039104984));
#4614=DIRECTION('',(0.,1.,0.));
#4615=DIRECTION('',(0.777145961456961,0.,0.62932039104985));
#4616=DIRECTION('',(0.62932039104985,0.,-0.777145961456961));
#4617=DIRECTION('',(0.54463903501503,0.,-0.838670567945422));
#4618=DIRECTION('',(-0.838670567945422,0.,-0.54463903501503));
#4619=DIRECTION('',(0.,1.,0.));
#4620=DIRECTION('',(0.838670567945415,0.,0.544639035015041));
#4621=DIRECTION('',(0.544639035015041,0.,-0.838670567945415));
#4622=DIRECTION('',(0.453990499739549,0.,-0.891006524188367));
#4623=DIRECTION('',(-0.891006524188367,0.,-0.453990499739549));
#4624=DIRECTION('',(0.,1.,0.));
#4625=DIRECTION('',(0.891006524188361,0.,0.453990499739561));
#4626=DIRECTION('',(0.453990499739561,0.,-0.891006524188361));
#4627=DIRECTION('',(0.358367949545303,0.,-0.933580426497201));
#4628=DIRECTION('',(-0.933580426497201,0.,-0.358367949545303));
#4629=DIRECTION('',(0.,1.,0.));
#4630=DIRECTION('',(0.933580426497196,0.,0.358367949545315));
#4631=DIRECTION('',(0.358367949545315,0.,-0.933580426497196));
#4632=DIRECTION('',(0.258819045102524,0.,-0.965925826289068));
#4633=DIRECTION('',(-0.965925826289068,0.,-0.258819045102524));
#4634=DIRECTION('',(0.,1.,0.));
#4635=DIRECTION('',(0.965925826289064,0.,0.258819045102536));
#4636=DIRECTION('',(0.258819045102536,0.,-0.965925826289064));
#4637=DIRECTION('',(0.156434465040233,0.,-0.987688340595137));
#4638=DIRECTION('',(-0.987688340595137,0.,-0.156434465040233));
#4639=DIRECTION('',(0.,1.,0.));
#4640=DIRECTION('',(0.987688340595135,0.,0.156434465040246));
#4641=DIRECTION('',(0.156434465040246,0.,-0.987688340595135));
#4642=DIRECTION('',(0.0523359562429457,0.,-0.998629534754574));
#4643=DIRECTION('',(-0.998629534754574,0.,-0.0523359562429457));
#4644=DIRECTION('',(0.,1.,0.));
#4645=DIRECTION('',(0.998629534754573,0.,0.052335956242959));
#4646=DIRECTION('',(0.052335956242959,0.,-0.998629534754573));
#4647=DIRECTION('',(-0.052335956242942,0.,-0.998629534754574));
#4648=DIRECTION('',(-0.998629534754574,0.,0.052335956242942));
#4649=DIRECTION('',(0.,1.,0.));
#4650=DIRECTION('',(0.998629534754575,0.,-0.0523359562429288));
#4651=DIRECTION('',(-0.0523359562429288,0.,-0.998629534754575));
#4652=DIRECTION('',(-0.156434465040229,0.,-0.987688340595138));
#4653=DIRECTION('',(-0.987688340595138,0.,0.156434465040229));
#4654=DIRECTION('',(0.,1.,0.));
#4655=DIRECTION('',(0.98768834059514,0.,-0.156434465040216));
#4656=DIRECTION('',(-0.156434465040216,0.,-0.98768834059514));
#4657=DIRECTION('',(-0.25881904510252,0.,-0.965925826289069));
#4658=DIRECTION('',(-0.965925826289069,0.,0.25881904510252));
#4659=DIRECTION('',(0.,1.,0.));
#4660=DIRECTION('',(0.965925826289072,0.,-0.258819045102507));
#4661=DIRECTION('',(-0.258819045102507,0.,-0.965925826289072));
#4662=DIRECTION('',(-0.3583679495453,0.,-0.933580426497202));
#4663=DIRECTION('',(-0.933580426497202,0.,0.3583679495453));
#4664=DIRECTION('',(0.,1.,0.));
#4665=DIRECTION('',(0.933580426497207,0.,-0.358367949545287));
#4666=DIRECTION('',(-0.358367949545287,0.,-0.933580426497207));
#4667=DIRECTION('',(-0.453990499739546,0.,-0.891006524188368));
#4668=DIRECTION('',(-0.891006524188368,0.,0.453990499739546));
#4669=DIRECTION('',(0.,1.,0.));
#4670=DIRECTION('',(0.891006524188374,0.,-0.453990499739534));
#4671=DIRECTION('',(-0.453990499739534,0.,-0.891006524188374));
#4672=DIRECTION('',(-0.544639035015026,0.,-0.838670567945424));
#4673=DIRECTION('',(-0.838670567945425,0.,0.544639035015027));
#4674=DIRECTION('',(0.,1.,0.));
#4675=DIRECTION('',(0.838670567945432,0.,-0.544639035015015));
#4676=DIRECTION('',(-0.544639035015015,0.,-0.838670567945432));
#4677=DIRECTION('',(-0.629320391049837,0.,-0.777145961456972));
#4678=DIRECTION('',(-0.777145961456971,0.,0.629320391049837));
#4679=DIRECTION('',(0.,1.,0.));
#4680=DIRECTION('',(0.77714596145698,0.,-0.629320391049827));
#4681=DIRECTION('',(-0.629320391049827,0.,-0.77714596145698));
#4682=DIRECTION('',(-0.707106781186552,0.,-0.707106781186543));
#4683=DIRECTION('',(-0.707106781186543,0.,0.707106781186552));
#4684=DIRECTION('',(0.,1.,0.));
#4685=DIRECTION('',(0.707106781186552,0.,-0.707106781186543));
#4686=DIRECTION('',(-0.707106781186543,0.,-0.707106781186552));
#4687=DIRECTION('',(-0.777145961456971,0.,-0.629320391049837));
#4688=DIRECTION('',(-0.629320391049837,0.,0.777145961456971));
#4689=DIRECTION('',(0.,1.,0.));
#4690=DIRECTION('',(0.629320391049848,0.,-0.777145961456963));
#4691=DIRECTION('',(-0.777145961456963,0.,-0.629320391049848));
#4692=DIRECTION('',(-0.838670567945424,0.,-0.544639035015027));
#4693=DIRECTION('',(-0.544639035015027,0.,0.838670567945424));
#4694=DIRECTION('',(0.,1.,0.));
#4695=DIRECTION('',(0.544639035015038,0.,-0.838670567945417));
#4696=DIRECTION('',(-0.838670567945417,0.,-0.544639035015038));
#4697=DIRECTION('',(-0.891006524188368,0.,-0.453990499739546));
#4698=DIRECTION('',(-0.453990499739547,0.,0.891006524188368));
#4699=DIRECTION('',(0.,1.,0.));
#4700=DIRECTION('',(0.453990499739558,0.,-0.891006524188362));
#4701=DIRECTION('',(-0.891006524188362,0.,-0.453990499739558));
#4702=DIRECTION('',(-0.933580426497202,0.,-0.3583679495453));
#4703=DIRECTION('',(-0.3583679495453,0.,0.933580426497202));
#4704=DIRECTION('',(0.,1.,0.));
#4705=DIRECTION('',(0.358367949545312,0.,-0.933580426497197));
#4706=DIRECTION('',(-0.933580426497197,0.,-0.358367949545312));
#4707=DIRECTION('',(-0.965925826289069,0.,-0.25881904510252));
#4708=DIRECTION('',(-0.25881904510252,0.,0.965925826289069));
#4709=DIRECTION('',(0.,1.,0.));
#4710=DIRECTION('',(0.258819045102533,0.,-0.965925826289065));
#4711=DIRECTION('',(-0.965925826289065,0.,-0.258819045102533));
#4712=DIRECTION('',(-0.987688340595138,0.,-0.156434465040229));
#4713=DIRECTION('',(-0.156434465040229,0.,0.987688340595138));
#4714=DIRECTION('',(0.,1.,0.));
#4715=DIRECTION('',(0.156434465040242,0.,-0.987688340595136));
#4716=DIRECTION('',(-0.987688340595136,0.,-0.156434465040242));
#4717=DIRECTION('',(-0.998629534754574,0.,-0.0523359562429423));
#4718=DIRECTION('',(-0.0523359562429423,0.,0.998629534754574));
#4719=DIRECTION('',(0.,1.,0.));
#4720=DIRECTION('',(0.0523359562429555,0.,-0.998629534754573));
#4721=DIRECTION('',(-0.998629534754573,0.,-0.0523359562429555));
#4722=DIRECTION('',(-0.998629534754574,0.,0.0523359562429455));
#4723=DIRECTION('',(0.0523359562429455,0.,0.998629534754574));
#4724=DIRECTION('',(0.,1.,0.));
#4725=DIRECTION('',(-0.0523359562429323,0.,-0.998629534754574));
#4726=DIRECTION('',(-0.998629534754575,0.,0.0523359562429323));
#4727=DIRECTION('',(-0.987688340595137,0.,0.156434465040233));
#4728=DIRECTION('',(0.156434465040233,0.,0.987688340595137));
#4729=DIRECTION('',(0.,1.,0.));
#4730=DIRECTION('',(-0.156434465040219,0.,-0.98768834059514));
#4731=DIRECTION('',(-0.98768834059514,0.,0.156434465040219));
#4732=DIRECTION('',(-0.965925826289068,0.,0.258819045102523));
#4733=DIRECTION('',(0.258819045102523,0.,0.965925826289068));
#4734=DIRECTION('',(0.,1.,0.));
#4735=DIRECTION('',(-0.25881904510251,0.,-0.965925826289071));
#4736=DIRECTION('',(-0.965925826289071,0.,0.25881904510251));
#4737=DIRECTION('',(-0.933580426497201,0.,0.358367949545303));
#4738=DIRECTION('',(0.358367949545303,0.,0.933580426497201));
#4739=DIRECTION('',(0.,1.,0.));
#4740=DIRECTION('',(-0.35836794954529,0.,-0.933580426497206));
#4741=DIRECTION('',(-0.933580426497206,0.,0.35836794954529));
#4742=DIRECTION('',(-0.891006524188367,0.,0.453990499739549));
#4743=DIRECTION('',(0.453990499739549,0.,0.891006524188367));
#4744=DIRECTION('',(0.,1.,0.));
#4745=DIRECTION('',(-0.453990499739537,0.,-0.891006524188373));
#4746=DIRECTION('',(-0.891006524188373,0.,0.453990499739537));
#4747=DIRECTION('',(-0.838670567945423,0.,0.544639035015029));
#4748=DIRECTION('',(0.544639035015029,0.,0.838670567945423));
#4749=DIRECTION('',(0.,1.,0.));
#4750=DIRECTION('',(-0.544639035015018,0.,-0.83867056794543));
#4751=DIRECTION('',(-0.83867056794543,0.,0.544639035015018));
#4752=DIRECTION('',(-0.777145961456969,0.,0.62932039104984));
#4753=DIRECTION('',(0.62932039104984,0.,0.777145961456969));
#4754=DIRECTION('',(0.,1.,0.));
#4755=DIRECTION('',(-0.62932039104983,0.,-0.777145961456977));
#4756=DIRECTION('',(-0.777145961456978,0.,0.62932039104983));
#4757=DIRECTION('',(-0.707106781186545,0.,0.70710678118655));
#4758=DIRECTION('',(0.70710678118655,0.,0.707106781186545));
#4759=DIRECTION('',(0.,1.,0.));
#4760=DIRECTION('',(-0.707106781186541,0.,-0.707106781186555));
#4761=DIRECTION('',(-0.707106781186555,0.,0.707106781186541));
#4762=DIRECTION('',(-0.629320391049835,0.,0.777145961456973));
#4763=DIRECTION('',(0.777145961456973,0.,0.629320391049835));
#4764=DIRECTION('',(0.,1.,0.));
#4765=DIRECTION('',(-0.777145961456965,0.,-0.629320391049845));
#4766=DIRECTION('',(-0.629320391049845,0.,0.777145961456965));
#4767=DIRECTION('',(-0.544639035015024,0.,0.838670567945426));
#4768=DIRECTION('',(0.838670567945426,0.,0.544639035015024));
#4769=DIRECTION('',(0.,1.,0.));
#4770=DIRECTION('',(-0.838670567945419,0.,-0.544639035015035));
#4771=DIRECTION('',(-0.544639035015035,0.,0.838670567945419));
#4772=DIRECTION('',(-0.453990499739543,0.,0.89100652418837));
#4773=DIRECTION('',(0.89100652418837,0.,0.453990499739543));
#4774=DIRECTION('',(0.,1.,0.));
#4775=DIRECTION('',(-0.891006524188364,0.,-0.453990499739555));
#4776=DIRECTION('',(-0.453990499739555,0.,0.891006524188364));
#4777=DIRECTION('',(-0.358367949545296,0.,0.933580426497203));
#4778=DIRECTION('',(0.933580426497203,0.,0.358367949545296));
#4779=DIRECTION('',(0.,1.,0.));
#4780=DIRECTION('',(-0.933580426497198,0.,-0.358367949545309));
#4781=DIRECTION('',(-0.358367949545309,0.,0.933580426497199));
#4782=DIRECTION('',(-0.258819045102517,0.,0.965925826289069));
#4783=DIRECTION('',(0.965925826289069,0.,0.258819045102517));
#4784=DIRECTION('',(0.,1.,0.));
#4785=DIRECTION('',(-0.965925826289066,0.,-0.25881904510253));
#4786=DIRECTION('',(-0.25881904510253,0.,0.965925826289066));
#4787=DIRECTION('',(-0.156434465040226,0.,0.987688340595138));
#4788=DIRECTION('',(0.987688340595139,0.,0.156434465040226));
#4789=DIRECTION('',(0.,1.,0.));
#4790=DIRECTION('',(-0.987688340595136,0.,-0.15643446504024));
#4791=DIRECTION('',(-0.15643446504024,0.,0.987688340595136));
#4792=DIRECTION('',(-0.052335956242939,0.,0.998629534754574));
#4793=DIRECTION('',(0.998629534754574,0.,0.052335956242939));
#4794=DIRECTION('',(0.,1.,0.));
#4795=DIRECTION('',(-0.998629534754573,0.,-0.0523359562429522));
#4796=DIRECTION('',(-0.0523359562429523,0.,0.998629534754574));
#4797=DIRECTION('',(0.0523359562429489,0.,0.998629534754574));
#4798=DIRECTION('',(0.998629534754574,0.,-0.0523359562429489));
#4799=DIRECTION('',(0.,1.,0.));
#4800=DIRECTION('',(-0.998629534754574,0.,0.0523359562429356));
#4801=DIRECTION('',(0.0523359562429356,0.,0.998629534754574));
#4802=DIRECTION('',(0.156434465040236,0.,0.987688340595137));
#4803=DIRECTION('',(0.987688340595137,0.,-0.156434465040236));
#4804=DIRECTION('',(0.,1.,0.));
#4805=DIRECTION('',(-0.987688340595139,0.,0.156434465040223));
#4806=DIRECTION('',(0.156434465040223,0.,0.987688340595139));
#4807=DIRECTION('',(0.258819045102526,0.,0.965925826289067));
#4808=DIRECTION('',(0.965925826289067,0.,-0.258819045102526));
#4809=DIRECTION('',(0.,1.,0.));
#4810=DIRECTION('',(-0.96592582628907,0.,0.258819045102514));
#4811=DIRECTION('',(0.258819045102514,0.,0.96592582628907));
#4812=DIRECTION('',(0.358367949545306,0.,0.9335804264972));
#4813=DIRECTION('',(0.9335804264972,0.,-0.358367949545306));
#4814=DIRECTION('',(0.,1.,0.));
#4815=DIRECTION('',(-0.933580426497205,0.,0.358367949545293));
#4816=DIRECTION('',(0.358367949545293,0.,0.933580426497205));
#4817=DIRECTION('',(0.453990499739552,0.,0.891006524188365));
#4818=DIRECTION('',(0.891006524188365,0.,-0.453990499739552));
#4819=DIRECTION('',(0.,1.,0.));
#4820=DIRECTION('',(-0.891006524188371,0.,0.45399049973954));
#4821=DIRECTION('',(0.45399049973954,0.,0.891006524188371));
#4822=DIRECTION('',(0.544639035015032,0.,0.838670567945421));
#4823=DIRECTION('',(0.838670567945421,0.,-0.544639035015032));
#4824=DIRECTION('',(0.,1.,0.));
#4825=DIRECTION('',(-0.838670567945428,0.,0.544639035015021));
#4826=DIRECTION('',(0.544639035015021,0.,0.838670567945428));
#4827=CARTESIAN_POINT('',(0.,0.,0.));
#4828=CARTESIAN_POINT('',(-0.00515,0.0293296464556282,0.));
#4829=CARTESIAN_POINT('',(-0.00515,0.01195,0.));
#4830=CARTESIAN_POINT('',(-0.00448675414488289,0.01195,-0.00235851752922678));
#4831=CARTESIAN_POINT('',(-0.00454512899487277,0.01195,-0.00237415902313985));
#4832=CARTESIAN_POINT('',(-0.00454512899487277,0.011949,-0.00237415902313985));
#4833=CARTESIAN_POINT('',(-0.00454512899487277,0.0191,-0.00237415902313985));
#4834=CARTESIAN_POINT('',(-0.00515,0.0191,0.));
#4835=CARTESIAN_POINT('',(-0.00448675414488289,0.0191,-0.00235851752922678));
#4836=CARTESIAN_POINT('',(-0.00448675414488289,0.011949,-0.00235851752922678));
#4837=CARTESIAN_POINT('',(-0.00515,0.0293296464556282,0.));
#4838=CARTESIAN_POINT('',(-0.00515,0.01195,0.));
#4839=CARTESIAN_POINT('',(-0.00424385526215388,0.01195,-0.00227626925342188));
#4840=CARTESIAN_POINT('',(-0.00430027534728571,0.01195,-0.00229792689495762));
#4841=CARTESIAN_POINT('',(-0.00430027534728571,0.011949,-0.00229792689495762));
#4842=CARTESIAN_POINT('',(-0.00430027534728571,0.0191,-0.00229792689495762));
#4843=CARTESIAN_POINT('',(-0.00515,0.0191,0.));
#4844=CARTESIAN_POINT('',(-0.00424385526215388,0.0191,-0.00227626925342188));
#4845=CARTESIAN_POINT('',(-0.00424385526215388,0.011949,-0.00227626925342188));
#4846=CARTESIAN_POINT('',(-0.00515,0.0293296464556282,0.));
#4847=CARTESIAN_POINT('',(-0.00515,0.01195,0.));
#4848=CARTESIAN_POINT('',(-0.00401088429079568,0.01195,-0.00216908169533652));
#4849=CARTESIAN_POINT('',(-0.0040647314608101,0.01195,-0.00219651819884212));
#4850=CARTESIAN_POINT('',(-0.0040647314608101,0.011949,-0.00219651819884212));
#4851=CARTESIAN_POINT('',(-0.0040647314608101,0.0191,-0.00219651819884212));
#4852=CARTESIAN_POINT('',(-0.00515,0.0191,0.));
#4853=CARTESIAN_POINT('',(-0.00401088429079568,0.0191,-0.00216908169533652));
#4854=CARTESIAN_POINT('',(-0.00401088429079568,0.011949,-0.00216908169533652));
#4855=CARTESIAN_POINT('',(-0.00515,0.0293296464556282,0.));
#4856=CARTESIAN_POINT('',(-0.00515,0.01195,0.));
#4857=CARTESIAN_POINT('',(-0.00379039370952283,0.01195,-0.00203812922428754));
#4858=CARTESIAN_POINT('',(-0.00384107800355691,0.01195,-0.00207104398968912));
#4859=CARTESIAN_POINT('',(-0.00384107800355691,0.011949,-0.00207104398968912));
#4860=CARTESIAN_POINT('',(-0.00384107800355691,0.0191,-0.00207104398968912));
#4861=CARTESIAN_POINT('',(-0.00515,0.0191,0.));
#4862=CARTESIAN_POINT('',(-0.00379039370952283,0.0191,-0.00203812922428754));
#4863=CARTESIAN_POINT('',(-0.00379039370952283,0.011949,-0.00203812922428754));
#4864=CARTESIAN_POINT('',(-0.00515,0.0293296464556282,0.));
#4865=CARTESIAN_POINT('',(-0.00515,0.01195,0.));
#4866=CARTESIAN_POINT('',(-0.00358479925928434,0.01195,-0.0018848465829513));
#4867=CARTESIAN_POINT('',(-0.00363176536960628,0.01195,-0.00192287898919127));
#4868=CARTESIAN_POINT('',(-0.00363176536960628,0.011949,-0.00192287898919127));
#4869=CARTESIAN_POINT('',(-0.00363176536960628,0.0191,-0.00192287898919127));
#4870=CARTESIAN_POINT('',(-0.00515,0.0191,0.));
#4871=CARTESIAN_POINT('',(-0.00358479925928434,0.0191,-0.0018848465829513));
#4872=CARTESIAN_POINT('',(-0.00358479925928434,0.011949,-0.0018848465829513));
#4873=CARTESIAN_POINT('',(-0.00515,0.0293296464556282,0.));
#4874=CARTESIAN_POINT('',(-0.00515,0.01195,0.));
#4875=CARTESIAN_POINT('',(-0.00339635347590045,0.01195,-0.00171091316802274));
#4876=CARTESIAN_POINT('',(-0.00343908683197727,0.01195,-0.00175364652409954));
#4877=CARTESIAN_POINT('',(-0.00343908683197726,0.011949,-0.00175364652409954));
#4878=CARTESIAN_POINT('',(-0.00343908683197726,0.0191,-0.00175364652409954));
#4879=CARTESIAN_POINT('',(-0.00515,0.0191,0.));
#4880=CARTESIAN_POINT('',(-0.00339635347590045,0.0191,-0.00171091316802273));
#4881=CARTESIAN_POINT('',(-0.00339635347590045,0.011949,-0.00171091316802274));
#4882=CARTESIAN_POINT('',(-0.00515,0.0293296464556282,0.));
#4883=CARTESIAN_POINT('',(-0.00515,0.01195,0.));
#4884=CARTESIAN_POINT('',(-0.00322712101080872,0.01195,-0.00151823463039371));
#4885=CARTESIAN_POINT('',(-0.0032651534170487,0.01195,-0.00156520074071565));
#4886=CARTESIAN_POINT('',(-0.0032651534170487,0.011949,-0.00156520074071565));
#4887=CARTESIAN_POINT('',(-0.0032651534170487,0.0191,-0.00156520074071565));
#4888=CARTESIAN_POINT('',(-0.00515,0.0191,0.));
#4889=CARTESIAN_POINT('',(-0.00322712101080872,0.0191,-0.00151823463039371));
#4890=CARTESIAN_POINT('',(-0.00322712101080872,0.011949,-0.00151823463039371));
#4891=CARTESIAN_POINT('',(-0.00515,0.0293296464556282,0.));
#4892=CARTESIAN_POINT('',(-0.00515,0.01195,0.));
#4893=CARTESIAN_POINT('',(-0.00307895601031087,0.01195,-0.00130892199644309));
#4894=CARTESIAN_POINT('',(-0.00311187077571246,0.01195,-0.00135960629047716));
#4895=CARTESIAN_POINT('',(-0.00311187077571246,0.011949,-0.00135960629047716));
#4896=CARTESIAN_POINT('',(-0.00311187077571246,0.0191,-0.00135960629047716));
#4897=CARTESIAN_POINT('',(-0.00515,0.0191,0.));
#4898=CARTESIAN_POINT('',(-0.00307895601031087,0.0191,-0.00130892199644309));
#4899=CARTESIAN_POINT('',(-0.00307895601031087,0.011949,-0.00130892199644309));
#4900=CARTESIAN_POINT('',(-0.00515,0.0293296464556282,0.));
#4901=CARTESIAN_POINT('',(-0.00515,0.01195,0.));
#4902=CARTESIAN_POINT('',(-0.00295348180115787,0.01195,-0.00108526853918989));
#4903=CARTESIAN_POINT('',(-0.00298091830466347,0.01195,-0.00113911570920431));
#4904=CARTESIAN_POINT('',(-0.00298091830466347,0.011949,-0.00113911570920431));
#4905=CARTESIAN_POINT('',(-0.00298091830466347,0.0191,-0.00113911570920431));
#4906=CARTESIAN_POINT('',(-0.00515,0.0191,0.));
#4907=CARTESIAN_POINT('',(-0.00295348180115787,0.0191,-0.00108526853918989));
#4908=CARTESIAN_POINT('',(-0.00295348180115787,0.011949,-0.00108526853918989));
#4909=CARTESIAN_POINT('',(-0.00515,0.0293296464556282,0.));
#4910=CARTESIAN_POINT('',(-0.00515,0.01195,0.));
#4911=CARTESIAN_POINT('',(-0.00285207310504238,0.01195,-0.000849724652714282));
#4912=CARTESIAN_POINT('',(-0.00287373074657813,0.01195,-0.000906144737846117));
#4913=CARTESIAN_POINT('',(-0.00287373074657813,0.011949,-0.000906144737846117));
#4914=CARTESIAN_POINT('',(-0.00287373074657813,0.0191,-0.000906144737846117));
#4915=CARTESIAN_POINT('',(-0.00515,0.0191,0.));
#4916=CARTESIAN_POINT('',(-0.00285207310504238,0.0191,-0.000849724652714282));
#4917=CARTESIAN_POINT('',(-0.00285207310504238,0.011949,-0.000849724652714282));
#4918=CARTESIAN_POINT('',(-0.00515,0.0293296464556282,0.));
#4919=CARTESIAN_POINT('',(-0.00515,0.01195,0.));
#4920=CARTESIAN_POINT('',(-0.00277584097686014,0.01195,-0.000604871005127224));
#4921=CARTESIAN_POINT('',(-0.00279148247077322,0.01195,-0.00066324585511711));
#4922=CARTESIAN_POINT('',(-0.00279148247077322,0.011949,-0.00066324585511711));
#4923=CARTESIAN_POINT('',(-0.00279148247077322,0.0191,-0.00066324585511711));
#4924=CARTESIAN_POINT('',(-0.00515,0.0191,0.));
#4925=CARTESIAN_POINT('',(-0.00277584097686014,0.0191,-0.000604871005127224));
#4926=CARTESIAN_POINT('',(-0.00277584097686014,0.011949,-0.000604871005127224));
#4927=CARTESIAN_POINT('',(-0.00515,0.0293296464556282,0.));
#4928=CARTESIAN_POINT('',(-0.00515,0.01195,0.));
#4929=CARTESIAN_POINT('',(-0.00272562063176015,0.01195,-0.000353390264230598));
#4930=CARTESIAN_POINT('',(-0.00273507460657006,0.01195,-0.000413080312006321));
#4931=CARTESIAN_POINT('',(-0.00273507460657006,0.011949,-0.000413080312006321));
#4932=CARTESIAN_POINT('',(-0.00273507460657006,0.0191,-0.000413080312006321));
#4933=CARTESIAN_POINT('',(-0.00515,0.0191,0.));
#4934=CARTESIAN_POINT('',(-0.00272562063176015,0.0191,-0.000353390264230598));
#4935=CARTESIAN_POINT('',(-0.00272562063176015,0.011949,-0.000353390264230598));
#4936=CARTESIAN_POINT('',(-0.00515,0.0293296464556282,0.));
#4937=CARTESIAN_POINT('',(-0.00515,0.01195,0.));
#4938=CARTESIAN_POINT('',(-0.0027019622943526,0.01195,-9.80377056473917E-5));
#4939=CARTESIAN_POINT('',(-0.00270512517033294,0.01195,-0.000158388974554578));
#4940=CARTESIAN_POINT('',(-0.00270512517033294,0.011949,-0.000158388974554578));
#4941=CARTESIAN_POINT('',(-0.00270512517033294,0.0191,-0.000158388974554578));
#4942=CARTESIAN_POINT('',(-0.00515,0.0191,0.));
#4943=CARTESIAN_POINT('',(-0.0027019622943526,0.0191,-9.80377056473917E-5));
#4944=CARTESIAN_POINT('',(-0.0027019622943526,0.011949,-9.80377056473917E-5));
#4945=CARTESIAN_POINT('',(-0.00515,0.0293296464556282,0.));
#4946=CARTESIAN_POINT('',(-0.00515,0.01195,0.));
#4947=CARTESIAN_POINT('',(-0.00270512517033294,0.01195,0.000158388974554594));
#4948=CARTESIAN_POINT('',(-0.0027019622943526,0.01195,9.80377056474091E-5));
#4949=CARTESIAN_POINT('',(-0.0027019622943526,0.011949,9.8037705647409E-5));
#4950=CARTESIAN_POINT('',(-0.0027019622943526,0.0191,9.8037705647409E-5));
#4951=CARTESIAN_POINT('',(-0.00515,0.0191,0.));
#4952=CARTESIAN_POINT('',(-0.00270512517033294,0.0191,0.000158388974554594));
#4953=CARTESIAN_POINT('',(-0.00270512517033294,0.011949,0.000158388974554594));
#4954=CARTESIAN_POINT('',(-0.00515,0.0293296464556282,0.));
#4955=CARTESIAN_POINT('',(-0.00515,0.01195,0.));
#4956=CARTESIAN_POINT('',(-0.00273507460657006,0.01195,0.000413080312006337));
#4957=CARTESIAN_POINT('',(-0.00272562063176016,0.01195,0.000353390264230613));
#4958=CARTESIAN_POINT('',(-0.00272562063176016,0.011949,0.000353390264230613));
#4959=CARTESIAN_POINT('',(-0.00272562063176016,0.0191,0.000353390264230613));
#4960=CARTESIAN_POINT('',(-0.00515,0.0191,0.));
#4961=CARTESIAN_POINT('',(-0.00273507460657006,0.0191,0.000413080312006337));
#4962=CARTESIAN_POINT('',(-0.00273507460657006,0.011949,0.000413080312006337));
#4963=CARTESIAN_POINT('',(-0.00515,0.0293296464556282,0.));
#4964=CARTESIAN_POINT('',(-0.00515,0.01195,0.));
#4965=CARTESIAN_POINT('',(-0.00279148247077323,0.01195,0.000663245855117125));
#4966=CARTESIAN_POINT('',(-0.00277584097686015,0.01195,0.00060487100512724));
#4967=CARTESIAN_POINT('',(-0.00277584097686015,0.011949,0.000604871005127241));
#4968=CARTESIAN_POINT('',(-0.00277584097686015,0.0191,0.000604871005127241));
#4969=CARTESIAN_POINT('',(-0.00515,0.0191,0.));
#4970=CARTESIAN_POINT('',(-0.00279148247077323,0.0191,0.000663245855117125));
#4971=CARTESIAN_POINT('',(-0.00279148247077323,0.011949,0.000663245855117125));
#4972=CARTESIAN_POINT('',(-0.00515,0.0293296464556282,0.));
#4973=CARTESIAN_POINT('',(-0.00515,0.01195,0.));
#4974=CARTESIAN_POINT('',(-0.00287373074657813,0.01195,0.000906144737846133));
#4975=CARTESIAN_POINT('',(-0.00285207310504238,0.01195,0.000849724652714297));
#4976=CARTESIAN_POINT('',(-0.00285207310504238,0.011949,0.000849724652714297));
#4977=CARTESIAN_POINT('',(-0.00285207310504238,0.0191,0.000849724652714297));
#4978=CARTESIAN_POINT('',(-0.00515,0.0191,0.));
#4979=CARTESIAN_POINT('',(-0.00287373074657813,0.0191,0.000906144737846133));
#4980=CARTESIAN_POINT('',(-0.00287373074657813,0.011949,0.000906144737846133));
#4981=CARTESIAN_POINT('',(-0.00515,0.0293296464556282,0.));
#4982=CARTESIAN_POINT('',(-0.00515,0.01195,0.));
#4983=CARTESIAN_POINT('',(-0.00298091830466348,0.01195,0.00113911570920432));
#4984=CARTESIAN_POINT('',(-0.00295348180115788,0.01195,0.0010852685391899));
#4985=CARTESIAN_POINT('',(-0.00295348180115788,0.011949,0.0010852685391899));
#4986=CARTESIAN_POINT('',(-0.00295348180115788,0.0191,0.0010852685391899));
#4987=CARTESIAN_POINT('',(-0.00515,0.0191,0.));
#4988=CARTESIAN_POINT('',(-0.00298091830466348,0.0191,0.00113911570920432));
#4989=CARTESIAN_POINT('',(-0.00298091830466348,0.011949,0.00113911570920432));
#4990=CARTESIAN_POINT('',(-0.00515,0.0293296464556282,0.));
#4991=CARTESIAN_POINT('',(-0.00515,0.01195,0.));
#4992=CARTESIAN_POINT('',(-0.00311187077571247,0.01195,0.00135960629047718));
#4993=CARTESIAN_POINT('',(-0.00307895601031088,0.01195,0.0013089219964431));
#4994=CARTESIAN_POINT('',(-0.00307895601031088,0.011949,0.0013089219964431));
#4995=CARTESIAN_POINT('',(-0.00307895601031088,0.0191,0.0013089219964431));
#4996=CARTESIAN_POINT('',(-0.00515,0.0191,0.));
#4997=CARTESIAN_POINT('',(-0.00311187077571247,0.0191,0.00135960629047718));
#4998=CARTESIAN_POINT('',(-0.00311187077571247,0.011949,0.00135960629047718));
#4999=CARTESIAN_POINT('',(-0.00515,0.0293296464556282,0.));
#5000=CARTESIAN_POINT('',(-0.00515,0.01195,0.));
#5001=CARTESIAN_POINT('',(-0.00326515341704871,0.01195,0.00156520074071566));
#5002=CARTESIAN_POINT('',(-0.00322712101080873,0.01195,0.00151823463039373));
#5003=CARTESIAN_POINT('',(-0.00322712101080873,0.011949,0.00151823463039373));
#5004=CARTESIAN_POINT('',(-0.00322712101080873,0.0191,0.00151823463039373));
#5005=CARTESIAN_POINT('',(-0.00515,0.0191,0.));
#5006=CARTESIAN_POINT('',(-0.00326515341704871,0.0191,0.00156520074071566));
#5007=CARTESIAN_POINT('',(-0.00326515341704871,0.011949,0.00156520074071566));
#5008=CARTESIAN_POINT('',(-0.00515,0.0293296464556282,0.));
#5009=CARTESIAN_POINT('',(-0.00515,0.01195,0.));
#5010=CARTESIAN_POINT('',(-0.00343908683197728,0.01195,0.00175364652409955));
#5011=CARTESIAN_POINT('',(-0.00339635347590046,0.01195,0.00171091316802275));
#5012=CARTESIAN_POINT('',(-0.00339635347590046,0.011949,0.00171091316802275));
#5013=CARTESIAN_POINT('',(-0.00339635347590046,0.0191,0.00171091316802275));
#5014=CARTESIAN_POINT('',(-0.00515,0.0191,0.));
#5015=CARTESIAN_POINT('',(-0.00343908683197728,0.0191,0.00175364652409955));
#5016=CARTESIAN_POINT('',(-0.00343908683197728,0.011949,0.00175364652409955));
#5017=CARTESIAN_POINT('',(-0.00515,0.0293296464556282,0.));
#5018=CARTESIAN_POINT('',(-0.00515,0.01195,0.));
#5019=CARTESIAN_POINT('',(-0.00363176536960629,0.01195,0.00192287898919128));
#5020=CARTESIAN_POINT('',(-0.00358479925928436,0.01195,0.0018848465829513));
#5021=CARTESIAN_POINT('',(-0.00358479925928436,0.011949,0.0018848465829513));
#5022=CARTESIAN_POINT('',(-0.00358479925928436,0.0191,0.0018848465829513));
#5023=CARTESIAN_POINT('',(-0.00515,0.0191,0.));
#5024=CARTESIAN_POINT('',(-0.00363176536960629,0.0191,0.00192287898919128));
#5025=CARTESIAN_POINT('',(-0.00363176536960629,0.011949,0.00192287898919128));
#5026=CARTESIAN_POINT('',(-0.00515,0.0293296464556282,0.));
#5027=CARTESIAN_POINT('',(-0.00515,0.01195,0.));
#5028=CARTESIAN_POINT('',(-0.00384107800355692,0.01195,0.00207104398968913));
#5029=CARTESIAN_POINT('',(-0.00379039370952284,0.01195,0.00203812922428755));
#5030=CARTESIAN_POINT('',(-0.00379039370952284,0.011949,0.00203812922428755));
#5031=CARTESIAN_POINT('',(-0.00379039370952284,0.0191,0.00203812922428755));
#5032=CARTESIAN_POINT('',(-0.00515,0.0191,0.));
#5033=CARTESIAN_POINT('',(-0.00384107800355692,0.0191,0.00207104398968913));
#5034=CARTESIAN_POINT('',(-0.00384107800355692,0.011949,0.00207104398968913));
#5035=CARTESIAN_POINT('',(-0.00515,0.0293296464556282,0.));
#5036=CARTESIAN_POINT('',(-0.00515,0.01195,0.));
#5037=CARTESIAN_POINT('',(-0.00406473146081012,0.01195,0.00219651819884213));
#5038=CARTESIAN_POINT('',(-0.0040108842907957,0.01195,0.00216908169533653));
#5039=CARTESIAN_POINT('',(-0.0040108842907957,0.011949,0.00216908169533653));
#5040=CARTESIAN_POINT('',(-0.0040108842907957,0.0191,0.00216908169533653));
#5041=CARTESIAN_POINT('',(-0.00515,0.0191,0.));
#5042=CARTESIAN_POINT('',(-0.00406473146081012,0.0191,0.00219651819884213));
#5043=CARTESIAN_POINT('',(-0.00406473146081012,0.011949,0.00219651819884213));
#5044=CARTESIAN_POINT('',(-0.00515,0.0293296464556282,0.));
#5045=CARTESIAN_POINT('',(-0.00515,0.01195,0.));
#5046=CARTESIAN_POINT('',(-0.00430027534728572,0.01195,0.00229792689495763));
#5047=CARTESIAN_POINT('',(-0.00424385526215389,0.01195,0.00227626925342188));
#5048=CARTESIAN_POINT('',(-0.00424385526215389,0.011949,0.00227626925342188));
#5049=CARTESIAN_POINT('',(-0.00424385526215389,0.0191,0.00227626925342188));
#5050=CARTESIAN_POINT('',(-0.00515,0.0191,0.));
#5051=CARTESIAN_POINT('',(-0.00430027534728572,0.0191,0.00229792689495763));
#5052=CARTESIAN_POINT('',(-0.00430027534728572,0.011949,0.00229792689495763));
#5053=CARTESIAN_POINT('',(-0.00515,0.0293296464556282,0.));
#5054=CARTESIAN_POINT('',(-0.00515,0.01195,0.));
#5055=CARTESIAN_POINT('',(-0.00454512899487278,0.01195,0.00237415902313986));
#5056=CARTESIAN_POINT('',(-0.0044867541448829,0.01195,0.00235851752922678));
#5057=CARTESIAN_POINT('',(-0.0044867541448829,0.011949,0.00235851752922678));
#5058=CARTESIAN_POINT('',(-0.0044867541448829,0.0191,0.00235851752922678));
#5059=CARTESIAN_POINT('',(-0.00515,0.0191,0.));
#5060=CARTESIAN_POINT('',(-0.00454512899487278,0.0191,0.00237415902313986));
#5061=CARTESIAN_POINT('',(-0.00454512899487278,0.011949,0.00237415902313986));
#5062=CARTESIAN_POINT('',(-0.00515,0.0293296464556282,0.));
#5063=CARTESIAN_POINT('',(-0.00515,0.01195,0.));
#5064=CARTESIAN_POINT('',(-0.00479660973576941,0.01195,0.00242437936823984));
#5065=CARTESIAN_POINT('',(-0.00473691968799369,0.01195,0.00241492539342994));
#5066=CARTESIAN_POINT('',(-0.00473691968799369,0.011949,0.00241492539342994));
#5067=CARTESIAN_POINT('',(-0.00473691968799369,0.0191,0.00241492539342994));
#5068=CARTESIAN_POINT('',(-0.00515,0.0191,0.));
#5069=CARTESIAN_POINT('',(-0.00479660973576941,0.0191,0.00242437936823984));
#5070=CARTESIAN_POINT('',(-0.00479660973576941,0.011949,0.00242437936823984));
#5071=CARTESIAN_POINT('',(-0.00515,0.0293296464556282,0.));
#5072=CARTESIAN_POINT('',(-0.00515,0.01195,0.));
#5073=CARTESIAN_POINT('',(-0.0050519622943526,0.01195,0.0024480377056474));
#5074=CARTESIAN_POINT('',(-0.00499161102544543,0.01195,0.00244487482966706));
#5075=CARTESIAN_POINT('',(-0.00499161102544543,0.011949,0.00244487482966706));
#5076=CARTESIAN_POINT('',(-0.00499161102544543,0.0191,0.00244487482966706));
#5077=CARTESIAN_POINT('',(-0.00515,0.0191,0.));
#5078=CARTESIAN_POINT('',(-0.0050519622943526,0.0191,0.0024480377056474));
#5079=CARTESIAN_POINT('',(-0.0050519622943526,0.011949,0.0024480377056474));
#5080=CARTESIAN_POINT('',(-0.00515,0.0293296464556282,0.));
#5081=CARTESIAN_POINT('',(-0.00515,0.01195,0.));
#5082=CARTESIAN_POINT('',(-0.0053083889745546,0.01195,0.00244487482966706));
#5083=CARTESIAN_POINT('',(-0.0052480377056474,0.01195,0.0024480377056474));
#5084=CARTESIAN_POINT('',(-0.0052480377056474,0.011949,0.0024480377056474));
#5085=CARTESIAN_POINT('',(-0.0052480377056474,0.0191,0.0024480377056474));
#5086=CARTESIAN_POINT('',(-0.00515,0.0191,0.));
#5087=CARTESIAN_POINT('',(-0.0053083889745546,0.0191,0.00244487482966706));
#5088=CARTESIAN_POINT('',(-0.0053083889745546,0.011949,0.00244487482966706));
#5089=CARTESIAN_POINT('',(-0.00515,0.0293296464556282,0.));
#5090=CARTESIAN_POINT('',(-0.00515,0.01195,0.));
#5091=CARTESIAN_POINT('',(-0.00556308031200635,0.01195,0.00241492539342994));
#5092=CARTESIAN_POINT('',(-0.00550339026423062,0.01195,0.00242437936823984));
#5093=CARTESIAN_POINT('',(-0.00550339026423062,0.011949,0.00242437936823984));
#5094=CARTESIAN_POINT('',(-0.00550339026423062,0.0191,0.00242437936823984));
#5095=CARTESIAN_POINT('',(-0.00515,0.0191,0.));
#5096=CARTESIAN_POINT('',(-0.00556308031200635,0.0191,0.00241492539342994));
#5097=CARTESIAN_POINT('',(-0.00556308031200635,0.011949,0.00241492539342994));
#5098=CARTESIAN_POINT('',(-0.00515,0.0293296464556282,0.));
#5099=CARTESIAN_POINT('',(-0.00515,0.01195,0.));
#5100=CARTESIAN_POINT('',(-0.00581324585511713,0.01195,0.00235851752922677));
#5101=CARTESIAN_POINT('',(-0.00575487100512725,0.01195,0.00237415902313985));
#5102=CARTESIAN_POINT('',(-0.00575487100512725,0.011949,0.00237415902313985));
#5103=CARTESIAN_POINT('',(-0.00575487100512725,0.0191,0.00237415902313985));
#5104=CARTESIAN_POINT('',(-0.00515,0.0191,0.));
#5105=CARTESIAN_POINT('',(-0.00581324585511713,0.0191,0.00235851752922677));
#5106=CARTESIAN_POINT('',(-0.00581324585511713,0.011949,0.00235851752922677));
#5107=CARTESIAN_POINT('',(-0.00515,0.0293296464556282,0.));
#5108=CARTESIAN_POINT('',(-0.00515,0.01195,0.));
#5109=CARTESIAN_POINT('',(-0.00605614473784614,0.01195,0.00227626925342187));
#5110=CARTESIAN_POINT('',(-0.00599972465271431,0.01195,0.00229792689495762));
#5111=CARTESIAN_POINT('',(-0.00599972465271431,0.011949,0.00229792689495762));
#5112=CARTESIAN_POINT('',(-0.00599972465271431,0.0191,0.00229792689495762));
#5113=CARTESIAN_POINT('',(-0.00515,0.0191,0.));
#5114=CARTESIAN_POINT('',(-0.00605614473784614,0.0191,0.00227626925342187));
#5115=CARTESIAN_POINT('',(-0.00605614473784614,0.011949,0.00227626925342187));
#5116=CARTESIAN_POINT('',(-0.00515,0.0293296464556282,0.));
#5117=CARTESIAN_POINT('',(-0.00515,0.01195,0.));
#5118=CARTESIAN_POINT('',(-0.00628911570920433,0.01195,0.00216908169533652));
#5119=CARTESIAN_POINT('',(-0.00623526853918991,0.01195,0.00219651819884211));
#5120=CARTESIAN_POINT('',(-0.00623526853918991,0.011949,0.00219651819884211));
#5121=CARTESIAN_POINT('',(-0.00623526853918991,0.0191,0.00219651819884211));
#5122=CARTESIAN_POINT('',(-0.00515,0.0191,0.));
#5123=CARTESIAN_POINT('',(-0.00628911570920433,0.0191,0.00216908169533652));
#5124=CARTESIAN_POINT('',(-0.00628911570920433,0.011949,0.00216908169533652));
#5125=CARTESIAN_POINT('',(-0.00515,0.0293296464556282,0.));
#5126=CARTESIAN_POINT('',(-0.00515,0.01195,0.));
#5127=CARTESIAN_POINT('',(-0.00650960629047719,0.01195,0.00203812922428753));
#5128=CARTESIAN_POINT('',(-0.00645892199644311,0.01195,0.00207104398968911));
#5129=CARTESIAN_POINT('',(-0.00645892199644311,0.011949,0.00207104398968911));
#5130=CARTESIAN_POINT('',(-0.00645892199644311,0.0191,0.00207104398968911));
#5131=CARTESIAN_POINT('',(-0.00515,0.0191,0.));
#5132=CARTESIAN_POINT('',(-0.00650960629047719,0.0191,0.00203812922428753));
#5133=CARTESIAN_POINT('',(-0.00650960629047719,0.011949,0.00203812922428753));
#5134=CARTESIAN_POINT('',(-0.00515,0.0293296464556282,0.));
#5135=CARTESIAN_POINT('',(-0.00515,0.01195,0.));
#5136=CARTESIAN_POINT('',(-0.00671520074071567,0.01195,0.00188484658295128));
#5137=CARTESIAN_POINT('',(-0.00666823463039374,0.01195,0.00192287898919126));
#5138=CARTESIAN_POINT('',(-0.00666823463039374,0.011949,0.00192287898919126));
#5139=CARTESIAN_POINT('',(-0.00666823463039374,0.0191,0.00192287898919126));
#5140=CARTESIAN_POINT('',(-0.00515,0.0191,0.));
#5141=CARTESIAN_POINT('',(-0.00671520074071567,0.0191,0.00188484658295128));
#5142=CARTESIAN_POINT('',(-0.00671520074071567,0.011949,0.00188484658295128));
#5143=CARTESIAN_POINT('',(-0.00515,0.0293296464556282,0.));
#5144=CARTESIAN_POINT('',(-0.00515,0.01195,0.));
#5145=CARTESIAN_POINT('',(-0.00690364652409956,0.01195,0.00171091316802272));
#5146=CARTESIAN_POINT('',(-0.00686091316802275,0.01195,0.00175364652409953));
#5147=CARTESIAN_POINT('',(-0.00686091316802275,0.011949,0.00175364652409953));
#5148=CARTESIAN_POINT('',(-0.00686091316802275,0.0191,0.00175364652409953));
#5149=CARTESIAN_POINT('',(-0.00515,0.0191,0.));
#5150=CARTESIAN_POINT('',(-0.00690364652409956,0.0191,0.00171091316802272));
#5151=CARTESIAN_POINT('',(-0.00690364652409956,0.011949,0.00171091316802272));
#5152=CARTESIAN_POINT('',(-0.00515,0.0293296464556282,0.));
#5153=CARTESIAN_POINT('',(-0.00515,0.01195,0.));
#5154=CARTESIAN_POINT('',(-0.00707287898919129,0.01195,0.0015182346303937));
#5155=CARTESIAN_POINT('',(-0.00703484658295131,0.01195,0.00156520074071563));
#5156=CARTESIAN_POINT('',(-0.00703484658295131,0.011949,0.00156520074071563));
#5157=CARTESIAN_POINT('',(-0.00703484658295131,0.0191,0.00156520074071563));
#5158=CARTESIAN_POINT('',(-0.00515,0.0191,0.));
#5159=CARTESIAN_POINT('',(-0.00707287898919128,0.0191,0.0015182346303937));
#5160=CARTESIAN_POINT('',(-0.00707287898919129,0.011949,0.0015182346303937));
#5161=CARTESIAN_POINT('',(-0.00515,0.0293296464556282,0.));
#5162=CARTESIAN_POINT('',(-0.00515,0.01195,0.));
#5163=CARTESIAN_POINT('',(-0.00722104398968913,0.01195,0.00130892199644307));
#5164=CARTESIAN_POINT('',(-0.00718812922428755,0.01195,0.00135960629047715));
#5165=CARTESIAN_POINT('',(-0.00718812922428755,0.011949,0.00135960629047715));
#5166=CARTESIAN_POINT('',(-0.00718812922428755,0.0191,0.00135960629047715));
#5167=CARTESIAN_POINT('',(-0.00515,0.0191,0.));
#5168=CARTESIAN_POINT('',(-0.00722104398968913,0.0191,0.00130892199644307));
#5169=CARTESIAN_POINT('',(-0.00722104398968913,0.011949,0.00130892199644307));
#5170=CARTESIAN_POINT('',(-0.00515,0.0293296464556282,0.));
#5171=CARTESIAN_POINT('',(-0.00515,0.01195,0.));
#5172=CARTESIAN_POINT('',(-0.00734651819884213,0.01195,0.00108526853918987));
#5173=CARTESIAN_POINT('',(-0.00731908169533653,0.01195,0.00113911570920429));
#5174=CARTESIAN_POINT('',(-0.00731908169533653,0.011949,0.00113911570920429));
#5175=CARTESIAN_POINT('',(-0.00731908169533653,0.0191,0.00113911570920429));
#5176=CARTESIAN_POINT('',(-0.00515,0.0191,0.));
#5177=CARTESIAN_POINT('',(-0.00734651819884213,0.0191,0.00108526853918987));
#5178=CARTESIAN_POINT('',(-0.00734651819884213,0.011949,0.00108526853918987));
#5179=CARTESIAN_POINT('',(-0.00515,0.0293296464556282,0.));
#5180=CARTESIAN_POINT('',(-0.00515,0.01195,0.));
#5181=CARTESIAN_POINT('',(-0.00744792689495763,0.01195,0.000849724652714267));
#5182=CARTESIAN_POINT('',(-0.00742626925342188,0.01195,0.000906144737846103));
#5183=CARTESIAN_POINT('',(-0.00742626925342188,0.011949,0.000906144737846103));
#5184=CARTESIAN_POINT('',(-0.00742626925342188,0.0191,0.000906144737846103));
#5185=CARTESIAN_POINT('',(-0.00515,0.0191,0.));
#5186=CARTESIAN_POINT('',(-0.00744792689495763,0.0191,0.000849724652714267));
#5187=CARTESIAN_POINT('',(-0.00744792689495763,0.011949,0.000849724652714267));
#5188=CARTESIAN_POINT('',(-0.00515,0.0293296464556282,0.));
#5189=CARTESIAN_POINT('',(-0.00515,0.01195,0.));
#5190=CARTESIAN_POINT('',(-0.00752415902313986,0.01195,0.000604871005127208));
#5191=CARTESIAN_POINT('',(-0.00750851752922678,0.01195,0.000663245855117093));
#5192=CARTESIAN_POINT('',(-0.00750851752922678,0.011949,0.000663245855117092));
#5193=CARTESIAN_POINT('',(-0.00750851752922678,0.0191,0.000663245855117092));
#5194=CARTESIAN_POINT('',(-0.00515,0.0191,0.));
#5195=CARTESIAN_POINT('',(-0.00752415902313986,0.0191,0.000604871005127208));
#5196=CARTESIAN_POINT('',(-0.00752415902313986,0.011949,0.000604871005127208));
#5197=CARTESIAN_POINT('',(-0.00515,0.0293296464556282,0.));
#5198=CARTESIAN_POINT('',(-0.00515,0.01195,0.));
#5199=CARTESIAN_POINT('',(-0.00757437936823985,0.01195,0.00035339026423058));
#5200=CARTESIAN_POINT('',(-0.00756492539342995,0.01195,0.000413080312006304));
#5201=CARTESIAN_POINT('',(-0.00756492539342995,0.011949,0.000413080312006304));
#5202=CARTESIAN_POINT('',(-0.00756492539342995,0.0191,0.000413080312006304));
#5203=CARTESIAN_POINT('',(-0.00515,0.0191,0.));
#5204=CARTESIAN_POINT('',(-0.00757437936823985,0.0191,0.00035339026423058));
#5205=CARTESIAN_POINT('',(-0.00757437936823985,0.011949,0.00035339026423058));
#5206=CARTESIAN_POINT('',(-0.00515,0.0293296464556282,0.));
#5207=CARTESIAN_POINT('',(-0.00515,0.01195,0.));
#5208=CARTESIAN_POINT('',(-0.0075980377056474,0.01195,9.80377056473743E-5));
#5209=CARTESIAN_POINT('',(-0.00759487482966706,0.01195,0.000158388974554562));
#5210=CARTESIAN_POINT('',(-0.00759487482966706,0.011949,0.000158388974554562));
#5211=CARTESIAN_POINT('',(-0.00759487482966706,0.0191,0.000158388974554562));
#5212=CARTESIAN_POINT('',(-0.00515,0.0191,0.));
#5213=CARTESIAN_POINT('',(-0.0075980377056474,0.0191,9.80377056473743E-5));
#5214=CARTESIAN_POINT('',(-0.0075980377056474,0.011949,9.80377056473743E-5));
#5215=CARTESIAN_POINT('',(-0.00515,0.0293296464556282,0.));
#5216=CARTESIAN_POINT('',(-0.00515,0.01195,0.));
#5217=CARTESIAN_POINT('',(-0.00759487482966706,0.01195,-0.000158388974554611));
#5218=CARTESIAN_POINT('',(-0.0075980377056474,0.01195,-9.80377056474265E-5));
#5219=CARTESIAN_POINT('',(-0.0075980377056474,0.011949,-9.80377056474264E-5));
#5220=CARTESIAN_POINT('',(-0.0075980377056474,0.0191,-9.80377056474264E-5));
#5221=CARTESIAN_POINT('',(-0.00515,0.0191,0.));
#5222=CARTESIAN_POINT('',(-0.00759487482966706,0.0191,-0.000158388974554611));
#5223=CARTESIAN_POINT('',(-0.00759487482966706,0.011949,-0.000158388974554611));
#5224=CARTESIAN_POINT('',(-0.00515,0.0293296464556282,0.));
#5225=CARTESIAN_POINT('',(-0.00515,0.01195,0.));
#5226=CARTESIAN_POINT('',(-0.00756492539342994,0.01195,-0.000413080312006354));
#5227=CARTESIAN_POINT('',(-0.00757437936823984,0.01195,-0.00035339026423063));
#5228=CARTESIAN_POINT('',(-0.00757437936823984,0.011949,-0.00035339026423063));
#5229=CARTESIAN_POINT('',(-0.00757437936823984,0.0191,-0.00035339026423063));
#5230=CARTESIAN_POINT('',(-0.00515,0.0191,0.));
#5231=CARTESIAN_POINT('',(-0.00756492539342994,0.0191,-0.000413080312006354));
#5232=CARTESIAN_POINT('',(-0.00756492539342994,0.011949,-0.000413080312006354));
#5233=CARTESIAN_POINT('',(-0.00515,0.0293296464556282,0.));
#5234=CARTESIAN_POINT('',(-0.00515,0.01195,0.));
#5235=CARTESIAN_POINT('',(-0.00750851752922677,0.01195,-0.000663245855117141));
#5236=CARTESIAN_POINT('',(-0.00752415902313985,0.01195,-0.000604871005127256));
#5237=CARTESIAN_POINT('',(-0.00752415902313985,0.011949,-0.000604871005127256));
#5238=CARTESIAN_POINT('',(-0.00752415902313985,0.0191,-0.000604871005127256));
#5239=CARTESIAN_POINT('',(-0.00515,0.0191,0.));
#5240=CARTESIAN_POINT('',(-0.00750851752922677,0.0191,-0.000663245855117141));
#5241=CARTESIAN_POINT('',(-0.00750851752922677,0.011949,-0.000663245855117141));
#5242=CARTESIAN_POINT('',(-0.00515,0.0293296464556282,0.));
#5243=CARTESIAN_POINT('',(-0.00515,0.01195,0.));
#5244=CARTESIAN_POINT('',(-0.00742626925342187,0.01195,-0.000906144737846148));
#5245=CARTESIAN_POINT('',(-0.00744792689495761,0.01195,-0.000849724652714313));
#5246=CARTESIAN_POINT('',(-0.00744792689495761,0.011949,-0.000849724652714313));
#5247=CARTESIAN_POINT('',(-0.00744792689495761,0.0191,-0.000849724652714313));
#5248=CARTESIAN_POINT('',(-0.00515,0.0191,0.));
#5249=CARTESIAN_POINT('',(-0.00742626925342187,0.0191,-0.000906144737846148));
#5250=CARTESIAN_POINT('',(-0.00742626925342187,0.011949,-0.000906144737846148));
#5251=CARTESIAN_POINT('',(-0.00515,0.0293296464556282,0.));
#5252=CARTESIAN_POINT('',(-0.00515,0.01195,0.));
#5253=CARTESIAN_POINT('',(-0.00731908169533651,0.01195,-0.00113911570920434));
#5254=CARTESIAN_POINT('',(-0.00734651819884211,0.01195,-0.00108526853918992));
#5255=CARTESIAN_POINT('',(-0.00734651819884211,0.011949,-0.00108526853918992));
#5256=CARTESIAN_POINT('',(-0.00734651819884211,0.0191,-0.00108526853918992));
#5257=CARTESIAN_POINT('',(-0.00515,0.0191,0.));
#5258=CARTESIAN_POINT('',(-0.00731908169533651,0.0191,-0.00113911570920434));
#5259=CARTESIAN_POINT('',(-0.00731908169533651,0.011949,-0.00113911570920434));
#5260=CARTESIAN_POINT('',(-0.00515,0.0293296464556282,0.));
#5261=CARTESIAN_POINT('',(-0.00515,0.01195,0.));
#5262=CARTESIAN_POINT('',(-0.00718812922428752,0.01195,-0.00135960629047719));
#5263=CARTESIAN_POINT('',(-0.00722104398968911,0.01195,-0.00130892199644311));
#5264=CARTESIAN_POINT('',(-0.00722104398968911,0.011949,-0.00130892199644311));
#5265=CARTESIAN_POINT('',(-0.00722104398968911,0.0191,-0.00130892199644311));
#5266=CARTESIAN_POINT('',(-0.00515,0.0191,0.));
#5267=CARTESIAN_POINT('',(-0.00718812922428752,0.0191,-0.00135960629047719));
#5268=CARTESIAN_POINT('',(-0.00718812922428752,0.011949,-0.00135960629047719));
#5269=CARTESIAN_POINT('',(-0.00515,0.0293296464556282,0.));
#5270=CARTESIAN_POINT('',(-0.00515,0.01195,0.));
#5271=CARTESIAN_POINT('',(-0.00703484658295128,0.01195,-0.00156520074071567));
#5272=CARTESIAN_POINT('',(-0.00707287898919125,0.01195,-0.00151823463039374));
#5273=CARTESIAN_POINT('',(-0.00707287898919125,0.011949,-0.00151823463039374));
#5274=CARTESIAN_POINT('',(-0.00707287898919125,0.0191,-0.00151823463039374));
#5275=CARTESIAN_POINT('',(-0.00515,0.0191,0.));
#5276=CARTESIAN_POINT('',(-0.00703484658295128,0.0191,-0.00156520074071567));
#5277=CARTESIAN_POINT('',(-0.00703484658295128,0.011949,-0.00156520074071567));
#5278=CARTESIAN_POINT('',(-0.00515,0.0293296464556282,0.));
#5279=CARTESIAN_POINT('',(-0.00515,0.01195,0.));
#5280=CARTESIAN_POINT('',(-0.00686091316802272,0.01195,-0.00175364652409956));
#5281=CARTESIAN_POINT('',(-0.00690364652409952,0.01195,-0.00171091316802276));
#5282=CARTESIAN_POINT('',(-0.00690364652409952,0.011949,-0.00171091316802276));
#5283=CARTESIAN_POINT('',(-0.00690364652409952,0.0191,-0.00171091316802276));
#5284=CARTESIAN_POINT('',(-0.00515,0.0191,0.));
#5285=CARTESIAN_POINT('',(-0.00686091316802272,0.0191,-0.00175364652409956));
#5286=CARTESIAN_POINT('',(-0.00686091316802272,0.011949,-0.00175364652409956));
#5287=CARTESIAN_POINT('',(-0.00515,0.0293296464556282,0.));
#5288=CARTESIAN_POINT('',(-0.00515,0.01195,0.));
#5289=CARTESIAN_POINT('',(-0.0066682346303937,0.01195,-0.00192287898919129));
#5290=CARTESIAN_POINT('',(-0.00671520074071563,0.01195,-0.00188484658295131));
#5291=CARTESIAN_POINT('',(-0.00671520074071563,0.011949,-0.00188484658295131));
#5292=CARTESIAN_POINT('',(-0.00671520074071563,0.0191,-0.00188484658295131));
#5293=CARTESIAN_POINT('',(-0.00515,0.0191,0.));
#5294=CARTESIAN_POINT('',(-0.0066682346303937,0.0191,-0.00192287898919129));
#5295=CARTESIAN_POINT('',(-0.0066682346303937,0.011949,-0.00192287898919129));
#5296=CARTESIAN_POINT('',(-0.00515,0.0293296464556282,0.));
#5297=CARTESIAN_POINT('',(-0.00515,0.01195,0.));
#5298=CARTESIAN_POINT('',(-0.00645892199644307,0.01195,-0.00207104398968914));
#5299=CARTESIAN_POINT('',(-0.00650960629047714,0.01195,-0.00203812922428756));
#5300=CARTESIAN_POINT('',(-0.00650960629047714,0.011949,-0.00203812922428755));
#5301=CARTESIAN_POINT('',(-0.00650960629047714,0.0191,-0.00203812922428755));
#5302=CARTESIAN_POINT('',(-0.00515,0.0191,0.));
#5303=CARTESIAN_POINT('',(-0.00645892199644307,0.0191,-0.00207104398968914));
#5304=CARTESIAN_POINT('',(-0.00645892199644307,0.011949,-0.00207104398968914));
#5305=CARTESIAN_POINT('',(-0.00515,0.0293296464556282,0.));
#5306=CARTESIAN_POINT('',(-0.00515,0.01195,0.));
#5307=CARTESIAN_POINT('',(-0.00623526853918987,0.01195,-0.00219651819884213));
#5308=CARTESIAN_POINT('',(-0.00628911570920428,0.01195,-0.00216908169533654));
#5309=CARTESIAN_POINT('',(-0.00628911570920428,0.011949,-0.00216908169533654));
#5310=CARTESIAN_POINT('',(-0.00628911570920428,0.0191,-0.00216908169533654));
#5311=CARTESIAN_POINT('',(-0.00515,0.0191,0.));
#5312=CARTESIAN_POINT('',(-0.00623526853918987,0.0191,-0.00219651819884213));
#5313=CARTESIAN_POINT('',(-0.00623526853918987,0.011949,-0.00219651819884213));
#5314=CARTESIAN_POINT('',(-0.00515,0.0293296464556282,0.));
#5315=CARTESIAN_POINT('',(-0.00515,0.01195,0.));
#5316=CARTESIAN_POINT('',(-0.00599972465271426,0.01195,-0.00229792689495763));
#5317=CARTESIAN_POINT('',(-0.0060561447378461,0.01195,-0.00227626925342189));
#5318=CARTESIAN_POINT('',(-0.0060561447378461,0.011949,-0.00227626925342189));
#5319=CARTESIAN_POINT('',(-0.0060561447378461,0.0191,-0.00227626925342189));
#5320=CARTESIAN_POINT('',(-0.00515,0.0191,0.));
#5321=CARTESIAN_POINT('',(-0.00599972465271426,0.0191,-0.00229792689495763));
#5322=CARTESIAN_POINT('',(-0.00599972465271426,0.011949,-0.00229792689495763));
#5323=CARTESIAN_POINT('',(-0.00515,0.0293296464556282,0.));
#5324=CARTESIAN_POINT('',(-0.00515,0.01195,0.));
#5325=CARTESIAN_POINT('',(-0.0057548710051272,0.01195,-0.00237415902313986));
#5326=CARTESIAN_POINT('',(-0.00581324585511709,0.01195,-0.00235851752922679));
#5327=CARTESIAN_POINT('',(-0.00581324585511709,0.011949,-0.00235851752922679));
#5328=CARTESIAN_POINT('',(-0.00581324585511709,0.0191,-0.00235851752922679));
#5329=CARTESIAN_POINT('',(-0.00515,0.0191,0.));
#5330=CARTESIAN_POINT('',(-0.0057548710051272,0.0191,-0.00237415902313986));
#5331=CARTESIAN_POINT('',(-0.0057548710051272,0.011949,-0.00237415902313986));
#5332=CARTESIAN_POINT('',(-0.00515,0.0293296464556282,0.));
#5333=CARTESIAN_POINT('',(-0.00515,0.01195,0.));
#5334=CARTESIAN_POINT('',(-0.00550339026423057,0.01195,-0.00242437936823985));
#5335=CARTESIAN_POINT('',(-0.0055630803120063,0.01195,-0.00241492539342994));
#5336=CARTESIAN_POINT('',(-0.0055630803120063,0.011949,-0.00241492539342994));
#5337=CARTESIAN_POINT('',(-0.0055630803120063,0.0191,-0.00241492539342994));
#5338=CARTESIAN_POINT('',(-0.00515,0.0191,0.));
#5339=CARTESIAN_POINT('',(-0.00550339026423057,0.0191,-0.00242437936823985));
#5340=CARTESIAN_POINT('',(-0.00550339026423057,0.011949,-0.00242437936823985));
#5341=CARTESIAN_POINT('',(-0.00515,0.0293296464556282,0.));
#5342=CARTESIAN_POINT('',(-0.00515,0.01195,0.));
#5343=CARTESIAN_POINT('',(-0.0052480377056474,0.01195,-0.0024480377056474));
#5344=CARTESIAN_POINT('',(-0.00530838897455455,0.01195,-0.00244487482966706));
#5345=CARTESIAN_POINT('',(-0.00530838897455455,0.011949,-0.00244487482966706));
#5346=CARTESIAN_POINT('',(-0.00530838897455455,0.0191,-0.00244487482966706));
#5347=CARTESIAN_POINT('',(-0.00515,0.0191,0.));
#5348=CARTESIAN_POINT('',(-0.0052480377056474,0.0191,-0.0024480377056474));
#5349=CARTESIAN_POINT('',(-0.0052480377056474,-0.010651,-0.0024480377056474));
#5350=CARTESIAN_POINT('',(-0.00515,0.0293296464556282,0.));
#5351=CARTESIAN_POINT('',(-0.00515,0.0191,0.));
#5352=CARTESIAN_POINT('',(-0.00479660973576939,0.0191,-0.00242437936823984));
#5353=CARTESIAN_POINT('',(-0.00473691968799367,0.0191,-0.00241492539342994));
#5354=CARTESIAN_POINT('',(-0.00473691968799367,0.011949,-0.00241492539342994));
#5355=CARTESIAN_POINT('',(-0.00473691968799367,0.01195,-0.00241492539342994));
#5356=CARTESIAN_POINT('',(-0.00515,0.01195,0.));
#5357=CARTESIAN_POINT('',(-0.00479660973576939,0.01195,-0.00242437936823984));
#5358=CARTESIAN_POINT('',(-0.00479660973576939,0.011949,-0.00242437936823984));
#5359=CARTESIAN_POINT('',(-0.00515,0.0293296464556282,0.));
#5360=CARTESIAN_POINT('',(-0.00515,0.0191,0.));
#5361=CARTESIAN_POINT('',(-0.0050519622943526,0.0191,-0.0024480377056474));
#5362=CARTESIAN_POINT('',(-0.00499161102544541,0.0191,-0.00244487482966706));
#5363=CARTESIAN_POINT('',(-0.00499161102544541,0.011949,-0.00244487482966706));
#5364=CARTESIAN_POINT('',(-0.00499161102544541,0.01195,-0.00244487482966706));
#5365=CARTESIAN_POINT('',(-0.00515,0.01195,0.));
#5366=CARTESIAN_POINT('',(-0.0050519622943526,0.01195,-0.0024480377056474));
#5367=CARTESIAN_POINT('',(-0.0050519622943526,-0.010651,-0.0024480377056474));
#5368=CARTESIAN_POINT('',(-0.00515,0.01195,0.));
#5369=CARTESIAN_POINT('',(-0.00515,0.01195,0.));
#5370=CARTESIAN_POINT('',(-0.00515,0.01195,0.0008));
#5371=CARTESIAN_POINT('',(-0.00473691968799367,0.01195,-0.00241492539342994));
#5372=CARTESIAN_POINT('',(-0.00466140752657827,0.01195,-0.00229864686172444));
#5373=CARTESIAN_POINT('',(-0.00466140752657827,0.01195,-0.00229864686172444));
#5374=CARTESIAN_POINT('',(-0.00448675414488289,0.01195,-0.00235851752922678));
#5375=CARTESIAN_POINT('',(-0.00442381006321887,0.01195,-0.00223498281329361));
#5376=CARTESIAN_POINT('',(-0.00442381006321887,0.01195,-0.00223498281329361));
#5377=CARTESIAN_POINT('',(-0.00424385526215388,0.01195,-0.00227626925342188));
#5378=CARTESIAN_POINT('',(-0.00419416888877187,0.01195,-0.00214683182546011));
#5379=CARTESIAN_POINT('',(-0.00419416888877187,0.01195,-0.00214683182546011));
#5380=CARTESIAN_POINT('',(-0.00401088429079568,0.01195,-0.00216908169533652));
#5381=CARTESIAN_POINT('',(-0.003975,0.01195,-0.00203515969889343));
#5382=CARTESIAN_POINT('',(-0.003975,0.01195,-0.00203515969889343));
#5383=CARTESIAN_POINT('',(-0.00379039370952283,0.01195,-0.00203812922428754));
#5384=CARTESIAN_POINT('',(-0.00376870465711268,0.01195,-0.00190118993678112));
#5385=CARTESIAN_POINT('',(-0.00376870465711268,0.01195,-0.00190118993678112));
#5386=CARTESIAN_POINT('',(-0.00358479925928434,0.01195,-0.0018848465829513));
#5387=CARTESIAN_POINT('',(-0.00357754307505668,0.01195,-0.00174639033987188));
#5388=CARTESIAN_POINT('',(-0.00357754307505668,0.01195,-0.00174639033987188));
#5389=CARTESIAN_POINT('',(-0.00339635347590045,0.01195,-0.00171091316802274));
#5390=CARTESIAN_POINT('',(-0.00340360966012812,0.01195,-0.00157245692494332));
#5391=CARTESIAN_POINT('',(-0.00340360966012812,0.01195,-0.00157245692494332));
#5392=CARTESIAN_POINT('',(-0.00322712101080872,0.01195,-0.00151823463039371));
#5393=CARTESIAN_POINT('',(-0.00324881006321887,0.01195,-0.00138129534288731));
#5394=CARTESIAN_POINT('',(-0.00324881006321887,0.01195,-0.00138129534288731));
#5395=CARTESIAN_POINT('',(-0.00307895601031087,0.01195,-0.00130892199644309));
#5396=CARTESIAN_POINT('',(-0.00311484030110656,0.01195,-0.001175));
#5397=CARTESIAN_POINT('',(-0.00311484030110656,0.01195,-0.001175));
#5398=CARTESIAN_POINT('',(-0.00295348180115787,0.01195,-0.00108526853918989));
#5399=CARTESIAN_POINT('',(-0.00300316817453988,0.01195,-0.000955831111228126));
#5400=CARTESIAN_POINT('',(-0.00300316817453988,0.01195,-0.000955831111228126));
#5401=CARTESIAN_POINT('',(-0.00285207310504238,0.01195,-0.000849724652714282));
#5402=CARTESIAN_POINT('',(-0.00291501718670638,0.01195,-0.000726189936781121));
#5403=CARTESIAN_POINT('',(-0.00291501718670638,0.01195,-0.000726189936781121));
#5404=CARTESIAN_POINT('',(-0.00277584097686014,0.01195,-0.000604871005127224));
#5405=CARTESIAN_POINT('',(-0.00285135313827556,0.01195,-0.000488592473421728));
#5406=CARTESIAN_POINT('',(-0.00285135313827556,0.01195,-0.000488592473421728));
#5407=CARTESIAN_POINT('',(-0.00272562063176015,0.01195,-0.000353390264230598));
#5408=CARTESIAN_POINT('',(-0.00281287354588456,0.01195,-0.000245641888678978));
#5409=CARTESIAN_POINT('',(-0.00281287354588456,0.01195,-0.000245641888678978));
#5410=CARTESIAN_POINT('',(-0.0027019622943526,0.01195,-9.80377056473917E-5));
#5411=CARTESIAN_POINT('',(-0.0028,0.01195,7.80625564189563E-18));
#5412=CARTESIAN_POINT('',(-0.0028,0.01195,7.80625564189563E-18));
#5413=CARTESIAN_POINT('',(-0.00270512517033294,0.01195,0.000158388974554594));
#5414=CARTESIAN_POINT('',(-0.00281287354588456,0.01195,0.000245641888678994));
#5415=CARTESIAN_POINT('',(-0.00281287354588456,0.01195,0.000245641888678994));
#5416=CARTESIAN_POINT('',(-0.00273507460657006,0.01195,0.000413080312006337));
#5417=CARTESIAN_POINT('',(-0.00285135313827556,0.01195,0.000488592473421743));
#5418=CARTESIAN_POINT('',(-0.00285135313827556,0.01195,0.000488592473421743));
#5419=CARTESIAN_POINT('',(-0.00279148247077323,0.01195,0.000663245855117125));
#5420=CARTESIAN_POINT('',(-0.00291501718670639,0.01195,0.000726189936781136));
#5421=CARTESIAN_POINT('',(-0.00291501718670639,0.01195,0.000726189936781136));
#5422=CARTESIAN_POINT('',(-0.00287373074657813,0.01195,0.000906144737846133));
#5423=CARTESIAN_POINT('',(-0.00300316817453989,0.01195,0.00095583111122814));
#5424=CARTESIAN_POINT('',(-0.00300316817453989,0.01195,0.00095583111122814));
#5425=CARTESIAN_POINT('',(-0.00298091830466348,0.01195,0.00113911570920432));
#5426=CARTESIAN_POINT('',(-0.00311484030110657,0.01195,0.001175));
#5427=CARTESIAN_POINT('',(-0.00311484030110657,0.01195,0.001175));
#5428=CARTESIAN_POINT('',(-0.00311187077571247,0.01195,0.00135960629047718));
#5429=CARTESIAN_POINT('',(-0.00324881006321888,0.01195,0.00138129534288732));
#5430=CARTESIAN_POINT('',(-0.00324881006321888,0.01195,0.00138129534288732));
#5431=CARTESIAN_POINT('',(-0.00326515341704871,0.01195,0.00156520074071566));
#5432=CARTESIAN_POINT('',(-0.00340360966012813,0.01195,0.00157245692494333));
#5433=CARTESIAN_POINT('',(-0.00340360966012813,0.01195,0.00157245692494333));
#5434=CARTESIAN_POINT('',(-0.00343908683197728,0.01195,0.00175364652409955));
#5435=CARTESIAN_POINT('',(-0.0035775430750567,0.01195,0.00174639033987188));
#5436=CARTESIAN_POINT('',(-0.0035775430750567,0.01195,0.00174639033987188));
#5437=CARTESIAN_POINT('',(-0.00363176536960629,0.01195,0.00192287898919128));
#5438=CARTESIAN_POINT('',(-0.0037687046571127,0.01195,0.00190118993678113));
#5439=CARTESIAN_POINT('',(-0.0037687046571127,0.01195,0.00190118993678113));
#5440=CARTESIAN_POINT('',(-0.00384107800355692,0.01195,0.00207104398968913));
#5441=CARTESIAN_POINT('',(-0.003975,0.01195,0.00203515969889344));
#5442=CARTESIAN_POINT('',(-0.003975,0.01195,0.00203515969889344));
#5443=CARTESIAN_POINT('',(-0.00406473146081012,0.01195,0.00219651819884213));
#5444=CARTESIAN_POINT('',(-0.00419416888877188,0.01195,0.00214683182546012));
#5445=CARTESIAN_POINT('',(-0.00419416888877188,0.01195,0.00214683182546012));
#5446=CARTESIAN_POINT('',(-0.00430027534728572,0.01195,0.00229792689495763));
#5447=CARTESIAN_POINT('',(-0.00442381006321889,0.01195,0.00223498281329362));
#5448=CARTESIAN_POINT('',(-0.00442381006321889,0.01195,0.00223498281329362));
#5449=CARTESIAN_POINT('',(-0.00454512899487278,0.01195,0.00237415902313986));
#5450=CARTESIAN_POINT('',(-0.00466140752657828,0.01195,0.00229864686172444));
#5451=CARTESIAN_POINT('',(-0.00466140752657828,0.01195,0.00229864686172444));
#5452=CARTESIAN_POINT('',(-0.00479660973576941,0.01195,0.00242437936823984));
#5453=CARTESIAN_POINT('',(-0.00490435811132103,0.01195,0.00233712645411545));
#5454=CARTESIAN_POINT('',(-0.00490435811132103,0.01195,0.00233712645411545));
#5455=CARTESIAN_POINT('',(-0.0050519622943526,0.01195,0.0024480377056474));
#5456=CARTESIAN_POINT('',(-0.00515,0.01195,0.00235));
#5457=CARTESIAN_POINT('',(-0.00515,0.01195,0.00235));
#5458=CARTESIAN_POINT('',(-0.0053083889745546,0.01195,0.00244487482966706));
#5459=CARTESIAN_POINT('',(-0.005395641888679,0.01195,0.00233712645411544));
#5460=CARTESIAN_POINT('',(-0.005395641888679,0.01195,0.00233712645411544));
#5461=CARTESIAN_POINT('',(-0.00556308031200635,0.01195,0.00241492539342994));
#5462=CARTESIAN_POINT('',(-0.00563859247342175,0.01195,0.00229864686172444));
#5463=CARTESIAN_POINT('',(-0.00563859247342175,0.01195,0.00229864686172444));
#5464=CARTESIAN_POINT('',(-0.00581324585511713,0.01195,0.00235851752922677));
#5465=CARTESIAN_POINT('',(-0.00587618993678114,0.01195,0.00223498281329361));
#5466=CARTESIAN_POINT('',(-0.00587618993678114,0.01195,0.00223498281329361));
#5467=CARTESIAN_POINT('',(-0.00605614473784614,0.01195,0.00227626925342187));
#5468=CARTESIAN_POINT('',(-0.00610583111122815,0.01195,0.0021468318254601));
#5469=CARTESIAN_POINT('',(-0.00610583111122815,0.01195,0.0021468318254601));
#5470=CARTESIAN_POINT('',(-0.00628911570920433,0.01195,0.00216908169533652));
#5471=CARTESIAN_POINT('',(-0.006325,0.01195,0.00203515969889342));
#5472=CARTESIAN_POINT('',(-0.006325,0.01195,0.00203515969889342));
#5473=CARTESIAN_POINT('',(-0.00650960629047719,0.01195,0.00203812922428753));
#5474=CARTESIAN_POINT('',(-0.00653129534288733,0.01195,0.00190118993678111));
#5475=CARTESIAN_POINT('',(-0.00653129534288733,0.01195,0.00190118993678111));
#5476=CARTESIAN_POINT('',(-0.00671520074071567,0.01195,0.00188484658295128));
#5477=CARTESIAN_POINT('',(-0.00672245692494333,0.01195,0.00174639033987187));
#5478=CARTESIAN_POINT('',(-0.00672245692494333,0.01195,0.00174639033987187));
#5479=CARTESIAN_POINT('',(-0.00690364652409956,0.01195,0.00171091316802272));
#5480=CARTESIAN_POINT('',(-0.00689639033987189,0.01195,0.0015724569249433));
#5481=CARTESIAN_POINT('',(-0.00689639033987189,0.01195,0.0015724569249433));
#5482=CARTESIAN_POINT('',(-0.00707287898919129,0.01195,0.0015182346303937));
#5483=CARTESIAN_POINT('',(-0.00705118993678114,0.01195,0.00138129534288729));
#5484=CARTESIAN_POINT('',(-0.00705118993678114,0.01195,0.00138129534288729));
#5485=CARTESIAN_POINT('',(-0.00722104398968913,0.01195,0.00130892199644307));
#5486=CARTESIAN_POINT('',(-0.00718515969889344,0.01195,0.00117499999999998));
#5487=CARTESIAN_POINT('',(-0.00718515969889344,0.01195,0.00117499999999998));
#5488=CARTESIAN_POINT('',(-0.00734651819884213,0.01195,0.00108526853918987));
#5489=CARTESIAN_POINT('',(-0.00729683182546012,0.01195,0.000955831111228111));
#5490=CARTESIAN_POINT('',(-0.00729683182546012,0.01195,0.000955831111228111));
#5491=CARTESIAN_POINT('',(-0.00744792689495763,0.01195,0.000849724652714267));
#5492=CARTESIAN_POINT('',(-0.00738498281329362,0.01195,0.000726189936781105));
#5493=CARTESIAN_POINT('',(-0.00738498281329362,0.01195,0.000726189936781105));
#5494=CARTESIAN_POINT('',(-0.00752415902313986,0.01195,0.000604871005127208));
#5495=CARTESIAN_POINT('',(-0.00744864686172445,0.01195,0.000488592473421711));
#5496=CARTESIAN_POINT('',(-0.00744864686172445,0.01195,0.000488592473421711));
#5497=CARTESIAN_POINT('',(-0.00757437936823985,0.01195,0.00035339026423058));
#5498=CARTESIAN_POINT('',(-0.00748712645411545,0.01195,0.000245641888678962));
#5499=CARTESIAN_POINT('',(-0.00748712645411545,0.01195,0.000245641888678962));
#5500=CARTESIAN_POINT('',(-0.0075980377056474,0.01195,9.80377056473743E-5));
#5501=CARTESIAN_POINT('',(-0.0075,0.01195,-2.42861286636753E-17));
#5502=CARTESIAN_POINT('',(-0.0075,0.01195,-2.42861286636753E-17));
#5503=CARTESIAN_POINT('',(-0.00759487482966706,0.01195,-0.000158388974554611));
#5504=CARTESIAN_POINT('',(-0.00748712645411544,0.01195,-0.000245641888679009));
#5505=CARTESIAN_POINT('',(-0.00748712645411544,0.01195,-0.000245641888679009));
#5506=CARTESIAN_POINT('',(-0.00756492539342994,0.01195,-0.000413080312006354));
#5507=CARTESIAN_POINT('',(-0.00744864686172444,0.01195,-0.00048859247342176));
#5508=CARTESIAN_POINT('',(-0.00744864686172444,0.01195,-0.00048859247342176));
#5509=CARTESIAN_POINT('',(-0.00750851752922677,0.01195,-0.000663245855117141));
#5510=CARTESIAN_POINT('',(-0.0073849828132936,0.01195,-0.00072618993678115));
#5511=CARTESIAN_POINT('',(-0.0073849828132936,0.01195,-0.00072618993678115));
#5512=CARTESIAN_POINT('',(-0.00742626925342187,0.01195,-0.000906144737846148));
#5513=CARTESIAN_POINT('',(-0.0072968318254601,0.01195,-0.000955831111228154));
#5514=CARTESIAN_POINT('',(-0.0072968318254601,0.01195,-0.000955831111228154));
#5515=CARTESIAN_POINT('',(-0.00731908169533651,0.01195,-0.00113911570920434));
#5516=CARTESIAN_POINT('',(-0.00718515969889342,0.01195,-0.00117500000000002));
#5517=CARTESIAN_POINT('',(-0.00718515969889342,0.01195,-0.00117500000000002));
#5518=CARTESIAN_POINT('',(-0.00718812922428752,0.01195,-0.00135960629047719));
#5519=CARTESIAN_POINT('',(-0.00705118993678111,0.01195,-0.00138129534288733));
#5520=CARTESIAN_POINT('',(-0.00705118993678111,0.01195,-0.00138129534288733));
#5521=CARTESIAN_POINT('',(-0.00703484658295128,0.01195,-0.00156520074071567));
#5522=CARTESIAN_POINT('',(-0.00689639033987186,0.01195,-0.00157245692494334));
#5523=CARTESIAN_POINT('',(-0.00689639033987186,0.01195,-0.00157245692494334));
#5524=CARTESIAN_POINT('',(-0.00686091316802272,0.01195,-0.00175364652409956));
#5525=CARTESIAN_POINT('',(-0.0067224569249433,0.01195,-0.00174639033987189));
#5526=CARTESIAN_POINT('',(-0.0067224569249433,0.01195,-0.00174639033987189));
#5527=CARTESIAN_POINT('',(-0.0066682346303937,0.01195,-0.00192287898919129));
#5528=CARTESIAN_POINT('',(-0.00653129534288729,0.01195,-0.00190118993678114));
#5529=CARTESIAN_POINT('',(-0.00653129534288729,0.01195,-0.00190118993678114));
#5530=CARTESIAN_POINT('',(-0.00645892199644307,0.01195,-0.00207104398968914));
#5531=CARTESIAN_POINT('',(-0.006325,0.01195,-0.00203515969889345));
#5532=CARTESIAN_POINT('',(-0.006325,0.01195,-0.00203515969889345));
#5533=CARTESIAN_POINT('',(-0.00623526853918987,0.01195,-0.00219651819884213));
#5534=CARTESIAN_POINT('',(-0.0061058311112281,0.01195,-0.00214683182546012));
#5535=CARTESIAN_POINT('',(-0.0061058311112281,0.01195,-0.00214683182546012));
#5536=CARTESIAN_POINT('',(-0.00599972465271426,0.01195,-0.00229792689495763));
#5537=CARTESIAN_POINT('',(-0.0058761899367811,0.01195,-0.00223498281329362));
#5538=CARTESIAN_POINT('',(-0.0058761899367811,0.01195,-0.00223498281329362));
#5539=CARTESIAN_POINT('',(-0.0057548710051272,0.01195,-0.00237415902313986));
#5540=CARTESIAN_POINT('',(-0.00563859247342171,0.01195,-0.00229864686172445));
#5541=CARTESIAN_POINT('',(-0.00563859247342171,0.01195,-0.00229864686172445));
#5542=CARTESIAN_POINT('',(-0.00550339026423057,0.01195,-0.00242437936823985));
#5543=CARTESIAN_POINT('',(-0.00539564188867896,0.01195,-0.00233712645411545));
#5544=CARTESIAN_POINT('',(-0.00539564188867896,0.01195,-0.00233712645411545));
#5545=CARTESIAN_POINT('',(-0.0052480377056474,0.01195,-0.0024480377056474));
#5546=CARTESIAN_POINT('',(-0.00515,0.01195,-0.00235));
#5547=CARTESIAN_POINT('',(-0.00515,0.01195,-0.00235));
#5548=CARTESIAN_POINT('',(-0.00499161102544541,0.01195,-0.00244487482966706));
#5549=CARTESIAN_POINT('',(-0.00490435811132101,0.01195,-0.00233712645411545));
#5550=CARTESIAN_POINT('',(-0.00490435811132101,0.01195,-0.00233712645411545));
#5551=CARTESIAN_POINT('',(-0.00515,0.0193,0.));
#5552=CARTESIAN_POINT('',(-0.00515,0.0193,0.));
#5553=CARTESIAN_POINT('',(-0.00515,0.0193,0.00225));
#5554=CARTESIAN_POINT('',(-0.00515,0.0193,0.));
#5555=CARTESIAN_POINT('',(-0.00515,0.0193,0.000799999999999988));
#5556=CARTESIAN_POINT('',(-0.00515,0.0193,0.));
#5557=CARTESIAN_POINT('',(-0.00515,0.0193,0.));
#5558=CARTESIAN_POINT('',(-0.00454512899487277,0.0191,-0.00237415902313985));
#5559=CARTESIAN_POINT('',(-0.00458364045843985,0.0191337433970231,-0.00234914938627424));
#5560=CARTESIAN_POINT('',(-0.00462238598869805,0.0191670998421764,-0.00232398774472211));
#5561=CARTESIAN_POINT('',(-0.00466140752657827,0.0192,-0.00229864686172445));
#5562=CARTESIAN_POINT('',(-0.00466140752657827,0.0192,-0.00229864686172444));
#5563=CARTESIAN_POINT('',(-0.00466140752657827,0.0192,-0.00229864686172445));
#5564=CARTESIAN_POINT('',(-0.00468674840957593,0.0191670998421764,-0.00233766839960467));
#5565=CARTESIAN_POINT('',(-0.00471191005112806,0.0191337433970231,-0.00237641392986286));
#5566=CARTESIAN_POINT('',(-0.00473691968799367,0.0191,-0.00241492539342994));
#5567=CARTESIAN_POINT('',(-0.00479660973576939,0.0191,-0.00242437936823985));
#5568=CARTESIAN_POINT('',(-0.00483229601061752,0.0191337433970387,-0.00239548119266362));
#5569=CARTESIAN_POINT('',(-0.00486819918108338,0.0191670998421924,-0.00236640737847929));
#5570=CARTESIAN_POINT('',(-0.00490435811132101,0.0192,-0.00233712645411544));
#5571=CARTESIAN_POINT('',(-0.00490435811132101,0.0192,-0.00233712645411545));
#5572=CARTESIAN_POINT('',(-0.00490435811132101,0.0192,-0.00233712645411544));
#5573=CARTESIAN_POINT('',(-0.00493363903568486,0.0191670998421924,-0.00237328538435308));
#5574=CARTESIAN_POINT('',(-0.00496271284986918,0.0191337433970387,-0.00240918855481893));
#5575=CARTESIAN_POINT('',(-0.00499161102544541,0.0191,-0.00244487482966706));
#5576=CARTESIAN_POINT('',(-0.0050519622943526,0.0191,-0.0024480377056474));
#5577=CARTESIAN_POINT('',(-0.0050844323943874,0.0191337433972657,-0.00241556760561261));
#5578=CARTESIAN_POINT('',(-0.00511709984242618,0.0191670998424262,-0.00238290015757383));
#5579=CARTESIAN_POINT('',(-0.00515,0.0192,-0.00235));
#5580=CARTESIAN_POINT('',(-0.00515,0.0192,-0.00235));
#5581=CARTESIAN_POINT('',(-0.00515,0.0192,-0.00235));
#5582=CARTESIAN_POINT('',(-0.00518290015757383,0.0191670998424262,-0.00238290015757383));
#5583=CARTESIAN_POINT('',(-0.00521556760561261,0.0191337433972657,-0.00241556760561261));
#5584=CARTESIAN_POINT('',(-0.0052480377056474,0.0191,-0.0024480377056474));
#5585=CARTESIAN_POINT('',(-0.00530838897455456,0.0191,-0.00244487482966707));
#5586=CARTESIAN_POINT('',(-0.00533728715013078,0.0191337433970387,-0.00240918855481893));
#5587=CARTESIAN_POINT('',(-0.00536636096431511,0.0191670998421924,-0.00237328538435308));
#5588=CARTESIAN_POINT('',(-0.00539564188867896,0.0192,-0.00233712645411545));
#5589=CARTESIAN_POINT('',(-0.00539564188867896,0.0192,-0.00233712645411545));
#5590=CARTESIAN_POINT('',(-0.00539564188867896,0.0192,-0.00233712645411545));
#5591=CARTESIAN_POINT('',(-0.00543180081891659,0.0191670998421924,-0.0023664073784793));
#5592=CARTESIAN_POINT('',(-0.00546770398938244,0.0191337433970387,-0.00239548119266362));
#5593=CARTESIAN_POINT('',(-0.00550339026423057,0.0191,-0.00242437936823985));
#5594=CARTESIAN_POINT('',(-0.0055630803120063,0.0191,-0.00241492539342995));
#5595=CARTESIAN_POINT('',(-0.00558808994887191,0.0191337433970231,-0.00237641392986287));
#5596=CARTESIAN_POINT('',(-0.00561325159042405,0.0191670998421764,-0.00233766839960467));
#5597=CARTESIAN_POINT('',(-0.00563859247342171,0.0192,-0.00229864686172445));
#5598=CARTESIAN_POINT('',(-0.00563859247342171,0.0192,-0.00229864686172445));
#5599=CARTESIAN_POINT('',(-0.00563859247342171,0.0192,-0.00229864686172445));
#5600=CARTESIAN_POINT('',(-0.00567761401130193,0.0191670998421764,-0.00232398774472211));
#5601=CARTESIAN_POINT('',(-0.00571635954156012,0.0191337433970231,-0.00234914938627425));
#5602=CARTESIAN_POINT('',(-0.0057548710051272,0.0191,-0.00237415902313986));
#5603=CARTESIAN_POINT('',(-0.00581324585511709,0.0191,-0.00235851752922679));
#5604=CARTESIAN_POINT('',(-0.00583409294246316,0.0191337433970116,-0.00231760281659219));
#5605=CARTESIAN_POINT('',(-0.0058550667351733,0.0191670998421645,-0.002276439430679));
#5606=CARTESIAN_POINT('',(-0.0058761899367811,0.0192,-0.00223498281329362));
#5607=CARTESIAN_POINT('',(-0.0058761899367811,0.0192,-0.00223498281329362));
#5608=CARTESIAN_POINT('',(-0.0058761899367811,0.0192,-0.00223498281329362));
#5609=CARTESIAN_POINT('',(-0.00591764655416648,0.0191670998421645,-0.00225610601490143));
#5610=CARTESIAN_POINT('',(-0.00595880994007966,0.0191337433970116,-0.00227707980761156));
#5611=CARTESIAN_POINT('',(-0.00599972465271426,0.0191,-0.00229792689495763));
#5612=CARTESIAN_POINT('',(-0.00605614473784609,0.0191,-0.00227626925342188));
#5613=CARTESIAN_POINT('',(-0.00607260087062558,0.0191337433970032,-0.00223339956187089));
#5614=CARTESIAN_POINT('',(-0.00608915702123203,0.0191670998421558,-0.00219026931497261));
#5615=CARTESIAN_POINT('',(-0.0061058311112281,0.0192,-0.00214683182546013));
#5616=CARTESIAN_POINT('',(-0.0061058311112281,0.0192,-0.00214683182546012));
#5617=CARTESIAN_POINT('',(-0.0061058311112281,0.0192,-0.00214683182546012));
#5618=CARTESIAN_POINT('',(-0.00614926860074059,0.0191670998421558,-0.00216350591545619));
#5619=CARTESIAN_POINT('',(-0.00619239884763888,0.0191337433970032,-0.00218006206606265));
#5620=CARTESIAN_POINT('',(-0.00623526853918987,0.0191,-0.00219651819884213));
#5621=CARTESIAN_POINT('',(-0.00628911570920431,0.0191,-0.00216908169533654));
#5622=CARTESIAN_POINT('',(-0.00630100059058593,0.0191337433969973,-0.00212472671417838));
#5623=CARTESIAN_POINT('',(-0.00631295770643829,0.0191670998421497,-0.00208010215030542));
#5624=CARTESIAN_POINT('',(-0.006325,0.0192,-0.00203515969889344));
#5625=CARTESIAN_POINT('',(-0.006325,0.0192,-0.00203515969889345));
#5626=CARTESIAN_POINT('',(-0.00632499999999999,0.0192,-0.00203515969889345));
#5627=CARTESIAN_POINT('',(-0.00636994245141197,0.0191670998421497,-0.00204720199245516));
#5628=CARTESIAN_POINT('',(-0.00641456701528492,0.0191337433969973,-0.00205915910830752));
#5629=CARTESIAN_POINT('',(-0.00645892199644307,0.0191,-0.00207104398968914));
#5630=CARTESIAN_POINT('',(-0.00650960629047715,0.0191,-0.00203812922428755));
#5631=CARTESIAN_POINT('',(-0.0065167897072155,0.0191337433969935,-0.00199277491597523));
#5632=CARTESIAN_POINT('',(-0.00652401678365043,0.0191670998421459,-0.00194714495118751));
#5633=CARTESIAN_POINT('',(-0.00653129534288729,0.0192,-0.00190118993678115));
#5634=CARTESIAN_POINT('',(-0.00653129534288729,0.0192,-0.00190118993678114));
#5635=CARTESIAN_POINT('',(-0.00653129534288729,0.0192,-0.00190118993678114));
#5636=CARTESIAN_POINT('',(-0.00657725035729365,0.0191670998421459,-0.001908468496018));
#5637=CARTESIAN_POINT('',(-0.00662288032208138,0.0191337433969935,-0.00191569557245294));
#5638=CARTESIAN_POINT('',(-0.0066682346303937,0.0191,-0.00192287898919129));
#5639=CARTESIAN_POINT('',(-0.00671520074071563,0.0191,-0.00188484658295132));
#5640=CARTESIAN_POINT('',(-0.0067176039897949,0.0191337433969917,-0.00183898985877524));
#5641=CARTESIAN_POINT('',(-0.00672002184545071,0.019167099842144,-0.00179285442451547));
#5642=CARTESIAN_POINT('',(-0.0067224569249433,0.0192,-0.00174639033987189));
#5643=CARTESIAN_POINT('',(-0.0067224569249433,0.0192,-0.00174639033987189));
#5644=CARTESIAN_POINT('',(-0.0067224569249433,0.0192,-0.00174639033987189));
#5645=CARTESIAN_POINT('',(-0.00676892100958688,0.019167099842144,-0.00174882541936448));
#5646=CARTESIAN_POINT('',(-0.00681505644384664,0.0191337433969917,-0.0017512432750203));
#5647=CARTESIAN_POINT('',(-0.00686091316802272,0.0191,-0.00175364652409956));
#5648=CARTESIAN_POINT('',(-0.00690364652409952,0.0191,-0.00171091316802276));
#5649=CARTESIAN_POINT('',(-0.00690124327502026,0.0191337433969917,-0.00166505644384668));
#5650=CARTESIAN_POINT('',(-0.00689882541936445,0.019167099842144,-0.00161892100958692));
#5651=CARTESIAN_POINT('',(-0.00689639033987186,0.0192,-0.00157245692494334));
#5652=CARTESIAN_POINT('',(-0.00689639033987186,0.0192,-0.00157245692494334));
#5653=CARTESIAN_POINT('',(-0.00689639033987186,0.0192,-0.00157245692494334));
#5654=CARTESIAN_POINT('',(-0.00694285442451544,0.019167099842144,-0.00157002184545075));
#5655=CARTESIAN_POINT('',(-0.0069889898587752,0.0191337433969917,-0.00156760398979494));
#5656=CARTESIAN_POINT('',(-0.00703484658295128,0.0191,-0.00156520074071567));
#5657=CARTESIAN_POINT('',(-0.00707287898919125,0.0191,-0.00151823463039375));
#5658=CARTESIAN_POINT('',(-0.0070656955724529,0.0191337433969935,-0.00147288032208142));
#5659=CARTESIAN_POINT('',(-0.00705846849601797,0.0191670998421459,-0.0014272503572937));
#5660=CARTESIAN_POINT('',(-0.00705118993678111,0.0192,-0.00138129534288734));
#5661=CARTESIAN_POINT('',(-0.00705118993678111,0.0192,-0.00138129534288733));
#5662=CARTESIAN_POINT('',(-0.00705118993678111,0.0192,-0.00138129534288733));
#5663=CARTESIAN_POINT('',(-0.00709714495118747,0.0191670998421459,-0.00137401678365048));
#5664=CARTESIAN_POINT('',(-0.0071427749159752,0.0191337433969935,-0.00136678970721555));
#5665=CARTESIAN_POINT('',(-0.00718812922428752,0.0191,-0.00135960629047719));
#5666=CARTESIAN_POINT('',(-0.00722104398968911,0.0191,-0.00130892199644312));
#5667=CARTESIAN_POINT('',(-0.00720915910830749,0.0191337433969973,-0.00126456701528496));
#5668=CARTESIAN_POINT('',(-0.00719720199245513,0.0191670998421497,-0.001219942451412));
#5669=CARTESIAN_POINT('',(-0.00718515969889342,0.0192,-0.00117500000000003));
#5670=CARTESIAN_POINT('',(-0.00718515969889342,0.0192,-0.00117500000000002));
#5671=CARTESIAN_POINT('',(-0.00718515969889342,0.0192,-0.00117500000000002));
#5672=CARTESIAN_POINT('',(-0.0072301021503054,0.0191670998421497,-0.00116295770643831));
#5673=CARTESIAN_POINT('',(-0.00727472671417836,0.0191337433969973,-0.00115100059058596));
#5674=CARTESIAN_POINT('',(-0.00731908169533651,0.0191,-0.00113911570920434));
#5675=CARTESIAN_POINT('',(-0.00734651819884211,0.0191,-0.00108526853918992));
#5676=CARTESIAN_POINT('',(-0.00733006206606262,0.0191337433970032,-0.00104239884763893));
#5677=CARTESIAN_POINT('',(-0.00731350591545617,0.0191670998421558,-0.000999268600740637));
#5678=CARTESIAN_POINT('',(-0.0072968318254601,0.0192,-0.000955831111228154));
#5679=CARTESIAN_POINT('',(-0.0072968318254601,0.0192,-0.000955831111228154));
#5680=CARTESIAN_POINT('',(-0.0072968318254601,0.0192,-0.000955831111228156));
#5681=CARTESIAN_POINT('',(-0.00734026931497259,0.0191670998421558,-0.000939157021232086));
#5682=CARTESIAN_POINT('',(-0.00738339956187088,0.0191337433970032,-0.000922600870625636));
#5683=CARTESIAN_POINT('',(-0.00742626925342187,0.0191,-0.000906144737846149));
#5684=CARTESIAN_POINT('',(-0.00744792689495761,0.0191,-0.000849724652714314));
#5685=CARTESIAN_POINT('',(-0.00742707980761153,0.0191337433970116,-0.000808809940079718));
#5686=CARTESIAN_POINT('',(-0.00740610601490141,0.0191670998421645,-0.000767646554166533));
#5687=CARTESIAN_POINT('',(-0.0073849828132936,0.0192,-0.000726189936781152));
#5688=CARTESIAN_POINT('',(-0.0073849828132936,0.0192,-0.00072618993678115));
#5689=CARTESIAN_POINT('',(-0.0073849828132936,0.0192,-0.000726189936781152));
#5690=CARTESIAN_POINT('',(-0.00742643943067899,0.0191670998421645,-0.000705066735173347));
#5691=CARTESIAN_POINT('',(-0.00746760281659217,0.0191337433970116,-0.000684092942463219));
#5692=CARTESIAN_POINT('',(-0.00750851752922677,0.0191,-0.000663245855117142));
#5693=CARTESIAN_POINT('',(-0.00752415902313985,0.0191,-0.000604871005127258));
#5694=CARTESIAN_POINT('',(-0.00749914938627424,0.0191337433970231,-0.000566359541560181));
#5695=CARTESIAN_POINT('',(-0.0074739877447221,0.0191670998421764,-0.000527614011301982));
#5696=CARTESIAN_POINT('',(-0.00744864686172444,0.0192,-0.000488592473421761));
#5697=CARTESIAN_POINT('',(-0.00744864686172444,0.0192,-0.000488592473421759));
#5698=CARTESIAN_POINT('',(-0.00744864686172444,0.0192,-0.00048859247342176));
#5699=CARTESIAN_POINT('',(-0.00748766839960466,0.0191670998421764,-0.0004632515904241));
#5700=CARTESIAN_POINT('',(-0.00752641392986286,0.0191337433970231,-0.000438089948871963));
#5701=CARTESIAN_POINT('',(-0.00756492539342994,0.0191,-0.000413080312006355));
#5702=CARTESIAN_POINT('',(-0.00757437936823984,0.0191,-0.00035339026423063));
#5703=CARTESIAN_POINT('',(-0.00754548119266361,0.0191337433970387,-0.000317703989382496));
#5704=CARTESIAN_POINT('',(-0.00751640737847929,0.0191670998421924,-0.000281800818916643));
#5705=CARTESIAN_POINT('',(-0.00748712645411544,0.0192,-0.00024564188867901));
#5706=CARTESIAN_POINT('',(-0.00748712645411544,0.0192,-0.000245641888679009));
#5707=CARTESIAN_POINT('',(-0.00748712645411544,0.0192,-0.000245641888679008));
#5708=CARTESIAN_POINT('',(-0.00752328538435307,0.0191670998421924,-0.000216360964315162));
#5709=CARTESIAN_POINT('',(-0.00755918855481893,0.0191337433970387,-0.000187287150130837));
#5710=CARTESIAN_POINT('',(-0.00759487482966706,0.0191,-0.00015838897455461));
#5711=CARTESIAN_POINT('',(-0.0075980377056474,0.0191,-9.80377056474269E-5));
#5712=CARTESIAN_POINT('',(-0.00756556760561261,0.0191337433972657,-6.55676056126308E-5));
#5713=CARTESIAN_POINT('',(-0.00753290015757383,0.0191670998424262,-3.29001575738509E-5));
#5714=CARTESIAN_POINT('',(-0.0075,0.0192,-2.59995816651829E-17));
#5715=CARTESIAN_POINT('',(-0.0075,0.0192,-2.52345093729524E-17));
#5716=CARTESIAN_POINT('',(-0.0075,0.0192,-2.23494092298455E-17));
#5717=CARTESIAN_POINT('',(-0.00753290015757383,0.0191670998424262,3.29001575738016E-5));
#5718=CARTESIAN_POINT('',(-0.00756556760561261,0.0191337433972657,6.55676056125805E-5));
#5719=CARTESIAN_POINT('',(-0.0075980377056474,0.0191,9.80377056473757E-5));
#5720=CARTESIAN_POINT('',(-0.00759487482966706,0.0191,0.000158388974554566));
#5721=CARTESIAN_POINT('',(-0.00755918855481893,0.0191337433970387,0.000187287150130793));
#5722=CARTESIAN_POINT('',(-0.00752328538435308,0.0191670998421924,0.000216360964315118));
#5723=CARTESIAN_POINT('',(-0.00748712645411545,0.0192,0.000245641888678964));
#5724=CARTESIAN_POINT('',(-0.00748712645411545,0.0192,0.000245641888678962));
#5725=CARTESIAN_POINT('',(-0.00748712645411545,0.0192,0.000245641888678963));
#5726=CARTESIAN_POINT('',(-0.00751640737847929,0.0191670998421924,0.000281800818916595));
#5727=CARTESIAN_POINT('',(-0.00754548119266362,0.0191337433970387,0.000317703989382447));
#5728=CARTESIAN_POINT('',(-0.00757437936823985,0.0191,0.00035339026423058));
#5729=CARTESIAN_POINT('',(-0.00756492539342995,0.0191,0.000413080312006303));
#5730=CARTESIAN_POINT('',(-0.00752641392986287,0.0191337433970231,0.000438089948871912));
#5731=CARTESIAN_POINT('',(-0.00748766839960467,0.0191670998421764,0.00046325159042405));
#5732=CARTESIAN_POINT('',(-0.00744864686172445,0.0192,0.00048859247342171));
#5733=CARTESIAN_POINT('',(-0.00744864686172445,0.0192,0.000488592473421711));
#5734=CARTESIAN_POINT('',(-0.00744864686172445,0.0192,0.000488592473421712));
#5735=CARTESIAN_POINT('',(-0.00747398774472211,0.0191670998421764,0.000527614011301933));
#5736=CARTESIAN_POINT('',(-0.00749914938627425,0.0191337433970231,0.000566359541560131));
#5737=CARTESIAN_POINT('',(-0.00752415902313986,0.0191,0.000604871005127207));
#5738=CARTESIAN_POINT('',(-0.00750851752922678,0.0191,0.000663245855117093));
#5739=CARTESIAN_POINT('',(-0.00746760281659219,0.0191337433970116,0.000684092942463171));
#5740=CARTESIAN_POINT('',(-0.007426439430679,0.0191670998421645,0.0007050667351733));
#5741=CARTESIAN_POINT('',(-0.00738498281329362,0.0192,0.000726189936781105));
#5742=CARTESIAN_POINT('',(-0.00738498281329362,0.0192,0.000726189936781106));
#5743=CARTESIAN_POINT('',(-0.00738498281329362,0.0192,0.000726189936781108));
#5744=CARTESIAN_POINT('',(-0.00740610601490142,0.0191670998421645,0.000767646554166489));
#5745=CARTESIAN_POINT('',(-0.00742707980761155,0.0191337433970116,0.000808809940079673));
#5746=CARTESIAN_POINT('',(-0.00744792689495763,0.0191,0.000849724652714268));
#5747=CARTESIAN_POINT('',(-0.00742626925342188,0.0191,0.000906144737846103));
#5748=CARTESIAN_POINT('',(-0.00738339956187089,0.0191337433970032,0.000922600870625591));
#5749=CARTESIAN_POINT('',(-0.0073402693149726,0.0191670998421558,0.000939157021232041));
#5750=CARTESIAN_POINT('',(-0.00729683182546012,0.0192,0.000955831111228111));
#5751=CARTESIAN_POINT('',(-0.00729683182546012,0.0192,0.000955831111228111));
#5752=CARTESIAN_POINT('',(-0.00729683182546012,0.0192,0.000955831111228113));
#5753=CARTESIAN_POINT('',(-0.00731350591545619,0.0191670998421558,0.000999268600740594));
#5754=CARTESIAN_POINT('',(-0.00733006206606264,0.0191337433970032,0.00104239884763888));
#5755=CARTESIAN_POINT('',(-0.00734651819884213,0.0191,0.00108526853918988));
#5756=CARTESIAN_POINT('',(-0.00731908169533653,0.0191,0.00113911570920429));
#5757=CARTESIAN_POINT('',(-0.00727472671417838,0.0191337433969973,0.00115100059058592));
#5758=CARTESIAN_POINT('',(-0.00723010215030542,0.0191670998421497,0.00116295770643827));
#5759=CARTESIAN_POINT('',(-0.00718515969889344,0.0192,0.00117499999999998));
#5760=CARTESIAN_POINT('',(-0.00718515969889344,0.0192,0.00117499999999998));
#5761=CARTESIAN_POINT('',(-0.00718515969889344,0.0192,0.00117499999999999));
#5762=CARTESIAN_POINT('',(-0.00719720199245516,0.0191670998421497,0.00121994245141196));
#5763=CARTESIAN_POINT('',(-0.00720915910830751,0.0191337433969973,0.00126456701528492));
#5764=CARTESIAN_POINT('',(-0.00722104398968913,0.0191,0.00130892199644307));
#5765=CARTESIAN_POINT('',(-0.00718812922428755,0.0191,0.00135960629047715));
#5766=CARTESIAN_POINT('',(-0.00714277491597523,0.0191337433969935,0.0013667897072155));
#5767=CARTESIAN_POINT('',(-0.0070971449511875,0.0191670998421459,0.00137401678365044));
#5768=CARTESIAN_POINT('',(-0.00705118993678114,0.0192,0.00138129534288729));
#5769=CARTESIAN_POINT('',(-0.00705118993678114,0.0192,0.0013812953428873));
#5770=CARTESIAN_POINT('',(-0.00705118993678114,0.0192,0.00138129534288729));
#5771=CARTESIAN_POINT('',(-0.007058468496018,0.0191670998421459,0.00142725035729366));
#5772=CARTESIAN_POINT('',(-0.00706569557245294,0.0191337433969935,0.00147288032208138));
#5773=CARTESIAN_POINT('',(-0.00707287898919129,0.0191,0.0015182346303937));
#5774=CARTESIAN_POINT('',(-0.00703484658295131,0.0191,0.00156520074071563));
#5775=CARTESIAN_POINT('',(-0.00698898985877523,0.0191337433969917,0.0015676039897949));
#5776=CARTESIAN_POINT('',(-0.00694285442451547,0.019167099842144,0.00157002184545071));
#5777=CARTESIAN_POINT('',(-0.00689639033987189,0.0192,0.0015724569249433));
#5778=CARTESIAN_POINT('',(-0.00689639033987189,0.0192,0.0015724569249433));
#5779=CARTESIAN_POINT('',(-0.00689639033987189,0.0192,0.0015724569249433));
#5780=CARTESIAN_POINT('',(-0.00689882541936448,0.019167099842144,0.00161892100958688));
#5781=CARTESIAN_POINT('',(-0.0069012432750203,0.0191337433969917,0.00166505644384664));
#5782=CARTESIAN_POINT('',(-0.00690364652409956,0.0191,0.00171091316802272));
#5783=CARTESIAN_POINT('',(-0.00686091316802275,0.0191,0.00175364652409953));
#5784=CARTESIAN_POINT('',(-0.00681505644384667,0.0191337433969917,0.00175124327502027));
#5785=CARTESIAN_POINT('',(-0.00676892100958691,0.019167099842144,0.00174882541936445));
#5786=CARTESIAN_POINT('',(-0.00672245692494333,0.0192,0.00174639033987187));
#5787=CARTESIAN_POINT('',(-0.00672245692494333,0.0192,0.00174639033987187));
#5788=CARTESIAN_POINT('',(-0.00672245692494333,0.0192,0.00174639033987186));
#5789=CARTESIAN_POINT('',(-0.00672002184545074,0.019167099842144,0.00179285442451544));
#5790=CARTESIAN_POINT('',(-0.00671760398979493,0.0191337433969917,0.0018389898587752));
#5791=CARTESIAN_POINT('',(-0.00671520074071567,0.0191,0.00188484658295128));
#5792=CARTESIAN_POINT('',(-0.00666823463039374,0.0191,0.00192287898919126));
#5793=CARTESIAN_POINT('',(-0.00662288032208142,0.0191337433969935,0.0019156955724529));
#5794=CARTESIAN_POINT('',(-0.00657725035729369,0.0191670998421459,0.00190846849601797));
#5795=CARTESIAN_POINT('',(-0.00653129534288733,0.0192,0.00190118993678112));
#5796=CARTESIAN_POINT('',(-0.00653129534288733,0.0192,0.00190118993678111));
#5797=CARTESIAN_POINT('',(-0.00653129534288733,0.0192,0.00190118993678112));
#5798=CARTESIAN_POINT('',(-0.00652401678365047,0.0191670998421459,0.00194714495118748));
#5799=CARTESIAN_POINT('',(-0.00651678970721554,0.0191337433969935,0.0019927749159752));
#5800=CARTESIAN_POINT('',(-0.00650960629047719,0.0191,0.00203812922428753));
#5801=CARTESIAN_POINT('',(-0.00645892199644311,0.0191,0.00207104398968911));
#5802=CARTESIAN_POINT('',(-0.00641456701528495,0.0191337433969973,0.00205915910830749));
#5803=CARTESIAN_POINT('',(-0.00636994245141199,0.0191670998421497,0.00204720199245514));
#5804=CARTESIAN_POINT('',(-0.00632500000000001,0.0192,0.00203515969889342));
#5805=CARTESIAN_POINT('',(-0.006325,0.0192,0.00203515969889342));
#5806=CARTESIAN_POINT('',(-0.00632500000000002,0.0192,0.00203515969889342));
#5807=CARTESIAN_POINT('',(-0.0063129577064383,0.0191670998421497,0.0020801021503054));
#5808=CARTESIAN_POINT('',(-0.00630100059058595,0.0191337433969973,0.00212472671417836));
#5809=CARTESIAN_POINT('',(-0.00628911570920433,0.0191,0.00216908169533651));
#5810=CARTESIAN_POINT('',(-0.00623526853918991,0.0191,0.00219651819884211));
#5811=CARTESIAN_POINT('',(-0.00619239884763892,0.0191337433970032,0.00218006206606262));
#5812=CARTESIAN_POINT('',(-0.00614926860074063,0.0191670998421558,0.00216350591545618));
#5813=CARTESIAN_POINT('',(-0.00610583111122815,0.0192,0.00214683182546011));
#5814=CARTESIAN_POINT('',(-0.00610583111122815,0.0192,0.0021468318254601));
#5815=CARTESIAN_POINT('',(-0.00610583111122815,0.0192,0.00214683182546011));
#5816=CARTESIAN_POINT('',(-0.00608915702123208,0.0191670998421558,0.00219026931497259));
#5817=CARTESIAN_POINT('',(-0.00607260087062563,0.0191337433970032,0.00223339956187088));
#5818=CARTESIAN_POINT('',(-0.00605614473784614,0.0191,0.00227626925342187));
#5819=CARTESIAN_POINT('',(-0.00599972465271431,0.0191,0.00229792689495762));
#5820=CARTESIAN_POINT('',(-0.00595880994007971,0.0191337433970116,0.00227707980761154));
#5821=CARTESIAN_POINT('',(-0.00591764655416652,0.0191670998421645,0.00225610601490141));
#5822=CARTESIAN_POINT('',(-0.00587618993678114,0.0192,0.00223498281329361));
#5823=CARTESIAN_POINT('',(-0.00587618993678114,0.0192,0.00223498281329361));
#5824=CARTESIAN_POINT('',(-0.00587618993678114,0.0192,0.00223498281329361));
#5825=CARTESIAN_POINT('',(-0.00585506673517333,0.0191670998421645,0.00227643943067899));
#5826=CARTESIAN_POINT('',(-0.00583409294246321,0.0191337433970116,0.00231760281659217));
#5827=CARTESIAN_POINT('',(-0.00581324585511713,0.0191,0.00235851752922677));
#5828=CARTESIAN_POINT('',(-0.00575487100512725,0.0191,0.00237415902313985));
#5829=CARTESIAN_POINT('',(-0.00571635954156017,0.0191337433970231,0.00234914938627424));
#5830=CARTESIAN_POINT('',(-0.00567761401130197,0.0191670998421764,0.0023239877447221));
#5831=CARTESIAN_POINT('',(-0.00563859247342175,0.0192,0.00229864686172444));
#5832=CARTESIAN_POINT('',(-0.00563859247342175,0.0192,0.00229864686172444));
#5833=CARTESIAN_POINT('',(-0.00563859247342176,0.0192,0.00229864686172444));
#5834=CARTESIAN_POINT('',(-0.0056132515904241,0.0191670998421764,0.00233766839960466));
#5835=CARTESIAN_POINT('',(-0.00558808994887196,0.0191337433970231,0.00237641392986286));
#5836=CARTESIAN_POINT('',(-0.00556308031200635,0.0191,0.00241492539342994));
#5837=CARTESIAN_POINT('',(-0.00550339026423062,0.0191,0.00242437936823984));
#5838=CARTESIAN_POINT('',(-0.00546770398938249,0.0191337433970387,0.00239548119266361));
#5839=CARTESIAN_POINT('',(-0.00543180081891663,0.0191670998421924,0.00236640737847929));
#5840=CARTESIAN_POINT('',(-0.005395641888679,0.0192,0.00233712645411544));
#5841=CARTESIAN_POINT('',(-0.005395641888679,0.0192,0.00233712645411544));
#5842=CARTESIAN_POINT('',(-0.005395641888679,0.0192,0.00233712645411544));
#5843=CARTESIAN_POINT('',(-0.00536636096431515,0.0191670998421924,0.00237328538435307));
#5844=CARTESIAN_POINT('',(-0.00533728715013082,0.0191337433970387,0.00240918855481893));
#5845=CARTESIAN_POINT('',(-0.0053083889745546,0.0191,0.00244487482966706));
#5846=CARTESIAN_POINT('',(-0.0052480377056474,0.0191,0.0024480377056474));
#5847=CARTESIAN_POINT('',(-0.00521556760561261,0.0191337433972657,0.00241556760561261));
#5848=CARTESIAN_POINT('',(-0.00518290015757383,0.0191670998424262,0.00238290015757383));
#5849=CARTESIAN_POINT('',(-0.00515,0.0192,0.00235));
#5850=CARTESIAN_POINT('',(-0.00515,0.0192,0.00235));
#5851=CARTESIAN_POINT('',(-0.00515,0.0192,0.00235));
#5852=CARTESIAN_POINT('',(-0.00511709984242617,0.0191670998424262,0.00238290015757383));
#5853=CARTESIAN_POINT('',(-0.00508443239438739,0.0191337433972657,0.00241556760561261));
#5854=CARTESIAN_POINT('',(-0.0050519622943526,0.0191,0.0024480377056474));
#5855=CARTESIAN_POINT('',(-0.00499161102544543,0.0191,0.00244487482966706));
#5856=CARTESIAN_POINT('',(-0.0049627128498692,0.0191337433970387,0.00240918855481893));
#5857=CARTESIAN_POINT('',(-0.00493363903568488,0.0191670998421924,0.00237328538435308));
#5858=CARTESIAN_POINT('',(-0.00490435811132103,0.0192,0.00233712645411545));
#5859=CARTESIAN_POINT('',(-0.00490435811132103,0.0192,0.00233712645411545));
#5860=CARTESIAN_POINT('',(-0.00490435811132103,0.0192,0.00233712645411544));
#5861=CARTESIAN_POINT('',(-0.00486819918108339,0.0191670998421924,0.00236640737847929));
#5862=CARTESIAN_POINT('',(-0.00483229601061754,0.0191337433970387,0.00239548119266362));
#5863=CARTESIAN_POINT('',(-0.00479660973576941,0.0191,0.00242437936823985));
#5864=CARTESIAN_POINT('',(-0.00473691968799369,0.0191,0.00241492539342995));
#5865=CARTESIAN_POINT('',(-0.00471191005112808,0.0191337433970231,0.00237641392986287));
#5866=CARTESIAN_POINT('',(-0.00468674840957594,0.0191670998421764,0.00233766839960467));
#5867=CARTESIAN_POINT('',(-0.00466140752657828,0.0192,0.00229864686172445));
#5868=CARTESIAN_POINT('',(-0.00466140752657828,0.0192,0.00229864686172444));
#5869=CARTESIAN_POINT('',(-0.00466140752657828,0.0192,0.00229864686172445));
#5870=CARTESIAN_POINT('',(-0.00462238598869806,0.0191670998421764,0.00232398774472211));
#5871=CARTESIAN_POINT('',(-0.00458364045843986,0.0191337433970231,0.00234914938627425));
#5872=CARTESIAN_POINT('',(-0.00454512899487278,0.0191,0.00237415902313985));
#5873=CARTESIAN_POINT('',(-0.0044867541448829,0.0191,0.00235851752922678));
#5874=CARTESIAN_POINT('',(-0.00446590705753682,0.0191337433970116,0.00231760281659218));
#5875=CARTESIAN_POINT('',(-0.00444493326482669,0.0191670998421645,0.002276439430679));
#5876=CARTESIAN_POINT('',(-0.00442381006321889,0.0192,0.00223498281329362));
#5877=CARTESIAN_POINT('',(-0.00442381006321889,0.0192,0.00223498281329362));
#5878=CARTESIAN_POINT('',(-0.00442381006321889,0.0192,0.00223498281329362));
#5879=CARTESIAN_POINT('',(-0.00438235344583351,0.0191670998421645,0.00225610601490142));
#5880=CARTESIAN_POINT('',(-0.00434119005992032,0.0191337433970116,0.00227707980761155));
#5881=CARTESIAN_POINT('',(-0.00430027534728573,0.0191,0.00229792689495763));
#5882=CARTESIAN_POINT('',(-0.00424385526215389,0.0191,0.00227626925342188));
#5883=CARTESIAN_POINT('',(-0.00422739912937441,0.0191337433970032,0.00223339956187089));
#5884=CARTESIAN_POINT('',(-0.00421084297876796,0.0191670998421558,0.0021902693149726));
#5885=CARTESIAN_POINT('',(-0.00419416888877189,0.0192,0.00214683182546012));
#5886=CARTESIAN_POINT('',(-0.00419416888877188,0.0192,0.00214683182546012));
#5887=CARTESIAN_POINT('',(-0.00419416888877188,0.0192,0.00214683182546012));
#5888=CARTESIAN_POINT('',(-0.0041507313992594,0.0191670998421558,0.00216350591545619));
#5889=CARTESIAN_POINT('',(-0.00410760115236111,0.0191337433970032,0.00218006206606264));
#5890=CARTESIAN_POINT('',(-0.00406473146081012,0.0191,0.00219651819884213));
#5891=CARTESIAN_POINT('',(-0.00401088429079569,0.0191,0.00216908169533653));
#5892=CARTESIAN_POINT('',(-0.00399899940941406,0.0191337433969973,0.00212472671417838));
#5893=CARTESIAN_POINT('',(-0.00398704229356171,0.0191670998421497,0.00208010215030541));
#5894=CARTESIAN_POINT('',(-0.003975,0.0192,0.00203515969889344));
#5895=CARTESIAN_POINT('',(-0.003975,0.0192,0.00203515969889344));
#5896=CARTESIAN_POINT('',(-0.003975,0.0192,0.00203515969889344));
#5897=CARTESIAN_POINT('',(-0.00393005754858803,0.0191670998421497,0.00204720199245515));
#5898=CARTESIAN_POINT('',(-0.00388543298471507,0.0191337433969973,0.0020591591083075));
#5899=CARTESIAN_POINT('',(-0.00384107800355692,0.0191,0.00207104398968913));
#5900=CARTESIAN_POINT('',(-0.00379039370952284,0.0191,0.00203812922428755));
#5901=CARTESIAN_POINT('',(-0.00378321029278449,0.0191337433969935,0.00199277491597522));
#5902=CARTESIAN_POINT('',(-0.00377598321634956,0.0191670998421459,0.0019471449511875));
#5903=CARTESIAN_POINT('',(-0.0037687046571127,0.0192,0.00190118993678114));
#5904=CARTESIAN_POINT('',(-0.0037687046571127,0.0192,0.00190118993678113));
#5905=CARTESIAN_POINT('',(-0.0037687046571127,0.0192,0.00190118993678114));
#5906=CARTESIAN_POINT('',(-0.00372274964270634,0.0191670998421459,0.00190846849601799));
#5907=CARTESIAN_POINT('',(-0.00367711967791861,0.0191337433969935,0.00191569557245293));
#5908=CARTESIAN_POINT('',(-0.00363176536960629,0.0191,0.00192287898919128));
#5909=CARTESIAN_POINT('',(-0.00358479925928436,0.0191,0.00188484658295131));
#5910=CARTESIAN_POINT('',(-0.0035823960102051,0.0191337433969917,0.00183898985877523));
#5911=CARTESIAN_POINT('',(-0.00357997815454928,0.019167099842144,0.00179285442451546));
#5912=CARTESIAN_POINT('',(-0.0035775430750567,0.0192,0.00174639033987189));
#5913=CARTESIAN_POINT('',(-0.00357754307505669,0.0192,0.00174639033987188));
#5914=CARTESIAN_POINT('',(-0.00357754307505669,0.0192,0.00174639033987188));
#5915=CARTESIAN_POINT('',(-0.00353107899041311,0.019167099842144,0.00174882541936447));
#5916=CARTESIAN_POINT('',(-0.00348494355615335,0.0191337433969917,0.00175124327502029));
#5917=CARTESIAN_POINT('',(-0.00343908683197727,0.0191,0.00175364652409955));
#5918=CARTESIAN_POINT('',(-0.00339635347590046,0.0191,0.00171091316802275));
#5919=CARTESIAN_POINT('',(-0.00339875672497973,0.0191337433969917,0.00166505644384667));
#5920=CARTESIAN_POINT('',(-0.00340117458063554,0.019167099842144,0.0016189210095869));
#5921=CARTESIAN_POINT('',(-0.00340360966012813,0.0192,0.00157245692494333));
#5922=CARTESIAN_POINT('',(-0.00340360966012813,0.0192,0.00157245692494333));
#5923=CARTESIAN_POINT('',(-0.00340360966012813,0.0192,0.00157245692494332));
#5924=CARTESIAN_POINT('',(-0.00335714557548455,0.019167099842144,0.00157002184545073));
#5925=CARTESIAN_POINT('',(-0.00331101014122479,0.0191337433969917,0.00156760398979492));
#5926=CARTESIAN_POINT('',(-0.00326515341704871,0.0191,0.00156520074071566));
#5927=CARTESIAN_POINT('',(-0.00322712101080874,0.0191,0.00151823463039373));
#5928=CARTESIAN_POINT('',(-0.00323430442754709,0.0191337433969935,0.00147288032208141));
#5929=CARTESIAN_POINT('',(-0.00324153150398202,0.0191670998421459,0.00142725035729368));
#5930=CARTESIAN_POINT('',(-0.00324881006321888,0.0192,0.00138129534288732));
#5931=CARTESIAN_POINT('',(-0.00324881006321888,0.0192,0.00138129534288732));
#5932=CARTESIAN_POINT('',(-0.00324881006321888,0.0192,0.00138129534288732));
#5933=CARTESIAN_POINT('',(-0.00320285504881252,0.0191670998421459,0.00137401678365046));
#5934=CARTESIAN_POINT('',(-0.00315722508402479,0.0191337433969935,0.00136678970721553));
#5935=CARTESIAN_POINT('',(-0.00311187077571247,0.0191,0.00135960629047718));
#5936=CARTESIAN_POINT('',(-0.00307895601031088,0.0191,0.0013089219964431));
#5937=CARTESIAN_POINT('',(-0.00309084089169251,0.0191337433969973,0.00126456701528494));
#5938=CARTESIAN_POINT('',(-0.00310279800754486,0.0191670998421497,0.00121994245141198));
#5939=CARTESIAN_POINT('',(-0.00311484030110657,0.0192,0.001175));
#5940=CARTESIAN_POINT('',(-0.00311484030110657,0.0192,0.001175));
#5941=CARTESIAN_POINT('',(-0.00311484030110657,0.0192,0.00117500000000001));
#5942=CARTESIAN_POINT('',(-0.0030698978496946,0.0191670998421497,0.00116295770643829));
#5943=CARTESIAN_POINT('',(-0.00302527328582164,0.0191337433969973,0.00115100059058594));
#5944=CARTESIAN_POINT('',(-0.00298091830466348,0.0191,0.00113911570920432));
#5945=CARTESIAN_POINT('',(-0.00295348180115788,0.0191,0.0010852685391899));
#5946=CARTESIAN_POINT('',(-0.00296993793393737,0.0191337433970032,0.00104239884763891));
#5947=CARTESIAN_POINT('',(-0.00298649408454382,0.0191670998421558,0.000999268600740622));
#5948=CARTESIAN_POINT('',(-0.00300316817453989,0.0192,0.00095583111122814));
#5949=CARTESIAN_POINT('',(-0.00300316817453989,0.0192,0.00095583111122814));
#5950=CARTESIAN_POINT('',(-0.00300316817453989,0.0192,0.000955831111228138));
#5951=CARTESIAN_POINT('',(-0.00295973068502741,0.0191670998421558,0.000939157021232069));
#5952=CARTESIAN_POINT('',(-0.00291660043812912,0.0191337433970032,0.00092260087062562));
#5953=CARTESIAN_POINT('',(-0.00287373074657813,0.0191,0.000906144737846133));
#5954=CARTESIAN_POINT('',(-0.00285207310504238,0.0191,0.000849724652714301));
#5955=CARTESIAN_POINT('',(-0.00287292019238846,0.0191337433970116,0.000808809940079706));
#5956=CARTESIAN_POINT('',(-0.00289389398509859,0.0191670998421645,0.00076764655416652));
#5957=CARTESIAN_POINT('',(-0.00291501718670639,0.0192,0.000726189936781139));
#5958=CARTESIAN_POINT('',(-0.00291501718670639,0.0192,0.000726189936781135));
#5959=CARTESIAN_POINT('',(-0.00291501718670639,0.0192,0.000726189936781133));
#5960=CARTESIAN_POINT('',(-0.00287356056932101,0.0191670998421645,0.000705066735173328));
#5961=CARTESIAN_POINT('',(-0.00283239718340782,0.0191337433970116,0.000684092942463201));
#5962=CARTESIAN_POINT('',(-0.00279148247077323,0.0191,0.000663245855117124));
#5963=CARTESIAN_POINT('',(-0.00277584097686015,0.0191,0.000604871005127242));
#5964=CARTESIAN_POINT('',(-0.00280085061372576,0.0191337433970231,0.000566359541560165));
#5965=CARTESIAN_POINT('',(-0.0028260122552779,0.0191670998421764,0.000527614011301967));
#5966=CARTESIAN_POINT('',(-0.00285135313827556,0.0192,0.000488592473421746));
#5967=CARTESIAN_POINT('',(-0.00285135313827556,0.0192,0.000488592473421744));
#5968=CARTESIAN_POINT('',(-0.00285135313827556,0.0192,0.000488592473421743));
#5969=CARTESIAN_POINT('',(-0.00281233160039534,0.0191670998421764,0.000463251590424083));
#5970=CARTESIAN_POINT('',(-0.00277358607013714,0.0191337433970231,0.000438089948871946));
#5971=CARTESIAN_POINT('',(-0.00273507460657006,0.0191,0.000413080312006337));
#5972=CARTESIAN_POINT('',(-0.00272562063176016,0.0191,0.000353390264230614));
#5973=CARTESIAN_POINT('',(-0.00275451880733639,0.0191337433970387,0.000317703989382481));
#5974=CARTESIAN_POINT('',(-0.00278359262152071,0.0191670998421924,0.000281800818916628));
#5975=CARTESIAN_POINT('',(-0.00281287354588456,0.0192,0.000245641888678996));
#5976=CARTESIAN_POINT('',(-0.00281287354588456,0.0192,0.000245641888678994));
#5977=CARTESIAN_POINT('',(-0.00281287354588456,0.0192,0.000245641888678993));
#5978=CARTESIAN_POINT('',(-0.00277671461564693,0.0191670998421924,0.000216360964315146));
#5979=CARTESIAN_POINT('',(-0.00274081144518107,0.0191337433970387,0.000187287150130821));
#5980=CARTESIAN_POINT('',(-0.00270512517033294,0.0191,0.000158388974554593));
#5981=CARTESIAN_POINT('',(-0.0027019622943526,0.0191,9.80377056474082E-5));
#5982=CARTESIAN_POINT('',(-0.00273443239438739,0.0191337433972657,6.55676056126125E-5));
#5983=CARTESIAN_POINT('',(-0.00276709984242617,0.0191670998424262,3.29001575738334E-5));
#5984=CARTESIAN_POINT('',(-0.0028,0.0192,9.02559566491594E-18));
#5985=CARTESIAN_POINT('',(-0.0028,0.0192,7.96072480997455E-18));
#5986=CARTESIAN_POINT('',(-0.0028,0.0192,5.76707222437144E-18));
#5987=CARTESIAN_POINT('',(-0.00276709984242617,0.0191670998424262,-3.29001575738183E-5));
#5988=CARTESIAN_POINT('',(-0.0027344323943874,0.0191337433972657,-6.5567605612597E-5));
#5989=CARTESIAN_POINT('',(-0.0027019622943526,0.0191,-9.80377056473924E-5));
#5990=CARTESIAN_POINT('',(-0.00270512517033294,0.0191,-0.000158388974554579));
#5991=CARTESIAN_POINT('',(-0.00274081144518107,0.0191337433970387,-0.000187287150130806));
#5992=CARTESIAN_POINT('',(-0.00277671461564692,0.0191670998421924,-0.000216360964315131));
#5993=CARTESIAN_POINT('',(-0.00281287354588455,0.0192,-0.000245641888678977));
#5994=CARTESIAN_POINT('',(-0.00281287354588456,0.0192,-0.000245641888678979));
#5995=CARTESIAN_POINT('',(-0.00281287354588456,0.0192,-0.00024564188867898));
#5996=CARTESIAN_POINT('',(-0.00278359262152071,0.0191670998421924,-0.000281800818916612));
#5997=CARTESIAN_POINT('',(-0.00275451880733638,0.0191337433970387,-0.000317703989382465));
#5998=CARTESIAN_POINT('',(-0.00272562063176015,0.0191,-0.000353390264230598));
#5999=CARTESIAN_POINT('',(-0.00273507460657006,0.0191,-0.000413080312006322));
#6000=CARTESIAN_POINT('',(-0.00277358607013713,0.0191337433970231,-0.00043808994887193));
#6001=CARTESIAN_POINT('',(-0.00281233160039533,0.0191670998421764,-0.000463251590424067));
#6002=CARTESIAN_POINT('',(-0.00285135313827555,0.0192,-0.000488592473421727));
#6003=CARTESIAN_POINT('',(-0.00285135313827556,0.0192,-0.000488592473421728));
#6004=CARTESIAN_POINT('',(-0.00285135313827555,0.0192,-0.000488592473421728));
#6005=CARTESIAN_POINT('',(-0.00282601225527789,0.0191670998421764,-0.000527614011301949));
#6006=CARTESIAN_POINT('',(-0.00280085061372575,0.0191337433970231,-0.000566359541560148));
#6007=CARTESIAN_POINT('',(-0.00277584097686014,0.0191,-0.000604871005127225));
#6008=CARTESIAN_POINT('',(-0.00279148247077322,0.0191,-0.00066324585511711));
#6009=CARTESIAN_POINT('',(-0.00283239718340782,0.0191337433970116,-0.000684092942463188));
#6010=CARTESIAN_POINT('',(-0.002873560569321,0.0191670998421645,-0.000705066735173316));
#6011=CARTESIAN_POINT('',(-0.00291501718670638,0.0192,-0.00072618993678112));
#6012=CARTESIAN_POINT('',(-0.00291501718670638,0.0192,-0.000726189936781121));
#6013=CARTESIAN_POINT('',(-0.00291501718670639,0.0192,-0.000726189936781122));
#6014=CARTESIAN_POINT('',(-0.00289389398509858,0.0191670998421645,-0.000767646554166503));
#6015=CARTESIAN_POINT('',(-0.00287292019238845,0.0191337433970116,-0.000808809940079688));
#6016=CARTESIAN_POINT('',(-0.00285207310504238,0.0191,-0.000849724652714283));
#6017=CARTESIAN_POINT('',(-0.00287373074657812,0.0191,-0.000906144737846119));
#6018=CARTESIAN_POINT('',(-0.00291660043812912,0.0191337433970032,-0.000922600870625606));
#6019=CARTESIAN_POINT('',(-0.0029597306850274,0.0191670998421558,-0.000939157021232056));
#6020=CARTESIAN_POINT('',(-0.00300316817453988,0.0192,-0.000955831111228126));
#6021=CARTESIAN_POINT('',(-0.00300316817453988,0.0192,-0.000955831111228125));
#6022=CARTESIAN_POINT('',(-0.00300316817453988,0.0192,-0.000955831111228126));
#6023=CARTESIAN_POINT('',(-0.00298649408454381,0.0191670998421558,-0.000999268600740607));
#6024=CARTESIAN_POINT('',(-0.00296993793393736,0.0191337433970032,-0.00104239884763889));
#6025=CARTESIAN_POINT('',(-0.00295348180115787,0.0191,-0.00108526853918989));
#6026=CARTESIAN_POINT('',(-0.00298091830466348,0.0191,-0.00113911570920431));
#6027=CARTESIAN_POINT('',(-0.00302527328582163,0.0191337433969973,-0.00115100059058594));
#6028=CARTESIAN_POINT('',(-0.00306989784969459,0.0191670998421497,-0.00116295770643829));
#6029=CARTESIAN_POINT('',(-0.00311484030110657,0.0192,-0.001175));
#6030=CARTESIAN_POINT('',(-0.00311484030110656,0.0192,-0.001175));
#6031=CARTESIAN_POINT('',(-0.00311484030110656,0.0192,-0.001175));
#6032=CARTESIAN_POINT('',(-0.00310279800754485,0.0191670998421497,-0.00121994245141198));
#6033=CARTESIAN_POINT('',(-0.0030908408916925,0.0191337433969973,-0.00126456701528493));
#6034=CARTESIAN_POINT('',(-0.00307895601031087,0.0191,-0.00130892199644309));
#6035=CARTESIAN_POINT('',(-0.00311187077571246,0.0191,-0.00135960629047717));
#6036=CARTESIAN_POINT('',(-0.00315722508402478,0.0191337433969935,-0.00136678970721552));
#6037=CARTESIAN_POINT('',(-0.00320285504881251,0.0191670998421459,-0.00137401678365045));
#6038=CARTESIAN_POINT('',(-0.00324881006321887,0.0192,-0.00138129534288731));
#6039=CARTESIAN_POINT('',(-0.00324881006321887,0.0192,-0.00138129534288731));
#6040=CARTESIAN_POINT('',(-0.00324881006321887,0.0192,-0.00138129534288731));
#6041=CARTESIAN_POINT('',(-0.00324153150398201,0.0191670998421459,-0.00142725035729367));
#6042=CARTESIAN_POINT('',(-0.00323430442754708,0.0191337433969935,-0.00147288032208139));
#6043=CARTESIAN_POINT('',(-0.00322712101080872,0.0191,-0.00151823463039372));
#6044=CARTESIAN_POINT('',(-0.0032651534170487,0.0191,-0.00156520074071565));
#6045=CARTESIAN_POINT('',(-0.00331101014122478,0.0191337433969917,-0.00156760398979491));
#6046=CARTESIAN_POINT('',(-0.00335714557548454,0.019167099842144,-0.00157002184545073));
#6047=CARTESIAN_POINT('',(-0.00340360966012812,0.0192,-0.00157245692494332));
#6048=CARTESIAN_POINT('',(-0.00340360966012812,0.0192,-0.00157245692494332));
#6049=CARTESIAN_POINT('',(-0.00340360966012812,0.0192,-0.00157245692494332));
#6050=CARTESIAN_POINT('',(-0.00340117458063553,0.019167099842144,-0.00161892100958689));
#6051=CARTESIAN_POINT('',(-0.00339875672497972,0.0191337433969917,-0.00166505644384665));
#6052=CARTESIAN_POINT('',(-0.00339635347590045,0.0191,-0.00171091316802273));
#6053=CARTESIAN_POINT('',(-0.00343908683197726,0.0191,-0.00175364652409954));
#6054=CARTESIAN_POINT('',(-0.00348494355615334,0.0191337433969917,-0.00175124327502028));
#6055=CARTESIAN_POINT('',(-0.0035310789904131,0.019167099842144,-0.00174882541936446));
#6056=CARTESIAN_POINT('',(-0.00357754307505668,0.0192,-0.00174639033987188));
#6057=CARTESIAN_POINT('',(-0.00357754307505668,0.0192,-0.00174639033987188));
#6058=CARTESIAN_POINT('',(-0.00357754307505668,0.0192,-0.00174639033987188));
#6059=CARTESIAN_POINT('',(-0.00357997815454927,0.019167099842144,-0.00179285442451545));
#6060=CARTESIAN_POINT('',(-0.00358239601020508,0.0191337433969917,-0.00183898985877522));
#6061=CARTESIAN_POINT('',(-0.00358479925928434,0.0191,-0.0018848465829513));
#6062=CARTESIAN_POINT('',(-0.00363176536960628,0.0191,-0.00192287898919127));
#6063=CARTESIAN_POINT('',(-0.0036771196779186,0.0191337433969935,-0.00191569557245291));
#6064=CARTESIAN_POINT('',(-0.00372274964270632,0.0191670998421459,-0.00190846849601798));
#6065=CARTESIAN_POINT('',(-0.00376870465711268,0.0192,-0.00190118993678113));
#6066=CARTESIAN_POINT('',(-0.00376870465711268,0.0192,-0.00190118993678112));
#6067=CARTESIAN_POINT('',(-0.00376870465711269,0.0192,-0.00190118993678113));
#6068=CARTESIAN_POINT('',(-0.00377598321634955,0.0191670998421459,-0.00194714495118749));
#6069=CARTESIAN_POINT('',(-0.00378321029278448,0.0191337433969935,-0.00199277491597521));
#6070=CARTESIAN_POINT('',(-0.00379039370952283,0.0191,-0.00203812922428754));
#6071=CARTESIAN_POINT('',(-0.00384107800355691,0.0191,-0.00207104398968912));
#6072=CARTESIAN_POINT('',(-0.00388543298471506,0.0191337433969973,-0.0020591591083075));
#6073=CARTESIAN_POINT('',(-0.00393005754858802,0.0191670998421497,-0.00204720199245515));
#6074=CARTESIAN_POINT('',(-0.003975,0.0192,-0.00203515969889343));
#6075=CARTESIAN_POINT('',(-0.003975,0.0192,-0.00203515969889343));
#6076=CARTESIAN_POINT('',(-0.003975,0.0192,-0.00203515969889343));
#6077=CARTESIAN_POINT('',(-0.00398704229356171,0.0191670998421497,-0.00208010215030541));
#6078=CARTESIAN_POINT('',(-0.00399899940941406,0.0191337433969973,-0.00212472671417837));
#6079=CARTESIAN_POINT('',(-0.00401088429079568,0.0191,-0.00216908169533652));
#6080=CARTESIAN_POINT('',(-0.0040647314608101,0.0191,-0.00219651819884212));
#6081=CARTESIAN_POINT('',(-0.0041076011523611,0.0191337433970032,-0.00218006206606263));
#6082=CARTESIAN_POINT('',(-0.00415073139925938,0.0191670998421558,-0.00216350591545618));
#6083=CARTESIAN_POINT('',(-0.00419416888877186,0.0192,-0.00214683182546011));
#6084=CARTESIAN_POINT('',(-0.00419416888877186,0.0192,-0.00214683182546011));
#6085=CARTESIAN_POINT('',(-0.00419416888877187,0.0192,-0.00214683182546011));
#6086=CARTESIAN_POINT('',(-0.00421084297876794,0.0191670998421558,-0.00219026931497259));
#6087=CARTESIAN_POINT('',(-0.00422739912937439,0.0191337433970032,-0.00223339956187088));
#6088=CARTESIAN_POINT('',(-0.00424385526215388,0.0191,-0.00227626925342188));
#6089=CARTESIAN_POINT('',(-0.00430027534728571,0.0191,-0.00229792689495762));
#6090=CARTESIAN_POINT('',(-0.0043411900599203,0.0191337433970116,-0.00227707980761154));
#6091=CARTESIAN_POINT('',(-0.00438235344583349,0.0191670998421645,-0.00225610601490142));
#6092=CARTESIAN_POINT('',(-0.00442381006321887,0.0192,-0.00223498281329361));
#6093=CARTESIAN_POINT('',(-0.00442381006321887,0.0192,-0.00223498281329361));
#6094=CARTESIAN_POINT('',(-0.00442381006321887,0.0192,-0.00223498281329361));
#6095=CARTESIAN_POINT('',(-0.00444493326482668,0.0191670998421645,-0.00227643943067899));
#6096=CARTESIAN_POINT('',(-0.00446590705753681,0.0191337433970116,-0.00231760281659218));
#6097=CARTESIAN_POINT('',(-0.00448675414488289,0.0191,-0.00235851752922678));
#6098=CARTESIAN_POINT('',(-0.00515,-0.010651,-0.00235));
#6099=CARTESIAN_POINT('',(-0.00515,-0.010651,-0.00235));
#6100=CARTESIAN_POINT('',(-0.0052480377056474,-0.010651,-0.0024480377056474));
#6101=CARTESIAN_POINT('',(-0.00490435811132101,0.011949,-0.00233712645411545));
#6102=CARTESIAN_POINT('',(-0.00490435811132101,0.011949,-0.00233712645411545));
#6103=CARTESIAN_POINT('',(-0.00499161102544541,0.011949,-0.00244487482966706));
#6104=CARTESIAN_POINT('',(-0.00539564188867896,0.011949,-0.00233712645411545));
#6105=CARTESIAN_POINT('',(-0.00539564188867896,0.011949,-0.00233712645411545));
#6106=CARTESIAN_POINT('',(-0.00550339026423057,0.011949,-0.00242437936823985));
#6107=CARTESIAN_POINT('',(-0.00563859247342171,0.011949,-0.00229864686172445));
#6108=CARTESIAN_POINT('',(-0.00563859247342171,0.011949,-0.00229864686172445));
#6109=CARTESIAN_POINT('',(-0.0057548710051272,0.011949,-0.00237415902313986));
#6110=CARTESIAN_POINT('',(-0.0058761899367811,0.011949,-0.00223498281329362));
#6111=CARTESIAN_POINT('',(-0.0058761899367811,0.011949,-0.00223498281329362));
#6112=CARTESIAN_POINT('',(-0.00599972465271426,0.011949,-0.00229792689495763));
#6113=CARTESIAN_POINT('',(-0.0061058311112281,0.011949,-0.00214683182546012));
#6114=CARTESIAN_POINT('',(-0.0061058311112281,0.011949,-0.00214683182546012));
#6115=CARTESIAN_POINT('',(-0.00623526853918987,0.011949,-0.00219651819884213));
#6116=CARTESIAN_POINT('',(-0.006325,0.011949,-0.00203515969889345));
#6117=CARTESIAN_POINT('',(-0.006325,0.011949,-0.00203515969889345));
#6118=CARTESIAN_POINT('',(-0.00645892199644307,0.011949,-0.00207104398968914));
#6119=CARTESIAN_POINT('',(-0.00653129534288729,0.011949,-0.00190118993678114));
#6120=CARTESIAN_POINT('',(-0.00653129534288729,0.011949,-0.00190118993678114));
#6121=CARTESIAN_POINT('',(-0.0066682346303937,0.011949,-0.00192287898919129));
#6122=CARTESIAN_POINT('',(-0.0067224569249433,0.011949,-0.00174639033987189));
#6123=CARTESIAN_POINT('',(-0.0067224569249433,0.011949,-0.00174639033987189));
#6124=CARTESIAN_POINT('',(-0.00686091316802272,0.011949,-0.00175364652409956));
#6125=CARTESIAN_POINT('',(-0.00689639033987186,0.011949,-0.00157245692494334));
#6126=CARTESIAN_POINT('',(-0.00689639033987186,0.011949,-0.00157245692494334));
#6127=CARTESIAN_POINT('',(-0.00703484658295128,0.011949,-0.00156520074071567));
#6128=CARTESIAN_POINT('',(-0.00705118993678111,0.011949,-0.00138129534288733));
#6129=CARTESIAN_POINT('',(-0.00705118993678111,0.011949,-0.00138129534288733));
#6130=CARTESIAN_POINT('',(-0.00718812922428752,0.011949,-0.00135960629047719));
#6131=CARTESIAN_POINT('',(-0.00718515969889342,0.011949,-0.00117500000000002));
#6132=CARTESIAN_POINT('',(-0.00718515969889342,0.011949,-0.00117500000000002));
#6133=CARTESIAN_POINT('',(-0.00731908169533651,0.011949,-0.00113911570920434));
#6134=CARTESIAN_POINT('',(-0.0072968318254601,0.011949,-0.000955831111228154));
#6135=CARTESIAN_POINT('',(-0.0072968318254601,0.011949,-0.000955831111228154));
#6136=CARTESIAN_POINT('',(-0.00742626925342187,0.011949,-0.000906144737846148));
#6137=CARTESIAN_POINT('',(-0.0073849828132936,0.011949,-0.00072618993678115));
#6138=CARTESIAN_POINT('',(-0.0073849828132936,0.011949,-0.00072618993678115));
#6139=CARTESIAN_POINT('',(-0.00750851752922677,0.011949,-0.000663245855117141));
#6140=CARTESIAN_POINT('',(-0.00744864686172444,0.011949,-0.00048859247342176));
#6141=CARTESIAN_POINT('',(-0.00744864686172444,0.011949,-0.00048859247342176));
#6142=CARTESIAN_POINT('',(-0.00756492539342994,0.011949,-0.000413080312006354));
#6143=CARTESIAN_POINT('',(-0.00748712645411544,0.011949,-0.000245641888679009));
#6144=CARTESIAN_POINT('',(-0.00748712645411544,0.011949,-0.000245641888679009));
#6145=CARTESIAN_POINT('',(-0.00759487482966706,0.011949,-0.000158388974554611));
#6146=CARTESIAN_POINT('',(-0.0075,0.011949,-2.42861286636753E-17));
#6147=CARTESIAN_POINT('',(-0.0075,0.011949,-2.42861286636753E-17));
#6148=CARTESIAN_POINT('',(-0.0075980377056474,0.011949,9.80377056473743E-5));
#6149=CARTESIAN_POINT('',(-0.00748712645411545,0.011949,0.000245641888678962));
#6150=CARTESIAN_POINT('',(-0.00748712645411545,0.011949,0.000245641888678962));
#6151=CARTESIAN_POINT('',(-0.00757437936823985,0.011949,0.00035339026423058));
#6152=CARTESIAN_POINT('',(-0.00744864686172445,0.011949,0.000488592473421711));
#6153=CARTESIAN_POINT('',(-0.00744864686172445,0.011949,0.000488592473421711));
#6154=CARTESIAN_POINT('',(-0.00752415902313986,0.011949,0.000604871005127208));
#6155=CARTESIAN_POINT('',(-0.00738498281329362,0.011949,0.000726189936781105));
#6156=CARTESIAN_POINT('',(-0.00738498281329362,0.011949,0.000726189936781105));
#6157=CARTESIAN_POINT('',(-0.00744792689495763,0.011949,0.000849724652714267));
#6158=CARTESIAN_POINT('',(-0.00729683182546012,0.011949,0.000955831111228111));
#6159=CARTESIAN_POINT('',(-0.00729683182546012,0.011949,0.000955831111228111));
#6160=CARTESIAN_POINT('',(-0.00734651819884213,0.011949,0.00108526853918987));
#6161=CARTESIAN_POINT('',(-0.00718515969889344,0.011949,0.00117499999999998));
#6162=CARTESIAN_POINT('',(-0.00718515969889344,0.011949,0.00117499999999998));
#6163=CARTESIAN_POINT('',(-0.00722104398968913,0.011949,0.00130892199644307));
#6164=CARTESIAN_POINT('',(-0.00705118993678114,0.011949,0.00138129534288729));
#6165=CARTESIAN_POINT('',(-0.00705118993678114,0.011949,0.00138129534288729));
#6166=CARTESIAN_POINT('',(-0.00707287898919129,0.011949,0.0015182346303937));
#6167=CARTESIAN_POINT('',(-0.00689639033987189,0.011949,0.0015724569249433));
#6168=CARTESIAN_POINT('',(-0.00689639033987189,0.011949,0.0015724569249433));
#6169=CARTESIAN_POINT('',(-0.00690364652409956,0.011949,0.00171091316802272));
#6170=CARTESIAN_POINT('',(-0.00672245692494333,0.011949,0.00174639033987187));
#6171=CARTESIAN_POINT('',(-0.00672245692494333,0.011949,0.00174639033987187));
#6172=CARTESIAN_POINT('',(-0.00671520074071567,0.011949,0.00188484658295128));
#6173=CARTESIAN_POINT('',(-0.00653129534288733,0.011949,0.00190118993678111));
#6174=CARTESIAN_POINT('',(-0.00653129534288733,0.011949,0.00190118993678111));
#6175=CARTESIAN_POINT('',(-0.00650960629047719,0.011949,0.00203812922428753));
#6176=CARTESIAN_POINT('',(-0.006325,0.011949,0.00203515969889342));
#6177=CARTESIAN_POINT('',(-0.006325,0.011949,0.00203515969889342));
#6178=CARTESIAN_POINT('',(-0.00628911570920433,0.011949,0.00216908169533652));
#6179=CARTESIAN_POINT('',(-0.00610583111122815,0.011949,0.0021468318254601));
#6180=CARTESIAN_POINT('',(-0.00610583111122815,0.011949,0.0021468318254601));
#6181=CARTESIAN_POINT('',(-0.00605614473784614,0.011949,0.00227626925342187));
#6182=CARTESIAN_POINT('',(-0.00587618993678114,0.011949,0.00223498281329361));
#6183=CARTESIAN_POINT('',(-0.00587618993678114,0.011949,0.00223498281329361));
#6184=CARTESIAN_POINT('',(-0.00581324585511713,0.011949,0.00235851752922677));
#6185=CARTESIAN_POINT('',(-0.00563859247342175,0.011949,0.00229864686172444));
#6186=CARTESIAN_POINT('',(-0.00563859247342175,0.011949,0.00229864686172444));
#6187=CARTESIAN_POINT('',(-0.00556308031200635,0.011949,0.00241492539342994));
#6188=CARTESIAN_POINT('',(-0.005395641888679,0.011949,0.00233712645411544));
#6189=CARTESIAN_POINT('',(-0.005395641888679,0.011949,0.00233712645411544));
#6190=CARTESIAN_POINT('',(-0.0053083889745546,0.011949,0.00244487482966706));
#6191=CARTESIAN_POINT('',(-0.00515,0.011949,0.00235));
#6192=CARTESIAN_POINT('',(-0.00515,0.011949,0.00235));
#6193=CARTESIAN_POINT('',(-0.0050519622943526,0.011949,0.0024480377056474));
#6194=CARTESIAN_POINT('',(-0.00490435811132103,0.011949,0.00233712645411545));
#6195=CARTESIAN_POINT('',(-0.00490435811132103,0.011949,0.00233712645411545));
#6196=CARTESIAN_POINT('',(-0.00479660973576941,0.011949,0.00242437936823984));
#6197=CARTESIAN_POINT('',(-0.00466140752657828,0.011949,0.00229864686172444));
#6198=CARTESIAN_POINT('',(-0.00466140752657828,0.011949,0.00229864686172444));
#6199=CARTESIAN_POINT('',(-0.00454512899487278,0.011949,0.00237415902313986));
#6200=CARTESIAN_POINT('',(-0.00442381006321889,0.011949,0.00223498281329362));
#6201=CARTESIAN_POINT('',(-0.00442381006321889,0.011949,0.00223498281329362));
#6202=CARTESIAN_POINT('',(-0.00430027534728572,0.011949,0.00229792689495763));
#6203=CARTESIAN_POINT('',(-0.00419416888877188,0.011949,0.00214683182546012));
#6204=CARTESIAN_POINT('',(-0.00419416888877188,0.011949,0.00214683182546012));
#6205=CARTESIAN_POINT('',(-0.00406473146081012,0.011949,0.00219651819884213));
#6206=CARTESIAN_POINT('',(-0.003975,0.011949,0.00203515969889344));
#6207=CARTESIAN_POINT('',(-0.003975,0.011949,0.00203515969889344));
#6208=CARTESIAN_POINT('',(-0.00384107800355692,0.011949,0.00207104398968913));
#6209=CARTESIAN_POINT('',(-0.0037687046571127,0.011949,0.00190118993678113));
#6210=CARTESIAN_POINT('',(-0.0037687046571127,0.011949,0.00190118993678113));
#6211=CARTESIAN_POINT('',(-0.00363176536960629,0.011949,0.00192287898919128));
#6212=CARTESIAN_POINT('',(-0.0035775430750567,0.011949,0.00174639033987188));
#6213=CARTESIAN_POINT('',(-0.0035775430750567,0.011949,0.00174639033987188));
#6214=CARTESIAN_POINT('',(-0.00343908683197728,0.011949,0.00175364652409955));
#6215=CARTESIAN_POINT('',(-0.00340360966012813,0.011949,0.00157245692494333));
#6216=CARTESIAN_POINT('',(-0.00340360966012813,0.011949,0.00157245692494333));
#6217=CARTESIAN_POINT('',(-0.00326515341704871,0.011949,0.00156520074071566));
#6218=CARTESIAN_POINT('',(-0.00324881006321888,0.011949,0.00138129534288732));
#6219=CARTESIAN_POINT('',(-0.00324881006321888,0.011949,0.00138129534288732));
#6220=CARTESIAN_POINT('',(-0.00311187077571247,0.011949,0.00135960629047718));
#6221=CARTESIAN_POINT('',(-0.00311484030110657,0.011949,0.001175));
#6222=CARTESIAN_POINT('',(-0.00311484030110657,0.011949,0.001175));
#6223=CARTESIAN_POINT('',(-0.00298091830466348,0.011949,0.00113911570920432));
#6224=CARTESIAN_POINT('',(-0.00300316817453989,0.011949,0.00095583111122814));
#6225=CARTESIAN_POINT('',(-0.00300316817453989,0.011949,0.00095583111122814));
#6226=CARTESIAN_POINT('',(-0.00287373074657813,0.011949,0.000906144737846133));
#6227=CARTESIAN_POINT('',(-0.00291501718670639,0.011949,0.000726189936781136));
#6228=CARTESIAN_POINT('',(-0.00291501718670639,0.011949,0.000726189936781136));
#6229=CARTESIAN_POINT('',(-0.00279148247077323,0.011949,0.000663245855117125));
#6230=CARTESIAN_POINT('',(-0.00285135313827556,0.011949,0.000488592473421743));
#6231=CARTESIAN_POINT('',(-0.00285135313827556,0.011949,0.000488592473421743));
#6232=CARTESIAN_POINT('',(-0.00273507460657006,0.011949,0.000413080312006337));
#6233=CARTESIAN_POINT('',(-0.00281287354588456,0.011949,0.000245641888678994));
#6234=CARTESIAN_POINT('',(-0.00281287354588456,0.011949,0.000245641888678994));
#6235=CARTESIAN_POINT('',(-0.00270512517033294,0.011949,0.000158388974554594));
#6236=CARTESIAN_POINT('',(-0.0028,0.011949,7.80625564189563E-18));
#6237=CARTESIAN_POINT('',(-0.0028,0.011949,7.80625564189563E-18));
#6238=CARTESIAN_POINT('',(-0.0027019622943526,0.011949,-9.80377056473917E-5));
#6239=CARTESIAN_POINT('',(-0.00281287354588456,0.011949,-0.000245641888678978));
#6240=CARTESIAN_POINT('',(-0.00281287354588456,0.011949,-0.000245641888678978));
#6241=CARTESIAN_POINT('',(-0.00272562063176015,0.011949,-0.000353390264230598));
#6242=CARTESIAN_POINT('',(-0.00285135313827556,0.011949,-0.000488592473421728));
#6243=CARTESIAN_POINT('',(-0.00285135313827556,0.011949,-0.000488592473421728));
#6244=CARTESIAN_POINT('',(-0.00277584097686014,0.011949,-0.000604871005127224));
#6245=CARTESIAN_POINT('',(-0.00291501718670638,0.011949,-0.000726189936781121));
#6246=CARTESIAN_POINT('',(-0.00291501718670638,0.011949,-0.000726189936781121));
#6247=CARTESIAN_POINT('',(-0.00285207310504238,0.011949,-0.000849724652714282));
#6248=CARTESIAN_POINT('',(-0.00300316817453988,0.011949,-0.000955831111228126));
#6249=CARTESIAN_POINT('',(-0.00300316817453988,0.011949,-0.000955831111228126));
#6250=CARTESIAN_POINT('',(-0.00295348180115787,0.011949,-0.00108526853918989));
#6251=CARTESIAN_POINT('',(-0.00311484030110656,0.011949,-0.001175));
#6252=CARTESIAN_POINT('',(-0.00311484030110656,0.011949,-0.001175));
#6253=CARTESIAN_POINT('',(-0.00307895601031087,0.011949,-0.00130892199644309));
#6254=CARTESIAN_POINT('',(-0.00324881006321887,0.011949,-0.00138129534288731));
#6255=CARTESIAN_POINT('',(-0.00324881006321887,0.011949,-0.00138129534288731));
#6256=CARTESIAN_POINT('',(-0.00322712101080872,0.011949,-0.00151823463039371));
#6257=CARTESIAN_POINT('',(-0.00340360966012812,0.011949,-0.00157245692494332));
#6258=CARTESIAN_POINT('',(-0.00340360966012812,0.011949,-0.00157245692494332));
#6259=CARTESIAN_POINT('',(-0.00339635347590045,0.011949,-0.00171091316802274));
#6260=CARTESIAN_POINT('',(-0.00357754307505668,0.011949,-0.00174639033987188));
#6261=CARTESIAN_POINT('',(-0.00357754307505668,0.011949,-0.00174639033987188));
#6262=CARTESIAN_POINT('',(-0.00358479925928434,0.011949,-0.0018848465829513));
#6263=CARTESIAN_POINT('',(-0.00376870465711268,0.011949,-0.00190118993678112));
#6264=CARTESIAN_POINT('',(-0.00376870465711268,0.011949,-0.00190118993678112));
#6265=CARTESIAN_POINT('',(-0.00379039370952283,0.011949,-0.00203812922428754));
#6266=CARTESIAN_POINT('',(-0.003975,0.011949,-0.00203515969889343));
#6267=CARTESIAN_POINT('',(-0.003975,0.011949,-0.00203515969889343));
#6268=CARTESIAN_POINT('',(-0.00401088429079568,0.011949,-0.00216908169533652));
#6269=CARTESIAN_POINT('',(-0.00419416888877187,0.011949,-0.00214683182546011));
#6270=CARTESIAN_POINT('',(-0.00419416888877187,0.011949,-0.00214683182546011));
#6271=CARTESIAN_POINT('',(-0.00424385526215388,0.011949,-0.00227626925342188));
#6272=CARTESIAN_POINT('',(-0.00442381006321887,0.011949,-0.00223498281329361));
#6273=CARTESIAN_POINT('',(-0.00442381006321887,0.011949,-0.00223498281329361));
#6274=CARTESIAN_POINT('',(-0.00448675414488289,0.011949,-0.00235851752922678));
#6275=CARTESIAN_POINT('',(-0.00466140752657827,0.011949,-0.00229864686172444));
#6276=CARTESIAN_POINT('',(-0.00466140752657827,0.011949,-0.00229864686172444));
#6277=CARTESIAN_POINT('',(-0.00473691968799367,0.011949,-0.00241492539342994));
#6278=MECHANICAL_DESIGN_GEOMETRIC_PRESENTATION_REPRESENTATION('',(#3592),
#6279);
#6279=(
GEOMETRIC_REPRESENTATION_CONTEXT(3)
GLOBAL_UNCERTAINTY_ASSIGNED_CONTEXT((#6280))
GLOBAL_UNIT_ASSIGNED_CONTEXT((#6283,#6282,#6281))
REPRESENTATION_CONTEXT('Tower Pro - Micro Servo 9g - SG90.1',
'TOP_LEVEL_ASSEMBLY_PART')
);
#6280=UNCERTAINTY_MEASURE_WITH_UNIT(LENGTH_MEASURE(2.E-5),#6283,
'DISTANCE_ACCURACY_VALUE','Maximum Tolerance applied to model');
#6281=(
NAMED_UNIT(*)
SI_UNIT($,.STERADIAN.)
SOLID_ANGLE_UNIT()
);
#6282=(
NAMED_UNIT(*)
PLANE_ANGLE_UNIT()
SI_UNIT($,.RADIAN.)
);
#6283=(
LENGTH_UNIT()
NAMED_UNIT(*)
SI_UNIT($,.METRE.)
);
#6284=PRODUCT_DEFINITION_SHAPE('','',#6285);
#6285=PRODUCT_DEFINITION('','',#6287,#6286);
#6286=PRODUCT_DEFINITION_CONTEXT('',#6293,'design');
#6287=PRODUCT_DEFINITION_FORMATION_WITH_SPECIFIED_SOURCE('','',#6289,
 .NOT_KNOWN.);
#6288=PRODUCT_RELATED_PRODUCT_CATEGORY('','',(#6289));
#6289=PRODUCT('Tower Pro - Micro Servo 9g - SG90.1',
'Tower Pro - Micro Servo 9g - SG90.1',
'Tower Pro - Micro Servo 9g - SG90.1',(#6291));
#6290=PRODUCT_CATEGORY('','');
#6291=PRODUCT_CONTEXT('',#6293,'mechanical');
#6292=APPLICATION_PROTOCOL_DEFINITION('international standard',
'ap242_managed_model_based_3d_engineering',2020,#6293);
#6293=APPLICATION_CONTEXT('managed model based 3d engineering');
ENDSEC;
END-ISO-10303-21;
