ISO-10303-21;
HEADER;
/* Generated by software containing ST-Developer
 * from STEP Tools, Inc. (www.steptools.com) 
 */
/* OPTION: using custom renumber hook */

FILE_DESCRIPTION(
/* description */ ('STEP AP242 Edition 2',
'CAx-IF Rec.Pracs.---Representation and Presentation of Product Manufa
cturing Information (PMI)---4.0---2014-10-13',
'CAx-IF Rec.Pracs.---3D Tessellated Geometry---0.4---2014-09-14','2;1',
'CAx-IF Rec.Pracs.---User Defined Attributes---1.5---2016-08-15'),
/* implementation_level */ '2;1');

FILE_NAME(
/* name */ '9a3c5687-0908-4798-a7b4-3e0c98d9475b',
/* time_stamp */ '2026-06-30T13:00:18Z',
/* author */ (''),
/* organization */ (''),
/* preprocessor_version */ 'ST-DEVELOPER v20',
/* originating_system */ 'ONSHAPE BY PTC INC, 1.217',
/* authorisation */ '  ');

FILE_SCHEMA (('AP242_MANAGED_MODEL_BASED_3D_ENGINEERING_MIM_LF { 1 0 10303 442 3 1 4 }'));
ENDSEC;

DATA;
#10=SHAPE_REPRESENTATION_RELATIONSHIP('','',#4150,#11);
#11=ADVANCED_BREP_SHAPE_REPRESENTATION('',(#4148),#6889);
#12=CYLINDRICAL_SURFACE('',#4275,0.002475);
#13=CYLINDRICAL_SURFACE('',#4349,0.002);
#14=CYLINDRICAL_SURFACE('',#4431,0.002);
#15=CYLINDRICAL_SURFACE('',#4442,0.002475);
#16=CYLINDRICAL_SURFACE('',#4443,0.002475);
#17=CYLINDRICAL_SURFACE('',#4444,0.002475);
#18=CYLINDRICAL_SURFACE('',#4445,0.002475);
#19=CYLINDRICAL_SURFACE('',#4446,0.002475);
#20=CYLINDRICAL_SURFACE('',#4447,0.002475);
#21=CYLINDRICAL_SURFACE('',#4448,0.002475);
#22=CYLINDRICAL_SURFACE('',#4449,0.002475);
#23=CYLINDRICAL_SURFACE('',#4450,0.002475);
#24=CYLINDRICAL_SURFACE('',#4451,0.002475);
#25=CYLINDRICAL_SURFACE('',#4452,0.002475);
#26=CYLINDRICAL_SURFACE('',#4453,0.002475);
#27=CYLINDRICAL_SURFACE('',#4454,0.002475);
#28=CYLINDRICAL_SURFACE('',#4455,0.002475);
#29=CYLINDRICAL_SURFACE('',#4456,0.002475);
#30=CYLINDRICAL_SURFACE('',#4457,0.002475);
#31=CYLINDRICAL_SURFACE('',#4458,0.002475);
#32=CYLINDRICAL_SURFACE('',#4459,0.002475);
#33=CYLINDRICAL_SURFACE('',#4460,0.002475);
#34=CYLINDRICAL_SURFACE('',#4461,0.002475);
#35=CYLINDRICAL_SURFACE('',#4462,0.002475);
#36=CYLINDRICAL_SURFACE('',#4463,0.002475);
#37=CYLINDRICAL_SURFACE('',#4464,0.002475);
#38=CYLINDRICAL_SURFACE('',#4465,0.002475);
#39=CYLINDRICAL_SURFACE('',#4466,0.002475);
#40=CYLINDRICAL_SURFACE('',#4467,0.002475);
#41=CYLINDRICAL_SURFACE('',#4468,0.002475);
#42=CYLINDRICAL_SURFACE('',#4469,0.002475);
#43=CYLINDRICAL_SURFACE('',#4470,0.002475);
#44=CYLINDRICAL_SURFACE('',#4471,0.002475);
#45=CYLINDRICAL_SURFACE('',#4472,0.002475);
#46=CYLINDRICAL_SURFACE('',#4473,0.002475);
#47=CYLINDRICAL_SURFACE('',#4474,0.002475);
#48=CYLINDRICAL_SURFACE('',#4475,0.002475);
#49=CYLINDRICAL_SURFACE('',#4476,0.002475);
#50=CYLINDRICAL_SURFACE('',#4477,0.002475);
#51=CYLINDRICAL_SURFACE('',#4478,0.002475);
#52=CYLINDRICAL_SURFACE('',#4479,0.002475);
#53=CYLINDRICAL_SURFACE('',#4480,0.002475);
#54=CYLINDRICAL_SURFACE('',#4481,0.002475);
#55=CYLINDRICAL_SURFACE('',#4482,0.002475);
#56=CYLINDRICAL_SURFACE('',#4483,0.002475);
#57=CYLINDRICAL_SURFACE('',#4484,0.002475);
#58=CYLINDRICAL_SURFACE('',#4485,0.002475);
#59=CYLINDRICAL_SURFACE('',#4486,0.002475);
#60=CYLINDRICAL_SURFACE('',#4487,0.002475);
#61=CYLINDRICAL_SURFACE('',#4488,0.002475);
#62=CYLINDRICAL_SURFACE('',#4489,0.002475);
#63=CYLINDRICAL_SURFACE('',#4490,0.002475);
#64=CYLINDRICAL_SURFACE('',#4491,0.002475);
#65=CYLINDRICAL_SURFACE('',#4492,0.002475);
#66=CYLINDRICAL_SURFACE('',#4493,0.002475);
#67=CYLINDRICAL_SURFACE('',#4494,0.002475);
#68=CYLINDRICAL_SURFACE('',#4495,0.002475);
#69=CYLINDRICAL_SURFACE('',#4496,0.002475);
#70=CYLINDRICAL_SURFACE('',#4497,0.002475);
#71=CYLINDRICAL_SURFACE('',#4498,0.002475);
#72=CYLINDRICAL_SURFACE('',#4499,0.002475);
#73=CYLINDRICAL_SURFACE('',#4500,0.002475);
#74=CYLINDRICAL_SURFACE('',#4501,0.00345);
#75=CYLINDRICAL_SURFACE('',#4502,0.000600000000000014);
#76=CYLINDRICAL_SURFACE('',#4503,0.000600000000000014);
#77=CYLINDRICAL_SURFACE('',#4504,0.000600000000000014);
#78=CYLINDRICAL_SURFACE('',#4505,0.000600000000000014);
#79=CYLINDRICAL_SURFACE('',#4506,0.000600000000000014);
#80=CYLINDRICAL_SURFACE('',#4507,0.000600000000000014);
#81=CYLINDRICAL_SURFACE('',#4508,0.000600000000000014);
#82=CYLINDRICAL_SURFACE('',#4509,0.000600000000000014);
#83=CYLINDRICAL_SURFACE('',#4510,0.000600000000000014);
#84=CYLINDRICAL_SURFACE('',#4511,0.000600000000000014);
#85=CYLINDRICAL_SURFACE('',#4512,0.000600000000000013);
#86=CYLINDRICAL_SURFACE('',#4513,0.000600000000000013);
#87=CYLINDRICAL_SURFACE('',#4514,0.0023);
#88=CYLINDRICAL_SURFACE('',#4515,0.00105000000000001);
#89=CIRCLE('',#4273,0.0023);
#90=CIRCLE('',#4274,0.00105000000000001);
#91=CIRCLE('',#4276,0.002475);
#92=CIRCLE('',#4277,0.002475);
#93=CIRCLE('',#4279,0.002475);
#94=CIRCLE('',#4280,0.002475);
#95=CIRCLE('',#4281,0.002475);
#96=CIRCLE('',#4282,0.002475);
#97=CIRCLE('',#4283,0.002475);
#98=CIRCLE('',#4284,0.002475);
#99=CIRCLE('',#4285,0.002475);
#100=CIRCLE('',#4286,0.002475);
#101=CIRCLE('',#4287,0.002475);
#102=CIRCLE('',#4288,0.002475);
#103=CIRCLE('',#4289,0.002475);
#104=CIRCLE('',#4290,0.002475);
#105=CIRCLE('',#4291,0.002475);
#106=CIRCLE('',#4292,0.002475);
#107=CIRCLE('',#4293,0.002475);
#108=CIRCLE('',#4294,0.002475);
#109=CIRCLE('',#4295,0.002475);
#110=CIRCLE('',#4296,0.002475);
#111=CIRCLE('',#4297,0.002475);
#112=CIRCLE('',#4298,0.002475);
#113=CIRCLE('',#4299,0.002475);
#114=CIRCLE('',#4300,0.002475);
#115=CIRCLE('',#4301,0.002475);
#116=CIRCLE('',#4302,0.002475);
#117=CIRCLE('',#4303,0.002475);
#118=CIRCLE('',#4304,0.002475);
#119=CIRCLE('',#4305,0.002475);
#120=CIRCLE('',#4306,0.002475);
#121=CIRCLE('',#4307,0.002475);
#122=CIRCLE('',#4308,0.002475);
#123=CIRCLE('',#4309,0.002475);
#124=CIRCLE('',#4310,0.002475);
#125=CIRCLE('',#4311,0.002475);
#126=CIRCLE('',#4312,0.002475);
#127=CIRCLE('',#4313,0.002475);
#128=CIRCLE('',#4314,0.002475);
#129=CIRCLE('',#4315,0.002475);
#130=CIRCLE('',#4316,0.002475);
#131=CIRCLE('',#4317,0.002475);
#132=CIRCLE('',#4318,0.002475);
#133=CIRCLE('',#4319,0.002475);
#134=CIRCLE('',#4320,0.002475);
#135=CIRCLE('',#4321,0.002475);
#136=CIRCLE('',#4322,0.002475);
#137=CIRCLE('',#4323,0.002475);
#138=CIRCLE('',#4324,0.002475);
#139=CIRCLE('',#4325,0.002475);
#140=CIRCLE('',#4326,0.002475);
#141=CIRCLE('',#4327,0.002475);
#142=CIRCLE('',#4328,0.002475);
#143=CIRCLE('',#4329,0.002475);
#144=CIRCLE('',#4330,0.002475);
#145=CIRCLE('',#4331,0.002475);
#146=CIRCLE('',#4332,0.002475);
#147=CIRCLE('',#4333,0.002475);
#148=CIRCLE('',#4334,0.002475);
#149=CIRCLE('',#4335,0.002475);
#150=CIRCLE('',#4336,0.002475);
#151=CIRCLE('',#4337,0.002475);
#152=CIRCLE('',#4338,0.00105000000000001);
#153=CIRCLE('',#4340,0.00345);
#154=CIRCLE('',#4341,0.002);
#155=CIRCLE('',#4342,0.000600000000000014);
#156=CIRCLE('',#4343,0.000600000000000014);
#157=CIRCLE('',#4344,0.000600000000000014);
#158=CIRCLE('',#4345,0.000600000000000014);
#159=CIRCLE('',#4346,0.000600000000000013);
#160=CIRCLE('',#4347,0.000600000000000013);
#161=CIRCLE('',#4350,0.002);
#162=CIRCLE('',#4353,0.00345);
#163=CIRCLE('',#4354,0.002475);
#164=CIRCLE('',#4355,0.002475);
#165=CIRCLE('',#4356,0.002475);
#166=CIRCLE('',#4357,0.002475);
#167=CIRCLE('',#4358,0.002475);
#168=CIRCLE('',#4359,0.002475);
#169=CIRCLE('',#4360,0.002475);
#170=CIRCLE('',#4361,0.002475);
#171=CIRCLE('',#4362,0.002475);
#172=CIRCLE('',#4363,0.002475);
#173=CIRCLE('',#4364,0.002475);
#174=CIRCLE('',#4365,0.002475);
#175=CIRCLE('',#4366,0.002475);
#176=CIRCLE('',#4367,0.002475);
#177=CIRCLE('',#4368,0.002475);
#178=CIRCLE('',#4369,0.002475);
#179=CIRCLE('',#4370,0.002475);
#180=CIRCLE('',#4371,0.002475);
#181=CIRCLE('',#4372,0.002475);
#182=CIRCLE('',#4373,0.002475);
#183=CIRCLE('',#4374,0.002475);
#184=CIRCLE('',#4375,0.002475);
#185=CIRCLE('',#4376,0.002475);
#186=CIRCLE('',#4377,0.002475);
#187=CIRCLE('',#4378,0.002475);
#188=CIRCLE('',#4379,0.002475);
#189=CIRCLE('',#4380,0.002475);
#190=CIRCLE('',#4381,0.002475);
#191=CIRCLE('',#4382,0.002475);
#192=CIRCLE('',#4383,0.002475);
#193=CIRCLE('',#4384,0.002475);
#194=CIRCLE('',#4385,0.002475);
#195=CIRCLE('',#4386,0.002475);
#196=CIRCLE('',#4387,0.002475);
#197=CIRCLE('',#4388,0.002475);
#198=CIRCLE('',#4389,0.002475);
#199=CIRCLE('',#4390,0.002475);
#200=CIRCLE('',#4391,0.002475);
#201=CIRCLE('',#4392,0.002475);
#202=CIRCLE('',#4393,0.002475);
#203=CIRCLE('',#4394,0.002475);
#204=CIRCLE('',#4395,0.002475);
#205=CIRCLE('',#4396,0.002475);
#206=CIRCLE('',#4397,0.002475);
#207=CIRCLE('',#4398,0.002475);
#208=CIRCLE('',#4399,0.002475);
#209=CIRCLE('',#4400,0.002475);
#210=CIRCLE('',#4401,0.002475);
#211=CIRCLE('',#4402,0.002475);
#212=CIRCLE('',#4403,0.002475);
#213=CIRCLE('',#4404,0.002475);
#214=CIRCLE('',#4405,0.002475);
#215=CIRCLE('',#4406,0.002475);
#216=CIRCLE('',#4407,0.002475);
#217=CIRCLE('',#4408,0.002475);
#218=CIRCLE('',#4409,0.002475);
#219=CIRCLE('',#4410,0.002475);
#220=CIRCLE('',#4411,0.002475);
#221=CIRCLE('',#4412,0.002475);
#222=CIRCLE('',#4414,0.000600000000000014);
#223=CIRCLE('',#4415,0.000600000000000014);
#224=CIRCLE('',#4416,0.000600000000000014);
#225=CIRCLE('',#4417,0.000600000000000014);
#226=CIRCLE('',#4418,0.000600000000000014);
#227=CIRCLE('',#4419,0.000600000000000014);
#228=CIRCLE('',#4420,0.00345);
#229=CIRCLE('',#4421,0.00345);
#230=CIRCLE('',#4422,0.002);
#231=CIRCLE('',#4423,0.000600000000000014);
#232=CIRCLE('',#4424,0.000600000000000014);
#233=CIRCLE('',#4425,0.000600000000000014);
#234=CIRCLE('',#4426,0.000600000000000014);
#235=CIRCLE('',#4427,0.000600000000000014);
#236=CIRCLE('',#4428,0.000600000000000014);
#237=CIRCLE('',#4429,0.0023);
#238=CIRCLE('',#4432,0.002);
#239=CIRCLE('',#4435,0.000600000000000014);
#240=CIRCLE('',#4436,0.000600000000000014);
#241=CIRCLE('',#4437,0.000600000000000014);
#242=CIRCLE('',#4438,0.000600000000000014);
#243=CIRCLE('',#4439,0.00345);
#244=CIRCLE('',#4440,0.000600000000000014);
#245=CIRCLE('',#4441,0.000600000000000014);
#246=ORIENTED_EDGE('',*,*,#1432,.F.);
#247=ORIENTED_EDGE('',*,*,#1433,.T.);
#248=ORIENTED_EDGE('',*,*,#1434,.T.);
#249=ORIENTED_EDGE('',*,*,#1435,.F.);
#250=ORIENTED_EDGE('',*,*,#1436,.F.);
#251=ORIENTED_EDGE('',*,*,#1437,.T.);
#252=ORIENTED_EDGE('',*,*,#1432,.T.);
#253=ORIENTED_EDGE('',*,*,#1438,.F.);
#254=ORIENTED_EDGE('',*,*,#1439,.F.);
#255=ORIENTED_EDGE('',*,*,#1440,.T.);
#256=ORIENTED_EDGE('',*,*,#1441,.T.);
#257=ORIENTED_EDGE('',*,*,#1442,.F.);
#258=ORIENTED_EDGE('',*,*,#1443,.F.);
#259=ORIENTED_EDGE('',*,*,#1444,.T.);
#260=ORIENTED_EDGE('',*,*,#1439,.T.);
#261=ORIENTED_EDGE('',*,*,#1445,.F.);
#262=ORIENTED_EDGE('',*,*,#1446,.F.);
#263=ORIENTED_EDGE('',*,*,#1447,.T.);
#264=ORIENTED_EDGE('',*,*,#1448,.T.);
#265=ORIENTED_EDGE('',*,*,#1449,.F.);
#266=ORIENTED_EDGE('',*,*,#1450,.F.);
#267=ORIENTED_EDGE('',*,*,#1451,.T.);
#268=ORIENTED_EDGE('',*,*,#1446,.T.);
#269=ORIENTED_EDGE('',*,*,#1452,.F.);
#270=ORIENTED_EDGE('',*,*,#1453,.F.);
#271=ORIENTED_EDGE('',*,*,#1454,.T.);
#272=ORIENTED_EDGE('',*,*,#1455,.T.);
#273=ORIENTED_EDGE('',*,*,#1456,.F.);
#274=ORIENTED_EDGE('',*,*,#1457,.F.);
#275=ORIENTED_EDGE('',*,*,#1458,.T.);
#276=ORIENTED_EDGE('',*,*,#1453,.T.);
#277=ORIENTED_EDGE('',*,*,#1459,.F.);
#278=ORIENTED_EDGE('',*,*,#1460,.F.);
#279=ORIENTED_EDGE('',*,*,#1461,.T.);
#280=ORIENTED_EDGE('',*,*,#1462,.T.);
#281=ORIENTED_EDGE('',*,*,#1463,.F.);
#282=ORIENTED_EDGE('',*,*,#1464,.F.);
#283=ORIENTED_EDGE('',*,*,#1465,.T.);
#284=ORIENTED_EDGE('',*,*,#1460,.T.);
#285=ORIENTED_EDGE('',*,*,#1466,.F.);
#286=ORIENTED_EDGE('',*,*,#1467,.F.);
#287=ORIENTED_EDGE('',*,*,#1468,.T.);
#288=ORIENTED_EDGE('',*,*,#1469,.T.);
#289=ORIENTED_EDGE('',*,*,#1470,.F.);
#290=ORIENTED_EDGE('',*,*,#1471,.F.);
#291=ORIENTED_EDGE('',*,*,#1472,.T.);
#292=ORIENTED_EDGE('',*,*,#1467,.T.);
#293=ORIENTED_EDGE('',*,*,#1473,.F.);
#294=ORIENTED_EDGE('',*,*,#1474,.F.);
#295=ORIENTED_EDGE('',*,*,#1475,.T.);
#296=ORIENTED_EDGE('',*,*,#1476,.T.);
#297=ORIENTED_EDGE('',*,*,#1477,.F.);
#298=ORIENTED_EDGE('',*,*,#1478,.F.);
#299=ORIENTED_EDGE('',*,*,#1479,.T.);
#300=ORIENTED_EDGE('',*,*,#1474,.T.);
#301=ORIENTED_EDGE('',*,*,#1480,.F.);
#302=ORIENTED_EDGE('',*,*,#1481,.F.);
#303=ORIENTED_EDGE('',*,*,#1482,.T.);
#304=ORIENTED_EDGE('',*,*,#1483,.T.);
#305=ORIENTED_EDGE('',*,*,#1484,.F.);
#306=ORIENTED_EDGE('',*,*,#1485,.F.);
#307=ORIENTED_EDGE('',*,*,#1486,.T.);
#308=ORIENTED_EDGE('',*,*,#1481,.T.);
#309=ORIENTED_EDGE('',*,*,#1487,.F.);
#310=ORIENTED_EDGE('',*,*,#1488,.F.);
#311=ORIENTED_EDGE('',*,*,#1489,.T.);
#312=ORIENTED_EDGE('',*,*,#1490,.T.);
#313=ORIENTED_EDGE('',*,*,#1491,.F.);
#314=ORIENTED_EDGE('',*,*,#1492,.F.);
#315=ORIENTED_EDGE('',*,*,#1493,.T.);
#316=ORIENTED_EDGE('',*,*,#1488,.T.);
#317=ORIENTED_EDGE('',*,*,#1494,.F.);
#318=ORIENTED_EDGE('',*,*,#1495,.F.);
#319=ORIENTED_EDGE('',*,*,#1496,.T.);
#320=ORIENTED_EDGE('',*,*,#1497,.T.);
#321=ORIENTED_EDGE('',*,*,#1498,.F.);
#322=ORIENTED_EDGE('',*,*,#1499,.F.);
#323=ORIENTED_EDGE('',*,*,#1500,.T.);
#324=ORIENTED_EDGE('',*,*,#1495,.T.);
#325=ORIENTED_EDGE('',*,*,#1501,.F.);
#326=ORIENTED_EDGE('',*,*,#1502,.F.);
#327=ORIENTED_EDGE('',*,*,#1503,.T.);
#328=ORIENTED_EDGE('',*,*,#1504,.T.);
#329=ORIENTED_EDGE('',*,*,#1505,.F.);
#330=ORIENTED_EDGE('',*,*,#1506,.F.);
#331=ORIENTED_EDGE('',*,*,#1507,.T.);
#332=ORIENTED_EDGE('',*,*,#1502,.T.);
#333=ORIENTED_EDGE('',*,*,#1508,.F.);
#334=ORIENTED_EDGE('',*,*,#1509,.F.);
#335=ORIENTED_EDGE('',*,*,#1510,.T.);
#336=ORIENTED_EDGE('',*,*,#1511,.T.);
#337=ORIENTED_EDGE('',*,*,#1512,.F.);
#338=ORIENTED_EDGE('',*,*,#1513,.F.);
#339=ORIENTED_EDGE('',*,*,#1514,.T.);
#340=ORIENTED_EDGE('',*,*,#1509,.T.);
#341=ORIENTED_EDGE('',*,*,#1515,.F.);
#342=ORIENTED_EDGE('',*,*,#1516,.F.);
#343=ORIENTED_EDGE('',*,*,#1517,.T.);
#344=ORIENTED_EDGE('',*,*,#1518,.T.);
#345=ORIENTED_EDGE('',*,*,#1519,.F.);
#346=ORIENTED_EDGE('',*,*,#1520,.F.);
#347=ORIENTED_EDGE('',*,*,#1521,.T.);
#348=ORIENTED_EDGE('',*,*,#1516,.T.);
#349=ORIENTED_EDGE('',*,*,#1522,.F.);
#350=ORIENTED_EDGE('',*,*,#1523,.F.);
#351=ORIENTED_EDGE('',*,*,#1524,.T.);
#352=ORIENTED_EDGE('',*,*,#1525,.T.);
#353=ORIENTED_EDGE('',*,*,#1526,.F.);
#354=ORIENTED_EDGE('',*,*,#1527,.F.);
#355=ORIENTED_EDGE('',*,*,#1528,.T.);
#356=ORIENTED_EDGE('',*,*,#1523,.T.);
#357=ORIENTED_EDGE('',*,*,#1529,.F.);
#358=ORIENTED_EDGE('',*,*,#1530,.F.);
#359=ORIENTED_EDGE('',*,*,#1531,.T.);
#360=ORIENTED_EDGE('',*,*,#1532,.T.);
#361=ORIENTED_EDGE('',*,*,#1533,.F.);
#362=ORIENTED_EDGE('',*,*,#1534,.F.);
#363=ORIENTED_EDGE('',*,*,#1535,.T.);
#364=ORIENTED_EDGE('',*,*,#1530,.T.);
#365=ORIENTED_EDGE('',*,*,#1536,.F.);
#366=ORIENTED_EDGE('',*,*,#1537,.F.);
#367=ORIENTED_EDGE('',*,*,#1538,.T.);
#368=ORIENTED_EDGE('',*,*,#1539,.T.);
#369=ORIENTED_EDGE('',*,*,#1540,.F.);
#370=ORIENTED_EDGE('',*,*,#1541,.F.);
#371=ORIENTED_EDGE('',*,*,#1542,.T.);
#372=ORIENTED_EDGE('',*,*,#1537,.T.);
#373=ORIENTED_EDGE('',*,*,#1543,.F.);
#374=ORIENTED_EDGE('',*,*,#1544,.F.);
#375=ORIENTED_EDGE('',*,*,#1545,.T.);
#376=ORIENTED_EDGE('',*,*,#1546,.T.);
#377=ORIENTED_EDGE('',*,*,#1547,.F.);
#378=ORIENTED_EDGE('',*,*,#1548,.F.);
#379=ORIENTED_EDGE('',*,*,#1549,.T.);
#380=ORIENTED_EDGE('',*,*,#1544,.T.);
#381=ORIENTED_EDGE('',*,*,#1550,.F.);
#382=ORIENTED_EDGE('',*,*,#1551,.F.);
#383=ORIENTED_EDGE('',*,*,#1552,.T.);
#384=ORIENTED_EDGE('',*,*,#1553,.T.);
#385=ORIENTED_EDGE('',*,*,#1554,.F.);
#386=ORIENTED_EDGE('',*,*,#1555,.F.);
#387=ORIENTED_EDGE('',*,*,#1556,.T.);
#388=ORIENTED_EDGE('',*,*,#1551,.T.);
#389=ORIENTED_EDGE('',*,*,#1557,.F.);
#390=ORIENTED_EDGE('',*,*,#1558,.F.);
#391=ORIENTED_EDGE('',*,*,#1559,.T.);
#392=ORIENTED_EDGE('',*,*,#1560,.T.);
#393=ORIENTED_EDGE('',*,*,#1561,.F.);
#394=ORIENTED_EDGE('',*,*,#1562,.F.);
#395=ORIENTED_EDGE('',*,*,#1563,.T.);
#396=ORIENTED_EDGE('',*,*,#1558,.T.);
#397=ORIENTED_EDGE('',*,*,#1564,.F.);
#398=ORIENTED_EDGE('',*,*,#1565,.F.);
#399=ORIENTED_EDGE('',*,*,#1566,.T.);
#400=ORIENTED_EDGE('',*,*,#1567,.T.);
#401=ORIENTED_EDGE('',*,*,#1568,.F.);
#402=ORIENTED_EDGE('',*,*,#1569,.F.);
#403=ORIENTED_EDGE('',*,*,#1570,.T.);
#404=ORIENTED_EDGE('',*,*,#1565,.T.);
#405=ORIENTED_EDGE('',*,*,#1571,.F.);
#406=ORIENTED_EDGE('',*,*,#1572,.F.);
#407=ORIENTED_EDGE('',*,*,#1573,.T.);
#408=ORIENTED_EDGE('',*,*,#1574,.T.);
#409=ORIENTED_EDGE('',*,*,#1575,.F.);
#410=ORIENTED_EDGE('',*,*,#1576,.F.);
#411=ORIENTED_EDGE('',*,*,#1577,.T.);
#412=ORIENTED_EDGE('',*,*,#1572,.T.);
#413=ORIENTED_EDGE('',*,*,#1578,.F.);
#414=ORIENTED_EDGE('',*,*,#1579,.F.);
#415=ORIENTED_EDGE('',*,*,#1580,.T.);
#416=ORIENTED_EDGE('',*,*,#1581,.T.);
#417=ORIENTED_EDGE('',*,*,#1582,.F.);
#418=ORIENTED_EDGE('',*,*,#1583,.F.);
#419=ORIENTED_EDGE('',*,*,#1584,.T.);
#420=ORIENTED_EDGE('',*,*,#1579,.T.);
#421=ORIENTED_EDGE('',*,*,#1585,.F.);
#422=ORIENTED_EDGE('',*,*,#1586,.F.);
#423=ORIENTED_EDGE('',*,*,#1587,.T.);
#424=ORIENTED_EDGE('',*,*,#1588,.T.);
#425=ORIENTED_EDGE('',*,*,#1589,.F.);
#426=ORIENTED_EDGE('',*,*,#1590,.F.);
#427=ORIENTED_EDGE('',*,*,#1591,.T.);
#428=ORIENTED_EDGE('',*,*,#1586,.T.);
#429=ORIENTED_EDGE('',*,*,#1592,.F.);
#430=ORIENTED_EDGE('',*,*,#1593,.F.);
#431=ORIENTED_EDGE('',*,*,#1594,.T.);
#432=ORIENTED_EDGE('',*,*,#1595,.T.);
#433=ORIENTED_EDGE('',*,*,#1596,.F.);
#434=ORIENTED_EDGE('',*,*,#1597,.F.);
#435=ORIENTED_EDGE('',*,*,#1598,.T.);
#436=ORIENTED_EDGE('',*,*,#1593,.T.);
#437=ORIENTED_EDGE('',*,*,#1599,.F.);
#438=ORIENTED_EDGE('',*,*,#1600,.F.);
#439=ORIENTED_EDGE('',*,*,#1601,.T.);
#440=ORIENTED_EDGE('',*,*,#1602,.T.);
#441=ORIENTED_EDGE('',*,*,#1603,.F.);
#442=ORIENTED_EDGE('',*,*,#1604,.F.);
#443=ORIENTED_EDGE('',*,*,#1605,.T.);
#444=ORIENTED_EDGE('',*,*,#1600,.T.);
#445=ORIENTED_EDGE('',*,*,#1606,.F.);
#446=ORIENTED_EDGE('',*,*,#1607,.F.);
#447=ORIENTED_EDGE('',*,*,#1608,.T.);
#448=ORIENTED_EDGE('',*,*,#1609,.T.);
#449=ORIENTED_EDGE('',*,*,#1610,.F.);
#450=ORIENTED_EDGE('',*,*,#1611,.F.);
#451=ORIENTED_EDGE('',*,*,#1612,.T.);
#452=ORIENTED_EDGE('',*,*,#1607,.T.);
#453=ORIENTED_EDGE('',*,*,#1613,.F.);
#454=ORIENTED_EDGE('',*,*,#1614,.F.);
#455=ORIENTED_EDGE('',*,*,#1615,.T.);
#456=ORIENTED_EDGE('',*,*,#1616,.T.);
#457=ORIENTED_EDGE('',*,*,#1617,.F.);
#458=ORIENTED_EDGE('',*,*,#1618,.F.);
#459=ORIENTED_EDGE('',*,*,#1619,.T.);
#460=ORIENTED_EDGE('',*,*,#1614,.T.);
#461=ORIENTED_EDGE('',*,*,#1620,.F.);
#462=ORIENTED_EDGE('',*,*,#1621,.F.);
#463=ORIENTED_EDGE('',*,*,#1622,.T.);
#464=ORIENTED_EDGE('',*,*,#1623,.T.);
#465=ORIENTED_EDGE('',*,*,#1624,.F.);
#466=ORIENTED_EDGE('',*,*,#1625,.F.);
#467=ORIENTED_EDGE('',*,*,#1626,.T.);
#468=ORIENTED_EDGE('',*,*,#1621,.T.);
#469=ORIENTED_EDGE('',*,*,#1627,.F.);
#470=ORIENTED_EDGE('',*,*,#1628,.F.);
#471=ORIENTED_EDGE('',*,*,#1629,.T.);
#472=ORIENTED_EDGE('',*,*,#1630,.T.);
#473=ORIENTED_EDGE('',*,*,#1631,.F.);
#474=ORIENTED_EDGE('',*,*,#1632,.F.);
#475=ORIENTED_EDGE('',*,*,#1633,.T.);
#476=ORIENTED_EDGE('',*,*,#1628,.T.);
#477=ORIENTED_EDGE('',*,*,#1634,.F.);
#478=ORIENTED_EDGE('',*,*,#1635,.F.);
#479=ORIENTED_EDGE('',*,*,#1636,.T.);
#480=ORIENTED_EDGE('',*,*,#1637,.T.);
#481=ORIENTED_EDGE('',*,*,#1638,.F.);
#482=ORIENTED_EDGE('',*,*,#1639,.F.);
#483=ORIENTED_EDGE('',*,*,#1640,.T.);
#484=ORIENTED_EDGE('',*,*,#1635,.T.);
#485=ORIENTED_EDGE('',*,*,#1641,.F.);
#486=ORIENTED_EDGE('',*,*,#1642,.F.);
#487=ORIENTED_EDGE('',*,*,#1643,.T.);
#488=ORIENTED_EDGE('',*,*,#1644,.T.);
#489=ORIENTED_EDGE('',*,*,#1645,.F.);
#490=ORIENTED_EDGE('',*,*,#1646,.F.);
#491=ORIENTED_EDGE('',*,*,#1647,.T.);
#492=ORIENTED_EDGE('',*,*,#1642,.T.);
#493=ORIENTED_EDGE('',*,*,#1648,.F.);
#494=ORIENTED_EDGE('',*,*,#1649,.F.);
#495=ORIENTED_EDGE('',*,*,#1650,.T.);
#496=ORIENTED_EDGE('',*,*,#1651,.T.);
#497=ORIENTED_EDGE('',*,*,#1652,.F.);
#498=ORIENTED_EDGE('',*,*,#1653,.F.);
#499=ORIENTED_EDGE('',*,*,#1654,.T.);
#500=ORIENTED_EDGE('',*,*,#1649,.T.);
#501=ORIENTED_EDGE('',*,*,#1655,.F.);
#502=ORIENTED_EDGE('',*,*,#1656,.F.);
#503=ORIENTED_EDGE('',*,*,#1657,.T.);
#504=ORIENTED_EDGE('',*,*,#1658,.T.);
#505=ORIENTED_EDGE('',*,*,#1659,.F.);
#506=ORIENTED_EDGE('',*,*,#1660,.F.);
#507=ORIENTED_EDGE('',*,*,#1661,.T.);
#508=ORIENTED_EDGE('',*,*,#1656,.T.);
#509=ORIENTED_EDGE('',*,*,#1662,.F.);
#510=ORIENTED_EDGE('',*,*,#1663,.F.);
#511=ORIENTED_EDGE('',*,*,#1664,.T.);
#512=ORIENTED_EDGE('',*,*,#1665,.T.);
#513=ORIENTED_EDGE('',*,*,#1666,.F.);
#514=ORIENTED_EDGE('',*,*,#1667,.F.);
#515=ORIENTED_EDGE('',*,*,#1668,.T.);
#516=ORIENTED_EDGE('',*,*,#1663,.T.);
#517=ORIENTED_EDGE('',*,*,#1669,.F.);
#518=ORIENTED_EDGE('',*,*,#1670,.F.);
#519=ORIENTED_EDGE('',*,*,#1671,.T.);
#520=ORIENTED_EDGE('',*,*,#1672,.T.);
#521=ORIENTED_EDGE('',*,*,#1673,.F.);
#522=ORIENTED_EDGE('',*,*,#1674,.F.);
#523=ORIENTED_EDGE('',*,*,#1675,.T.);
#524=ORIENTED_EDGE('',*,*,#1670,.T.);
#525=ORIENTED_EDGE('',*,*,#1676,.F.);
#526=ORIENTED_EDGE('',*,*,#1677,.F.);
#527=ORIENTED_EDGE('',*,*,#1678,.T.);
#528=ORIENTED_EDGE('',*,*,#1679,.T.);
#529=ORIENTED_EDGE('',*,*,#1680,.F.);
#530=ORIENTED_EDGE('',*,*,#1681,.F.);
#531=ORIENTED_EDGE('',*,*,#1682,.T.);
#532=ORIENTED_EDGE('',*,*,#1677,.T.);
#533=ORIENTED_EDGE('',*,*,#1683,.F.);
#534=ORIENTED_EDGE('',*,*,#1684,.F.);
#535=ORIENTED_EDGE('',*,*,#1685,.T.);
#536=ORIENTED_EDGE('',*,*,#1686,.T.);
#537=ORIENTED_EDGE('',*,*,#1687,.F.);
#538=ORIENTED_EDGE('',*,*,#1688,.F.);
#539=ORIENTED_EDGE('',*,*,#1689,.T.);
#540=ORIENTED_EDGE('',*,*,#1684,.T.);
#541=ORIENTED_EDGE('',*,*,#1690,.F.);
#542=ORIENTED_EDGE('',*,*,#1691,.F.);
#543=ORIENTED_EDGE('',*,*,#1692,.T.);
#544=ORIENTED_EDGE('',*,*,#1693,.T.);
#545=ORIENTED_EDGE('',*,*,#1694,.F.);
#546=ORIENTED_EDGE('',*,*,#1695,.F.);
#547=ORIENTED_EDGE('',*,*,#1696,.T.);
#548=ORIENTED_EDGE('',*,*,#1691,.T.);
#549=ORIENTED_EDGE('',*,*,#1697,.F.);
#550=ORIENTED_EDGE('',*,*,#1698,.F.);
#551=ORIENTED_EDGE('',*,*,#1699,.T.);
#552=ORIENTED_EDGE('',*,*,#1700,.T.);
#553=ORIENTED_EDGE('',*,*,#1701,.F.);
#554=ORIENTED_EDGE('',*,*,#1702,.F.);
#555=ORIENTED_EDGE('',*,*,#1703,.T.);
#556=ORIENTED_EDGE('',*,*,#1698,.T.);
#557=ORIENTED_EDGE('',*,*,#1704,.F.);
#558=ORIENTED_EDGE('',*,*,#1705,.F.);
#559=ORIENTED_EDGE('',*,*,#1706,.T.);
#560=ORIENTED_EDGE('',*,*,#1707,.T.);
#561=ORIENTED_EDGE('',*,*,#1708,.F.);
#562=ORIENTED_EDGE('',*,*,#1709,.F.);
#563=ORIENTED_EDGE('',*,*,#1710,.T.);
#564=ORIENTED_EDGE('',*,*,#1705,.T.);
#565=ORIENTED_EDGE('',*,*,#1711,.F.);
#566=ORIENTED_EDGE('',*,*,#1712,.F.);
#567=ORIENTED_EDGE('',*,*,#1713,.T.);
#568=ORIENTED_EDGE('',*,*,#1714,.T.);
#569=ORIENTED_EDGE('',*,*,#1715,.F.);
#570=ORIENTED_EDGE('',*,*,#1716,.F.);
#571=ORIENTED_EDGE('',*,*,#1717,.T.);
#572=ORIENTED_EDGE('',*,*,#1712,.T.);
#573=ORIENTED_EDGE('',*,*,#1718,.F.);
#574=ORIENTED_EDGE('',*,*,#1719,.F.);
#575=ORIENTED_EDGE('',*,*,#1720,.T.);
#576=ORIENTED_EDGE('',*,*,#1721,.T.);
#577=ORIENTED_EDGE('',*,*,#1722,.F.);
#578=ORIENTED_EDGE('',*,*,#1723,.F.);
#579=ORIENTED_EDGE('',*,*,#1724,.T.);
#580=ORIENTED_EDGE('',*,*,#1719,.T.);
#581=ORIENTED_EDGE('',*,*,#1725,.F.);
#582=ORIENTED_EDGE('',*,*,#1726,.F.);
#583=ORIENTED_EDGE('',*,*,#1727,.T.);
#584=ORIENTED_EDGE('',*,*,#1728,.T.);
#585=ORIENTED_EDGE('',*,*,#1729,.F.);
#586=ORIENTED_EDGE('',*,*,#1730,.F.);
#587=ORIENTED_EDGE('',*,*,#1731,.T.);
#588=ORIENTED_EDGE('',*,*,#1726,.T.);
#589=ORIENTED_EDGE('',*,*,#1732,.F.);
#590=ORIENTED_EDGE('',*,*,#1733,.F.);
#591=ORIENTED_EDGE('',*,*,#1734,.T.);
#592=ORIENTED_EDGE('',*,*,#1735,.T.);
#593=ORIENTED_EDGE('',*,*,#1736,.F.);
#594=ORIENTED_EDGE('',*,*,#1737,.F.);
#595=ORIENTED_EDGE('',*,*,#1738,.T.);
#596=ORIENTED_EDGE('',*,*,#1733,.T.);
#597=ORIENTED_EDGE('',*,*,#1739,.F.);
#598=ORIENTED_EDGE('',*,*,#1740,.F.);
#599=ORIENTED_EDGE('',*,*,#1741,.T.);
#600=ORIENTED_EDGE('',*,*,#1742,.T.);
#601=ORIENTED_EDGE('',*,*,#1743,.F.);
#602=ORIENTED_EDGE('',*,*,#1744,.F.);
#603=ORIENTED_EDGE('',*,*,#1745,.T.);
#604=ORIENTED_EDGE('',*,*,#1740,.T.);
#605=ORIENTED_EDGE('',*,*,#1746,.F.);
#606=ORIENTED_EDGE('',*,*,#1747,.F.);
#607=ORIENTED_EDGE('',*,*,#1748,.T.);
#608=ORIENTED_EDGE('',*,*,#1749,.T.);
#609=ORIENTED_EDGE('',*,*,#1750,.F.);
#610=ORIENTED_EDGE('',*,*,#1751,.F.);
#611=ORIENTED_EDGE('',*,*,#1752,.T.);
#612=ORIENTED_EDGE('',*,*,#1747,.T.);
#613=ORIENTED_EDGE('',*,*,#1753,.F.);
#614=ORIENTED_EDGE('',*,*,#1754,.F.);
#615=ORIENTED_EDGE('',*,*,#1755,.T.);
#616=ORIENTED_EDGE('',*,*,#1756,.T.);
#617=ORIENTED_EDGE('',*,*,#1757,.F.);
#618=ORIENTED_EDGE('',*,*,#1758,.F.);
#619=ORIENTED_EDGE('',*,*,#1759,.T.);
#620=ORIENTED_EDGE('',*,*,#1754,.T.);
#621=ORIENTED_EDGE('',*,*,#1760,.F.);
#622=ORIENTED_EDGE('',*,*,#1761,.F.);
#623=ORIENTED_EDGE('',*,*,#1762,.T.);
#624=ORIENTED_EDGE('',*,*,#1763,.T.);
#625=ORIENTED_EDGE('',*,*,#1764,.F.);
#626=ORIENTED_EDGE('',*,*,#1765,.F.);
#627=ORIENTED_EDGE('',*,*,#1766,.T.);
#628=ORIENTED_EDGE('',*,*,#1761,.T.);
#629=ORIENTED_EDGE('',*,*,#1767,.F.);
#630=ORIENTED_EDGE('',*,*,#1768,.F.);
#631=ORIENTED_EDGE('',*,*,#1769,.T.);
#632=ORIENTED_EDGE('',*,*,#1770,.T.);
#633=ORIENTED_EDGE('',*,*,#1771,.F.);
#634=ORIENTED_EDGE('',*,*,#1772,.F.);
#635=ORIENTED_EDGE('',*,*,#1773,.T.);
#636=ORIENTED_EDGE('',*,*,#1768,.T.);
#637=ORIENTED_EDGE('',*,*,#1774,.F.);
#638=ORIENTED_EDGE('',*,*,#1775,.F.);
#639=ORIENTED_EDGE('',*,*,#1776,.T.);
#640=ORIENTED_EDGE('',*,*,#1777,.T.);
#641=ORIENTED_EDGE('',*,*,#1778,.F.);
#642=ORIENTED_EDGE('',*,*,#1779,.F.);
#643=ORIENTED_EDGE('',*,*,#1780,.T.);
#644=ORIENTED_EDGE('',*,*,#1775,.T.);
#645=ORIENTED_EDGE('',*,*,#1781,.F.);
#646=ORIENTED_EDGE('',*,*,#1782,.F.);
#647=ORIENTED_EDGE('',*,*,#1783,.T.);
#648=ORIENTED_EDGE('',*,*,#1784,.T.);
#649=ORIENTED_EDGE('',*,*,#1785,.F.);
#650=ORIENTED_EDGE('',*,*,#1786,.F.);
#651=ORIENTED_EDGE('',*,*,#1787,.T.);
#652=ORIENTED_EDGE('',*,*,#1782,.T.);
#653=ORIENTED_EDGE('',*,*,#1788,.F.);
#654=ORIENTED_EDGE('',*,*,#1789,.F.);
#655=ORIENTED_EDGE('',*,*,#1790,.T.);
#656=ORIENTED_EDGE('',*,*,#1791,.T.);
#657=ORIENTED_EDGE('',*,*,#1792,.F.);
#658=ORIENTED_EDGE('',*,*,#1793,.F.);
#659=ORIENTED_EDGE('',*,*,#1794,.T.);
#660=ORIENTED_EDGE('',*,*,#1789,.T.);
#661=ORIENTED_EDGE('',*,*,#1795,.F.);
#662=ORIENTED_EDGE('',*,*,#1796,.F.);
#663=ORIENTED_EDGE('',*,*,#1797,.T.);
#664=ORIENTED_EDGE('',*,*,#1798,.T.);
#665=ORIENTED_EDGE('',*,*,#1799,.F.);
#666=ORIENTED_EDGE('',*,*,#1800,.F.);
#667=ORIENTED_EDGE('',*,*,#1801,.T.);
#668=ORIENTED_EDGE('',*,*,#1796,.T.);
#669=ORIENTED_EDGE('',*,*,#1802,.F.);
#670=ORIENTED_EDGE('',*,*,#1803,.F.);
#671=ORIENTED_EDGE('',*,*,#1804,.T.);
#672=ORIENTED_EDGE('',*,*,#1805,.T.);
#673=ORIENTED_EDGE('',*,*,#1806,.F.);
#674=ORIENTED_EDGE('',*,*,#1807,.F.);
#675=ORIENTED_EDGE('',*,*,#1808,.T.);
#676=ORIENTED_EDGE('',*,*,#1803,.T.);
#677=ORIENTED_EDGE('',*,*,#1809,.F.);
#678=ORIENTED_EDGE('',*,*,#1810,.F.);
#679=ORIENTED_EDGE('',*,*,#1811,.T.);
#680=ORIENTED_EDGE('',*,*,#1812,.T.);
#681=ORIENTED_EDGE('',*,*,#1813,.F.);
#682=ORIENTED_EDGE('',*,*,#1814,.F.);
#683=ORIENTED_EDGE('',*,*,#1815,.T.);
#684=ORIENTED_EDGE('',*,*,#1810,.T.);
#685=ORIENTED_EDGE('',*,*,#1816,.F.);
#686=ORIENTED_EDGE('',*,*,#1817,.F.);
#687=ORIENTED_EDGE('',*,*,#1818,.T.);
#688=ORIENTED_EDGE('',*,*,#1819,.T.);
#689=ORIENTED_EDGE('',*,*,#1820,.F.);
#690=ORIENTED_EDGE('',*,*,#1821,.F.);
#691=ORIENTED_EDGE('',*,*,#1822,.T.);
#692=ORIENTED_EDGE('',*,*,#1817,.T.);
#693=ORIENTED_EDGE('',*,*,#1823,.F.);
#694=ORIENTED_EDGE('',*,*,#1824,.F.);
#695=ORIENTED_EDGE('',*,*,#1825,.T.);
#696=ORIENTED_EDGE('',*,*,#1826,.T.);
#697=ORIENTED_EDGE('',*,*,#1827,.F.);
#698=ORIENTED_EDGE('',*,*,#1828,.F.);
#699=ORIENTED_EDGE('',*,*,#1829,.T.);
#700=ORIENTED_EDGE('',*,*,#1824,.T.);
#701=ORIENTED_EDGE('',*,*,#1830,.F.);
#702=ORIENTED_EDGE('',*,*,#1831,.F.);
#703=ORIENTED_EDGE('',*,*,#1832,.T.);
#704=ORIENTED_EDGE('',*,*,#1833,.T.);
#705=ORIENTED_EDGE('',*,*,#1834,.F.);
#706=ORIENTED_EDGE('',*,*,#1835,.F.);
#707=ORIENTED_EDGE('',*,*,#1836,.T.);
#708=ORIENTED_EDGE('',*,*,#1831,.T.);
#709=ORIENTED_EDGE('',*,*,#1837,.F.);
#710=ORIENTED_EDGE('',*,*,#1838,.F.);
#711=ORIENTED_EDGE('',*,*,#1839,.T.);
#712=ORIENTED_EDGE('',*,*,#1840,.T.);
#713=ORIENTED_EDGE('',*,*,#1841,.F.);
#714=ORIENTED_EDGE('',*,*,#1842,.F.);
#715=ORIENTED_EDGE('',*,*,#1843,.T.);
#716=ORIENTED_EDGE('',*,*,#1838,.T.);
#717=ORIENTED_EDGE('',*,*,#1844,.F.);
#718=ORIENTED_EDGE('',*,*,#1845,.F.);
#719=ORIENTED_EDGE('',*,*,#1846,.T.);
#720=ORIENTED_EDGE('',*,*,#1847,.T.);
#721=ORIENTED_EDGE('',*,*,#1848,.F.);
#722=ORIENTED_EDGE('',*,*,#1849,.F.);
#723=ORIENTED_EDGE('',*,*,#1850,.T.);
#724=ORIENTED_EDGE('',*,*,#1845,.T.);
#725=ORIENTED_EDGE('',*,*,#1851,.F.);
#726=ORIENTED_EDGE('',*,*,#1852,.T.);
#727=ORIENTED_EDGE('',*,*,#1853,.T.);
#728=ORIENTED_EDGE('',*,*,#1854,.T.);
#729=ORIENTED_EDGE('',*,*,#1434,.F.);
#730=ORIENTED_EDGE('',*,*,#1855,.F.);
#731=ORIENTED_EDGE('',*,*,#1849,.T.);
#732=ORIENTED_EDGE('',*,*,#1433,.F.);
#733=ORIENTED_EDGE('',*,*,#1437,.F.);
#734=ORIENTED_EDGE('',*,*,#1856,.T.);
#735=ORIENTED_EDGE('',*,*,#1440,.F.);
#736=ORIENTED_EDGE('',*,*,#1444,.F.);
#737=ORIENTED_EDGE('',*,*,#1857,.T.);
#738=ORIENTED_EDGE('',*,*,#1447,.F.);
#739=ORIENTED_EDGE('',*,*,#1451,.F.);
#740=ORIENTED_EDGE('',*,*,#1858,.T.);
#741=ORIENTED_EDGE('',*,*,#1454,.F.);
#742=ORIENTED_EDGE('',*,*,#1458,.F.);
#743=ORIENTED_EDGE('',*,*,#1859,.T.);
#744=ORIENTED_EDGE('',*,*,#1461,.F.);
#745=ORIENTED_EDGE('',*,*,#1465,.F.);
#746=ORIENTED_EDGE('',*,*,#1860,.T.);
#747=ORIENTED_EDGE('',*,*,#1468,.F.);
#748=ORIENTED_EDGE('',*,*,#1472,.F.);
#749=ORIENTED_EDGE('',*,*,#1861,.T.);
#750=ORIENTED_EDGE('',*,*,#1475,.F.);
#751=ORIENTED_EDGE('',*,*,#1479,.F.);
#752=ORIENTED_EDGE('',*,*,#1862,.T.);
#753=ORIENTED_EDGE('',*,*,#1482,.F.);
#754=ORIENTED_EDGE('',*,*,#1486,.F.);
#755=ORIENTED_EDGE('',*,*,#1863,.T.);
#756=ORIENTED_EDGE('',*,*,#1489,.F.);
#757=ORIENTED_EDGE('',*,*,#1493,.F.);
#758=ORIENTED_EDGE('',*,*,#1864,.T.);
#759=ORIENTED_EDGE('',*,*,#1496,.F.);
#760=ORIENTED_EDGE('',*,*,#1500,.F.);
#761=ORIENTED_EDGE('',*,*,#1865,.T.);
#762=ORIENTED_EDGE('',*,*,#1503,.F.);
#763=ORIENTED_EDGE('',*,*,#1507,.F.);
#764=ORIENTED_EDGE('',*,*,#1866,.T.);
#765=ORIENTED_EDGE('',*,*,#1510,.F.);
#766=ORIENTED_EDGE('',*,*,#1514,.F.);
#767=ORIENTED_EDGE('',*,*,#1867,.T.);
#768=ORIENTED_EDGE('',*,*,#1517,.F.);
#769=ORIENTED_EDGE('',*,*,#1521,.F.);
#770=ORIENTED_EDGE('',*,*,#1868,.T.);
#771=ORIENTED_EDGE('',*,*,#1524,.F.);
#772=ORIENTED_EDGE('',*,*,#1528,.F.);
#773=ORIENTED_EDGE('',*,*,#1869,.T.);
#774=ORIENTED_EDGE('',*,*,#1531,.F.);
#775=ORIENTED_EDGE('',*,*,#1535,.F.);
#776=ORIENTED_EDGE('',*,*,#1870,.T.);
#777=ORIENTED_EDGE('',*,*,#1538,.F.);
#778=ORIENTED_EDGE('',*,*,#1542,.F.);
#779=ORIENTED_EDGE('',*,*,#1871,.T.);
#780=ORIENTED_EDGE('',*,*,#1545,.F.);
#781=ORIENTED_EDGE('',*,*,#1549,.F.);
#782=ORIENTED_EDGE('',*,*,#1872,.T.);
#783=ORIENTED_EDGE('',*,*,#1552,.F.);
#784=ORIENTED_EDGE('',*,*,#1556,.F.);
#785=ORIENTED_EDGE('',*,*,#1873,.T.);
#786=ORIENTED_EDGE('',*,*,#1559,.F.);
#787=ORIENTED_EDGE('',*,*,#1563,.F.);
#788=ORIENTED_EDGE('',*,*,#1874,.T.);
#789=ORIENTED_EDGE('',*,*,#1566,.F.);
#790=ORIENTED_EDGE('',*,*,#1570,.F.);
#791=ORIENTED_EDGE('',*,*,#1875,.T.);
#792=ORIENTED_EDGE('',*,*,#1573,.F.);
#793=ORIENTED_EDGE('',*,*,#1577,.F.);
#794=ORIENTED_EDGE('',*,*,#1876,.T.);
#795=ORIENTED_EDGE('',*,*,#1580,.F.);
#796=ORIENTED_EDGE('',*,*,#1584,.F.);
#797=ORIENTED_EDGE('',*,*,#1877,.T.);
#798=ORIENTED_EDGE('',*,*,#1587,.F.);
#799=ORIENTED_EDGE('',*,*,#1591,.F.);
#800=ORIENTED_EDGE('',*,*,#1878,.T.);
#801=ORIENTED_EDGE('',*,*,#1594,.F.);
#802=ORIENTED_EDGE('',*,*,#1598,.F.);
#803=ORIENTED_EDGE('',*,*,#1879,.T.);
#804=ORIENTED_EDGE('',*,*,#1601,.F.);
#805=ORIENTED_EDGE('',*,*,#1605,.F.);
#806=ORIENTED_EDGE('',*,*,#1880,.T.);
#807=ORIENTED_EDGE('',*,*,#1608,.F.);
#808=ORIENTED_EDGE('',*,*,#1612,.F.);
#809=ORIENTED_EDGE('',*,*,#1881,.T.);
#810=ORIENTED_EDGE('',*,*,#1615,.F.);
#811=ORIENTED_EDGE('',*,*,#1619,.F.);
#812=ORIENTED_EDGE('',*,*,#1882,.T.);
#813=ORIENTED_EDGE('',*,*,#1622,.F.);
#814=ORIENTED_EDGE('',*,*,#1626,.F.);
#815=ORIENTED_EDGE('',*,*,#1883,.T.);
#816=ORIENTED_EDGE('',*,*,#1629,.F.);
#817=ORIENTED_EDGE('',*,*,#1633,.F.);
#818=ORIENTED_EDGE('',*,*,#1884,.T.);
#819=ORIENTED_EDGE('',*,*,#1636,.F.);
#820=ORIENTED_EDGE('',*,*,#1640,.F.);
#821=ORIENTED_EDGE('',*,*,#1885,.T.);
#822=ORIENTED_EDGE('',*,*,#1643,.F.);
#823=ORIENTED_EDGE('',*,*,#1647,.F.);
#824=ORIENTED_EDGE('',*,*,#1886,.T.);
#825=ORIENTED_EDGE('',*,*,#1650,.F.);
#826=ORIENTED_EDGE('',*,*,#1654,.F.);
#827=ORIENTED_EDGE('',*,*,#1887,.T.);
#828=ORIENTED_EDGE('',*,*,#1657,.F.);
#829=ORIENTED_EDGE('',*,*,#1661,.F.);
#830=ORIENTED_EDGE('',*,*,#1888,.T.);
#831=ORIENTED_EDGE('',*,*,#1664,.F.);
#832=ORIENTED_EDGE('',*,*,#1668,.F.);
#833=ORIENTED_EDGE('',*,*,#1889,.T.);
#834=ORIENTED_EDGE('',*,*,#1671,.F.);
#835=ORIENTED_EDGE('',*,*,#1675,.F.);
#836=ORIENTED_EDGE('',*,*,#1890,.T.);
#837=ORIENTED_EDGE('',*,*,#1678,.F.);
#838=ORIENTED_EDGE('',*,*,#1682,.F.);
#839=ORIENTED_EDGE('',*,*,#1891,.T.);
#840=ORIENTED_EDGE('',*,*,#1685,.F.);
#841=ORIENTED_EDGE('',*,*,#1689,.F.);
#842=ORIENTED_EDGE('',*,*,#1892,.T.);
#843=ORIENTED_EDGE('',*,*,#1692,.F.);
#844=ORIENTED_EDGE('',*,*,#1696,.F.);
#845=ORIENTED_EDGE('',*,*,#1893,.T.);
#846=ORIENTED_EDGE('',*,*,#1699,.F.);
#847=ORIENTED_EDGE('',*,*,#1703,.F.);
#848=ORIENTED_EDGE('',*,*,#1894,.T.);
#849=ORIENTED_EDGE('',*,*,#1706,.F.);
#850=ORIENTED_EDGE('',*,*,#1710,.F.);
#851=ORIENTED_EDGE('',*,*,#1895,.T.);
#852=ORIENTED_EDGE('',*,*,#1713,.F.);
#853=ORIENTED_EDGE('',*,*,#1717,.F.);
#854=ORIENTED_EDGE('',*,*,#1896,.T.);
#855=ORIENTED_EDGE('',*,*,#1720,.F.);
#856=ORIENTED_EDGE('',*,*,#1724,.F.);
#857=ORIENTED_EDGE('',*,*,#1897,.T.);
#858=ORIENTED_EDGE('',*,*,#1727,.F.);
#859=ORIENTED_EDGE('',*,*,#1731,.F.);
#860=ORIENTED_EDGE('',*,*,#1898,.T.);
#861=ORIENTED_EDGE('',*,*,#1734,.F.);
#862=ORIENTED_EDGE('',*,*,#1738,.F.);
#863=ORIENTED_EDGE('',*,*,#1899,.T.);
#864=ORIENTED_EDGE('',*,*,#1741,.F.);
#865=ORIENTED_EDGE('',*,*,#1745,.F.);
#866=ORIENTED_EDGE('',*,*,#1900,.T.);
#867=ORIENTED_EDGE('',*,*,#1748,.F.);
#868=ORIENTED_EDGE('',*,*,#1752,.F.);
#869=ORIENTED_EDGE('',*,*,#1901,.T.);
#870=ORIENTED_EDGE('',*,*,#1755,.F.);
#871=ORIENTED_EDGE('',*,*,#1759,.F.);
#872=ORIENTED_EDGE('',*,*,#1902,.T.);
#873=ORIENTED_EDGE('',*,*,#1762,.F.);
#874=ORIENTED_EDGE('',*,*,#1766,.F.);
#875=ORIENTED_EDGE('',*,*,#1903,.T.);
#876=ORIENTED_EDGE('',*,*,#1769,.F.);
#877=ORIENTED_EDGE('',*,*,#1773,.F.);
#878=ORIENTED_EDGE('',*,*,#1904,.T.);
#879=ORIENTED_EDGE('',*,*,#1776,.F.);
#880=ORIENTED_EDGE('',*,*,#1780,.F.);
#881=ORIENTED_EDGE('',*,*,#1905,.T.);
#882=ORIENTED_EDGE('',*,*,#1783,.F.);
#883=ORIENTED_EDGE('',*,*,#1787,.F.);
#884=ORIENTED_EDGE('',*,*,#1906,.T.);
#885=ORIENTED_EDGE('',*,*,#1790,.F.);
#886=ORIENTED_EDGE('',*,*,#1794,.F.);
#887=ORIENTED_EDGE('',*,*,#1907,.T.);
#888=ORIENTED_EDGE('',*,*,#1797,.F.);
#889=ORIENTED_EDGE('',*,*,#1801,.F.);
#890=ORIENTED_EDGE('',*,*,#1908,.T.);
#891=ORIENTED_EDGE('',*,*,#1804,.F.);
#892=ORIENTED_EDGE('',*,*,#1808,.F.);
#893=ORIENTED_EDGE('',*,*,#1909,.T.);
#894=ORIENTED_EDGE('',*,*,#1811,.F.);
#895=ORIENTED_EDGE('',*,*,#1815,.F.);
#896=ORIENTED_EDGE('',*,*,#1910,.T.);
#897=ORIENTED_EDGE('',*,*,#1818,.F.);
#898=ORIENTED_EDGE('',*,*,#1822,.F.);
#899=ORIENTED_EDGE('',*,*,#1911,.T.);
#900=ORIENTED_EDGE('',*,*,#1825,.F.);
#901=ORIENTED_EDGE('',*,*,#1829,.F.);
#902=ORIENTED_EDGE('',*,*,#1912,.T.);
#903=ORIENTED_EDGE('',*,*,#1832,.F.);
#904=ORIENTED_EDGE('',*,*,#1836,.F.);
#905=ORIENTED_EDGE('',*,*,#1913,.T.);
#906=ORIENTED_EDGE('',*,*,#1839,.F.);
#907=ORIENTED_EDGE('',*,*,#1843,.F.);
#908=ORIENTED_EDGE('',*,*,#1914,.T.);
#909=ORIENTED_EDGE('',*,*,#1846,.F.);
#910=ORIENTED_EDGE('',*,*,#1850,.F.);
#911=ORIENTED_EDGE('',*,*,#1855,.T.);
#912=ORIENTED_EDGE('',*,*,#1915,.T.);
#913=ORIENTED_EDGE('',*,*,#1916,.F.);
#914=ORIENTED_EDGE('',*,*,#1917,.F.);
#915=ORIENTED_EDGE('',*,*,#1918,.F.);
#916=ORIENTED_EDGE('',*,*,#1919,.F.);
#917=ORIENTED_EDGE('',*,*,#1920,.T.);
#918=ORIENTED_EDGE('',*,*,#1921,.T.);
#919=ORIENTED_EDGE('',*,*,#1922,.T.);
#920=ORIENTED_EDGE('',*,*,#1923,.T.);
#921=ORIENTED_EDGE('',*,*,#1924,.T.);
#922=ORIENTED_EDGE('',*,*,#1925,.T.);
#923=ORIENTED_EDGE('',*,*,#1926,.F.);
#924=ORIENTED_EDGE('',*,*,#1927,.F.);
#925=ORIENTED_EDGE('',*,*,#1919,.T.);
#926=ORIENTED_EDGE('',*,*,#1928,.T.);
#927=ORIENTED_EDGE('',*,*,#1929,.F.);
#928=ORIENTED_EDGE('',*,*,#1928,.F.);
#929=ORIENTED_EDGE('',*,*,#1918,.T.);
#930=ORIENTED_EDGE('',*,*,#1930,.T.);
#931=ORIENTED_EDGE('',*,*,#1931,.F.);
#932=ORIENTED_EDGE('',*,*,#1930,.F.);
#933=ORIENTED_EDGE('',*,*,#1917,.T.);
#934=ORIENTED_EDGE('',*,*,#1932,.T.);
#935=ORIENTED_EDGE('',*,*,#1933,.F.);
#936=ORIENTED_EDGE('',*,*,#1854,.F.);
#937=ORIENTED_EDGE('',*,*,#1851,.T.);
#938=ORIENTED_EDGE('',*,*,#1848,.T.);
#939=ORIENTED_EDGE('',*,*,#1934,.F.);
#940=ORIENTED_EDGE('',*,*,#1844,.T.);
#941=ORIENTED_EDGE('',*,*,#1841,.T.);
#942=ORIENTED_EDGE('',*,*,#1935,.F.);
#943=ORIENTED_EDGE('',*,*,#1837,.T.);
#944=ORIENTED_EDGE('',*,*,#1834,.T.);
#945=ORIENTED_EDGE('',*,*,#1936,.F.);
#946=ORIENTED_EDGE('',*,*,#1830,.T.);
#947=ORIENTED_EDGE('',*,*,#1827,.T.);
#948=ORIENTED_EDGE('',*,*,#1937,.F.);
#949=ORIENTED_EDGE('',*,*,#1823,.T.);
#950=ORIENTED_EDGE('',*,*,#1820,.T.);
#951=ORIENTED_EDGE('',*,*,#1938,.F.);
#952=ORIENTED_EDGE('',*,*,#1816,.T.);
#953=ORIENTED_EDGE('',*,*,#1813,.T.);
#954=ORIENTED_EDGE('',*,*,#1939,.F.);
#955=ORIENTED_EDGE('',*,*,#1809,.T.);
#956=ORIENTED_EDGE('',*,*,#1806,.T.);
#957=ORIENTED_EDGE('',*,*,#1940,.F.);
#958=ORIENTED_EDGE('',*,*,#1802,.T.);
#959=ORIENTED_EDGE('',*,*,#1799,.T.);
#960=ORIENTED_EDGE('',*,*,#1941,.F.);
#961=ORIENTED_EDGE('',*,*,#1795,.T.);
#962=ORIENTED_EDGE('',*,*,#1792,.T.);
#963=ORIENTED_EDGE('',*,*,#1942,.F.);
#964=ORIENTED_EDGE('',*,*,#1788,.T.);
#965=ORIENTED_EDGE('',*,*,#1785,.T.);
#966=ORIENTED_EDGE('',*,*,#1943,.F.);
#967=ORIENTED_EDGE('',*,*,#1781,.T.);
#968=ORIENTED_EDGE('',*,*,#1778,.T.);
#969=ORIENTED_EDGE('',*,*,#1944,.F.);
#970=ORIENTED_EDGE('',*,*,#1774,.T.);
#971=ORIENTED_EDGE('',*,*,#1771,.T.);
#972=ORIENTED_EDGE('',*,*,#1945,.F.);
#973=ORIENTED_EDGE('',*,*,#1767,.T.);
#974=ORIENTED_EDGE('',*,*,#1764,.T.);
#975=ORIENTED_EDGE('',*,*,#1946,.F.);
#976=ORIENTED_EDGE('',*,*,#1760,.T.);
#977=ORIENTED_EDGE('',*,*,#1757,.T.);
#978=ORIENTED_EDGE('',*,*,#1947,.F.);
#979=ORIENTED_EDGE('',*,*,#1753,.T.);
#980=ORIENTED_EDGE('',*,*,#1750,.T.);
#981=ORIENTED_EDGE('',*,*,#1948,.F.);
#982=ORIENTED_EDGE('',*,*,#1746,.T.);
#983=ORIENTED_EDGE('',*,*,#1743,.T.);
#984=ORIENTED_EDGE('',*,*,#1949,.F.);
#985=ORIENTED_EDGE('',*,*,#1739,.T.);
#986=ORIENTED_EDGE('',*,*,#1736,.T.);
#987=ORIENTED_EDGE('',*,*,#1950,.F.);
#988=ORIENTED_EDGE('',*,*,#1732,.T.);
#989=ORIENTED_EDGE('',*,*,#1729,.T.);
#990=ORIENTED_EDGE('',*,*,#1951,.F.);
#991=ORIENTED_EDGE('',*,*,#1725,.T.);
#992=ORIENTED_EDGE('',*,*,#1722,.T.);
#993=ORIENTED_EDGE('',*,*,#1952,.F.);
#994=ORIENTED_EDGE('',*,*,#1718,.T.);
#995=ORIENTED_EDGE('',*,*,#1715,.T.);
#996=ORIENTED_EDGE('',*,*,#1953,.F.);
#997=ORIENTED_EDGE('',*,*,#1711,.T.);
#998=ORIENTED_EDGE('',*,*,#1708,.T.);
#999=ORIENTED_EDGE('',*,*,#1954,.F.);
#1000=ORIENTED_EDGE('',*,*,#1704,.T.);
#1001=ORIENTED_EDGE('',*,*,#1701,.T.);
#1002=ORIENTED_EDGE('',*,*,#1955,.F.);
#1003=ORIENTED_EDGE('',*,*,#1697,.T.);
#1004=ORIENTED_EDGE('',*,*,#1694,.T.);
#1005=ORIENTED_EDGE('',*,*,#1956,.F.);
#1006=ORIENTED_EDGE('',*,*,#1690,.T.);
#1007=ORIENTED_EDGE('',*,*,#1687,.T.);
#1008=ORIENTED_EDGE('',*,*,#1957,.F.);
#1009=ORIENTED_EDGE('',*,*,#1683,.T.);
#1010=ORIENTED_EDGE('',*,*,#1680,.T.);
#1011=ORIENTED_EDGE('',*,*,#1958,.F.);
#1012=ORIENTED_EDGE('',*,*,#1676,.T.);
#1013=ORIENTED_EDGE('',*,*,#1673,.T.);
#1014=ORIENTED_EDGE('',*,*,#1959,.F.);
#1015=ORIENTED_EDGE('',*,*,#1669,.T.);
#1016=ORIENTED_EDGE('',*,*,#1666,.T.);
#1017=ORIENTED_EDGE('',*,*,#1960,.F.);
#1018=ORIENTED_EDGE('',*,*,#1662,.T.);
#1019=ORIENTED_EDGE('',*,*,#1659,.T.);
#1020=ORIENTED_EDGE('',*,*,#1961,.F.);
#1021=ORIENTED_EDGE('',*,*,#1655,.T.);
#1022=ORIENTED_EDGE('',*,*,#1652,.T.);
#1023=ORIENTED_EDGE('',*,*,#1962,.F.);
#1024=ORIENTED_EDGE('',*,*,#1648,.T.);
#1025=ORIENTED_EDGE('',*,*,#1645,.T.);
#1026=ORIENTED_EDGE('',*,*,#1963,.F.);
#1027=ORIENTED_EDGE('',*,*,#1641,.T.);
#1028=ORIENTED_EDGE('',*,*,#1638,.T.);
#1029=ORIENTED_EDGE('',*,*,#1964,.F.);
#1030=ORIENTED_EDGE('',*,*,#1634,.T.);
#1031=ORIENTED_EDGE('',*,*,#1631,.T.);
#1032=ORIENTED_EDGE('',*,*,#1965,.F.);
#1033=ORIENTED_EDGE('',*,*,#1627,.T.);
#1034=ORIENTED_EDGE('',*,*,#1624,.T.);
#1035=ORIENTED_EDGE('',*,*,#1966,.F.);
#1036=ORIENTED_EDGE('',*,*,#1620,.T.);
#1037=ORIENTED_EDGE('',*,*,#1617,.T.);
#1038=ORIENTED_EDGE('',*,*,#1967,.F.);
#1039=ORIENTED_EDGE('',*,*,#1613,.T.);
#1040=ORIENTED_EDGE('',*,*,#1610,.T.);
#1041=ORIENTED_EDGE('',*,*,#1968,.F.);
#1042=ORIENTED_EDGE('',*,*,#1606,.T.);
#1043=ORIENTED_EDGE('',*,*,#1603,.T.);
#1044=ORIENTED_EDGE('',*,*,#1969,.F.);
#1045=ORIENTED_EDGE('',*,*,#1599,.T.);
#1046=ORIENTED_EDGE('',*,*,#1596,.T.);
#1047=ORIENTED_EDGE('',*,*,#1970,.F.);
#1048=ORIENTED_EDGE('',*,*,#1592,.T.);
#1049=ORIENTED_EDGE('',*,*,#1589,.T.);
#1050=ORIENTED_EDGE('',*,*,#1971,.F.);
#1051=ORIENTED_EDGE('',*,*,#1585,.T.);
#1052=ORIENTED_EDGE('',*,*,#1582,.T.);
#1053=ORIENTED_EDGE('',*,*,#1972,.F.);
#1054=ORIENTED_EDGE('',*,*,#1578,.T.);
#1055=ORIENTED_EDGE('',*,*,#1575,.T.);
#1056=ORIENTED_EDGE('',*,*,#1973,.F.);
#1057=ORIENTED_EDGE('',*,*,#1571,.T.);
#1058=ORIENTED_EDGE('',*,*,#1568,.T.);
#1059=ORIENTED_EDGE('',*,*,#1974,.F.);
#1060=ORIENTED_EDGE('',*,*,#1564,.T.);
#1061=ORIENTED_EDGE('',*,*,#1561,.T.);
#1062=ORIENTED_EDGE('',*,*,#1975,.F.);
#1063=ORIENTED_EDGE('',*,*,#1557,.T.);
#1064=ORIENTED_EDGE('',*,*,#1554,.T.);
#1065=ORIENTED_EDGE('',*,*,#1976,.F.);
#1066=ORIENTED_EDGE('',*,*,#1550,.T.);
#1067=ORIENTED_EDGE('',*,*,#1547,.T.);
#1068=ORIENTED_EDGE('',*,*,#1977,.F.);
#1069=ORIENTED_EDGE('',*,*,#1543,.T.);
#1070=ORIENTED_EDGE('',*,*,#1540,.T.);
#1071=ORIENTED_EDGE('',*,*,#1978,.F.);
#1072=ORIENTED_EDGE('',*,*,#1536,.T.);
#1073=ORIENTED_EDGE('',*,*,#1533,.T.);
#1074=ORIENTED_EDGE('',*,*,#1979,.F.);
#1075=ORIENTED_EDGE('',*,*,#1529,.T.);
#1076=ORIENTED_EDGE('',*,*,#1526,.T.);
#1077=ORIENTED_EDGE('',*,*,#1980,.F.);
#1078=ORIENTED_EDGE('',*,*,#1522,.T.);
#1079=ORIENTED_EDGE('',*,*,#1519,.T.);
#1080=ORIENTED_EDGE('',*,*,#1981,.F.);
#1081=ORIENTED_EDGE('',*,*,#1515,.T.);
#1082=ORIENTED_EDGE('',*,*,#1512,.T.);
#1083=ORIENTED_EDGE('',*,*,#1982,.F.);
#1084=ORIENTED_EDGE('',*,*,#1508,.T.);
#1085=ORIENTED_EDGE('',*,*,#1505,.T.);
#1086=ORIENTED_EDGE('',*,*,#1983,.F.);
#1087=ORIENTED_EDGE('',*,*,#1501,.T.);
#1088=ORIENTED_EDGE('',*,*,#1498,.T.);
#1089=ORIENTED_EDGE('',*,*,#1984,.F.);
#1090=ORIENTED_EDGE('',*,*,#1494,.T.);
#1091=ORIENTED_EDGE('',*,*,#1491,.T.);
#1092=ORIENTED_EDGE('',*,*,#1985,.F.);
#1093=ORIENTED_EDGE('',*,*,#1487,.T.);
#1094=ORIENTED_EDGE('',*,*,#1484,.T.);
#1095=ORIENTED_EDGE('',*,*,#1986,.F.);
#1096=ORIENTED_EDGE('',*,*,#1480,.T.);
#1097=ORIENTED_EDGE('',*,*,#1477,.T.);
#1098=ORIENTED_EDGE('',*,*,#1987,.F.);
#1099=ORIENTED_EDGE('',*,*,#1473,.T.);
#1100=ORIENTED_EDGE('',*,*,#1470,.T.);
#1101=ORIENTED_EDGE('',*,*,#1988,.F.);
#1102=ORIENTED_EDGE('',*,*,#1466,.T.);
#1103=ORIENTED_EDGE('',*,*,#1463,.T.);
#1104=ORIENTED_EDGE('',*,*,#1989,.F.);
#1105=ORIENTED_EDGE('',*,*,#1459,.T.);
#1106=ORIENTED_EDGE('',*,*,#1456,.T.);
#1107=ORIENTED_EDGE('',*,*,#1990,.F.);
#1108=ORIENTED_EDGE('',*,*,#1452,.T.);
#1109=ORIENTED_EDGE('',*,*,#1449,.T.);
#1110=ORIENTED_EDGE('',*,*,#1991,.F.);
#1111=ORIENTED_EDGE('',*,*,#1445,.T.);
#1112=ORIENTED_EDGE('',*,*,#1442,.T.);
#1113=ORIENTED_EDGE('',*,*,#1992,.F.);
#1114=ORIENTED_EDGE('',*,*,#1438,.T.);
#1115=ORIENTED_EDGE('',*,*,#1435,.T.);
#1116=ORIENTED_EDGE('',*,*,#1993,.F.);
#1117=ORIENTED_EDGE('',*,*,#1994,.F.);
#1118=ORIENTED_EDGE('',*,*,#1995,.F.);
#1119=ORIENTED_EDGE('',*,*,#1996,.F.);
#1120=ORIENTED_EDGE('',*,*,#1997,.F.);
#1121=ORIENTED_EDGE('',*,*,#1998,.F.);
#1122=ORIENTED_EDGE('',*,*,#1999,.T.);
#1123=ORIENTED_EDGE('',*,*,#2000,.T.);
#1124=ORIENTED_EDGE('',*,*,#1926,.T.);
#1125=ORIENTED_EDGE('',*,*,#1929,.T.);
#1126=ORIENTED_EDGE('',*,*,#1931,.T.);
#1127=ORIENTED_EDGE('',*,*,#2001,.T.);
#1128=ORIENTED_EDGE('',*,*,#2002,.T.);
#1129=ORIENTED_EDGE('',*,*,#2003,.T.);
#1130=ORIENTED_EDGE('',*,*,#2004,.F.);
#1131=ORIENTED_EDGE('',*,*,#2005,.F.);
#1132=ORIENTED_EDGE('',*,*,#2006,.F.);
#1133=ORIENTED_EDGE('',*,*,#2007,.F.);
#1134=ORIENTED_EDGE('',*,*,#2008,.F.);
#1135=ORIENTED_EDGE('',*,*,#2009,.F.);
#1136=ORIENTED_EDGE('',*,*,#2010,.F.);
#1137=ORIENTED_EDGE('',*,*,#2002,.F.);
#1138=ORIENTED_EDGE('',*,*,#2011,.F.);
#1139=ORIENTED_EDGE('',*,*,#2012,.T.);
#1140=ORIENTED_EDGE('',*,*,#2013,.T.);
#1141=ORIENTED_EDGE('',*,*,#2003,.F.);
#1142=ORIENTED_EDGE('',*,*,#2013,.F.);
#1143=ORIENTED_EDGE('',*,*,#2014,.T.);
#1144=ORIENTED_EDGE('',*,*,#2015,.T.);
#1145=ORIENTED_EDGE('',*,*,#1999,.F.);
#1146=ORIENTED_EDGE('',*,*,#2015,.F.);
#1147=ORIENTED_EDGE('',*,*,#2016,.T.);
#1148=ORIENTED_EDGE('',*,*,#2017,.T.);
#1149=ORIENTED_EDGE('',*,*,#2018,.T.);
#1150=ORIENTED_EDGE('',*,*,#2019,.T.);
#1151=ORIENTED_EDGE('',*,*,#2020,.T.);
#1152=ORIENTED_EDGE('',*,*,#2021,.T.);
#1153=ORIENTED_EDGE('',*,*,#2022,.F.);
#1154=ORIENTED_EDGE('',*,*,#2016,.F.);
#1155=ORIENTED_EDGE('',*,*,#2014,.F.);
#1156=ORIENTED_EDGE('',*,*,#2012,.F.);
#1157=ORIENTED_EDGE('',*,*,#2023,.T.);
#1158=ORIENTED_EDGE('',*,*,#2024,.T.);
#1159=ORIENTED_EDGE('',*,*,#1914,.F.);
#1160=ORIENTED_EDGE('',*,*,#1842,.T.);
#1161=ORIENTED_EDGE('',*,*,#1934,.T.);
#1162=ORIENTED_EDGE('',*,*,#1847,.F.);
#1163=ORIENTED_EDGE('',*,*,#1913,.F.);
#1164=ORIENTED_EDGE('',*,*,#1835,.T.);
#1165=ORIENTED_EDGE('',*,*,#1935,.T.);
#1166=ORIENTED_EDGE('',*,*,#1840,.F.);
#1167=ORIENTED_EDGE('',*,*,#1912,.F.);
#1168=ORIENTED_EDGE('',*,*,#1828,.T.);
#1169=ORIENTED_EDGE('',*,*,#1936,.T.);
#1170=ORIENTED_EDGE('',*,*,#1833,.F.);
#1171=ORIENTED_EDGE('',*,*,#1911,.F.);
#1172=ORIENTED_EDGE('',*,*,#1821,.T.);
#1173=ORIENTED_EDGE('',*,*,#1937,.T.);
#1174=ORIENTED_EDGE('',*,*,#1826,.F.);
#1175=ORIENTED_EDGE('',*,*,#1910,.F.);
#1176=ORIENTED_EDGE('',*,*,#1814,.T.);
#1177=ORIENTED_EDGE('',*,*,#1938,.T.);
#1178=ORIENTED_EDGE('',*,*,#1819,.F.);
#1179=ORIENTED_EDGE('',*,*,#1909,.F.);
#1180=ORIENTED_EDGE('',*,*,#1807,.T.);
#1181=ORIENTED_EDGE('',*,*,#1939,.T.);
#1182=ORIENTED_EDGE('',*,*,#1812,.F.);
#1183=ORIENTED_EDGE('',*,*,#1908,.F.);
#1184=ORIENTED_EDGE('',*,*,#1800,.T.);
#1185=ORIENTED_EDGE('',*,*,#1940,.T.);
#1186=ORIENTED_EDGE('',*,*,#1805,.F.);
#1187=ORIENTED_EDGE('',*,*,#1907,.F.);
#1188=ORIENTED_EDGE('',*,*,#1793,.T.);
#1189=ORIENTED_EDGE('',*,*,#1941,.T.);
#1190=ORIENTED_EDGE('',*,*,#1798,.F.);
#1191=ORIENTED_EDGE('',*,*,#1906,.F.);
#1192=ORIENTED_EDGE('',*,*,#1786,.T.);
#1193=ORIENTED_EDGE('',*,*,#1942,.T.);
#1194=ORIENTED_EDGE('',*,*,#1791,.F.);
#1195=ORIENTED_EDGE('',*,*,#1905,.F.);
#1196=ORIENTED_EDGE('',*,*,#1779,.T.);
#1197=ORIENTED_EDGE('',*,*,#1943,.T.);
#1198=ORIENTED_EDGE('',*,*,#1784,.F.);
#1199=ORIENTED_EDGE('',*,*,#1904,.F.);
#1200=ORIENTED_EDGE('',*,*,#1772,.T.);
#1201=ORIENTED_EDGE('',*,*,#1944,.T.);
#1202=ORIENTED_EDGE('',*,*,#1777,.F.);
#1203=ORIENTED_EDGE('',*,*,#1903,.F.);
#1204=ORIENTED_EDGE('',*,*,#1765,.T.);
#1205=ORIENTED_EDGE('',*,*,#1945,.T.);
#1206=ORIENTED_EDGE('',*,*,#1770,.F.);
#1207=ORIENTED_EDGE('',*,*,#1902,.F.);
#1208=ORIENTED_EDGE('',*,*,#1758,.T.);
#1209=ORIENTED_EDGE('',*,*,#1946,.T.);
#1210=ORIENTED_EDGE('',*,*,#1763,.F.);
#1211=ORIENTED_EDGE('',*,*,#1901,.F.);
#1212=ORIENTED_EDGE('',*,*,#1751,.T.);
#1213=ORIENTED_EDGE('',*,*,#1947,.T.);
#1214=ORIENTED_EDGE('',*,*,#1756,.F.);
#1215=ORIENTED_EDGE('',*,*,#1900,.F.);
#1216=ORIENTED_EDGE('',*,*,#1744,.T.);
#1217=ORIENTED_EDGE('',*,*,#1948,.T.);
#1218=ORIENTED_EDGE('',*,*,#1749,.F.);
#1219=ORIENTED_EDGE('',*,*,#1899,.F.);
#1220=ORIENTED_EDGE('',*,*,#1737,.T.);
#1221=ORIENTED_EDGE('',*,*,#1949,.T.);
#1222=ORIENTED_EDGE('',*,*,#1742,.F.);
#1223=ORIENTED_EDGE('',*,*,#1898,.F.);
#1224=ORIENTED_EDGE('',*,*,#1730,.T.);
#1225=ORIENTED_EDGE('',*,*,#1950,.T.);
#1226=ORIENTED_EDGE('',*,*,#1735,.F.);
#1227=ORIENTED_EDGE('',*,*,#1897,.F.);
#1228=ORIENTED_EDGE('',*,*,#1723,.T.);
#1229=ORIENTED_EDGE('',*,*,#1951,.T.);
#1230=ORIENTED_EDGE('',*,*,#1728,.F.);
#1231=ORIENTED_EDGE('',*,*,#1896,.F.);
#1232=ORIENTED_EDGE('',*,*,#1716,.T.);
#1233=ORIENTED_EDGE('',*,*,#1952,.T.);
#1234=ORIENTED_EDGE('',*,*,#1721,.F.);
#1235=ORIENTED_EDGE('',*,*,#1895,.F.);
#1236=ORIENTED_EDGE('',*,*,#1709,.T.);
#1237=ORIENTED_EDGE('',*,*,#1953,.T.);
#1238=ORIENTED_EDGE('',*,*,#1714,.F.);
#1239=ORIENTED_EDGE('',*,*,#1894,.F.);
#1240=ORIENTED_EDGE('',*,*,#1702,.T.);
#1241=ORIENTED_EDGE('',*,*,#1954,.T.);
#1242=ORIENTED_EDGE('',*,*,#1707,.F.);
#1243=ORIENTED_EDGE('',*,*,#1893,.F.);
#1244=ORIENTED_EDGE('',*,*,#1695,.T.);
#1245=ORIENTED_EDGE('',*,*,#1955,.T.);
#1246=ORIENTED_EDGE('',*,*,#1700,.F.);
#1247=ORIENTED_EDGE('',*,*,#1892,.F.);
#1248=ORIENTED_EDGE('',*,*,#1688,.T.);
#1249=ORIENTED_EDGE('',*,*,#1956,.T.);
#1250=ORIENTED_EDGE('',*,*,#1693,.F.);
#1251=ORIENTED_EDGE('',*,*,#1891,.F.);
#1252=ORIENTED_EDGE('',*,*,#1681,.T.);
#1253=ORIENTED_EDGE('',*,*,#1957,.T.);
#1254=ORIENTED_EDGE('',*,*,#1686,.F.);
#1255=ORIENTED_EDGE('',*,*,#1890,.F.);
#1256=ORIENTED_EDGE('',*,*,#1674,.T.);
#1257=ORIENTED_EDGE('',*,*,#1958,.T.);
#1258=ORIENTED_EDGE('',*,*,#1679,.F.);
#1259=ORIENTED_EDGE('',*,*,#1889,.F.);
#1260=ORIENTED_EDGE('',*,*,#1667,.T.);
#1261=ORIENTED_EDGE('',*,*,#1959,.T.);
#1262=ORIENTED_EDGE('',*,*,#1672,.F.);
#1263=ORIENTED_EDGE('',*,*,#1888,.F.);
#1264=ORIENTED_EDGE('',*,*,#1660,.T.);
#1265=ORIENTED_EDGE('',*,*,#1960,.T.);
#1266=ORIENTED_EDGE('',*,*,#1665,.F.);
#1267=ORIENTED_EDGE('',*,*,#1887,.F.);
#1268=ORIENTED_EDGE('',*,*,#1653,.T.);
#1269=ORIENTED_EDGE('',*,*,#1961,.T.);
#1270=ORIENTED_EDGE('',*,*,#1658,.F.);
#1271=ORIENTED_EDGE('',*,*,#1886,.F.);
#1272=ORIENTED_EDGE('',*,*,#1646,.T.);
#1273=ORIENTED_EDGE('',*,*,#1962,.T.);
#1274=ORIENTED_EDGE('',*,*,#1651,.F.);
#1275=ORIENTED_EDGE('',*,*,#1885,.F.);
#1276=ORIENTED_EDGE('',*,*,#1639,.T.);
#1277=ORIENTED_EDGE('',*,*,#1963,.T.);
#1278=ORIENTED_EDGE('',*,*,#1644,.F.);
#1279=ORIENTED_EDGE('',*,*,#1884,.F.);
#1280=ORIENTED_EDGE('',*,*,#1632,.T.);
#1281=ORIENTED_EDGE('',*,*,#1964,.T.);
#1282=ORIENTED_EDGE('',*,*,#1637,.F.);
#1283=ORIENTED_EDGE('',*,*,#1883,.F.);
#1284=ORIENTED_EDGE('',*,*,#1625,.T.);
#1285=ORIENTED_EDGE('',*,*,#1965,.T.);
#1286=ORIENTED_EDGE('',*,*,#1630,.F.);
#1287=ORIENTED_EDGE('',*,*,#1882,.F.);
#1288=ORIENTED_EDGE('',*,*,#1618,.T.);
#1289=ORIENTED_EDGE('',*,*,#1966,.T.);
#1290=ORIENTED_EDGE('',*,*,#1623,.F.);
#1291=ORIENTED_EDGE('',*,*,#1881,.F.);
#1292=ORIENTED_EDGE('',*,*,#1611,.T.);
#1293=ORIENTED_EDGE('',*,*,#1967,.T.);
#1294=ORIENTED_EDGE('',*,*,#1616,.F.);
#1295=ORIENTED_EDGE('',*,*,#1880,.F.);
#1296=ORIENTED_EDGE('',*,*,#1604,.T.);
#1297=ORIENTED_EDGE('',*,*,#1968,.T.);
#1298=ORIENTED_EDGE('',*,*,#1609,.F.);
#1299=ORIENTED_EDGE('',*,*,#1879,.F.);
#1300=ORIENTED_EDGE('',*,*,#1597,.T.);
#1301=ORIENTED_EDGE('',*,*,#1969,.T.);
#1302=ORIENTED_EDGE('',*,*,#1602,.F.);
#1303=ORIENTED_EDGE('',*,*,#1878,.F.);
#1304=ORIENTED_EDGE('',*,*,#1590,.T.);
#1305=ORIENTED_EDGE('',*,*,#1970,.T.);
#1306=ORIENTED_EDGE('',*,*,#1595,.F.);
#1307=ORIENTED_EDGE('',*,*,#1877,.F.);
#1308=ORIENTED_EDGE('',*,*,#1583,.T.);
#1309=ORIENTED_EDGE('',*,*,#1971,.T.);
#1310=ORIENTED_EDGE('',*,*,#1588,.F.);
#1311=ORIENTED_EDGE('',*,*,#1876,.F.);
#1312=ORIENTED_EDGE('',*,*,#1576,.T.);
#1313=ORIENTED_EDGE('',*,*,#1972,.T.);
#1314=ORIENTED_EDGE('',*,*,#1581,.F.);
#1315=ORIENTED_EDGE('',*,*,#1875,.F.);
#1316=ORIENTED_EDGE('',*,*,#1569,.T.);
#1317=ORIENTED_EDGE('',*,*,#1973,.T.);
#1318=ORIENTED_EDGE('',*,*,#1574,.F.);
#1319=ORIENTED_EDGE('',*,*,#1874,.F.);
#1320=ORIENTED_EDGE('',*,*,#1562,.T.);
#1321=ORIENTED_EDGE('',*,*,#1974,.T.);
#1322=ORIENTED_EDGE('',*,*,#1567,.F.);
#1323=ORIENTED_EDGE('',*,*,#1873,.F.);
#1324=ORIENTED_EDGE('',*,*,#1555,.T.);
#1325=ORIENTED_EDGE('',*,*,#1975,.T.);
#1326=ORIENTED_EDGE('',*,*,#1560,.F.);
#1327=ORIENTED_EDGE('',*,*,#1872,.F.);
#1328=ORIENTED_EDGE('',*,*,#1548,.T.);
#1329=ORIENTED_EDGE('',*,*,#1976,.T.);
#1330=ORIENTED_EDGE('',*,*,#1553,.F.);
#1331=ORIENTED_EDGE('',*,*,#1871,.F.);
#1332=ORIENTED_EDGE('',*,*,#1541,.T.);
#1333=ORIENTED_EDGE('',*,*,#1977,.T.);
#1334=ORIENTED_EDGE('',*,*,#1546,.F.);
#1335=ORIENTED_EDGE('',*,*,#1870,.F.);
#1336=ORIENTED_EDGE('',*,*,#1534,.T.);
#1337=ORIENTED_EDGE('',*,*,#1978,.T.);
#1338=ORIENTED_EDGE('',*,*,#1539,.F.);
#1339=ORIENTED_EDGE('',*,*,#1869,.F.);
#1340=ORIENTED_EDGE('',*,*,#1527,.T.);
#1341=ORIENTED_EDGE('',*,*,#1979,.T.);
#1342=ORIENTED_EDGE('',*,*,#1532,.F.);
#1343=ORIENTED_EDGE('',*,*,#1868,.F.);
#1344=ORIENTED_EDGE('',*,*,#1520,.T.);
#1345=ORIENTED_EDGE('',*,*,#1980,.T.);
#1346=ORIENTED_EDGE('',*,*,#1525,.F.);
#1347=ORIENTED_EDGE('',*,*,#1867,.F.);
#1348=ORIENTED_EDGE('',*,*,#1513,.T.);
#1349=ORIENTED_EDGE('',*,*,#1981,.T.);
#1350=ORIENTED_EDGE('',*,*,#1518,.F.);
#1351=ORIENTED_EDGE('',*,*,#1866,.F.);
#1352=ORIENTED_EDGE('',*,*,#1506,.T.);
#1353=ORIENTED_EDGE('',*,*,#1982,.T.);
#1354=ORIENTED_EDGE('',*,*,#1511,.F.);
#1355=ORIENTED_EDGE('',*,*,#1865,.F.);
#1356=ORIENTED_EDGE('',*,*,#1499,.T.);
#1357=ORIENTED_EDGE('',*,*,#1983,.T.);
#1358=ORIENTED_EDGE('',*,*,#1504,.F.);
#1359=ORIENTED_EDGE('',*,*,#1864,.F.);
#1360=ORIENTED_EDGE('',*,*,#1492,.T.);
#1361=ORIENTED_EDGE('',*,*,#1984,.T.);
#1362=ORIENTED_EDGE('',*,*,#1497,.F.);
#1363=ORIENTED_EDGE('',*,*,#1863,.F.);
#1364=ORIENTED_EDGE('',*,*,#1485,.T.);
#1365=ORIENTED_EDGE('',*,*,#1985,.T.);
#1366=ORIENTED_EDGE('',*,*,#1490,.F.);
#1367=ORIENTED_EDGE('',*,*,#1862,.F.);
#1368=ORIENTED_EDGE('',*,*,#1478,.T.);
#1369=ORIENTED_EDGE('',*,*,#1986,.T.);
#1370=ORIENTED_EDGE('',*,*,#1483,.F.);
#1371=ORIENTED_EDGE('',*,*,#1861,.F.);
#1372=ORIENTED_EDGE('',*,*,#1471,.T.);
#1373=ORIENTED_EDGE('',*,*,#1987,.T.);
#1374=ORIENTED_EDGE('',*,*,#1476,.F.);
#1375=ORIENTED_EDGE('',*,*,#1860,.F.);
#1376=ORIENTED_EDGE('',*,*,#1464,.T.);
#1377=ORIENTED_EDGE('',*,*,#1988,.T.);
#1378=ORIENTED_EDGE('',*,*,#1469,.F.);
#1379=ORIENTED_EDGE('',*,*,#1859,.F.);
#1380=ORIENTED_EDGE('',*,*,#1457,.T.);
#1381=ORIENTED_EDGE('',*,*,#1989,.T.);
#1382=ORIENTED_EDGE('',*,*,#1462,.F.);
#1383=ORIENTED_EDGE('',*,*,#1858,.F.);
#1384=ORIENTED_EDGE('',*,*,#1450,.T.);
#1385=ORIENTED_EDGE('',*,*,#1990,.T.);
#1386=ORIENTED_EDGE('',*,*,#1455,.F.);
#1387=ORIENTED_EDGE('',*,*,#1857,.F.);
#1388=ORIENTED_EDGE('',*,*,#1443,.T.);
#1389=ORIENTED_EDGE('',*,*,#1991,.T.);
#1390=ORIENTED_EDGE('',*,*,#1448,.F.);
#1391=ORIENTED_EDGE('',*,*,#1856,.F.);
#1392=ORIENTED_EDGE('',*,*,#1436,.T.);
#1393=ORIENTED_EDGE('',*,*,#1992,.T.);
#1394=ORIENTED_EDGE('',*,*,#1441,.F.);
#1395=ORIENTED_EDGE('',*,*,#2011,.T.);
#1396=ORIENTED_EDGE('',*,*,#2001,.F.);
#1397=ORIENTED_EDGE('',*,*,#1932,.F.);
#1398=ORIENTED_EDGE('',*,*,#1916,.T.);
#1399=ORIENTED_EDGE('',*,*,#1927,.T.);
#1400=ORIENTED_EDGE('',*,*,#2000,.F.);
#1401=ORIENTED_EDGE('',*,*,#2017,.F.);
#1402=ORIENTED_EDGE('',*,*,#2022,.T.);
#1403=ORIENTED_EDGE('',*,*,#1933,.T.);
#1404=ORIENTED_EDGE('',*,*,#1997,.T.);
#1405=ORIENTED_EDGE('',*,*,#2023,.F.);
#1406=ORIENTED_EDGE('',*,*,#1998,.T.);
#1407=ORIENTED_EDGE('',*,*,#2024,.F.);
#1408=ORIENTED_EDGE('',*,*,#1996,.T.);
#1409=ORIENTED_EDGE('',*,*,#2021,.F.);
#1410=ORIENTED_EDGE('',*,*,#1995,.T.);
#1411=ORIENTED_EDGE('',*,*,#2020,.F.);
#1412=ORIENTED_EDGE('',*,*,#1994,.T.);
#1413=ORIENTED_EDGE('',*,*,#2019,.F.);
#1414=ORIENTED_EDGE('',*,*,#1993,.T.);
#1415=ORIENTED_EDGE('',*,*,#2018,.F.);
#1416=ORIENTED_EDGE('',*,*,#2004,.T.);
#1417=ORIENTED_EDGE('',*,*,#1920,.F.);
#1418=ORIENTED_EDGE('',*,*,#2005,.T.);
#1419=ORIENTED_EDGE('',*,*,#1921,.F.);
#1420=ORIENTED_EDGE('',*,*,#2006,.T.);
#1421=ORIENTED_EDGE('',*,*,#1922,.F.);
#1422=ORIENTED_EDGE('',*,*,#2007,.T.);
#1423=ORIENTED_EDGE('',*,*,#1923,.F.);
#1424=ORIENTED_EDGE('',*,*,#2008,.T.);
#1425=ORIENTED_EDGE('',*,*,#1924,.F.);
#1426=ORIENTED_EDGE('',*,*,#2009,.T.);
#1427=ORIENTED_EDGE('',*,*,#1925,.F.);
#1428=ORIENTED_EDGE('',*,*,#2010,.T.);
#1429=ORIENTED_EDGE('',*,*,#1852,.F.);
#1430=ORIENTED_EDGE('',*,*,#1853,.F.);
#1431=ORIENTED_EDGE('',*,*,#1915,.F.);
#1432=EDGE_CURVE('',#2025,#2026,#2430,.T.);
#1433=EDGE_CURVE('',#2025,#2027,#2431,.T.);
#1434=EDGE_CURVE('',#2027,#2028,#2432,.T.);
#1435=EDGE_CURVE('',#2026,#2028,#2433,.T.);
#1436=EDGE_CURVE('',#2029,#2030,#2434,.T.);
#1437=EDGE_CURVE('',#2029,#2025,#2435,.T.);
#1438=EDGE_CURVE('',#2030,#2026,#2436,.T.);
#1439=EDGE_CURVE('',#2031,#2032,#2437,.T.);
#1440=EDGE_CURVE('',#2031,#2033,#2438,.T.);
#1441=EDGE_CURVE('',#2033,#2034,#2439,.T.);
#1442=EDGE_CURVE('',#2032,#2034,#2440,.T.);
#1443=EDGE_CURVE('',#2035,#2036,#2441,.T.);
#1444=EDGE_CURVE('',#2035,#2031,#2442,.T.);
#1445=EDGE_CURVE('',#2036,#2032,#2443,.T.);
#1446=EDGE_CURVE('',#2037,#2038,#2444,.T.);
#1447=EDGE_CURVE('',#2037,#2039,#2445,.T.);
#1448=EDGE_CURVE('',#2039,#2040,#2446,.T.);
#1449=EDGE_CURVE('',#2038,#2040,#2447,.T.);
#1450=EDGE_CURVE('',#2041,#2042,#2448,.T.);
#1451=EDGE_CURVE('',#2041,#2037,#2449,.T.);
#1452=EDGE_CURVE('',#2042,#2038,#2450,.T.);
#1453=EDGE_CURVE('',#2043,#2044,#2451,.T.);
#1454=EDGE_CURVE('',#2043,#2045,#2452,.T.);
#1455=EDGE_CURVE('',#2045,#2046,#2453,.T.);
#1456=EDGE_CURVE('',#2044,#2046,#2454,.T.);
#1457=EDGE_CURVE('',#2047,#2048,#2455,.T.);
#1458=EDGE_CURVE('',#2047,#2043,#2456,.T.);
#1459=EDGE_CURVE('',#2048,#2044,#2457,.T.);
#1460=EDGE_CURVE('',#2049,#2050,#2458,.T.);
#1461=EDGE_CURVE('',#2049,#2051,#2459,.T.);
#1462=EDGE_CURVE('',#2051,#2052,#2460,.T.);
#1463=EDGE_CURVE('',#2050,#2052,#2461,.T.);
#1464=EDGE_CURVE('',#2053,#2054,#2462,.T.);
#1465=EDGE_CURVE('',#2053,#2049,#2463,.T.);
#1466=EDGE_CURVE('',#2054,#2050,#2464,.T.);
#1467=EDGE_CURVE('',#2055,#2056,#2465,.T.);
#1468=EDGE_CURVE('',#2055,#2057,#2466,.T.);
#1469=EDGE_CURVE('',#2057,#2058,#2467,.T.);
#1470=EDGE_CURVE('',#2056,#2058,#2468,.T.);
#1471=EDGE_CURVE('',#2059,#2060,#2469,.T.);
#1472=EDGE_CURVE('',#2059,#2055,#2470,.T.);
#1473=EDGE_CURVE('',#2060,#2056,#2471,.T.);
#1474=EDGE_CURVE('',#2061,#2062,#2472,.T.);
#1475=EDGE_CURVE('',#2061,#2063,#2473,.T.);
#1476=EDGE_CURVE('',#2063,#2064,#2474,.T.);
#1477=EDGE_CURVE('',#2062,#2064,#2475,.T.);
#1478=EDGE_CURVE('',#2065,#2066,#2476,.T.);
#1479=EDGE_CURVE('',#2065,#2061,#2477,.T.);
#1480=EDGE_CURVE('',#2066,#2062,#2478,.T.);
#1481=EDGE_CURVE('',#2067,#2068,#2479,.T.);
#1482=EDGE_CURVE('',#2067,#2069,#2480,.T.);
#1483=EDGE_CURVE('',#2069,#2070,#2481,.T.);
#1484=EDGE_CURVE('',#2068,#2070,#2482,.T.);
#1485=EDGE_CURVE('',#2071,#2072,#2483,.T.);
#1486=EDGE_CURVE('',#2071,#2067,#2484,.T.);
#1487=EDGE_CURVE('',#2072,#2068,#2485,.T.);
#1488=EDGE_CURVE('',#2073,#2074,#2486,.T.);
#1489=EDGE_CURVE('',#2073,#2075,#2487,.T.);
#1490=EDGE_CURVE('',#2075,#2076,#2488,.T.);
#1491=EDGE_CURVE('',#2074,#2076,#2489,.T.);
#1492=EDGE_CURVE('',#2077,#2078,#2490,.T.);
#1493=EDGE_CURVE('',#2077,#2073,#2491,.T.);
#1494=EDGE_CURVE('',#2078,#2074,#2492,.T.);
#1495=EDGE_CURVE('',#2079,#2080,#2493,.T.);
#1496=EDGE_CURVE('',#2079,#2081,#2494,.T.);
#1497=EDGE_CURVE('',#2081,#2082,#2495,.T.);
#1498=EDGE_CURVE('',#2080,#2082,#2496,.T.);
#1499=EDGE_CURVE('',#2083,#2084,#2497,.T.);
#1500=EDGE_CURVE('',#2083,#2079,#2498,.T.);
#1501=EDGE_CURVE('',#2084,#2080,#2499,.T.);
#1502=EDGE_CURVE('',#2085,#2086,#2500,.T.);
#1503=EDGE_CURVE('',#2085,#2087,#2501,.T.);
#1504=EDGE_CURVE('',#2087,#2088,#2502,.T.);
#1505=EDGE_CURVE('',#2086,#2088,#2503,.T.);
#1506=EDGE_CURVE('',#2089,#2090,#2504,.T.);
#1507=EDGE_CURVE('',#2089,#2085,#2505,.T.);
#1508=EDGE_CURVE('',#2090,#2086,#2506,.T.);
#1509=EDGE_CURVE('',#2091,#2092,#2507,.T.);
#1510=EDGE_CURVE('',#2091,#2093,#2508,.T.);
#1511=EDGE_CURVE('',#2093,#2094,#2509,.T.);
#1512=EDGE_CURVE('',#2092,#2094,#2510,.T.);
#1513=EDGE_CURVE('',#2095,#2096,#2511,.T.);
#1514=EDGE_CURVE('',#2095,#2091,#2512,.T.);
#1515=EDGE_CURVE('',#2096,#2092,#2513,.T.);
#1516=EDGE_CURVE('',#2097,#2098,#2514,.T.);
#1517=EDGE_CURVE('',#2097,#2099,#2515,.T.);
#1518=EDGE_CURVE('',#2099,#2100,#2516,.T.);
#1519=EDGE_CURVE('',#2098,#2100,#2517,.T.);
#1520=EDGE_CURVE('',#2101,#2102,#2518,.T.);
#1521=EDGE_CURVE('',#2101,#2097,#2519,.T.);
#1522=EDGE_CURVE('',#2102,#2098,#2520,.T.);
#1523=EDGE_CURVE('',#2103,#2104,#2521,.T.);
#1524=EDGE_CURVE('',#2103,#2105,#2522,.T.);
#1525=EDGE_CURVE('',#2105,#2106,#2523,.T.);
#1526=EDGE_CURVE('',#2104,#2106,#2524,.T.);
#1527=EDGE_CURVE('',#2107,#2108,#2525,.T.);
#1528=EDGE_CURVE('',#2107,#2103,#2526,.T.);
#1529=EDGE_CURVE('',#2108,#2104,#2527,.T.);
#1530=EDGE_CURVE('',#2109,#2110,#2528,.T.);
#1531=EDGE_CURVE('',#2109,#2111,#2529,.T.);
#1532=EDGE_CURVE('',#2111,#2112,#2530,.T.);
#1533=EDGE_CURVE('',#2110,#2112,#2531,.T.);
#1534=EDGE_CURVE('',#2113,#2114,#2532,.T.);
#1535=EDGE_CURVE('',#2113,#2109,#2533,.T.);
#1536=EDGE_CURVE('',#2114,#2110,#2534,.T.);
#1537=EDGE_CURVE('',#2115,#2116,#2535,.T.);
#1538=EDGE_CURVE('',#2115,#2117,#2536,.T.);
#1539=EDGE_CURVE('',#2117,#2118,#2537,.T.);
#1540=EDGE_CURVE('',#2116,#2118,#2538,.T.);
#1541=EDGE_CURVE('',#2119,#2120,#2539,.T.);
#1542=EDGE_CURVE('',#2119,#2115,#2540,.T.);
#1543=EDGE_CURVE('',#2120,#2116,#2541,.T.);
#1544=EDGE_CURVE('',#2121,#2122,#2542,.T.);
#1545=EDGE_CURVE('',#2121,#2123,#2543,.T.);
#1546=EDGE_CURVE('',#2123,#2124,#2544,.T.);
#1547=EDGE_CURVE('',#2122,#2124,#2545,.T.);
#1548=EDGE_CURVE('',#2125,#2126,#2546,.T.);
#1549=EDGE_CURVE('',#2125,#2121,#2547,.T.);
#1550=EDGE_CURVE('',#2126,#2122,#2548,.T.);
#1551=EDGE_CURVE('',#2127,#2128,#2549,.T.);
#1552=EDGE_CURVE('',#2127,#2129,#2550,.T.);
#1553=EDGE_CURVE('',#2129,#2130,#2551,.T.);
#1554=EDGE_CURVE('',#2128,#2130,#2552,.T.);
#1555=EDGE_CURVE('',#2131,#2132,#2553,.T.);
#1556=EDGE_CURVE('',#2131,#2127,#2554,.T.);
#1557=EDGE_CURVE('',#2132,#2128,#2555,.T.);
#1558=EDGE_CURVE('',#2133,#2134,#2556,.T.);
#1559=EDGE_CURVE('',#2133,#2135,#2557,.T.);
#1560=EDGE_CURVE('',#2135,#2136,#2558,.T.);
#1561=EDGE_CURVE('',#2134,#2136,#2559,.T.);
#1562=EDGE_CURVE('',#2137,#2138,#2560,.T.);
#1563=EDGE_CURVE('',#2137,#2133,#2561,.T.);
#1564=EDGE_CURVE('',#2138,#2134,#2562,.T.);
#1565=EDGE_CURVE('',#2139,#2140,#2563,.T.);
#1566=EDGE_CURVE('',#2139,#2141,#2564,.T.);
#1567=EDGE_CURVE('',#2141,#2142,#2565,.T.);
#1568=EDGE_CURVE('',#2140,#2142,#2566,.T.);
#1569=EDGE_CURVE('',#2143,#2144,#2567,.T.);
#1570=EDGE_CURVE('',#2143,#2139,#2568,.T.);
#1571=EDGE_CURVE('',#2144,#2140,#2569,.T.);
#1572=EDGE_CURVE('',#2145,#2146,#2570,.T.);
#1573=EDGE_CURVE('',#2145,#2147,#2571,.T.);
#1574=EDGE_CURVE('',#2147,#2148,#2572,.T.);
#1575=EDGE_CURVE('',#2146,#2148,#2573,.T.);
#1576=EDGE_CURVE('',#2149,#2150,#2574,.T.);
#1577=EDGE_CURVE('',#2149,#2145,#2575,.T.);
#1578=EDGE_CURVE('',#2150,#2146,#2576,.T.);
#1579=EDGE_CURVE('',#2151,#2152,#2577,.T.);
#1580=EDGE_CURVE('',#2151,#2153,#2578,.T.);
#1581=EDGE_CURVE('',#2153,#2154,#2579,.T.);
#1582=EDGE_CURVE('',#2152,#2154,#2580,.T.);
#1583=EDGE_CURVE('',#2155,#2156,#2581,.T.);
#1584=EDGE_CURVE('',#2155,#2151,#2582,.T.);
#1585=EDGE_CURVE('',#2156,#2152,#2583,.T.);
#1586=EDGE_CURVE('',#2157,#2158,#2584,.T.);
#1587=EDGE_CURVE('',#2157,#2159,#2585,.T.);
#1588=EDGE_CURVE('',#2159,#2160,#2586,.T.);
#1589=EDGE_CURVE('',#2158,#2160,#2587,.T.);
#1590=EDGE_CURVE('',#2161,#2162,#2588,.T.);
#1591=EDGE_CURVE('',#2161,#2157,#2589,.T.);
#1592=EDGE_CURVE('',#2162,#2158,#2590,.T.);
#1593=EDGE_CURVE('',#2163,#2164,#2591,.T.);
#1594=EDGE_CURVE('',#2163,#2165,#2592,.T.);
#1595=EDGE_CURVE('',#2165,#2166,#2593,.T.);
#1596=EDGE_CURVE('',#2164,#2166,#2594,.T.);
#1597=EDGE_CURVE('',#2167,#2168,#2595,.T.);
#1598=EDGE_CURVE('',#2167,#2163,#2596,.T.);
#1599=EDGE_CURVE('',#2168,#2164,#2597,.T.);
#1600=EDGE_CURVE('',#2169,#2170,#2598,.T.);
#1601=EDGE_CURVE('',#2169,#2171,#2599,.T.);
#1602=EDGE_CURVE('',#2171,#2172,#2600,.T.);
#1603=EDGE_CURVE('',#2170,#2172,#2601,.T.);
#1604=EDGE_CURVE('',#2173,#2174,#2602,.T.);
#1605=EDGE_CURVE('',#2173,#2169,#2603,.T.);
#1606=EDGE_CURVE('',#2174,#2170,#2604,.T.);
#1607=EDGE_CURVE('',#2175,#2176,#2605,.T.);
#1608=EDGE_CURVE('',#2175,#2177,#2606,.T.);
#1609=EDGE_CURVE('',#2177,#2178,#2607,.T.);
#1610=EDGE_CURVE('',#2176,#2178,#2608,.T.);
#1611=EDGE_CURVE('',#2179,#2180,#2609,.T.);
#1612=EDGE_CURVE('',#2179,#2175,#2610,.T.);
#1613=EDGE_CURVE('',#2180,#2176,#2611,.T.);
#1614=EDGE_CURVE('',#2181,#2182,#2612,.T.);
#1615=EDGE_CURVE('',#2181,#2183,#2613,.T.);
#1616=EDGE_CURVE('',#2183,#2184,#2614,.T.);
#1617=EDGE_CURVE('',#2182,#2184,#2615,.T.);
#1618=EDGE_CURVE('',#2185,#2186,#2616,.T.);
#1619=EDGE_CURVE('',#2185,#2181,#2617,.T.);
#1620=EDGE_CURVE('',#2186,#2182,#2618,.T.);
#1621=EDGE_CURVE('',#2187,#2188,#2619,.T.);
#1622=EDGE_CURVE('',#2187,#2189,#2620,.T.);
#1623=EDGE_CURVE('',#2189,#2190,#2621,.T.);
#1624=EDGE_CURVE('',#2188,#2190,#2622,.T.);
#1625=EDGE_CURVE('',#2191,#2192,#2623,.T.);
#1626=EDGE_CURVE('',#2191,#2187,#2624,.T.);
#1627=EDGE_CURVE('',#2192,#2188,#2625,.T.);
#1628=EDGE_CURVE('',#2193,#2194,#2626,.T.);
#1629=EDGE_CURVE('',#2193,#2195,#2627,.T.);
#1630=EDGE_CURVE('',#2195,#2196,#2628,.T.);
#1631=EDGE_CURVE('',#2194,#2196,#2629,.T.);
#1632=EDGE_CURVE('',#2197,#2198,#2630,.T.);
#1633=EDGE_CURVE('',#2197,#2193,#2631,.T.);
#1634=EDGE_CURVE('',#2198,#2194,#2632,.T.);
#1635=EDGE_CURVE('',#2199,#2200,#2633,.T.);
#1636=EDGE_CURVE('',#2199,#2201,#2634,.T.);
#1637=EDGE_CURVE('',#2201,#2202,#2635,.T.);
#1638=EDGE_CURVE('',#2200,#2202,#2636,.T.);
#1639=EDGE_CURVE('',#2203,#2204,#2637,.T.);
#1640=EDGE_CURVE('',#2203,#2199,#2638,.T.);
#1641=EDGE_CURVE('',#2204,#2200,#2639,.T.);
#1642=EDGE_CURVE('',#2205,#2206,#2640,.T.);
#1643=EDGE_CURVE('',#2205,#2207,#2641,.T.);
#1644=EDGE_CURVE('',#2207,#2208,#2642,.T.);
#1645=EDGE_CURVE('',#2206,#2208,#2643,.T.);
#1646=EDGE_CURVE('',#2209,#2210,#2644,.T.);
#1647=EDGE_CURVE('',#2209,#2205,#2645,.T.);
#1648=EDGE_CURVE('',#2210,#2206,#2646,.T.);
#1649=EDGE_CURVE('',#2211,#2212,#2647,.T.);
#1650=EDGE_CURVE('',#2211,#2213,#2648,.T.);
#1651=EDGE_CURVE('',#2213,#2214,#2649,.T.);
#1652=EDGE_CURVE('',#2212,#2214,#2650,.T.);
#1653=EDGE_CURVE('',#2215,#2216,#2651,.T.);
#1654=EDGE_CURVE('',#2215,#2211,#2652,.T.);
#1655=EDGE_CURVE('',#2216,#2212,#2653,.T.);
#1656=EDGE_CURVE('',#2217,#2218,#2654,.T.);
#1657=EDGE_CURVE('',#2217,#2219,#2655,.T.);
#1658=EDGE_CURVE('',#2219,#2220,#2656,.T.);
#1659=EDGE_CURVE('',#2218,#2220,#2657,.T.);
#1660=EDGE_CURVE('',#2221,#2222,#2658,.T.);
#1661=EDGE_CURVE('',#2221,#2217,#2659,.T.);
#1662=EDGE_CURVE('',#2222,#2218,#2660,.T.);
#1663=EDGE_CURVE('',#2223,#2224,#2661,.T.);
#1664=EDGE_CURVE('',#2223,#2225,#2662,.T.);
#1665=EDGE_CURVE('',#2225,#2226,#2663,.T.);
#1666=EDGE_CURVE('',#2224,#2226,#2664,.T.);
#1667=EDGE_CURVE('',#2227,#2228,#2665,.T.);
#1668=EDGE_CURVE('',#2227,#2223,#2666,.T.);
#1669=EDGE_CURVE('',#2228,#2224,#2667,.T.);
#1670=EDGE_CURVE('',#2229,#2230,#2668,.T.);
#1671=EDGE_CURVE('',#2229,#2231,#2669,.T.);
#1672=EDGE_CURVE('',#2231,#2232,#2670,.T.);
#1673=EDGE_CURVE('',#2230,#2232,#2671,.T.);
#1674=EDGE_CURVE('',#2233,#2234,#2672,.T.);
#1675=EDGE_CURVE('',#2233,#2229,#2673,.T.);
#1676=EDGE_CURVE('',#2234,#2230,#2674,.T.);
#1677=EDGE_CURVE('',#2235,#2236,#2675,.T.);
#1678=EDGE_CURVE('',#2235,#2237,#2676,.T.);
#1679=EDGE_CURVE('',#2237,#2238,#2677,.T.);
#1680=EDGE_CURVE('',#2236,#2238,#2678,.T.);
#1681=EDGE_CURVE('',#2239,#2240,#2679,.T.);
#1682=EDGE_CURVE('',#2239,#2235,#2680,.T.);
#1683=EDGE_CURVE('',#2240,#2236,#2681,.T.);
#1684=EDGE_CURVE('',#2241,#2242,#2682,.T.);
#1685=EDGE_CURVE('',#2241,#2243,#2683,.T.);
#1686=EDGE_CURVE('',#2243,#2244,#2684,.T.);
#1687=EDGE_CURVE('',#2242,#2244,#2685,.T.);
#1688=EDGE_CURVE('',#2245,#2246,#2686,.T.);
#1689=EDGE_CURVE('',#2245,#2241,#2687,.T.);
#1690=EDGE_CURVE('',#2246,#2242,#2688,.T.);
#1691=EDGE_CURVE('',#2247,#2248,#2689,.T.);
#1692=EDGE_CURVE('',#2247,#2249,#2690,.T.);
#1693=EDGE_CURVE('',#2249,#2250,#2691,.T.);
#1694=EDGE_CURVE('',#2248,#2250,#2692,.T.);
#1695=EDGE_CURVE('',#2251,#2252,#2693,.T.);
#1696=EDGE_CURVE('',#2251,#2247,#2694,.T.);
#1697=EDGE_CURVE('',#2252,#2248,#2695,.T.);
#1698=EDGE_CURVE('',#2253,#2254,#2696,.T.);
#1699=EDGE_CURVE('',#2253,#2255,#2697,.T.);
#1700=EDGE_CURVE('',#2255,#2256,#2698,.T.);
#1701=EDGE_CURVE('',#2254,#2256,#2699,.T.);
#1702=EDGE_CURVE('',#2257,#2258,#2700,.T.);
#1703=EDGE_CURVE('',#2257,#2253,#2701,.T.);
#1704=EDGE_CURVE('',#2258,#2254,#2702,.T.);
#1705=EDGE_CURVE('',#2259,#2260,#2703,.T.);
#1706=EDGE_CURVE('',#2259,#2261,#2704,.T.);
#1707=EDGE_CURVE('',#2261,#2262,#2705,.T.);
#1708=EDGE_CURVE('',#2260,#2262,#2706,.T.);
#1709=EDGE_CURVE('',#2263,#2264,#2707,.T.);
#1710=EDGE_CURVE('',#2263,#2259,#2708,.T.);
#1711=EDGE_CURVE('',#2264,#2260,#2709,.T.);
#1712=EDGE_CURVE('',#2265,#2266,#2710,.T.);
#1713=EDGE_CURVE('',#2265,#2267,#2711,.T.);
#1714=EDGE_CURVE('',#2267,#2268,#2712,.T.);
#1715=EDGE_CURVE('',#2266,#2268,#2713,.T.);
#1716=EDGE_CURVE('',#2269,#2270,#2714,.T.);
#1717=EDGE_CURVE('',#2269,#2265,#2715,.T.);
#1718=EDGE_CURVE('',#2270,#2266,#2716,.T.);
#1719=EDGE_CURVE('',#2271,#2272,#2717,.T.);
#1720=EDGE_CURVE('',#2271,#2273,#2718,.T.);
#1721=EDGE_CURVE('',#2273,#2274,#2719,.T.);
#1722=EDGE_CURVE('',#2272,#2274,#2720,.T.);
#1723=EDGE_CURVE('',#2275,#2276,#2721,.T.);
#1724=EDGE_CURVE('',#2275,#2271,#2722,.T.);
#1725=EDGE_CURVE('',#2276,#2272,#2723,.T.);
#1726=EDGE_CURVE('',#2277,#2278,#2724,.T.);
#1727=EDGE_CURVE('',#2277,#2279,#2725,.T.);
#1728=EDGE_CURVE('',#2279,#2280,#2726,.T.);
#1729=EDGE_CURVE('',#2278,#2280,#2727,.T.);
#1730=EDGE_CURVE('',#2281,#2282,#2728,.T.);
#1731=EDGE_CURVE('',#2281,#2277,#2729,.T.);
#1732=EDGE_CURVE('',#2282,#2278,#2730,.T.);
#1733=EDGE_CURVE('',#2283,#2284,#2731,.T.);
#1734=EDGE_CURVE('',#2283,#2285,#2732,.T.);
#1735=EDGE_CURVE('',#2285,#2286,#2733,.T.);
#1736=EDGE_CURVE('',#2284,#2286,#2734,.T.);
#1737=EDGE_CURVE('',#2287,#2288,#2735,.T.);
#1738=EDGE_CURVE('',#2287,#2283,#2736,.T.);
#1739=EDGE_CURVE('',#2288,#2284,#2737,.T.);
#1740=EDGE_CURVE('',#2289,#2290,#2738,.T.);
#1741=EDGE_CURVE('',#2289,#2291,#2739,.T.);
#1742=EDGE_CURVE('',#2291,#2292,#2740,.T.);
#1743=EDGE_CURVE('',#2290,#2292,#2741,.T.);
#1744=EDGE_CURVE('',#2293,#2294,#2742,.T.);
#1745=EDGE_CURVE('',#2293,#2289,#2743,.T.);
#1746=EDGE_CURVE('',#2294,#2290,#2744,.T.);
#1747=EDGE_CURVE('',#2295,#2296,#2745,.T.);
#1748=EDGE_CURVE('',#2295,#2297,#2746,.T.);
#1749=EDGE_CURVE('',#2297,#2298,#2747,.T.);
#1750=EDGE_CURVE('',#2296,#2298,#2748,.T.);
#1751=EDGE_CURVE('',#2299,#2300,#2749,.T.);
#1752=EDGE_CURVE('',#2299,#2295,#2750,.T.);
#1753=EDGE_CURVE('',#2300,#2296,#2751,.T.);
#1754=EDGE_CURVE('',#2301,#2302,#2752,.T.);
#1755=EDGE_CURVE('',#2301,#2303,#2753,.T.);
#1756=EDGE_CURVE('',#2303,#2304,#2754,.T.);
#1757=EDGE_CURVE('',#2302,#2304,#2755,.T.);
#1758=EDGE_CURVE('',#2305,#2306,#2756,.T.);
#1759=EDGE_CURVE('',#2305,#2301,#2757,.T.);
#1760=EDGE_CURVE('',#2306,#2302,#2758,.T.);
#1761=EDGE_CURVE('',#2307,#2308,#2759,.T.);
#1762=EDGE_CURVE('',#2307,#2309,#2760,.T.);
#1763=EDGE_CURVE('',#2309,#2310,#2761,.T.);
#1764=EDGE_CURVE('',#2308,#2310,#2762,.T.);
#1765=EDGE_CURVE('',#2311,#2312,#2763,.T.);
#1766=EDGE_CURVE('',#2311,#2307,#2764,.T.);
#1767=EDGE_CURVE('',#2312,#2308,#2765,.T.);
#1768=EDGE_CURVE('',#2313,#2314,#2766,.T.);
#1769=EDGE_CURVE('',#2313,#2315,#2767,.T.);
#1770=EDGE_CURVE('',#2315,#2316,#2768,.T.);
#1771=EDGE_CURVE('',#2314,#2316,#2769,.T.);
#1772=EDGE_CURVE('',#2317,#2318,#2770,.T.);
#1773=EDGE_CURVE('',#2317,#2313,#2771,.T.);
#1774=EDGE_CURVE('',#2318,#2314,#2772,.T.);
#1775=EDGE_CURVE('',#2319,#2320,#2773,.T.);
#1776=EDGE_CURVE('',#2319,#2321,#2774,.T.);
#1777=EDGE_CURVE('',#2321,#2322,#2775,.T.);
#1778=EDGE_CURVE('',#2320,#2322,#2776,.T.);
#1779=EDGE_CURVE('',#2323,#2324,#2777,.T.);
#1780=EDGE_CURVE('',#2323,#2319,#2778,.T.);
#1781=EDGE_CURVE('',#2324,#2320,#2779,.T.);
#1782=EDGE_CURVE('',#2325,#2326,#2780,.T.);
#1783=EDGE_CURVE('',#2325,#2327,#2781,.T.);
#1784=EDGE_CURVE('',#2327,#2328,#2782,.T.);
#1785=EDGE_CURVE('',#2326,#2328,#2783,.T.);
#1786=EDGE_CURVE('',#2329,#2330,#2784,.T.);
#1787=EDGE_CURVE('',#2329,#2325,#2785,.T.);
#1788=EDGE_CURVE('',#2330,#2326,#2786,.T.);
#1789=EDGE_CURVE('',#2331,#2332,#2787,.T.);
#1790=EDGE_CURVE('',#2331,#2333,#2788,.T.);
#1791=EDGE_CURVE('',#2333,#2334,#2789,.T.);
#1792=EDGE_CURVE('',#2332,#2334,#2790,.T.);
#1793=EDGE_CURVE('',#2335,#2336,#2791,.T.);
#1794=EDGE_CURVE('',#2335,#2331,#2792,.T.);
#1795=EDGE_CURVE('',#2336,#2332,#2793,.T.);
#1796=EDGE_CURVE('',#2337,#2338,#2794,.T.);
#1797=EDGE_CURVE('',#2337,#2339,#2795,.T.);
#1798=EDGE_CURVE('',#2339,#2340,#2796,.T.);
#1799=EDGE_CURVE('',#2338,#2340,#2797,.T.);
#1800=EDGE_CURVE('',#2341,#2342,#2798,.T.);
#1801=EDGE_CURVE('',#2341,#2337,#2799,.T.);
#1802=EDGE_CURVE('',#2342,#2338,#2800,.T.);
#1803=EDGE_CURVE('',#2343,#2344,#2801,.T.);
#1804=EDGE_CURVE('',#2343,#2345,#2802,.T.);
#1805=EDGE_CURVE('',#2345,#2346,#2803,.T.);
#1806=EDGE_CURVE('',#2344,#2346,#2804,.T.);
#1807=EDGE_CURVE('',#2347,#2348,#2805,.T.);
#1808=EDGE_CURVE('',#2347,#2343,#2806,.T.);
#1809=EDGE_CURVE('',#2348,#2344,#2807,.T.);
#1810=EDGE_CURVE('',#2349,#2350,#2808,.T.);
#1811=EDGE_CURVE('',#2349,#2351,#2809,.T.);
#1812=EDGE_CURVE('',#2351,#2352,#2810,.T.);
#1813=EDGE_CURVE('',#2350,#2352,#2811,.T.);
#1814=EDGE_CURVE('',#2353,#2354,#2812,.T.);
#1815=EDGE_CURVE('',#2353,#2349,#2813,.T.);
#1816=EDGE_CURVE('',#2354,#2350,#2814,.T.);
#1817=EDGE_CURVE('',#2355,#2356,#2815,.T.);
#1818=EDGE_CURVE('',#2355,#2357,#2816,.T.);
#1819=EDGE_CURVE('',#2357,#2358,#2817,.T.);
#1820=EDGE_CURVE('',#2356,#2358,#2818,.T.);
#1821=EDGE_CURVE('',#2359,#2360,#2819,.T.);
#1822=EDGE_CURVE('',#2359,#2355,#2820,.T.);
#1823=EDGE_CURVE('',#2360,#2356,#2821,.T.);
#1824=EDGE_CURVE('',#2361,#2362,#2822,.T.);
#1825=EDGE_CURVE('',#2361,#2363,#2823,.T.);
#1826=EDGE_CURVE('',#2363,#2364,#2824,.T.);
#1827=EDGE_CURVE('',#2362,#2364,#2825,.T.);
#1828=EDGE_CURVE('',#2365,#2366,#2826,.T.);
#1829=EDGE_CURVE('',#2365,#2361,#2827,.T.);
#1830=EDGE_CURVE('',#2366,#2362,#2828,.T.);
#1831=EDGE_CURVE('',#2367,#2368,#2829,.T.);
#1832=EDGE_CURVE('',#2367,#2369,#2830,.T.);
#1833=EDGE_CURVE('',#2369,#2370,#2831,.T.);
#1834=EDGE_CURVE('',#2368,#2370,#2832,.T.);
#1835=EDGE_CURVE('',#2371,#2372,#2833,.T.);
#1836=EDGE_CURVE('',#2371,#2367,#2834,.T.);
#1837=EDGE_CURVE('',#2372,#2368,#2835,.T.);
#1838=EDGE_CURVE('',#2373,#2374,#2836,.T.);
#1839=EDGE_CURVE('',#2373,#2375,#2837,.T.);
#1840=EDGE_CURVE('',#2375,#2376,#2838,.T.);
#1841=EDGE_CURVE('',#2374,#2376,#2839,.T.);
#1842=EDGE_CURVE('',#2377,#2378,#2840,.T.);
#1843=EDGE_CURVE('',#2377,#2373,#2841,.T.);
#1844=EDGE_CURVE('',#2378,#2374,#2842,.T.);
#1845=EDGE_CURVE('',#2379,#2380,#2843,.T.);
#1846=EDGE_CURVE('',#2379,#2381,#2844,.T.);
#1847=EDGE_CURVE('',#2381,#2382,#2845,.T.);
#1848=EDGE_CURVE('',#2380,#2382,#2846,.T.);
#1849=EDGE_CURVE('',#2383,#2384,#2847,.T.);
#1850=EDGE_CURVE('',#2383,#2379,#2848,.T.);
#1851=EDGE_CURVE('',#2384,#2380,#2849,.T.);
#1852=EDGE_CURVE('',#2385,#2385,#89,.T.);
#1853=EDGE_CURVE('',#2386,#2386,#90,.T.);
#1854=EDGE_CURVE('',#2384,#2028,#91,.T.);
#1855=EDGE_CURVE('',#2383,#2027,#92,.T.);
#1856=EDGE_CURVE('',#2029,#2033,#93,.T.);
#1857=EDGE_CURVE('',#2035,#2039,#94,.T.);
#1858=EDGE_CURVE('',#2041,#2045,#95,.T.);
#1859=EDGE_CURVE('',#2047,#2051,#96,.T.);
#1860=EDGE_CURVE('',#2053,#2057,#97,.T.);
#1861=EDGE_CURVE('',#2059,#2063,#98,.T.);
#1862=EDGE_CURVE('',#2065,#2069,#99,.T.);
#1863=EDGE_CURVE('',#2071,#2075,#100,.T.);
#1864=EDGE_CURVE('',#2077,#2081,#101,.T.);
#1865=EDGE_CURVE('',#2083,#2087,#102,.T.);
#1866=EDGE_CURVE('',#2089,#2093,#103,.T.);
#1867=EDGE_CURVE('',#2095,#2099,#104,.T.);
#1868=EDGE_CURVE('',#2101,#2105,#105,.T.);
#1869=EDGE_CURVE('',#2107,#2111,#106,.T.);
#1870=EDGE_CURVE('',#2113,#2117,#107,.T.);
#1871=EDGE_CURVE('',#2119,#2123,#108,.T.);
#1872=EDGE_CURVE('',#2125,#2129,#109,.T.);
#1873=EDGE_CURVE('',#2131,#2135,#110,.T.);
#1874=EDGE_CURVE('',#2137,#2141,#111,.T.);
#1875=EDGE_CURVE('',#2143,#2147,#112,.T.);
#1876=EDGE_CURVE('',#2149,#2153,#113,.T.);
#1877=EDGE_CURVE('',#2155,#2159,#114,.T.);
#1878=EDGE_CURVE('',#2161,#2165,#115,.T.);
#1879=EDGE_CURVE('',#2167,#2171,#116,.T.);
#1880=EDGE_CURVE('',#2173,#2177,#117,.T.);
#1881=EDGE_CURVE('',#2179,#2183,#118,.T.);
#1882=EDGE_CURVE('',#2185,#2189,#119,.T.);
#1883=EDGE_CURVE('',#2191,#2195,#120,.T.);
#1884=EDGE_CURVE('',#2197,#2201,#121,.T.);
#1885=EDGE_CURVE('',#2203,#2207,#122,.T.);
#1886=EDGE_CURVE('',#2209,#2213,#123,.T.);
#1887=EDGE_CURVE('',#2215,#2219,#124,.T.);
#1888=EDGE_CURVE('',#2221,#2225,#125,.T.);
#1889=EDGE_CURVE('',#2227,#2231,#126,.T.);
#1890=EDGE_CURVE('',#2233,#2237,#127,.T.);
#1891=EDGE_CURVE('',#2239,#2243,#128,.T.);
#1892=EDGE_CURVE('',#2245,#2249,#129,.T.);
#1893=EDGE_CURVE('',#2251,#2255,#130,.T.);
#1894=EDGE_CURVE('',#2257,#2261,#131,.T.);
#1895=EDGE_CURVE('',#2263,#2267,#132,.T.);
#1896=EDGE_CURVE('',#2269,#2273,#133,.T.);
#1897=EDGE_CURVE('',#2275,#2279,#134,.T.);
#1898=EDGE_CURVE('',#2281,#2285,#135,.T.);
#1899=EDGE_CURVE('',#2287,#2291,#136,.T.);
#1900=EDGE_CURVE('',#2293,#2297,#137,.T.);
#1901=EDGE_CURVE('',#2299,#2303,#138,.T.);
#1902=EDGE_CURVE('',#2305,#2309,#139,.T.);
#1903=EDGE_CURVE('',#2311,#2315,#140,.T.);
#1904=EDGE_CURVE('',#2317,#2321,#141,.T.);
#1905=EDGE_CURVE('',#2323,#2327,#142,.T.);
#1906=EDGE_CURVE('',#2329,#2333,#143,.T.);
#1907=EDGE_CURVE('',#2335,#2339,#144,.T.);
#1908=EDGE_CURVE('',#2341,#2345,#145,.T.);
#1909=EDGE_CURVE('',#2347,#2351,#146,.T.);
#1910=EDGE_CURVE('',#2353,#2357,#147,.T.);
#1911=EDGE_CURVE('',#2359,#2363,#148,.T.);
#1912=EDGE_CURVE('',#2365,#2369,#149,.T.);
#1913=EDGE_CURVE('',#2371,#2375,#150,.T.);
#1914=EDGE_CURVE('',#2377,#2381,#151,.T.);
#1915=EDGE_CURVE('',#2387,#2387,#152,.T.);
#1916=EDGE_CURVE('',#2388,#2389,#153,.T.);
#1917=EDGE_CURVE('',#2390,#2388,#2850,.T.);
#1918=EDGE_CURVE('',#2391,#2390,#154,.T.);
#1919=EDGE_CURVE('',#2389,#2391,#2851,.T.);
#1920=EDGE_CURVE('',#2392,#2392,#155,.T.);
#1921=EDGE_CURVE('',#2393,#2393,#156,.T.);
#1922=EDGE_CURVE('',#2394,#2394,#157,.T.);
#1923=EDGE_CURVE('',#2395,#2395,#158,.T.);
#1924=EDGE_CURVE('',#2396,#2396,#159,.T.);
#1925=EDGE_CURVE('',#2397,#2397,#160,.T.);
#1926=EDGE_CURVE('',#2398,#2399,#2852,.T.);
#1927=EDGE_CURVE('',#2389,#2398,#2853,.T.);
#1928=EDGE_CURVE('',#2391,#2399,#2854,.T.);
#1929=EDGE_CURVE('',#2399,#2400,#161,.T.);
#1930=EDGE_CURVE('',#2390,#2400,#2855,.T.);
#1931=EDGE_CURVE('',#2400,#2401,#2856,.T.);
#1932=EDGE_CURVE('',#2388,#2401,#2857,.T.);
#1933=EDGE_CURVE('',#2402,#2402,#162,.T.);
#1934=EDGE_CURVE('',#2378,#2382,#163,.T.);
#1935=EDGE_CURVE('',#2372,#2376,#164,.T.);
#1936=EDGE_CURVE('',#2366,#2370,#165,.T.);
#1937=EDGE_CURVE('',#2360,#2364,#166,.T.);
#1938=EDGE_CURVE('',#2354,#2358,#167,.T.);
#1939=EDGE_CURVE('',#2348,#2352,#168,.T.);
#1940=EDGE_CURVE('',#2342,#2346,#169,.T.);
#1941=EDGE_CURVE('',#2336,#2340,#170,.T.);
#1942=EDGE_CURVE('',#2330,#2334,#171,.T.);
#1943=EDGE_CURVE('',#2324,#2328,#172,.T.);
#1944=EDGE_CURVE('',#2318,#2322,#173,.T.);
#1945=EDGE_CURVE('',#2312,#2316,#174,.T.);
#1946=EDGE_CURVE('',#2306,#2310,#175,.T.);
#1947=EDGE_CURVE('',#2300,#2304,#176,.T.);
#1948=EDGE_CURVE('',#2294,#2298,#177,.T.);
#1949=EDGE_CURVE('',#2288,#2292,#178,.T.);
#1950=EDGE_CURVE('',#2282,#2286,#179,.T.);
#1951=EDGE_CURVE('',#2276,#2280,#180,.T.);
#1952=EDGE_CURVE('',#2270,#2274,#181,.T.);
#1953=EDGE_CURVE('',#2264,#2268,#182,.T.);
#1954=EDGE_CURVE('',#2258,#2262,#183,.T.);
#1955=EDGE_CURVE('',#2252,#2256,#184,.T.);
#1956=EDGE_CURVE('',#2246,#2250,#185,.T.);
#1957=EDGE_CURVE('',#2240,#2244,#186,.T.);
#1958=EDGE_CURVE('',#2234,#2238,#187,.T.);
#1959=EDGE_CURVE('',#2228,#2232,#188,.T.);
#1960=EDGE_CURVE('',#2222,#2226,#189,.T.);
#1961=EDGE_CURVE('',#2216,#2220,#190,.T.);
#1962=EDGE_CURVE('',#2210,#2214,#191,.T.);
#1963=EDGE_CURVE('',#2204,#2208,#192,.T.);
#1964=EDGE_CURVE('',#2198,#2202,#193,.T.);
#1965=EDGE_CURVE('',#2192,#2196,#194,.T.);
#1966=EDGE_CURVE('',#2186,#2190,#195,.T.);
#1967=EDGE_CURVE('',#2180,#2184,#196,.T.);
#1968=EDGE_CURVE('',#2174,#2178,#197,.T.);
#1969=EDGE_CURVE('',#2168,#2172,#198,.T.);
#1970=EDGE_CURVE('',#2162,#2166,#199,.T.);
#1971=EDGE_CURVE('',#2156,#2160,#200,.T.);
#1972=EDGE_CURVE('',#2150,#2154,#201,.T.);
#1973=EDGE_CURVE('',#2144,#2148,#202,.T.);
#1974=EDGE_CURVE('',#2138,#2142,#203,.T.);
#1975=EDGE_CURVE('',#2132,#2136,#204,.T.);
#1976=EDGE_CURVE('',#2126,#2130,#205,.T.);
#1977=EDGE_CURVE('',#2120,#2124,#206,.T.);
#1978=EDGE_CURVE('',#2114,#2118,#207,.T.);
#1979=EDGE_CURVE('',#2108,#2112,#208,.T.);
#1980=EDGE_CURVE('',#2102,#2106,#209,.T.);
#1981=EDGE_CURVE('',#2096,#2100,#210,.T.);
#1982=EDGE_CURVE('',#2090,#2094,#211,.T.);
#1983=EDGE_CURVE('',#2084,#2088,#212,.T.);
#1984=EDGE_CURVE('',#2078,#2082,#213,.T.);
#1985=EDGE_CURVE('',#2072,#2076,#214,.T.);
#1986=EDGE_CURVE('',#2066,#2070,#215,.T.);
#1987=EDGE_CURVE('',#2060,#2064,#216,.T.);
#1988=EDGE_CURVE('',#2054,#2058,#217,.T.);
#1989=EDGE_CURVE('',#2048,#2052,#218,.T.);
#1990=EDGE_CURVE('',#2042,#2046,#219,.T.);
#1991=EDGE_CURVE('',#2036,#2040,#220,.T.);
#1992=EDGE_CURVE('',#2030,#2034,#221,.T.);
#1993=EDGE_CURVE('',#2403,#2403,#222,.T.);
#1994=EDGE_CURVE('',#2404,#2404,#223,.T.);
#1995=EDGE_CURVE('',#2405,#2405,#224,.T.);
#1996=EDGE_CURVE('',#2406,#2406,#225,.T.);
#1997=EDGE_CURVE('',#2407,#2407,#226,.T.);
#1998=EDGE_CURVE('',#2408,#2408,#227,.T.);
#1999=EDGE_CURVE('',#2409,#2410,#2858,.T.);
#2000=EDGE_CURVE('',#2410,#2398,#228,.T.);
#2001=EDGE_CURVE('',#2401,#2411,#229,.T.);
#2002=EDGE_CURVE('',#2411,#2412,#2859,.T.);
#2003=EDGE_CURVE('',#2412,#2409,#230,.T.);
#2004=EDGE_CURVE('',#2413,#2413,#231,.T.);
#2005=EDGE_CURVE('',#2414,#2414,#232,.T.);
#2006=EDGE_CURVE('',#2415,#2415,#233,.T.);
#2007=EDGE_CURVE('',#2416,#2416,#234,.T.);
#2008=EDGE_CURVE('',#2417,#2417,#235,.T.);
#2009=EDGE_CURVE('',#2418,#2418,#236,.T.);
#2010=EDGE_CURVE('',#2419,#2419,#237,.T.);
#2011=EDGE_CURVE('',#2420,#2411,#2860,.T.);
#2012=EDGE_CURVE('',#2420,#2421,#2861,.T.);
#2013=EDGE_CURVE('',#2421,#2412,#2862,.T.);
#2014=EDGE_CURVE('',#2421,#2422,#238,.T.);
#2015=EDGE_CURVE('',#2422,#2409,#2863,.T.);
#2016=EDGE_CURVE('',#2422,#2423,#2864,.T.);
#2017=EDGE_CURVE('',#2423,#2410,#2865,.T.);
#2018=EDGE_CURVE('',#2424,#2424,#239,.T.);
#2019=EDGE_CURVE('',#2425,#2425,#240,.T.);
#2020=EDGE_CURVE('',#2426,#2426,#241,.T.);
#2021=EDGE_CURVE('',#2427,#2427,#242,.T.);
#2022=EDGE_CURVE('',#2423,#2420,#243,.T.);
#2023=EDGE_CURVE('',#2428,#2428,#244,.T.);
#2024=EDGE_CURVE('',#2429,#2429,#245,.T.);
#2025=VERTEX_POINT('',#5685);
#2026=VERTEX_POINT('',#5686);
#2027=VERTEX_POINT('',#5688);
#2028=VERTEX_POINT('',#5690);
#2029=VERTEX_POINT('',#5694);
#2030=VERTEX_POINT('',#5695);
#2031=VERTEX_POINT('',#5700);
#2032=VERTEX_POINT('',#5701);
#2033=VERTEX_POINT('',#5703);
#2034=VERTEX_POINT('',#5705);
#2035=VERTEX_POINT('',#5709);
#2036=VERTEX_POINT('',#5710);
#2037=VERTEX_POINT('',#5715);
#2038=VERTEX_POINT('',#5716);
#2039=VERTEX_POINT('',#5718);
#2040=VERTEX_POINT('',#5720);
#2041=VERTEX_POINT('',#5724);
#2042=VERTEX_POINT('',#5725);
#2043=VERTEX_POINT('',#5730);
#2044=VERTEX_POINT('',#5731);
#2045=VERTEX_POINT('',#5733);
#2046=VERTEX_POINT('',#5735);
#2047=VERTEX_POINT('',#5739);
#2048=VERTEX_POINT('',#5740);
#2049=VERTEX_POINT('',#5745);
#2050=VERTEX_POINT('',#5746);
#2051=VERTEX_POINT('',#5748);
#2052=VERTEX_POINT('',#5750);
#2053=VERTEX_POINT('',#5754);
#2054=VERTEX_POINT('',#5755);
#2055=VERTEX_POINT('',#5760);
#2056=VERTEX_POINT('',#5761);
#2057=VERTEX_POINT('',#5763);
#2058=VERTEX_POINT('',#5765);
#2059=VERTEX_POINT('',#5769);
#2060=VERTEX_POINT('',#5770);
#2061=VERTEX_POINT('',#5775);
#2062=VERTEX_POINT('',#5776);
#2063=VERTEX_POINT('',#5778);
#2064=VERTEX_POINT('',#5780);
#2065=VERTEX_POINT('',#5784);
#2066=VERTEX_POINT('',#5785);
#2067=VERTEX_POINT('',#5790);
#2068=VERTEX_POINT('',#5791);
#2069=VERTEX_POINT('',#5793);
#2070=VERTEX_POINT('',#5795);
#2071=VERTEX_POINT('',#5799);
#2072=VERTEX_POINT('',#5800);
#2073=VERTEX_POINT('',#5805);
#2074=VERTEX_POINT('',#5806);
#2075=VERTEX_POINT('',#5808);
#2076=VERTEX_POINT('',#5810);
#2077=VERTEX_POINT('',#5814);
#2078=VERTEX_POINT('',#5815);
#2079=VERTEX_POINT('',#5820);
#2080=VERTEX_POINT('',#5821);
#2081=VERTEX_POINT('',#5823);
#2082=VERTEX_POINT('',#5825);
#2083=VERTEX_POINT('',#5829);
#2084=VERTEX_POINT('',#5830);
#2085=VERTEX_POINT('',#5835);
#2086=VERTEX_POINT('',#5836);
#2087=VERTEX_POINT('',#5838);
#2088=VERTEX_POINT('',#5840);
#2089=VERTEX_POINT('',#5844);
#2090=VERTEX_POINT('',#5845);
#2091=VERTEX_POINT('',#5850);
#2092=VERTEX_POINT('',#5851);
#2093=VERTEX_POINT('',#5853);
#2094=VERTEX_POINT('',#5855);
#2095=VERTEX_POINT('',#5859);
#2096=VERTEX_POINT('',#5860);
#2097=VERTEX_POINT('',#5865);
#2098=VERTEX_POINT('',#5866);
#2099=VERTEX_POINT('',#5868);
#2100=VERTEX_POINT('',#5870);
#2101=VERTEX_POINT('',#5874);
#2102=VERTEX_POINT('',#5875);
#2103=VERTEX_POINT('',#5880);
#2104=VERTEX_POINT('',#5881);
#2105=VERTEX_POINT('',#5883);
#2106=VERTEX_POINT('',#5885);
#2107=VERTEX_POINT('',#5889);
#2108=VERTEX_POINT('',#5890);
#2109=VERTEX_POINT('',#5895);
#2110=VERTEX_POINT('',#5896);
#2111=VERTEX_POINT('',#5898);
#2112=VERTEX_POINT('',#5900);
#2113=VERTEX_POINT('',#5904);
#2114=VERTEX_POINT('',#5905);
#2115=VERTEX_POINT('',#5910);
#2116=VERTEX_POINT('',#5911);
#2117=VERTEX_POINT('',#5913);
#2118=VERTEX_POINT('',#5915);
#2119=VERTEX_POINT('',#5919);
#2120=VERTEX_POINT('',#5920);
#2121=VERTEX_POINT('',#5925);
#2122=VERTEX_POINT('',#5926);
#2123=VERTEX_POINT('',#5928);
#2124=VERTEX_POINT('',#5930);
#2125=VERTEX_POINT('',#5934);
#2126=VERTEX_POINT('',#5935);
#2127=VERTEX_POINT('',#5940);
#2128=VERTEX_POINT('',#5941);
#2129=VERTEX_POINT('',#5943);
#2130=VERTEX_POINT('',#5945);
#2131=VERTEX_POINT('',#5949);
#2132=VERTEX_POINT('',#5950);
#2133=VERTEX_POINT('',#5955);
#2134=VERTEX_POINT('',#5956);
#2135=VERTEX_POINT('',#5958);
#2136=VERTEX_POINT('',#5960);
#2137=VERTEX_POINT('',#5964);
#2138=VERTEX_POINT('',#5965);
#2139=VERTEX_POINT('',#5970);
#2140=VERTEX_POINT('',#5971);
#2141=VERTEX_POINT('',#5973);
#2142=VERTEX_POINT('',#5975);
#2143=VERTEX_POINT('',#5979);
#2144=VERTEX_POINT('',#5980);
#2145=VERTEX_POINT('',#5985);
#2146=VERTEX_POINT('',#5986);
#2147=VERTEX_POINT('',#5988);
#2148=VERTEX_POINT('',#5990);
#2149=VERTEX_POINT('',#5994);
#2150=VERTEX_POINT('',#5995);
#2151=VERTEX_POINT('',#6000);
#2152=VERTEX_POINT('',#6001);
#2153=VERTEX_POINT('',#6003);
#2154=VERTEX_POINT('',#6005);
#2155=VERTEX_POINT('',#6009);
#2156=VERTEX_POINT('',#6010);
#2157=VERTEX_POINT('',#6015);
#2158=VERTEX_POINT('',#6016);
#2159=VERTEX_POINT('',#6018);
#2160=VERTEX_POINT('',#6020);
#2161=VERTEX_POINT('',#6024);
#2162=VERTEX_POINT('',#6025);
#2163=VERTEX_POINT('',#6030);
#2164=VERTEX_POINT('',#6031);
#2165=VERTEX_POINT('',#6033);
#2166=VERTEX_POINT('',#6035);
#2167=VERTEX_POINT('',#6039);
#2168=VERTEX_POINT('',#6040);
#2169=VERTEX_POINT('',#6045);
#2170=VERTEX_POINT('',#6046);
#2171=VERTEX_POINT('',#6048);
#2172=VERTEX_POINT('',#6050);
#2173=VERTEX_POINT('',#6054);
#2174=VERTEX_POINT('',#6055);
#2175=VERTEX_POINT('',#6060);
#2176=VERTEX_POINT('',#6061);
#2177=VERTEX_POINT('',#6063);
#2178=VERTEX_POINT('',#6065);
#2179=VERTEX_POINT('',#6069);
#2180=VERTEX_POINT('',#6070);
#2181=VERTEX_POINT('',#6075);
#2182=VERTEX_POINT('',#6076);
#2183=VERTEX_POINT('',#6078);
#2184=VERTEX_POINT('',#6080);
#2185=VERTEX_POINT('',#6084);
#2186=VERTEX_POINT('',#6085);
#2187=VERTEX_POINT('',#6090);
#2188=VERTEX_POINT('',#6091);
#2189=VERTEX_POINT('',#6093);
#2190=VERTEX_POINT('',#6095);
#2191=VERTEX_POINT('',#6099);
#2192=VERTEX_POINT('',#6100);
#2193=VERTEX_POINT('',#6105);
#2194=VERTEX_POINT('',#6106);
#2195=VERTEX_POINT('',#6108);
#2196=VERTEX_POINT('',#6110);
#2197=VERTEX_POINT('',#6114);
#2198=VERTEX_POINT('',#6115);
#2199=VERTEX_POINT('',#6120);
#2200=VERTEX_POINT('',#6121);
#2201=VERTEX_POINT('',#6123);
#2202=VERTEX_POINT('',#6125);
#2203=VERTEX_POINT('',#6129);
#2204=VERTEX_POINT('',#6130);
#2205=VERTEX_POINT('',#6135);
#2206=VERTEX_POINT('',#6136);
#2207=VERTEX_POINT('',#6138);
#2208=VERTEX_POINT('',#6140);
#2209=VERTEX_POINT('',#6144);
#2210=VERTEX_POINT('',#6145);
#2211=VERTEX_POINT('',#6150);
#2212=VERTEX_POINT('',#6151);
#2213=VERTEX_POINT('',#6153);
#2214=VERTEX_POINT('',#6155);
#2215=VERTEX_POINT('',#6159);
#2216=VERTEX_POINT('',#6160);
#2217=VERTEX_POINT('',#6165);
#2218=VERTEX_POINT('',#6166);
#2219=VERTEX_POINT('',#6168);
#2220=VERTEX_POINT('',#6170);
#2221=VERTEX_POINT('',#6174);
#2222=VERTEX_POINT('',#6175);
#2223=VERTEX_POINT('',#6180);
#2224=VERTEX_POINT('',#6181);
#2225=VERTEX_POINT('',#6183);
#2226=VERTEX_POINT('',#6185);
#2227=VERTEX_POINT('',#6189);
#2228=VERTEX_POINT('',#6190);
#2229=VERTEX_POINT('',#6195);
#2230=VERTEX_POINT('',#6196);
#2231=VERTEX_POINT('',#6198);
#2232=VERTEX_POINT('',#6200);
#2233=VERTEX_POINT('',#6204);
#2234=VERTEX_POINT('',#6205);
#2235=VERTEX_POINT('',#6210);
#2236=VERTEX_POINT('',#6211);
#2237=VERTEX_POINT('',#6213);
#2238=VERTEX_POINT('',#6215);
#2239=VERTEX_POINT('',#6219);
#2240=VERTEX_POINT('',#6220);
#2241=VERTEX_POINT('',#6225);
#2242=VERTEX_POINT('',#6226);
#2243=VERTEX_POINT('',#6228);
#2244=VERTEX_POINT('',#6230);
#2245=VERTEX_POINT('',#6234);
#2246=VERTEX_POINT('',#6235);
#2247=VERTEX_POINT('',#6240);
#2248=VERTEX_POINT('',#6241);
#2249=VERTEX_POINT('',#6243);
#2250=VERTEX_POINT('',#6245);
#2251=VERTEX_POINT('',#6249);
#2252=VERTEX_POINT('',#6250);
#2253=VERTEX_POINT('',#6255);
#2254=VERTEX_POINT('',#6256);
#2255=VERTEX_POINT('',#6258);
#2256=VERTEX_POINT('',#6260);
#2257=VERTEX_POINT('',#6264);
#2258=VERTEX_POINT('',#6265);
#2259=VERTEX_POINT('',#6270);
#2260=VERTEX_POINT('',#6271);
#2261=VERTEX_POINT('',#6273);
#2262=VERTEX_POINT('',#6275);
#2263=VERTEX_POINT('',#6279);
#2264=VERTEX_POINT('',#6280);
#2265=VERTEX_POINT('',#6285);
#2266=VERTEX_POINT('',#6286);
#2267=VERTEX_POINT('',#6288);
#2268=VERTEX_POINT('',#6290);
#2269=VERTEX_POINT('',#6294);
#2270=VERTEX_POINT('',#6295);
#2271=VERTEX_POINT('',#6300);
#2272=VERTEX_POINT('',#6301);
#2273=VERTEX_POINT('',#6303);
#2274=VERTEX_POINT('',#6305);
#2275=VERTEX_POINT('',#6309);
#2276=VERTEX_POINT('',#6310);
#2277=VERTEX_POINT('',#6315);
#2278=VERTEX_POINT('',#6316);
#2279=VERTEX_POINT('',#6318);
#2280=VERTEX_POINT('',#6320);
#2281=VERTEX_POINT('',#6324);
#2282=VERTEX_POINT('',#6325);
#2283=VERTEX_POINT('',#6330);
#2284=VERTEX_POINT('',#6331);
#2285=VERTEX_POINT('',#6333);
#2286=VERTEX_POINT('',#6335);
#2287=VERTEX_POINT('',#6339);
#2288=VERTEX_POINT('',#6340);
#2289=VERTEX_POINT('',#6345);
#2290=VERTEX_POINT('',#6346);
#2291=VERTEX_POINT('',#6348);
#2292=VERTEX_POINT('',#6350);
#2293=VERTEX_POINT('',#6354);
#2294=VERTEX_POINT('',#6355);
#2295=VERTEX_POINT('',#6360);
#2296=VERTEX_POINT('',#6361);
#2297=VERTEX_POINT('',#6363);
#2298=VERTEX_POINT('',#6365);
#2299=VERTEX_POINT('',#6369);
#2300=VERTEX_POINT('',#6370);
#2301=VERTEX_POINT('',#6375);
#2302=VERTEX_POINT('',#6376);
#2303=VERTEX_POINT('',#6378);
#2304=VERTEX_POINT('',#6380);
#2305=VERTEX_POINT('',#6384);
#2306=VERTEX_POINT('',#6385);
#2307=VERTEX_POINT('',#6390);
#2308=VERTEX_POINT('',#6391);
#2309=VERTEX_POINT('',#6393);
#2310=VERTEX_POINT('',#6395);
#2311=VERTEX_POINT('',#6399);
#2312=VERTEX_POINT('',#6400);
#2313=VERTEX_POINT('',#6405);
#2314=VERTEX_POINT('',#6406);
#2315=VERTEX_POINT('',#6408);
#2316=VERTEX_POINT('',#6410);
#2317=VERTEX_POINT('',#6414);
#2318=VERTEX_POINT('',#6415);
#2319=VERTEX_POINT('',#6420);
#2320=VERTEX_POINT('',#6421);
#2321=VERTEX_POINT('',#6423);
#2322=VERTEX_POINT('',#6425);
#2323=VERTEX_POINT('',#6429);
#2324=VERTEX_POINT('',#6430);
#2325=VERTEX_POINT('',#6435);
#2326=VERTEX_POINT('',#6436);
#2327=VERTEX_POINT('',#6438);
#2328=VERTEX_POINT('',#6440);
#2329=VERTEX_POINT('',#6444);
#2330=VERTEX_POINT('',#6445);
#2331=VERTEX_POINT('',#6450);
#2332=VERTEX_POINT('',#6451);
#2333=VERTEX_POINT('',#6453);
#2334=VERTEX_POINT('',#6455);
#2335=VERTEX_POINT('',#6459);
#2336=VERTEX_POINT('',#6460);
#2337=VERTEX_POINT('',#6465);
#2338=VERTEX_POINT('',#6466);
#2339=VERTEX_POINT('',#6468);
#2340=VERTEX_POINT('',#6470);
#2341=VERTEX_POINT('',#6474);
#2342=VERTEX_POINT('',#6475);
#2343=VERTEX_POINT('',#6480);
#2344=VERTEX_POINT('',#6481);
#2345=VERTEX_POINT('',#6483);
#2346=VERTEX_POINT('',#6485);
#2347=VERTEX_POINT('',#6489);
#2348=VERTEX_POINT('',#6490);
#2349=VERTEX_POINT('',#6495);
#2350=VERTEX_POINT('',#6496);
#2351=VERTEX_POINT('',#6498);
#2352=VERTEX_POINT('',#6500);
#2353=VERTEX_POINT('',#6504);
#2354=VERTEX_POINT('',#6505);
#2355=VERTEX_POINT('',#6510);
#2356=VERTEX_POINT('',#6511);
#2357=VERTEX_POINT('',#6513);
#2358=VERTEX_POINT('',#6515);
#2359=VERTEX_POINT('',#6519);
#2360=VERTEX_POINT('',#6520);
#2361=VERTEX_POINT('',#6525);
#2362=VERTEX_POINT('',#6526);
#2363=VERTEX_POINT('',#6528);
#2364=VERTEX_POINT('',#6530);
#2365=VERTEX_POINT('',#6534);
#2366=VERTEX_POINT('',#6535);
#2367=VERTEX_POINT('',#6540);
#2368=VERTEX_POINT('',#6541);
#2369=VERTEX_POINT('',#6543);
#2370=VERTEX_POINT('',#6545);
#2371=VERTEX_POINT('',#6549);
#2372=VERTEX_POINT('',#6550);
#2373=VERTEX_POINT('',#6555);
#2374=VERTEX_POINT('',#6556);
#2375=VERTEX_POINT('',#6558);
#2376=VERTEX_POINT('',#6560);
#2377=VERTEX_POINT('',#6564);
#2378=VERTEX_POINT('',#6565);
#2379=VERTEX_POINT('',#6570);
#2380=VERTEX_POINT('',#6571);
#2381=VERTEX_POINT('',#6573);
#2382=VERTEX_POINT('',#6575);
#2383=VERTEX_POINT('',#6579);
#2384=VERTEX_POINT('',#6580);
#2385=VERTEX_POINT('',#6585);
#2386=VERTEX_POINT('',#6587);
#2387=VERTEX_POINT('',#6652);
#2388=VERTEX_POINT('',#6655);
#2389=VERTEX_POINT('',#6656);
#2390=VERTEX_POINT('',#6658);
#2391=VERTEX_POINT('',#6660);
#2392=VERTEX_POINT('',#6663);
#2393=VERTEX_POINT('',#6665);
#2394=VERTEX_POINT('',#6667);
#2395=VERTEX_POINT('',#6669);
#2396=VERTEX_POINT('',#6671);
#2397=VERTEX_POINT('',#6673);
#2398=VERTEX_POINT('',#6676);
#2399=VERTEX_POINT('',#6677);
#2400=VERTEX_POINT('',#6682);
#2401=VERTEX_POINT('',#6686);
#2402=VERTEX_POINT('',#6690);
#2403=VERTEX_POINT('',#6752);
#2404=VERTEX_POINT('',#6754);
#2405=VERTEX_POINT('',#6756);
#2406=VERTEX_POINT('',#6758);
#2407=VERTEX_POINT('',#6760);
#2408=VERTEX_POINT('',#6762);
#2409=VERTEX_POINT('',#6764);
#2410=VERTEX_POINT('',#6765);
#2411=VERTEX_POINT('',#6768);
#2412=VERTEX_POINT('',#6770);
#2413=VERTEX_POINT('',#6773);
#2414=VERTEX_POINT('',#6775);
#2415=VERTEX_POINT('',#6777);
#2416=VERTEX_POINT('',#6779);
#2417=VERTEX_POINT('',#6781);
#2418=VERTEX_POINT('',#6783);
#2419=VERTEX_POINT('',#6785);
#2420=VERTEX_POINT('',#6788);
#2421=VERTEX_POINT('',#6790);
#2422=VERTEX_POINT('',#6794);
#2423=VERTEX_POINT('',#6798);
#2424=VERTEX_POINT('',#6802);
#2425=VERTEX_POINT('',#6804);
#2426=VERTEX_POINT('',#6806);
#2427=VERTEX_POINT('',#6808);
#2428=VERTEX_POINT('',#6811);
#2429=VERTEX_POINT('',#6813);
#2430=LINE('',#5684,#2866);
#2431=LINE('',#5687,#2867);
#2432=LINE('',#5689,#2868);
#2433=LINE('',#5691,#2869);
#2434=LINE('',#5693,#2870);
#2435=LINE('',#5696,#2871);
#2436=LINE('',#5697,#2872);
#2437=LINE('',#5699,#2873);
#2438=LINE('',#5702,#2874);
#2439=LINE('',#5704,#2875);
#2440=LINE('',#5706,#2876);
#2441=LINE('',#5708,#2877);
#2442=LINE('',#5711,#2878);
#2443=LINE('',#5712,#2879);
#2444=LINE('',#5714,#2880);
#2445=LINE('',#5717,#2881);
#2446=LINE('',#5719,#2882);
#2447=LINE('',#5721,#2883);
#2448=LINE('',#5723,#2884);
#2449=LINE('',#5726,#2885);
#2450=LINE('',#5727,#2886);
#2451=LINE('',#5729,#2887);
#2452=LINE('',#5732,#2888);
#2453=LINE('',#5734,#2889);
#2454=LINE('',#5736,#2890);
#2455=LINE('',#5738,#2891);
#2456=LINE('',#5741,#2892);
#2457=LINE('',#5742,#2893);
#2458=LINE('',#5744,#2894);
#2459=LINE('',#5747,#2895);
#2460=LINE('',#5749,#2896);
#2461=LINE('',#5751,#2897);
#2462=LINE('',#5753,#2898);
#2463=LINE('',#5756,#2899);
#2464=LINE('',#5757,#2900);
#2465=LINE('',#5759,#2901);
#2466=LINE('',#5762,#2902);
#2467=LINE('',#5764,#2903);
#2468=LINE('',#5766,#2904);
#2469=LINE('',#5768,#2905);
#2470=LINE('',#5771,#2906);
#2471=LINE('',#5772,#2907);
#2472=LINE('',#5774,#2908);
#2473=LINE('',#5777,#2909);
#2474=LINE('',#5779,#2910);
#2475=LINE('',#5781,#2911);
#2476=LINE('',#5783,#2912);
#2477=LINE('',#5786,#2913);
#2478=LINE('',#5787,#2914);
#2479=LINE('',#5789,#2915);
#2480=LINE('',#5792,#2916);
#2481=LINE('',#5794,#2917);
#2482=LINE('',#5796,#2918);
#2483=LINE('',#5798,#2919);
#2484=LINE('',#5801,#2920);
#2485=LINE('',#5802,#2921);
#2486=LINE('',#5804,#2922);
#2487=LINE('',#5807,#2923);
#2488=LINE('',#5809,#2924);
#2489=LINE('',#5811,#2925);
#2490=LINE('',#5813,#2926);
#2491=LINE('',#5816,#2927);
#2492=LINE('',#5817,#2928);
#2493=LINE('',#5819,#2929);
#2494=LINE('',#5822,#2930);
#2495=LINE('',#5824,#2931);
#2496=LINE('',#5826,#2932);
#2497=LINE('',#5828,#2933);
#2498=LINE('',#5831,#2934);
#2499=LINE('',#5832,#2935);
#2500=LINE('',#5834,#2936);
#2501=LINE('',#5837,#2937);
#2502=LINE('',#5839,#2938);
#2503=LINE('',#5841,#2939);
#2504=LINE('',#5843,#2940);
#2505=LINE('',#5846,#2941);
#2506=LINE('',#5847,#2942);
#2507=LINE('',#5849,#2943);
#2508=LINE('',#5852,#2944);
#2509=LINE('',#5854,#2945);
#2510=LINE('',#5856,#2946);
#2511=LINE('',#5858,#2947);
#2512=LINE('',#5861,#2948);
#2513=LINE('',#5862,#2949);
#2514=LINE('',#5864,#2950);
#2515=LINE('',#5867,#2951);
#2516=LINE('',#5869,#2952);
#2517=LINE('',#5871,#2953);
#2518=LINE('',#5873,#2954);
#2519=LINE('',#5876,#2955);
#2520=LINE('',#5877,#2956);
#2521=LINE('',#5879,#2957);
#2522=LINE('',#5882,#2958);
#2523=LINE('',#5884,#2959);
#2524=LINE('',#5886,#2960);
#2525=LINE('',#5888,#2961);
#2526=LINE('',#5891,#2962);
#2527=LINE('',#5892,#2963);
#2528=LINE('',#5894,#2964);
#2529=LINE('',#5897,#2965);
#2530=LINE('',#5899,#2966);
#2531=LINE('',#5901,#2967);
#2532=LINE('',#5903,#2968);
#2533=LINE('',#5906,#2969);
#2534=LINE('',#5907,#2970);
#2535=LINE('',#5909,#2971);
#2536=LINE('',#5912,#2972);
#2537=LINE('',#5914,#2973);
#2538=LINE('',#5916,#2974);
#2539=LINE('',#5918,#2975);
#2540=LINE('',#5921,#2976);
#2541=LINE('',#5922,#2977);
#2542=LINE('',#5924,#2978);
#2543=LINE('',#5927,#2979);
#2544=LINE('',#5929,#2980);
#2545=LINE('',#5931,#2981);
#2546=LINE('',#5933,#2982);
#2547=LINE('',#5936,#2983);
#2548=LINE('',#5937,#2984);
#2549=LINE('',#5939,#2985);
#2550=LINE('',#5942,#2986);
#2551=LINE('',#5944,#2987);
#2552=LINE('',#5946,#2988);
#2553=LINE('',#5948,#2989);
#2554=LINE('',#5951,#2990);
#2555=LINE('',#5952,#2991);
#2556=LINE('',#5954,#2992);
#2557=LINE('',#5957,#2993);
#2558=LINE('',#5959,#2994);
#2559=LINE('',#5961,#2995);
#2560=LINE('',#5963,#2996);
#2561=LINE('',#5966,#2997);
#2562=LINE('',#5967,#2998);
#2563=LINE('',#5969,#2999);
#2564=LINE('',#5972,#3000);
#2565=LINE('',#5974,#3001);
#2566=LINE('',#5976,#3002);
#2567=LINE('',#5978,#3003);
#2568=LINE('',#5981,#3004);
#2569=LINE('',#5982,#3005);
#2570=LINE('',#5984,#3006);
#2571=LINE('',#5987,#3007);
#2572=LINE('',#5989,#3008);
#2573=LINE('',#5991,#3009);
#2574=LINE('',#5993,#3010);
#2575=LINE('',#5996,#3011);
#2576=LINE('',#5997,#3012);
#2577=LINE('',#5999,#3013);
#2578=LINE('',#6002,#3014);
#2579=LINE('',#6004,#3015);
#2580=LINE('',#6006,#3016);
#2581=LINE('',#6008,#3017);
#2582=LINE('',#6011,#3018);
#2583=LINE('',#6012,#3019);
#2584=LINE('',#6014,#3020);
#2585=LINE('',#6017,#3021);
#2586=LINE('',#6019,#3022);
#2587=LINE('',#6021,#3023);
#2588=LINE('',#6023,#3024);
#2589=LINE('',#6026,#3025);
#2590=LINE('',#6027,#3026);
#2591=LINE('',#6029,#3027);
#2592=LINE('',#6032,#3028);
#2593=LINE('',#6034,#3029);
#2594=LINE('',#6036,#3030);
#2595=LINE('',#6038,#3031);
#2596=LINE('',#6041,#3032);
#2597=LINE('',#6042,#3033);
#2598=LINE('',#6044,#3034);
#2599=LINE('',#6047,#3035);
#2600=LINE('',#6049,#3036);
#2601=LINE('',#6051,#3037);
#2602=LINE('',#6053,#3038);
#2603=LINE('',#6056,#3039);
#2604=LINE('',#6057,#3040);
#2605=LINE('',#6059,#3041);
#2606=LINE('',#6062,#3042);
#2607=LINE('',#6064,#3043);
#2608=LINE('',#6066,#3044);
#2609=LINE('',#6068,#3045);
#2610=LINE('',#6071,#3046);
#2611=LINE('',#6072,#3047);
#2612=LINE('',#6074,#3048);
#2613=LINE('',#6077,#3049);
#2614=LINE('',#6079,#3050);
#2615=LINE('',#6081,#3051);
#2616=LINE('',#6083,#3052);
#2617=LINE('',#6086,#3053);
#2618=LINE('',#6087,#3054);
#2619=LINE('',#6089,#3055);
#2620=LINE('',#6092,#3056);
#2621=LINE('',#6094,#3057);
#2622=LINE('',#6096,#3058);
#2623=LINE('',#6098,#3059);
#2624=LINE('',#6101,#3060);
#2625=LINE('',#6102,#3061);
#2626=LINE('',#6104,#3062);
#2627=LINE('',#6107,#3063);
#2628=LINE('',#6109,#3064);
#2629=LINE('',#6111,#3065);
#2630=LINE('',#6113,#3066);
#2631=LINE('',#6116,#3067);
#2632=LINE('',#6117,#3068);
#2633=LINE('',#6119,#3069);
#2634=LINE('',#6122,#3070);
#2635=LINE('',#6124,#3071);
#2636=LINE('',#6126,#3072);
#2637=LINE('',#6128,#3073);
#2638=LINE('',#6131,#3074);
#2639=LINE('',#6132,#3075);
#2640=LINE('',#6134,#3076);
#2641=LINE('',#6137,#3077);
#2642=LINE('',#6139,#3078);
#2643=LINE('',#6141,#3079);
#2644=LINE('',#6143,#3080);
#2645=LINE('',#6146,#3081);
#2646=LINE('',#6147,#3082);
#2647=LINE('',#6149,#3083);
#2648=LINE('',#6152,#3084);
#2649=LINE('',#6154,#3085);
#2650=LINE('',#6156,#3086);
#2651=LINE('',#6158,#3087);
#2652=LINE('',#6161,#3088);
#2653=LINE('',#6162,#3089);
#2654=LINE('',#6164,#3090);
#2655=LINE('',#6167,#3091);
#2656=LINE('',#6169,#3092);
#2657=LINE('',#6171,#3093);
#2658=LINE('',#6173,#3094);
#2659=LINE('',#6176,#3095);
#2660=LINE('',#6177,#3096);
#2661=LINE('',#6179,#3097);
#2662=LINE('',#6182,#3098);
#2663=LINE('',#6184,#3099);
#2664=LINE('',#6186,#3100);
#2665=LINE('',#6188,#3101);
#2666=LINE('',#6191,#3102);
#2667=LINE('',#6192,#3103);
#2668=LINE('',#6194,#3104);
#2669=LINE('',#6197,#3105);
#2670=LINE('',#6199,#3106);
#2671=LINE('',#6201,#3107);
#2672=LINE('',#6203,#3108);
#2673=LINE('',#6206,#3109);
#2674=LINE('',#6207,#3110);
#2675=LINE('',#6209,#3111);
#2676=LINE('',#6212,#3112);
#2677=LINE('',#6214,#3113);
#2678=LINE('',#6216,#3114);
#2679=LINE('',#6218,#3115);
#2680=LINE('',#6221,#3116);
#2681=LINE('',#6222,#3117);
#2682=LINE('',#6224,#3118);
#2683=LINE('',#6227,#3119);
#2684=LINE('',#6229,#3120);
#2685=LINE('',#6231,#3121);
#2686=LINE('',#6233,#3122);
#2687=LINE('',#6236,#3123);
#2688=LINE('',#6237,#3124);
#2689=LINE('',#6239,#3125);
#2690=LINE('',#6242,#3126);
#2691=LINE('',#6244,#3127);
#2692=LINE('',#6246,#3128);
#2693=LINE('',#6248,#3129);
#2694=LINE('',#6251,#3130);
#2695=LINE('',#6252,#3131);
#2696=LINE('',#6254,#3132);
#2697=LINE('',#6257,#3133);
#2698=LINE('',#6259,#3134);
#2699=LINE('',#6261,#3135);
#2700=LINE('',#6263,#3136);
#2701=LINE('',#6266,#3137);
#2702=LINE('',#6267,#3138);
#2703=LINE('',#6269,#3139);
#2704=LINE('',#6272,#3140);
#2705=LINE('',#6274,#3141);
#2706=LINE('',#6276,#3142);
#2707=LINE('',#6278,#3143);
#2708=LINE('',#6281,#3144);
#2709=LINE('',#6282,#3145);
#2710=LINE('',#6284,#3146);
#2711=LINE('',#6287,#3147);
#2712=LINE('',#6289,#3148);
#2713=LINE('',#6291,#3149);
#2714=LINE('',#6293,#3150);
#2715=LINE('',#6296,#3151);
#2716=LINE('',#6297,#3152);
#2717=LINE('',#6299,#3153);
#2718=LINE('',#6302,#3154);
#2719=LINE('',#6304,#3155);
#2720=LINE('',#6306,#3156);
#2721=LINE('',#6308,#3157);
#2722=LINE('',#6311,#3158);
#2723=LINE('',#6312,#3159);
#2724=LINE('',#6314,#3160);
#2725=LINE('',#6317,#3161);
#2726=LINE('',#6319,#3162);
#2727=LINE('',#6321,#3163);
#2728=LINE('',#6323,#3164);
#2729=LINE('',#6326,#3165);
#2730=LINE('',#6327,#3166);
#2731=LINE('',#6329,#3167);
#2732=LINE('',#6332,#3168);
#2733=LINE('',#6334,#3169);
#2734=LINE('',#6336,#3170);
#2735=LINE('',#6338,#3171);
#2736=LINE('',#6341,#3172);
#2737=LINE('',#6342,#3173);
#2738=LINE('',#6344,#3174);
#2739=LINE('',#6347,#3175);
#2740=LINE('',#6349,#3176);
#2741=LINE('',#6351,#3177);
#2742=LINE('',#6353,#3178);
#2743=LINE('',#6356,#3179);
#2744=LINE('',#6357,#3180);
#2745=LINE('',#6359,#3181);
#2746=LINE('',#6362,#3182);
#2747=LINE('',#6364,#3183);
#2748=LINE('',#6366,#3184);
#2749=LINE('',#6368,#3185);
#2750=LINE('',#6371,#3186);
#2751=LINE('',#6372,#3187);
#2752=LINE('',#6374,#3188);
#2753=LINE('',#6377,#3189);
#2754=LINE('',#6379,#3190);
#2755=LINE('',#6381,#3191);
#2756=LINE('',#6383,#3192);
#2757=LINE('',#6386,#3193);
#2758=LINE('',#6387,#3194);
#2759=LINE('',#6389,#3195);
#2760=LINE('',#6392,#3196);
#2761=LINE('',#6394,#3197);
#2762=LINE('',#6396,#3198);
#2763=LINE('',#6398,#3199);
#2764=LINE('',#6401,#3200);
#2765=LINE('',#6402,#3201);
#2766=LINE('',#6404,#3202);
#2767=LINE('',#6407,#3203);
#2768=LINE('',#6409,#3204);
#2769=LINE('',#6411,#3205);
#2770=LINE('',#6413,#3206);
#2771=LINE('',#6416,#3207);
#2772=LINE('',#6417,#3208);
#2773=LINE('',#6419,#3209);
#2774=LINE('',#6422,#3210);
#2775=LINE('',#6424,#3211);
#2776=LINE('',#6426,#3212);
#2777=LINE('',#6428,#3213);
#2778=LINE('',#6431,#3214);
#2779=LINE('',#6432,#3215);
#2780=LINE('',#6434,#3216);
#2781=LINE('',#6437,#3217);
#2782=LINE('',#6439,#3218);
#2783=LINE('',#6441,#3219);
#2784=LINE('',#6443,#3220);
#2785=LINE('',#6446,#3221);
#2786=LINE('',#6447,#3222);
#2787=LINE('',#6449,#3223);
#2788=LINE('',#6452,#3224);
#2789=LINE('',#6454,#3225);
#2790=LINE('',#6456,#3226);
#2791=LINE('',#6458,#3227);
#2792=LINE('',#6461,#3228);
#2793=LINE('',#6462,#3229);
#2794=LINE('',#6464,#3230);
#2795=LINE('',#6467,#3231);
#2796=LINE('',#6469,#3232);
#2797=LINE('',#6471,#3233);
#2798=LINE('',#6473,#3234);
#2799=LINE('',#6476,#3235);
#2800=LINE('',#6477,#3236);
#2801=LINE('',#6479,#3237);
#2802=LINE('',#6482,#3238);
#2803=LINE('',#6484,#3239);
#2804=LINE('',#6486,#3240);
#2805=LINE('',#6488,#3241);
#2806=LINE('',#6491,#3242);
#2807=LINE('',#6492,#3243);
#2808=LINE('',#6494,#3244);
#2809=LINE('',#6497,#3245);
#2810=LINE('',#6499,#3246);
#2811=LINE('',#6501,#3247);
#2812=LINE('',#6503,#3248);
#2813=LINE('',#6506,#3249);
#2814=LINE('',#6507,#3250);
#2815=LINE('',#6509,#3251);
#2816=LINE('',#6512,#3252);
#2817=LINE('',#6514,#3253);
#2818=LINE('',#6516,#3254);
#2819=LINE('',#6518,#3255);
#2820=LINE('',#6521,#3256);
#2821=LINE('',#6522,#3257);
#2822=LINE('',#6524,#3258);
#2823=LINE('',#6527,#3259);
#2824=LINE('',#6529,#3260);
#2825=LINE('',#6531,#3261);
#2826=LINE('',#6533,#3262);
#2827=LINE('',#6536,#3263);
#2828=LINE('',#6537,#3264);
#2829=LINE('',#6539,#3265);
#2830=LINE('',#6542,#3266);
#2831=LINE('',#6544,#3267);
#2832=LINE('',#6546,#3268);
#2833=LINE('',#6548,#3269);
#2834=LINE('',#6551,#3270);
#2835=LINE('',#6552,#3271);
#2836=LINE('',#6554,#3272);
#2837=LINE('',#6557,#3273);
#2838=LINE('',#6559,#3274);
#2839=LINE('',#6561,#3275);
#2840=LINE('',#6563,#3276);
#2841=LINE('',#6566,#3277);
#2842=LINE('',#6567,#3278);
#2843=LINE('',#6569,#3279);
#2844=LINE('',#6572,#3280);
#2845=LINE('',#6574,#3281);
#2846=LINE('',#6576,#3282);
#2847=LINE('',#6578,#3283);
#2848=LINE('',#6581,#3284);
#2849=LINE('',#6582,#3285);
#2850=LINE('',#6657,#3286);
#2851=LINE('',#6661,#3287);
#2852=LINE('',#6675,#3288);
#2853=LINE('',#6678,#3289);
#2854=LINE('',#6679,#3290);
#2855=LINE('',#6683,#3291);
#2856=LINE('',#6685,#3292);
#2857=LINE('',#6687,#3293);
#2858=LINE('',#6763,#3294);
#2859=LINE('',#6769,#3295);
#2860=LINE('',#6787,#3296);
#2861=LINE('',#6789,#3297);
#2862=LINE('',#6791,#3298);
#2863=LINE('',#6795,#3299);
#2864=LINE('',#6797,#3300);
#2865=LINE('',#6799,#3301);
#2866=VECTOR('',#4520,1.);
#2867=VECTOR('',#4521,1.);
#2868=VECTOR('',#4522,1.);
#2869=VECTOR('',#4523,1.);
#2870=VECTOR('',#4526,1.);
#2871=VECTOR('',#4527,1.);
#2872=VECTOR('',#4528,1.);
#2873=VECTOR('',#4531,1.);
#2874=VECTOR('',#4532,1.);
#2875=VECTOR('',#4533,1.);
#2876=VECTOR('',#4534,1.);
#2877=VECTOR('',#4537,1.);
#2878=VECTOR('',#4538,1.);
#2879=VECTOR('',#4539,1.);
#2880=VECTOR('',#4542,1.);
#2881=VECTOR('',#4543,1.);
#2882=VECTOR('',#4544,1.);
#2883=VECTOR('',#4545,1.);
#2884=VECTOR('',#4548,1.);
#2885=VECTOR('',#4549,1.);
#2886=VECTOR('',#4550,1.);
#2887=VECTOR('',#4553,1.);
#2888=VECTOR('',#4554,1.);
#2889=VECTOR('',#4555,1.);
#2890=VECTOR('',#4556,1.);
#2891=VECTOR('',#4559,1.);
#2892=VECTOR('',#4560,1.);
#2893=VECTOR('',#4561,1.);
#2894=VECTOR('',#4564,1.);
#2895=VECTOR('',#4565,1.);
#2896=VECTOR('',#4566,1.);
#2897=VECTOR('',#4567,1.);
#2898=VECTOR('',#4570,1.);
#2899=VECTOR('',#4571,1.);
#2900=VECTOR('',#4572,1.);
#2901=VECTOR('',#4575,1.);
#2902=VECTOR('',#4576,1.);
#2903=VECTOR('',#4577,1.);
#2904=VECTOR('',#4578,1.);
#2905=VECTOR('',#4581,1.);
#2906=VECTOR('',#4582,1.);
#2907=VECTOR('',#4583,1.);
#2908=VECTOR('',#4586,1.);
#2909=VECTOR('',#4587,1.);
#2910=VECTOR('',#4588,1.);
#2911=VECTOR('',#4589,1.);
#2912=VECTOR('',#4592,1.);
#2913=VECTOR('',#4593,1.);
#2914=VECTOR('',#4594,1.);
#2915=VECTOR('',#4597,1.);
#2916=VECTOR('',#4598,1.);
#2917=VECTOR('',#4599,1.);
#2918=VECTOR('',#4600,1.);
#2919=VECTOR('',#4603,1.);
#2920=VECTOR('',#4604,1.);
#2921=VECTOR('',#4605,1.);
#2922=VECTOR('',#4608,1.);
#2923=VECTOR('',#4609,1.);
#2924=VECTOR('',#4610,1.);
#2925=VECTOR('',#4611,1.);
#2926=VECTOR('',#4614,1.);
#2927=VECTOR('',#4615,1.);
#2928=VECTOR('',#4616,1.);
#2929=VECTOR('',#4619,1.);
#2930=VECTOR('',#4620,1.);
#2931=VECTOR('',#4621,1.);
#2932=VECTOR('',#4622,1.);
#2933=VECTOR('',#4625,1.);
#2934=VECTOR('',#4626,1.);
#2935=VECTOR('',#4627,1.);
#2936=VECTOR('',#4630,1.);
#2937=VECTOR('',#4631,1.);
#2938=VECTOR('',#4632,1.);
#2939=VECTOR('',#4633,1.);
#2940=VECTOR('',#4636,1.);
#2941=VECTOR('',#4637,1.);
#2942=VECTOR('',#4638,1.);
#2943=VECTOR('',#4641,1.);
#2944=VECTOR('',#4642,1.);
#2945=VECTOR('',#4643,1.);
#2946=VECTOR('',#4644,1.);
#2947=VECTOR('',#4647,1.);
#2948=VECTOR('',#4648,1.);
#2949=VECTOR('',#4649,1.);
#2950=VECTOR('',#4652,1.);
#2951=VECTOR('',#4653,1.);
#2952=VECTOR('',#4654,1.);
#2953=VECTOR('',#4655,1.);
#2954=VECTOR('',#4658,1.);
#2955=VECTOR('',#4659,1.);
#2956=VECTOR('',#4660,1.);
#2957=VECTOR('',#4663,1.);
#2958=VECTOR('',#4664,1.);
#2959=VECTOR('',#4665,1.);
#2960=VECTOR('',#4666,1.);
#2961=VECTOR('',#4669,1.);
#2962=VECTOR('',#4670,1.);
#2963=VECTOR('',#4671,1.);
#2964=VECTOR('',#4674,1.);
#2965=VECTOR('',#4675,1.);
#2966=VECTOR('',#4676,1.);
#2967=VECTOR('',#4677,1.);
#2968=VECTOR('',#4680,1.);
#2969=VECTOR('',#4681,1.);
#2970=VECTOR('',#4682,1.);
#2971=VECTOR('',#4685,1.);
#2972=VECTOR('',#4686,1.);
#2973=VECTOR('',#4687,1.);
#2974=VECTOR('',#4688,1.);
#2975=VECTOR('',#4691,1.);
#2976=VECTOR('',#4692,1.);
#2977=VECTOR('',#4693,1.);
#2978=VECTOR('',#4696,1.);
#2979=VECTOR('',#4697,1.);
#2980=VECTOR('',#4698,1.);
#2981=VECTOR('',#4699,1.);
#2982=VECTOR('',#4702,1.);
#2983=VECTOR('',#4703,1.);
#2984=VECTOR('',#4704,1.);
#2985=VECTOR('',#4707,1.);
#2986=VECTOR('',#4708,1.);
#2987=VECTOR('',#4709,1.);
#2988=VECTOR('',#4710,1.);
#2989=VECTOR('',#4713,1.);
#2990=VECTOR('',#4714,1.);
#2991=VECTOR('',#4715,1.);
#2992=VECTOR('',#4718,1.);
#2993=VECTOR('',#4719,1.);
#2994=VECTOR('',#4720,1.);
#2995=VECTOR('',#4721,1.);
#2996=VECTOR('',#4724,1.);
#2997=VECTOR('',#4725,1.);
#2998=VECTOR('',#4726,1.);
#2999=VECTOR('',#4729,1.);
#3000=VECTOR('',#4730,1.);
#3001=VECTOR('',#4731,1.);
#3002=VECTOR('',#4732,1.);
#3003=VECTOR('',#4735,1.);
#3004=VECTOR('',#4736,1.);
#3005=VECTOR('',#4737,1.);
#3006=VECTOR('',#4740,1.);
#3007=VECTOR('',#4741,1.);
#3008=VECTOR('',#4742,1.);
#3009=VECTOR('',#4743,1.);
#3010=VECTOR('',#4746,1.);
#3011=VECTOR('',#4747,1.);
#3012=VECTOR('',#4748,1.);
#3013=VECTOR('',#4751,1.);
#3014=VECTOR('',#4752,1.);
#3015=VECTOR('',#4753,1.);
#3016=VECTOR('',#4754,1.);
#3017=VECTOR('',#4757,1.);
#3018=VECTOR('',#4758,1.);
#3019=VECTOR('',#4759,1.);
#3020=VECTOR('',#4762,1.);
#3021=VECTOR('',#4763,1.);
#3022=VECTOR('',#4764,1.);
#3023=VECTOR('',#4765,1.);
#3024=VECTOR('',#4768,1.);
#3025=VECTOR('',#4769,1.);
#3026=VECTOR('',#4770,1.);
#3027=VECTOR('',#4773,1.);
#3028=VECTOR('',#4774,1.);
#3029=VECTOR('',#4775,1.);
#3030=VECTOR('',#4776,1.);
#3031=VECTOR('',#4779,1.);
#3032=VECTOR('',#4780,1.);
#3033=VECTOR('',#4781,1.);
#3034=VECTOR('',#4784,1.);
#3035=VECTOR('',#4785,1.);
#3036=VECTOR('',#4786,1.);
#3037=VECTOR('',#4787,1.);
#3038=VECTOR('',#4790,1.);
#3039=VECTOR('',#4791,1.);
#3040=VECTOR('',#4792,1.);
#3041=VECTOR('',#4795,1.);
#3042=VECTOR('',#4796,1.);
#3043=VECTOR('',#4797,1.);
#3044=VECTOR('',#4798,1.);
#3045=VECTOR('',#4801,1.);
#3046=VECTOR('',#4802,1.);
#3047=VECTOR('',#4803,1.);
#3048=VECTOR('',#4806,1.);
#3049=VECTOR('',#4807,1.);
#3050=VECTOR('',#4808,1.);
#3051=VECTOR('',#4809,1.);
#3052=VECTOR('',#4812,1.);
#3053=VECTOR('',#4813,1.);
#3054=VECTOR('',#4814,1.);
#3055=VECTOR('',#4817,1.);
#3056=VECTOR('',#4818,1.);
#3057=VECTOR('',#4819,1.);
#3058=VECTOR('',#4820,1.);
#3059=VECTOR('',#4823,1.);
#3060=VECTOR('',#4824,1.);
#3061=VECTOR('',#4825,1.);
#3062=VECTOR('',#4828,1.);
#3063=VECTOR('',#4829,1.);
#3064=VECTOR('',#4830,1.);
#3065=VECTOR('',#4831,1.);
#3066=VECTOR('',#4834,1.);
#3067=VECTOR('',#4835,1.);
#3068=VECTOR('',#4836,1.);
#3069=VECTOR('',#4839,1.);
#3070=VECTOR('',#4840,1.);
#3071=VECTOR('',#4841,1.);
#3072=VECTOR('',#4842,1.);
#3073=VECTOR('',#4845,1.);
#3074=VECTOR('',#4846,1.);
#3075=VECTOR('',#4847,1.);
#3076=VECTOR('',#4850,1.);
#3077=VECTOR('',#4851,1.);
#3078=VECTOR('',#4852,1.);
#3079=VECTOR('',#4853,1.);
#3080=VECTOR('',#4856,1.);
#3081=VECTOR('',#4857,1.);
#3082=VECTOR('',#4858,1.);
#3083=VECTOR('',#4861,1.);
#3084=VECTOR('',#4862,1.);
#3085=VECTOR('',#4863,1.);
#3086=VECTOR('',#4864,1.);
#3087=VECTOR('',#4867,1.);
#3088=VECTOR('',#4868,1.);
#3089=VECTOR('',#4869,1.);
#3090=VECTOR('',#4872,1.);
#3091=VECTOR('',#4873,1.);
#3092=VECTOR('',#4874,1.);
#3093=VECTOR('',#4875,1.);
#3094=VECTOR('',#4878,1.);
#3095=VECTOR('',#4879,1.);
#3096=VECTOR('',#4880,1.);
#3097=VECTOR('',#4883,1.);
#3098=VECTOR('',#4884,1.);
#3099=VECTOR('',#4885,1.);
#3100=VECTOR('',#4886,1.);
#3101=VECTOR('',#4889,1.);
#3102=VECTOR('',#4890,1.);
#3103=VECTOR('',#4891,1.);
#3104=VECTOR('',#4894,1.);
#3105=VECTOR('',#4895,1.);
#3106=VECTOR('',#4896,1.);
#3107=VECTOR('',#4897,1.);
#3108=VECTOR('',#4900,1.);
#3109=VECTOR('',#4901,1.);
#3110=VECTOR('',#4902,1.);
#3111=VECTOR('',#4905,1.);
#3112=VECTOR('',#4906,1.);
#3113=VECTOR('',#4907,1.);
#3114=VECTOR('',#4908,1.);
#3115=VECTOR('',#4911,1.);
#3116=VECTOR('',#4912,1.);
#3117=VECTOR('',#4913,1.);
#3118=VECTOR('',#4916,1.);
#3119=VECTOR('',#4917,1.);
#3120=VECTOR('',#4918,1.);
#3121=VECTOR('',#4919,1.);
#3122=VECTOR('',#4922,1.);
#3123=VECTOR('',#4923,1.);
#3124=VECTOR('',#4924,1.);
#3125=VECTOR('',#4927,1.);
#3126=VECTOR('',#4928,1.);
#3127=VECTOR('',#4929,1.);
#3128=VECTOR('',#4930,1.);
#3129=VECTOR('',#4933,1.);
#3130=VECTOR('',#4934,1.);
#3131=VECTOR('',#4935,1.);
#3132=VECTOR('',#4938,1.);
#3133=VECTOR('',#4939,1.);
#3134=VECTOR('',#4940,1.);
#3135=VECTOR('',#4941,1.);
#3136=VECTOR('',#4944,1.);
#3137=VECTOR('',#4945,1.);
#3138=VECTOR('',#4946,1.);
#3139=VECTOR('',#4949,1.);
#3140=VECTOR('',#4950,1.);
#3141=VECTOR('',#4951,1.);
#3142=VECTOR('',#4952,1.);
#3143=VECTOR('',#4955,1.);
#3144=VECTOR('',#4956,1.);
#3145=VECTOR('',#4957,1.);
#3146=VECTOR('',#4960,1.);
#3147=VECTOR('',#4961,1.);
#3148=VECTOR('',#4962,1.);
#3149=VECTOR('',#4963,1.);
#3150=VECTOR('',#4966,1.);
#3151=VECTOR('',#4967,1.);
#3152=VECTOR('',#4968,1.);
#3153=VECTOR('',#4971,1.);
#3154=VECTOR('',#4972,1.);
#3155=VECTOR('',#4973,1.);
#3156=VECTOR('',#4974,1.);
#3157=VECTOR('',#4977,1.);
#3158=VECTOR('',#4978,1.);
#3159=VECTOR('',#4979,1.);
#3160=VECTOR('',#4982,1.);
#3161=VECTOR('',#4983,1.);
#3162=VECTOR('',#4984,1.);
#3163=VECTOR('',#4985,1.);
#3164=VECTOR('',#4988,1.);
#3165=VECTOR('',#4989,1.);
#3166=VECTOR('',#4990,1.);
#3167=VECTOR('',#4993,1.);
#3168=VECTOR('',#4994,1.);
#3169=VECTOR('',#4995,1.);
#3170=VECTOR('',#4996,1.);
#3171=VECTOR('',#4999,1.);
#3172=VECTOR('',#5000,1.);
#3173=VECTOR('',#5001,1.);
#3174=VECTOR('',#5004,1.);
#3175=VECTOR('',#5005,1.);
#3176=VECTOR('',#5006,1.);
#3177=VECTOR('',#5007,1.);
#3178=VECTOR('',#5010,1.);
#3179=VECTOR('',#5011,1.);
#3180=VECTOR('',#5012,1.);
#3181=VECTOR('',#5015,1.);
#3182=VECTOR('',#5016,1.);
#3183=VECTOR('',#5017,1.);
#3184=VECTOR('',#5018,1.);
#3185=VECTOR('',#5021,1.);
#3186=VECTOR('',#5022,1.);
#3187=VECTOR('',#5023,1.);
#3188=VECTOR('',#5026,1.);
#3189=VECTOR('',#5027,1.);
#3190=VECTOR('',#5028,1.);
#3191=VECTOR('',#5029,1.);
#3192=VECTOR('',#5032,1.);
#3193=VECTOR('',#5033,1.);
#3194=VECTOR('',#5034,1.);
#3195=VECTOR('',#5037,1.);
#3196=VECTOR('',#5038,1.);
#3197=VECTOR('',#5039,1.);
#3198=VECTOR('',#5040,1.);
#3199=VECTOR('',#5043,1.);
#3200=VECTOR('',#5044,1.);
#3201=VECTOR('',#5045,1.);
#3202=VECTOR('',#5048,1.);
#3203=VECTOR('',#5049,1.);
#3204=VECTOR('',#5050,1.);
#3205=VECTOR('',#5051,1.);
#3206=VECTOR('',#5054,1.);
#3207=VECTOR('',#5055,1.);
#3208=VECTOR('',#5056,1.);
#3209=VECTOR('',#5059,1.);
#3210=VECTOR('',#5060,1.);
#3211=VECTOR('',#5061,1.);
#3212=VECTOR('',#5062,1.);
#3213=VECTOR('',#5065,1.);
#3214=VECTOR('',#5066,1.);
#3215=VECTOR('',#5067,1.);
#3216=VECTOR('',#5070,1.);
#3217=VECTOR('',#5071,1.);
#3218=VECTOR('',#5072,1.);
#3219=VECTOR('',#5073,1.);
#3220=VECTOR('',#5076,1.);
#3221=VECTOR('',#5077,1.);
#3222=VECTOR('',#5078,1.);
#3223=VECTOR('',#5081,1.);
#3224=VECTOR('',#5082,1.);
#3225=VECTOR('',#5083,1.);
#3226=VECTOR('',#5084,1.);
#3227=VECTOR('',#5087,1.);
#3228=VECTOR('',#5088,1.);
#3229=VECTOR('',#5089,1.);
#3230=VECTOR('',#5092,1.);
#3231=VECTOR('',#5093,1.);
#3232=VECTOR('',#5094,1.);
#3233=VECTOR('',#5095,1.);
#3234=VECTOR('',#5098,1.);
#3235=VECTOR('',#5099,1.);
#3236=VECTOR('',#5100,1.);
#3237=VECTOR('',#5103,1.);
#3238=VECTOR('',#5104,1.);
#3239=VECTOR('',#5105,1.);
#3240=VECTOR('',#5106,1.);
#3241=VECTOR('',#5109,1.);
#3242=VECTOR('',#5110,1.);
#3243=VECTOR('',#5111,1.);
#3244=VECTOR('',#5114,1.);
#3245=VECTOR('',#5115,1.);
#3246=VECTOR('',#5116,1.);
#3247=VECTOR('',#5117,1.);
#3248=VECTOR('',#5120,1.);
#3249=VECTOR('',#5121,1.);
#3250=VECTOR('',#5122,1.);
#3251=VECTOR('',#5125,1.);
#3252=VECTOR('',#5126,1.);
#3253=VECTOR('',#5127,1.);
#3254=VECTOR('',#5128,1.);
#3255=VECTOR('',#5131,1.);
#3256=VECTOR('',#5132,1.);
#3257=VECTOR('',#5133,1.);
#3258=VECTOR('',#5136,1.);
#3259=VECTOR('',#5137,1.);
#3260=VECTOR('',#5138,1.);
#3261=VECTOR('',#5139,1.);
#3262=VECTOR('',#5142,1.);
#3263=VECTOR('',#5143,1.);
#3264=VECTOR('',#5144,1.);
#3265=VECTOR('',#5147,1.);
#3266=VECTOR('',#5148,1.);
#3267=VECTOR('',#5149,1.);
#3268=VECTOR('',#5150,1.);
#3269=VECTOR('',#5153,1.);
#3270=VECTOR('',#5154,1.);
#3271=VECTOR('',#5155,1.);
#3272=VECTOR('',#5158,1.);
#3273=VECTOR('',#5159,1.);
#3274=VECTOR('',#5160,1.);
#3275=VECTOR('',#5161,1.);
#3276=VECTOR('',#5164,1.);
#3277=VECTOR('',#5165,1.);
#3278=VECTOR('',#5166,1.);
#3279=VECTOR('',#5169,1.);
#3280=VECTOR('',#5170,1.);
#3281=VECTOR('',#5171,1.);
#3282=VECTOR('',#5172,1.);
#3283=VECTOR('',#5175,1.);
#3284=VECTOR('',#5176,1.);
#3285=VECTOR('',#5177,1.);
#3286=VECTOR('',#5316,1.);
#3287=VECTOR('',#5319,1.);
#3288=VECTOR('',#5334,1.);
#3289=VECTOR('',#5335,1.);
#3290=VECTOR('',#5336,1.);
#3291=VECTOR('',#5341,1.);
#3292=VECTOR('',#5344,1.);
#3293=VECTOR('',#5345,1.);
#3294=VECTOR('',#5482,1.);
#3295=VECTOR('',#5487,1.);
#3296=VECTOR('',#5506,1.);
#3297=VECTOR('',#5507,1.);
#3298=VECTOR('',#5508,1.);
#3299=VECTOR('',#5513,1.);
#3300=VECTOR('',#5516,1.);
#3301=VECTOR('',#5517,1.);
#3302=EDGE_LOOP('',(#246,#247,#248,#249));
#3303=EDGE_LOOP('',(#250,#251,#252,#253));
#3304=EDGE_LOOP('',(#254,#255,#256,#257));
#3305=EDGE_LOOP('',(#258,#259,#260,#261));
#3306=EDGE_LOOP('',(#262,#263,#264,#265));
#3307=EDGE_LOOP('',(#266,#267,#268,#269));
#3308=EDGE_LOOP('',(#270,#271,#272,#273));
#3309=EDGE_LOOP('',(#274,#275,#276,#277));
#3310=EDGE_LOOP('',(#278,#279,#280,#281));
#3311=EDGE_LOOP('',(#282,#283,#284,#285));
#3312=EDGE_LOOP('',(#286,#287,#288,#289));
#3313=EDGE_LOOP('',(#290,#291,#292,#293));
#3314=EDGE_LOOP('',(#294,#295,#296,#297));
#3315=EDGE_LOOP('',(#298,#299,#300,#301));
#3316=EDGE_LOOP('',(#302,#303,#304,#305));
#3317=EDGE_LOOP('',(#306,#307,#308,#309));
#3318=EDGE_LOOP('',(#310,#311,#312,#313));
#3319=EDGE_LOOP('',(#314,#315,#316,#317));
#3320=EDGE_LOOP('',(#318,#319,#320,#321));
#3321=EDGE_LOOP('',(#322,#323,#324,#325));
#3322=EDGE_LOOP('',(#326,#327,#328,#329));
#3323=EDGE_LOOP('',(#330,#331,#332,#333));
#3324=EDGE_LOOP('',(#334,#335,#336,#337));
#3325=EDGE_LOOP('',(#338,#339,#340,#341));
#3326=EDGE_LOOP('',(#342,#343,#344,#345));
#3327=EDGE_LOOP('',(#346,#347,#348,#349));
#3328=EDGE_LOOP('',(#350,#351,#352,#353));
#3329=EDGE_LOOP('',(#354,#355,#356,#357));
#3330=EDGE_LOOP('',(#358,#359,#360,#361));
#3331=EDGE_LOOP('',(#362,#363,#364,#365));
#3332=EDGE_LOOP('',(#366,#367,#368,#369));
#3333=EDGE_LOOP('',(#370,#371,#372,#373));
#3334=EDGE_LOOP('',(#374,#375,#376,#377));
#3335=EDGE_LOOP('',(#378,#379,#380,#381));
#3336=EDGE_LOOP('',(#382,#383,#384,#385));
#3337=EDGE_LOOP('',(#386,#387,#388,#389));
#3338=EDGE_LOOP('',(#390,#391,#392,#393));
#3339=EDGE_LOOP('',(#394,#395,#396,#397));
#3340=EDGE_LOOP('',(#398,#399,#400,#401));
#3341=EDGE_LOOP('',(#402,#403,#404,#405));
#3342=EDGE_LOOP('',(#406,#407,#408,#409));
#3343=EDGE_LOOP('',(#410,#411,#412,#413));
#3344=EDGE_LOOP('',(#414,#415,#416,#417));
#3345=EDGE_LOOP('',(#418,#419,#420,#421));
#3346=EDGE_LOOP('',(#422,#423,#424,#425));
#3347=EDGE_LOOP('',(#426,#427,#428,#429));
#3348=EDGE_LOOP('',(#430,#431,#432,#433));
#3349=EDGE_LOOP('',(#434,#435,#436,#437));
#3350=EDGE_LOOP('',(#438,#439,#440,#441));
#3351=EDGE_LOOP('',(#442,#443,#444,#445));
#3352=EDGE_LOOP('',(#446,#447,#448,#449));
#3353=EDGE_LOOP('',(#450,#451,#452,#453));
#3354=EDGE_LOOP('',(#454,#455,#456,#457));
#3355=EDGE_LOOP('',(#458,#459,#460,#461));
#3356=EDGE_LOOP('',(#462,#463,#464,#465));
#3357=EDGE_LOOP('',(#466,#467,#468,#469));
#3358=EDGE_LOOP('',(#470,#471,#472,#473));
#3359=EDGE_LOOP('',(#474,#475,#476,#477));
#3360=EDGE_LOOP('',(#478,#479,#480,#481));
#3361=EDGE_LOOP('',(#482,#483,#484,#485));
#3362=EDGE_LOOP('',(#486,#487,#488,#489));
#3363=EDGE_LOOP('',(#490,#491,#492,#493));
#3364=EDGE_LOOP('',(#494,#495,#496,#497));
#3365=EDGE_LOOP('',(#498,#499,#500,#501));
#3366=EDGE_LOOP('',(#502,#503,#504,#505));
#3367=EDGE_LOOP('',(#506,#507,#508,#509));
#3368=EDGE_LOOP('',(#510,#511,#512,#513));
#3369=EDGE_LOOP('',(#514,#515,#516,#517));
#3370=EDGE_LOOP('',(#518,#519,#520,#521));
#3371=EDGE_LOOP('',(#522,#523,#524,#525));
#3372=EDGE_LOOP('',(#526,#527,#528,#529));
#3373=EDGE_LOOP('',(#530,#531,#532,#533));
#3374=EDGE_LOOP('',(#534,#535,#536,#537));
#3375=EDGE_LOOP('',(#538,#539,#540,#541));
#3376=EDGE_LOOP('',(#542,#543,#544,#545));
#3377=EDGE_LOOP('',(#546,#547,#548,#549));
#3378=EDGE_LOOP('',(#550,#551,#552,#553));
#3379=EDGE_LOOP('',(#554,#555,#556,#557));
#3380=EDGE_LOOP('',(#558,#559,#560,#561));
#3381=EDGE_LOOP('',(#562,#563,#564,#565));
#3382=EDGE_LOOP('',(#566,#567,#568,#569));
#3383=EDGE_LOOP('',(#570,#571,#572,#573));
#3384=EDGE_LOOP('',(#574,#575,#576,#577));
#3385=EDGE_LOOP('',(#578,#579,#580,#581));
#3386=EDGE_LOOP('',(#582,#583,#584,#585));
#3387=EDGE_LOOP('',(#586,#587,#588,#589));
#3388=EDGE_LOOP('',(#590,#591,#592,#593));
#3389=EDGE_LOOP('',(#594,#595,#596,#597));
#3390=EDGE_LOOP('',(#598,#599,#600,#601));
#3391=EDGE_LOOP('',(#602,#603,#604,#605));
#3392=EDGE_LOOP('',(#606,#607,#608,#609));
#3393=EDGE_LOOP('',(#610,#611,#612,#613));
#3394=EDGE_LOOP('',(#614,#615,#616,#617));
#3395=EDGE_LOOP('',(#618,#619,#620,#621));
#3396=EDGE_LOOP('',(#622,#623,#624,#625));
#3397=EDGE_LOOP('',(#626,#627,#628,#629));
#3398=EDGE_LOOP('',(#630,#631,#632,#633));
#3399=EDGE_LOOP('',(#634,#635,#636,#637));
#3400=EDGE_LOOP('',(#638,#639,#640,#641));
#3401=EDGE_LOOP('',(#642,#643,#644,#645));
#3402=EDGE_LOOP('',(#646,#647,#648,#649));
#3403=EDGE_LOOP('',(#650,#651,#652,#653));
#3404=EDGE_LOOP('',(#654,#655,#656,#657));
#3405=EDGE_LOOP('',(#658,#659,#660,#661));
#3406=EDGE_LOOP('',(#662,#663,#664,#665));
#3407=EDGE_LOOP('',(#666,#667,#668,#669));
#3408=EDGE_LOOP('',(#670,#671,#672,#673));
#3409=EDGE_LOOP('',(#674,#675,#676,#677));
#3410=EDGE_LOOP('',(#678,#679,#680,#681));
#3411=EDGE_LOOP('',(#682,#683,#684,#685));
#3412=EDGE_LOOP('',(#686,#687,#688,#689));
#3413=EDGE_LOOP('',(#690,#691,#692,#693));
#3414=EDGE_LOOP('',(#694,#695,#696,#697));
#3415=EDGE_LOOP('',(#698,#699,#700,#701));
#3416=EDGE_LOOP('',(#702,#703,#704,#705));
#3417=EDGE_LOOP('',(#706,#707,#708,#709));
#3418=EDGE_LOOP('',(#710,#711,#712,#713));
#3419=EDGE_LOOP('',(#714,#715,#716,#717));
#3420=EDGE_LOOP('',(#718,#719,#720,#721));
#3421=EDGE_LOOP('',(#722,#723,#724,#725));
#3422=EDGE_LOOP('',(#726));
#3423=EDGE_LOOP('',(#727));
#3424=EDGE_LOOP('',(#728,#729,#730,#731));
#3425=EDGE_LOOP('',(#732,#733,#734,#735,#736,#737,#738,#739,#740,#741,#742,
#743,#744,#745,#746,#747,#748,#749,#750,#751,#752,#753,#754,#755,#756,#757,
#758,#759,#760,#761,#762,#763,#764,#765,#766,#767,#768,#769,#770,#771,#772,
#773,#774,#775,#776,#777,#778,#779,#780,#781,#782,#783,#784,#785,#786,#787,
#788,#789,#790,#791,#792,#793,#794,#795,#796,#797,#798,#799,#800,#801,#802,
#803,#804,#805,#806,#807,#808,#809,#810,#811,#812,#813,#814,#815,#816,#817,
#818,#819,#820,#821,#822,#823,#824,#825,#826,#827,#828,#829,#830,#831,#832,
#833,#834,#835,#836,#837,#838,#839,#840,#841,#842,#843,#844,#845,#846,#847,
#848,#849,#850,#851,#852,#853,#854,#855,#856,#857,#858,#859,#860,#861,#862,
#863,#864,#865,#866,#867,#868,#869,#870,#871,#872,#873,#874,#875,#876,#877,
#878,#879,#880,#881,#882,#883,#884,#885,#886,#887,#888,#889,#890,#891,#892,
#893,#894,#895,#896,#897,#898,#899,#900,#901,#902,#903,#904,#905,#906,#907,
#908,#909,#910,#911));
#3426=EDGE_LOOP('',(#912));
#3427=EDGE_LOOP('',(#913,#914,#915,#916));
#3428=EDGE_LOOP('',(#917));
#3429=EDGE_LOOP('',(#918));
#3430=EDGE_LOOP('',(#919));
#3431=EDGE_LOOP('',(#920));
#3432=EDGE_LOOP('',(#921));
#3433=EDGE_LOOP('',(#922));
#3434=EDGE_LOOP('',(#923,#924,#925,#926));
#3435=EDGE_LOOP('',(#927,#928,#929,#930));
#3436=EDGE_LOOP('',(#931,#932,#933,#934));
#3437=EDGE_LOOP('',(#935));
#3438=EDGE_LOOP('',(#936,#937,#938,#939,#940,#941,#942,#943,#944,#945,#946,
#947,#948,#949,#950,#951,#952,#953,#954,#955,#956,#957,#958,#959,#960,#961,
#962,#963,#964,#965,#966,#967,#968,#969,#970,#971,#972,#973,#974,#975,#976,
#977,#978,#979,#980,#981,#982,#983,#984,#985,#986,#987,#988,#989,#990,#991,
#992,#993,#994,#995,#996,#997,#998,#999,#1000,#1001,#1002,#1003,#1004,#1005,
#1006,#1007,#1008,#1009,#1010,#1011,#1012,#1013,#1014,#1015,#1016,#1017,
#1018,#1019,#1020,#1021,#1022,#1023,#1024,#1025,#1026,#1027,#1028,#1029,
#1030,#1031,#1032,#1033,#1034,#1035,#1036,#1037,#1038,#1039,#1040,#1041,
#1042,#1043,#1044,#1045,#1046,#1047,#1048,#1049,#1050,#1051,#1052,#1053,
#1054,#1055,#1056,#1057,#1058,#1059,#1060,#1061,#1062,#1063,#1064,#1065,
#1066,#1067,#1068,#1069,#1070,#1071,#1072,#1073,#1074,#1075,#1076,#1077,
#1078,#1079,#1080,#1081,#1082,#1083,#1084,#1085,#1086,#1087,#1088,#1089,
#1090,#1091,#1092,#1093,#1094,#1095,#1096,#1097,#1098,#1099,#1100,#1101,
#1102,#1103,#1104,#1105,#1106,#1107,#1108,#1109,#1110,#1111,#1112,#1113,
#1114,#1115));
#3439=EDGE_LOOP('',(#1116));
#3440=EDGE_LOOP('',(#1117));
#3441=EDGE_LOOP('',(#1118));
#3442=EDGE_LOOP('',(#1119));
#3443=EDGE_LOOP('',(#1120));
#3444=EDGE_LOOP('',(#1121));
#3445=EDGE_LOOP('',(#1122,#1123,#1124,#1125,#1126,#1127,#1128,#1129));
#3446=EDGE_LOOP('',(#1130));
#3447=EDGE_LOOP('',(#1131));
#3448=EDGE_LOOP('',(#1132));
#3449=EDGE_LOOP('',(#1133));
#3450=EDGE_LOOP('',(#1134));
#3451=EDGE_LOOP('',(#1135));
#3452=EDGE_LOOP('',(#1136));
#3453=EDGE_LOOP('',(#1137,#1138,#1139,#1140));
#3454=EDGE_LOOP('',(#1141,#1142,#1143,#1144));
#3455=EDGE_LOOP('',(#1145,#1146,#1147,#1148));
#3456=EDGE_LOOP('',(#1149));
#3457=EDGE_LOOP('',(#1150));
#3458=EDGE_LOOP('',(#1151));
#3459=EDGE_LOOP('',(#1152));
#3460=EDGE_LOOP('',(#1153,#1154,#1155,#1156));
#3461=EDGE_LOOP('',(#1157));
#3462=EDGE_LOOP('',(#1158));
#3463=EDGE_LOOP('',(#1159,#1160,#1161,#1162));
#3464=EDGE_LOOP('',(#1163,#1164,#1165,#1166));
#3465=EDGE_LOOP('',(#1167,#1168,#1169,#1170));
#3466=EDGE_LOOP('',(#1171,#1172,#1173,#1174));
#3467=EDGE_LOOP('',(#1175,#1176,#1177,#1178));
#3468=EDGE_LOOP('',(#1179,#1180,#1181,#1182));
#3469=EDGE_LOOP('',(#1183,#1184,#1185,#1186));
#3470=EDGE_LOOP('',(#1187,#1188,#1189,#1190));
#3471=EDGE_LOOP('',(#1191,#1192,#1193,#1194));
#3472=EDGE_LOOP('',(#1195,#1196,#1197,#1198));
#3473=EDGE_LOOP('',(#1199,#1200,#1201,#1202));
#3474=EDGE_LOOP('',(#1203,#1204,#1205,#1206));
#3475=EDGE_LOOP('',(#1207,#1208,#1209,#1210));
#3476=EDGE_LOOP('',(#1211,#1212,#1213,#1214));
#3477=EDGE_LOOP('',(#1215,#1216,#1217,#1218));
#3478=EDGE_LOOP('',(#1219,#1220,#1221,#1222));
#3479=EDGE_LOOP('',(#1223,#1224,#1225,#1226));
#3480=EDGE_LOOP('',(#1227,#1228,#1229,#1230));
#3481=EDGE_LOOP('',(#1231,#1232,#1233,#1234));
#3482=EDGE_LOOP('',(#1235,#1236,#1237,#1238));
#3483=EDGE_LOOP('',(#1239,#1240,#1241,#1242));
#3484=EDGE_LOOP('',(#1243,#1244,#1245,#1246));
#3485=EDGE_LOOP('',(#1247,#1248,#1249,#1250));
#3486=EDGE_LOOP('',(#1251,#1252,#1253,#1254));
#3487=EDGE_LOOP('',(#1255,#1256,#1257,#1258));
#3488=EDGE_LOOP('',(#1259,#1260,#1261,#1262));
#3489=EDGE_LOOP('',(#1263,#1264,#1265,#1266));
#3490=EDGE_LOOP('',(#1267,#1268,#1269,#1270));
#3491=EDGE_LOOP('',(#1271,#1272,#1273,#1274));
#3492=EDGE_LOOP('',(#1275,#1276,#1277,#1278));
#3493=EDGE_LOOP('',(#1279,#1280,#1281,#1282));
#3494=EDGE_LOOP('',(#1283,#1284,#1285,#1286));
#3495=EDGE_LOOP('',(#1287,#1288,#1289,#1290));
#3496=EDGE_LOOP('',(#1291,#1292,#1293,#1294));
#3497=EDGE_LOOP('',(#1295,#1296,#1297,#1298));
#3498=EDGE_LOOP('',(#1299,#1300,#1301,#1302));
#3499=EDGE_LOOP('',(#1303,#1304,#1305,#1306));
#3500=EDGE_LOOP('',(#1307,#1308,#1309,#1310));
#3501=EDGE_LOOP('',(#1311,#1312,#1313,#1314));
#3502=EDGE_LOOP('',(#1315,#1316,#1317,#1318));
#3503=EDGE_LOOP('',(#1319,#1320,#1321,#1322));
#3504=EDGE_LOOP('',(#1323,#1324,#1325,#1326));
#3505=EDGE_LOOP('',(#1327,#1328,#1329,#1330));
#3506=EDGE_LOOP('',(#1331,#1332,#1333,#1334));
#3507=EDGE_LOOP('',(#1335,#1336,#1337,#1338));
#3508=EDGE_LOOP('',(#1339,#1340,#1341,#1342));
#3509=EDGE_LOOP('',(#1343,#1344,#1345,#1346));
#3510=EDGE_LOOP('',(#1347,#1348,#1349,#1350));
#3511=EDGE_LOOP('',(#1351,#1352,#1353,#1354));
#3512=EDGE_LOOP('',(#1355,#1356,#1357,#1358));
#3513=EDGE_LOOP('',(#1359,#1360,#1361,#1362));
#3514=EDGE_LOOP('',(#1363,#1364,#1365,#1366));
#3515=EDGE_LOOP('',(#1367,#1368,#1369,#1370));
#3516=EDGE_LOOP('',(#1371,#1372,#1373,#1374));
#3517=EDGE_LOOP('',(#1375,#1376,#1377,#1378));
#3518=EDGE_LOOP('',(#1379,#1380,#1381,#1382));
#3519=EDGE_LOOP('',(#1383,#1384,#1385,#1386));
#3520=EDGE_LOOP('',(#1387,#1388,#1389,#1390));
#3521=EDGE_LOOP('',(#1391,#1392,#1393,#1394));
#3522=EDGE_LOOP('',(#1395,#1396,#1397,#1398,#1399,#1400,#1401,#1402));
#3523=EDGE_LOOP('',(#1403));
#3524=EDGE_LOOP('',(#1404));
#3525=EDGE_LOOP('',(#1405));
#3526=EDGE_LOOP('',(#1406));
#3527=EDGE_LOOP('',(#1407));
#3528=EDGE_LOOP('',(#1408));
#3529=EDGE_LOOP('',(#1409));
#3530=EDGE_LOOP('',(#1410));
#3531=EDGE_LOOP('',(#1411));
#3532=EDGE_LOOP('',(#1412));
#3533=EDGE_LOOP('',(#1413));
#3534=EDGE_LOOP('',(#1414));
#3535=EDGE_LOOP('',(#1415));
#3536=EDGE_LOOP('',(#1416));
#3537=EDGE_LOOP('',(#1417));
#3538=EDGE_LOOP('',(#1418));
#3539=EDGE_LOOP('',(#1419));
#3540=EDGE_LOOP('',(#1420));
#3541=EDGE_LOOP('',(#1421));
#3542=EDGE_LOOP('',(#1422));
#3543=EDGE_LOOP('',(#1423));
#3544=EDGE_LOOP('',(#1424));
#3545=EDGE_LOOP('',(#1425));
#3546=EDGE_LOOP('',(#1426));
#3547=EDGE_LOOP('',(#1427));
#3548=EDGE_LOOP('',(#1428));
#3549=EDGE_LOOP('',(#1429));
#3550=EDGE_LOOP('',(#1430));
#3551=EDGE_LOOP('',(#1431));
#3552=FACE_BOUND('',#3302,.T.);
#3553=FACE_BOUND('',#3303,.T.);
#3554=FACE_BOUND('',#3304,.T.);
#3555=FACE_BOUND('',#3305,.T.);
#3556=FACE_BOUND('',#3306,.T.);
#3557=FACE_BOUND('',#3307,.T.);
#3558=FACE_BOUND('',#3308,.T.);
#3559=FACE_BOUND('',#3309,.T.);
#3560=FACE_BOUND('',#3310,.T.);
#3561=FACE_BOUND('',#3311,.T.);
#3562=FACE_BOUND('',#3312,.T.);
#3563=FACE_BOUND('',#3313,.T.);
#3564=FACE_BOUND('',#3314,.T.);
#3565=FACE_BOUND('',#3315,.T.);
#3566=FACE_BOUND('',#3316,.T.);
#3567=FACE_BOUND('',#3317,.T.);
#3568=FACE_BOUND('',#3318,.T.);
#3569=FACE_BOUND('',#3319,.T.);
#3570=FACE_BOUND('',#3320,.T.);
#3571=FACE_BOUND('',#3321,.T.);
#3572=FACE_BOUND('',#3322,.T.);
#3573=FACE_BOUND('',#3323,.T.);
#3574=FACE_BOUND('',#3324,.T.);
#3575=FACE_BOUND('',#3325,.T.);
#3576=FACE_BOUND('',#3326,.T.);
#3577=FACE_BOUND('',#3327,.T.);
#3578=FACE_BOUND('',#3328,.T.);
#3579=FACE_BOUND('',#3329,.T.);
#3580=FACE_BOUND('',#3330,.T.);
#3581=FACE_BOUND('',#3331,.T.);
#3582=FACE_BOUND('',#3332,.T.);
#3583=FACE_BOUND('',#3333,.T.);
#3584=FACE_BOUND('',#3334,.T.);
#3585=FACE_BOUND('',#3335,.T.);
#3586=FACE_BOUND('',#3336,.T.);
#3587=FACE_BOUND('',#3337,.T.);
#3588=FACE_BOUND('',#3338,.T.);
#3589=FACE_BOUND('',#3339,.T.);
#3590=FACE_BOUND('',#3340,.T.);
#3591=FACE_BOUND('',#3341,.T.);
#3592=FACE_BOUND('',#3342,.T.);
#3593=FACE_BOUND('',#3343,.T.);
#3594=FACE_BOUND('',#3344,.T.);
#3595=FACE_BOUND('',#3345,.T.);
#3596=FACE_BOUND('',#3346,.T.);
#3597=FACE_BOUND('',#3347,.T.);
#3598=FACE_BOUND('',#3348,.T.);
#3599=FACE_BOUND('',#3349,.T.);
#3600=FACE_BOUND('',#3350,.T.);
#3601=FACE_BOUND('',#3351,.T.);
#3602=FACE_BOUND('',#3352,.T.);
#3603=FACE_BOUND('',#3353,.T.);
#3604=FACE_BOUND('',#3354,.T.);
#3605=FACE_BOUND('',#3355,.T.);
#3606=FACE_BOUND('',#3356,.T.);
#3607=FACE_BOUND('',#3357,.T.);
#3608=FACE_BOUND('',#3358,.T.);
#3609=FACE_BOUND('',#3359,.T.);
#3610=FACE_BOUND('',#3360,.T.);
#3611=FACE_BOUND('',#3361,.T.);
#3612=FACE_BOUND('',#3362,.T.);
#3613=FACE_BOUND('',#3363,.T.);
#3614=FACE_BOUND('',#3364,.T.);
#3615=FACE_BOUND('',#3365,.T.);
#3616=FACE_BOUND('',#3366,.T.);
#3617=FACE_BOUND('',#3367,.T.);
#3618=FACE_BOUND('',#3368,.T.);
#3619=FACE_BOUND('',#3369,.T.);
#3620=FACE_BOUND('',#3370,.T.);
#3621=FACE_BOUND('',#3371,.T.);
#3622=FACE_BOUND('',#3372,.T.);
#3623=FACE_BOUND('',#3373,.T.);
#3624=FACE_BOUND('',#3374,.T.);
#3625=FACE_BOUND('',#3375,.T.);
#3626=FACE_BOUND('',#3376,.T.);
#3627=FACE_BOUND('',#3377,.T.);
#3628=FACE_BOUND('',#3378,.T.);
#3629=FACE_BOUND('',#3379,.T.);
#3630=FACE_BOUND('',#3380,.T.);
#3631=FACE_BOUND('',#3381,.T.);
#3632=FACE_BOUND('',#3382,.T.);
#3633=FACE_BOUND('',#3383,.T.);
#3634=FACE_BOUND('',#3384,.T.);
#3635=FACE_BOUND('',#3385,.T.);
#3636=FACE_BOUND('',#3386,.T.);
#3637=FACE_BOUND('',#3387,.T.);
#3638=FACE_BOUND('',#3388,.T.);
#3639=FACE_BOUND('',#3389,.T.);
#3640=FACE_BOUND('',#3390,.T.);
#3641=FACE_BOUND('',#3391,.T.);
#3642=FACE_BOUND('',#3392,.T.);
#3643=FACE_BOUND('',#3393,.T.);
#3644=FACE_BOUND('',#3394,.T.);
#3645=FACE_BOUND('',#3395,.T.);
#3646=FACE_BOUND('',#3396,.T.);
#3647=FACE_BOUND('',#3397,.T.);
#3648=FACE_BOUND('',#3398,.T.);
#3649=FACE_BOUND('',#3399,.T.);
#3650=FACE_BOUND('',#3400,.T.);
#3651=FACE_BOUND('',#3401,.T.);
#3652=FACE_BOUND('',#3402,.T.);
#3653=FACE_BOUND('',#3403,.T.);
#3654=FACE_BOUND('',#3404,.T.);
#3655=FACE_BOUND('',#3405,.T.);
#3656=FACE_BOUND('',#3406,.T.);
#3657=FACE_BOUND('',#3407,.T.);
#3658=FACE_BOUND('',#3408,.T.);
#3659=FACE_BOUND('',#3409,.T.);
#3660=FACE_BOUND('',#3410,.T.);
#3661=FACE_BOUND('',#3411,.T.);
#3662=FACE_BOUND('',#3412,.T.);
#3663=FACE_BOUND('',#3413,.T.);
#3664=FACE_BOUND('',#3414,.T.);
#3665=FACE_BOUND('',#3415,.T.);
#3666=FACE_BOUND('',#3416,.T.);
#3667=FACE_BOUND('',#3417,.T.);
#3668=FACE_BOUND('',#3418,.T.);
#3669=FACE_BOUND('',#3419,.T.);
#3670=FACE_BOUND('',#3420,.T.);
#3671=FACE_BOUND('',#3421,.T.);
#3672=FACE_BOUND('',#3422,.T.);
#3673=FACE_BOUND('',#3423,.T.);
#3674=FACE_BOUND('',#3424,.T.);
#3675=FACE_BOUND('',#3425,.T.);
#3676=FACE_BOUND('',#3426,.T.);
#3677=FACE_BOUND('',#3427,.T.);
#3678=FACE_BOUND('',#3428,.T.);
#3679=FACE_BOUND('',#3429,.T.);
#3680=FACE_BOUND('',#3430,.T.);
#3681=FACE_BOUND('',#3431,.T.);
#3682=FACE_BOUND('',#3432,.T.);
#3683=FACE_BOUND('',#3433,.T.);
#3684=FACE_BOUND('',#3434,.T.);
#3685=FACE_BOUND('',#3435,.T.);
#3686=FACE_BOUND('',#3436,.T.);
#3687=FACE_BOUND('',#3437,.T.);
#3688=FACE_BOUND('',#3438,.T.);
#3689=FACE_BOUND('',#3439,.T.);
#3690=FACE_BOUND('',#3440,.T.);
#3691=FACE_BOUND('',#3441,.T.);
#3692=FACE_BOUND('',#3442,.T.);
#3693=FACE_BOUND('',#3443,.T.);
#3694=FACE_BOUND('',#3444,.T.);
#3695=FACE_BOUND('',#3445,.T.);
#3696=FACE_BOUND('',#3446,.T.);
#3697=FACE_BOUND('',#3447,.T.);
#3698=FACE_BOUND('',#3448,.T.);
#3699=FACE_BOUND('',#3449,.T.);
#3700=FACE_BOUND('',#3450,.T.);
#3701=FACE_BOUND('',#3451,.T.);
#3702=FACE_BOUND('',#3452,.T.);
#3703=FACE_BOUND('',#3453,.T.);
#3704=FACE_BOUND('',#3454,.T.);
#3705=FACE_BOUND('',#3455,.T.);
#3706=FACE_BOUND('',#3456,.T.);
#3707=FACE_BOUND('',#3457,.T.);
#3708=FACE_BOUND('',#3458,.T.);
#3709=FACE_BOUND('',#3459,.T.);
#3710=FACE_BOUND('',#3460,.T.);
#3711=FACE_BOUND('',#3461,.T.);
#3712=FACE_BOUND('',#3462,.T.);
#3713=FACE_BOUND('',#3463,.T.);
#3714=FACE_BOUND('',#3464,.T.);
#3715=FACE_BOUND('',#3465,.T.);
#3716=FACE_BOUND('',#3466,.T.);
#3717=FACE_BOUND('',#3467,.T.);
#3718=FACE_BOUND('',#3468,.T.);
#3719=FACE_BOUND('',#3469,.T.);
#3720=FACE_BOUND('',#3470,.T.);
#3721=FACE_BOUND('',#3471,.T.);
#3722=FACE_BOUND('',#3472,.T.);
#3723=FACE_BOUND('',#3473,.T.);
#3724=FACE_BOUND('',#3474,.T.);
#3725=FACE_BOUND('',#3475,.T.);
#3726=FACE_BOUND('',#3476,.T.);
#3727=FACE_BOUND('',#3477,.T.);
#3728=FACE_BOUND('',#3478,.T.);
#3729=FACE_BOUND('',#3479,.T.);
#3730=FACE_BOUND('',#3480,.T.);
#3731=FACE_BOUND('',#3481,.T.);
#3732=FACE_BOUND('',#3482,.T.);
#3733=FACE_BOUND('',#3483,.T.);
#3734=FACE_BOUND('',#3484,.T.);
#3735=FACE_BOUND('',#3485,.T.);
#3736=FACE_BOUND('',#3486,.T.);
#3737=FACE_BOUND('',#3487,.T.);
#3738=FACE_BOUND('',#3488,.T.);
#3739=FACE_BOUND('',#3489,.T.);
#3740=FACE_BOUND('',#3490,.T.);
#3741=FACE_BOUND('',#3491,.T.);
#3742=FACE_BOUND('',#3492,.T.);
#3743=FACE_BOUND('',#3493,.T.);
#3744=FACE_BOUND('',#3494,.T.);
#3745=FACE_BOUND('',#3495,.T.);
#3746=FACE_BOUND('',#3496,.T.);
#3747=FACE_BOUND('',#3497,.T.);
#3748=FACE_BOUND('',#3498,.T.);
#3749=FACE_BOUND('',#3499,.T.);
#3750=FACE_BOUND('',#3500,.T.);
#3751=FACE_BOUND('',#3501,.T.);
#3752=FACE_BOUND('',#3502,.T.);
#3753=FACE_BOUND('',#3503,.T.);
#3754=FACE_BOUND('',#3504,.T.);
#3755=FACE_BOUND('',#3505,.T.);
#3756=FACE_BOUND('',#3506,.T.);
#3757=FACE_BOUND('',#3507,.T.);
#3758=FACE_BOUND('',#3508,.T.);
#3759=FACE_BOUND('',#3509,.T.);
#3760=FACE_BOUND('',#3510,.T.);
#3761=FACE_BOUND('',#3511,.T.);
#3762=FACE_BOUND('',#3512,.T.);
#3763=FACE_BOUND('',#3513,.T.);
#3764=FACE_BOUND('',#3514,.T.);
#3765=FACE_BOUND('',#3515,.T.);
#3766=FACE_BOUND('',#3516,.T.);
#3767=FACE_BOUND('',#3517,.T.);
#3768=FACE_BOUND('',#3518,.T.);
#3769=FACE_BOUND('',#3519,.T.);
#3770=FACE_BOUND('',#3520,.T.);
#3771=FACE_BOUND('',#3521,.T.);
#3772=FACE_BOUND('',#3522,.T.);
#3773=FACE_BOUND('',#3523,.T.);
#3774=FACE_BOUND('',#3524,.T.);
#3775=FACE_BOUND('',#3525,.T.);
#3776=FACE_BOUND('',#3526,.T.);
#3777=FACE_BOUND('',#3527,.T.);
#3778=FACE_BOUND('',#3528,.T.);
#3779=FACE_BOUND('',#3529,.T.);
#3780=FACE_BOUND('',#3530,.T.);
#3781=FACE_BOUND('',#3531,.T.);
#3782=FACE_BOUND('',#3532,.T.);
#3783=FACE_BOUND('',#3533,.T.);
#3784=FACE_BOUND('',#3534,.T.);
#3785=FACE_BOUND('',#3535,.T.);
#3786=FACE_BOUND('',#3536,.T.);
#3787=FACE_BOUND('',#3537,.T.);
#3788=FACE_BOUND('',#3538,.T.);
#3789=FACE_BOUND('',#3539,.T.);
#3790=FACE_BOUND('',#3540,.T.);
#3791=FACE_BOUND('',#3541,.T.);
#3792=FACE_BOUND('',#3542,.T.);
#3793=FACE_BOUND('',#3543,.T.);
#3794=FACE_BOUND('',#3544,.T.);
#3795=FACE_BOUND('',#3545,.T.);
#3796=FACE_BOUND('',#3546,.T.);
#3797=FACE_BOUND('',#3547,.T.);
#3798=FACE_BOUND('',#3548,.T.);
#3799=FACE_BOUND('',#3549,.T.);
#3800=FACE_BOUND('',#3550,.T.);
#3801=FACE_BOUND('',#3551,.T.);
#3802=PLANE('',#4152);
#3803=PLANE('',#4153);
#3804=PLANE('',#4154);
#3805=PLANE('',#4155);
#3806=PLANE('',#4156);
#3807=PLANE('',#4157);
#3808=PLANE('',#4158);
#3809=PLANE('',#4159);
#3810=PLANE('',#4160);
#3811=PLANE('',#4161);
#3812=PLANE('',#4162);
#3813=PLANE('',#4163);
#3814=PLANE('',#4164);
#3815=PLANE('',#4165);
#3816=PLANE('',#4166);
#3817=PLANE('',#4167);
#3818=PLANE('',#4168);
#3819=PLANE('',#4169);
#3820=PLANE('',#4170);
#3821=PLANE('',#4171);
#3822=PLANE('',#4172);
#3823=PLANE('',#4173);
#3824=PLANE('',#4174);
#3825=PLANE('',#4175);
#3826=PLANE('',#4176);
#3827=PLANE('',#4177);
#3828=PLANE('',#4178);
#3829=PLANE('',#4179);
#3830=PLANE('',#4180);
#3831=PLANE('',#4181);
#3832=PLANE('',#4182);
#3833=PLANE('',#4183);
#3834=PLANE('',#4184);
#3835=PLANE('',#4185);
#3836=PLANE('',#4186);
#3837=PLANE('',#4187);
#3838=PLANE('',#4188);
#3839=PLANE('',#4189);
#3840=PLANE('',#4190);
#3841=PLANE('',#4191);
#3842=PLANE('',#4192);
#3843=PLANE('',#4193);
#3844=PLANE('',#4194);
#3845=PLANE('',#4195);
#3846=PLANE('',#4196);
#3847=PLANE('',#4197);
#3848=PLANE('',#4198);
#3849=PLANE('',#4199);
#3850=PLANE('',#4200);
#3851=PLANE('',#4201);
#3852=PLANE('',#4202);
#3853=PLANE('',#4203);
#3854=PLANE('',#4204);
#3855=PLANE('',#4205);
#3856=PLANE('',#4206);
#3857=PLANE('',#4207);
#3858=PLANE('',#4208);
#3859=PLANE('',#4209);
#3860=PLANE('',#4210);
#3861=PLANE('',#4211);
#3862=PLANE('',#4212);
#3863=PLANE('',#4213);
#3864=PLANE('',#4214);
#3865=PLANE('',#4215);
#3866=PLANE('',#4216);
#3867=PLANE('',#4217);
#3868=PLANE('',#4218);
#3869=PLANE('',#4219);
#3870=PLANE('',#4220);
#3871=PLANE('',#4221);
#3872=PLANE('',#4222);
#3873=PLANE('',#4223);
#3874=PLANE('',#4224);
#3875=PLANE('',#4225);
#3876=PLANE('',#4226);
#3877=PLANE('',#4227);
#3878=PLANE('',#4228);
#3879=PLANE('',#4229);
#3880=PLANE('',#4230);
#3881=PLANE('',#4231);
#3882=PLANE('',#4232);
#3883=PLANE('',#4233);
#3884=PLANE('',#4234);
#3885=PLANE('',#4235);
#3886=PLANE('',#4236);
#3887=PLANE('',#4237);
#3888=PLANE('',#4238);
#3889=PLANE('',#4239);
#3890=PLANE('',#4240);
#3891=PLANE('',#4241);
#3892=PLANE('',#4242);
#3893=PLANE('',#4243);
#3894=PLANE('',#4244);
#3895=PLANE('',#4245);
#3896=PLANE('',#4246);
#3897=PLANE('',#4247);
#3898=PLANE('',#4248);
#3899=PLANE('',#4249);
#3900=PLANE('',#4250);
#3901=PLANE('',#4251);
#3902=PLANE('',#4252);
#3903=PLANE('',#4253);
#3904=PLANE('',#4254);
#3905=PLANE('',#4255);
#3906=PLANE('',#4256);
#3907=PLANE('',#4257);
#3908=PLANE('',#4258);
#3909=PLANE('',#4259);
#3910=PLANE('',#4260);
#3911=PLANE('',#4261);
#3912=PLANE('',#4262);
#3913=PLANE('',#4263);
#3914=PLANE('',#4264);
#3915=PLANE('',#4265);
#3916=PLANE('',#4266);
#3917=PLANE('',#4267);
#3918=PLANE('',#4268);
#3919=PLANE('',#4269);
#3920=PLANE('',#4270);
#3921=PLANE('',#4271);
#3922=PLANE('',#4272);
#3923=PLANE('',#4278);
#3924=PLANE('',#4339);
#3925=PLANE('',#4348);
#3926=PLANE('',#4351);
#3927=PLANE('',#4352);
#3928=PLANE('',#4413);
#3929=PLANE('',#4430);
#3930=PLANE('',#4433);
#3931=PLANE('',#4434);
#3932=ADVANCED_FACE('',(#3552),#3802,.T.);
#3933=ADVANCED_FACE('',(#3553),#3803,.T.);
#3934=ADVANCED_FACE('',(#3554),#3804,.T.);
#3935=ADVANCED_FACE('',(#3555),#3805,.T.);
#3936=ADVANCED_FACE('',(#3556),#3806,.T.);
#3937=ADVANCED_FACE('',(#3557),#3807,.T.);
#3938=ADVANCED_FACE('',(#3558),#3808,.T.);
#3939=ADVANCED_FACE('',(#3559),#3809,.T.);
#3940=ADVANCED_FACE('',(#3560),#3810,.T.);
#3941=ADVANCED_FACE('',(#3561),#3811,.T.);
#3942=ADVANCED_FACE('',(#3562),#3812,.T.);
#3943=ADVANCED_FACE('',(#3563),#3813,.T.);
#3944=ADVANCED_FACE('',(#3564),#3814,.T.);
#3945=ADVANCED_FACE('',(#3565),#3815,.T.);
#3946=ADVANCED_FACE('',(#3566),#3816,.T.);
#3947=ADVANCED_FACE('',(#3567),#3817,.T.);
#3948=ADVANCED_FACE('',(#3568),#3818,.T.);
#3949=ADVANCED_FACE('',(#3569),#3819,.T.);
#3950=ADVANCED_FACE('',(#3570),#3820,.T.);
#3951=ADVANCED_FACE('',(#3571),#3821,.T.);
#3952=ADVANCED_FACE('',(#3572),#3822,.T.);
#3953=ADVANCED_FACE('',(#3573),#3823,.T.);
#3954=ADVANCED_FACE('',(#3574),#3824,.T.);
#3955=ADVANCED_FACE('',(#3575),#3825,.T.);
#3956=ADVANCED_FACE('',(#3576),#3826,.T.);
#3957=ADVANCED_FACE('',(#3577),#3827,.T.);
#3958=ADVANCED_FACE('',(#3578),#3828,.T.);
#3959=ADVANCED_FACE('',(#3579),#3829,.T.);
#3960=ADVANCED_FACE('',(#3580),#3830,.T.);
#3961=ADVANCED_FACE('',(#3581),#3831,.T.);
#3962=ADVANCED_FACE('',(#3582),#3832,.T.);
#3963=ADVANCED_FACE('',(#3583),#3833,.T.);
#3964=ADVANCED_FACE('',(#3584),#3834,.T.);
#3965=ADVANCED_FACE('',(#3585),#3835,.T.);
#3966=ADVANCED_FACE('',(#3586),#3836,.T.);
#3967=ADVANCED_FACE('',(#3587),#3837,.T.);
#3968=ADVANCED_FACE('',(#3588),#3838,.T.);
#3969=ADVANCED_FACE('',(#3589),#3839,.T.);
#3970=ADVANCED_FACE('',(#3590),#3840,.T.);
#3971=ADVANCED_FACE('',(#3591),#3841,.T.);
#3972=ADVANCED_FACE('',(#3592),#3842,.T.);
#3973=ADVANCED_FACE('',(#3593),#3843,.T.);
#3974=ADVANCED_FACE('',(#3594),#3844,.T.);
#3975=ADVANCED_FACE('',(#3595),#3845,.T.);
#3976=ADVANCED_FACE('',(#3596),#3846,.T.);
#3977=ADVANCED_FACE('',(#3597),#3847,.T.);
#3978=ADVANCED_FACE('',(#3598),#3848,.T.);
#3979=ADVANCED_FACE('',(#3599),#3849,.T.);
#3980=ADVANCED_FACE('',(#3600),#3850,.T.);
#3981=ADVANCED_FACE('',(#3601),#3851,.T.);
#3982=ADVANCED_FACE('',(#3602),#3852,.T.);
#3983=ADVANCED_FACE('',(#3603),#3853,.T.);
#3984=ADVANCED_FACE('',(#3604),#3854,.T.);
#3985=ADVANCED_FACE('',(#3605),#3855,.T.);
#3986=ADVANCED_FACE('',(#3606),#3856,.T.);
#3987=ADVANCED_FACE('',(#3607),#3857,.T.);
#3988=ADVANCED_FACE('',(#3608),#3858,.T.);
#3989=ADVANCED_FACE('',(#3609),#3859,.T.);
#3990=ADVANCED_FACE('',(#3610),#3860,.T.);
#3991=ADVANCED_FACE('',(#3611),#3861,.T.);
#3992=ADVANCED_FACE('',(#3612),#3862,.T.);
#3993=ADVANCED_FACE('',(#3613),#3863,.T.);
#3994=ADVANCED_FACE('',(#3614),#3864,.T.);
#3995=ADVANCED_FACE('',(#3615),#3865,.T.);
#3996=ADVANCED_FACE('',(#3616),#3866,.T.);
#3997=ADVANCED_FACE('',(#3617),#3867,.T.);
#3998=ADVANCED_FACE('',(#3618),#3868,.T.);
#3999=ADVANCED_FACE('',(#3619),#3869,.T.);
#4000=ADVANCED_FACE('',(#3620),#3870,.T.);
#4001=ADVANCED_FACE('',(#3621),#3871,.T.);
#4002=ADVANCED_FACE('',(#3622),#3872,.T.);
#4003=ADVANCED_FACE('',(#3623),#3873,.T.);
#4004=ADVANCED_FACE('',(#3624),#3874,.T.);
#4005=ADVANCED_FACE('',(#3625),#3875,.T.);
#4006=ADVANCED_FACE('',(#3626),#3876,.T.);
#4007=ADVANCED_FACE('',(#3627),#3877,.T.);
#4008=ADVANCED_FACE('',(#3628),#3878,.T.);
#4009=ADVANCED_FACE('',(#3629),#3879,.T.);
#4010=ADVANCED_FACE('',(#3630),#3880,.T.);
#4011=ADVANCED_FACE('',(#3631),#3881,.T.);
#4012=ADVANCED_FACE('',(#3632),#3882,.T.);
#4013=ADVANCED_FACE('',(#3633),#3883,.T.);
#4014=ADVANCED_FACE('',(#3634),#3884,.T.);
#4015=ADVANCED_FACE('',(#3635),#3885,.T.);
#4016=ADVANCED_FACE('',(#3636),#3886,.T.);
#4017=ADVANCED_FACE('',(#3637),#3887,.T.);
#4018=ADVANCED_FACE('',(#3638),#3888,.T.);
#4019=ADVANCED_FACE('',(#3639),#3889,.T.);
#4020=ADVANCED_FACE('',(#3640),#3890,.T.);
#4021=ADVANCED_FACE('',(#3641),#3891,.T.);
#4022=ADVANCED_FACE('',(#3642),#3892,.T.);
#4023=ADVANCED_FACE('',(#3643),#3893,.T.);
#4024=ADVANCED_FACE('',(#3644),#3894,.T.);
#4025=ADVANCED_FACE('',(#3645),#3895,.T.);
#4026=ADVANCED_FACE('',(#3646),#3896,.T.);
#4027=ADVANCED_FACE('',(#3647),#3897,.T.);
#4028=ADVANCED_FACE('',(#3648),#3898,.T.);
#4029=ADVANCED_FACE('',(#3649),#3899,.T.);
#4030=ADVANCED_FACE('',(#3650),#3900,.T.);
#4031=ADVANCED_FACE('',(#3651),#3901,.T.);
#4032=ADVANCED_FACE('',(#3652),#3902,.T.);
#4033=ADVANCED_FACE('',(#3653),#3903,.T.);
#4034=ADVANCED_FACE('',(#3654),#3904,.T.);
#4035=ADVANCED_FACE('',(#3655),#3905,.T.);
#4036=ADVANCED_FACE('',(#3656),#3906,.T.);
#4037=ADVANCED_FACE('',(#3657),#3907,.T.);
#4038=ADVANCED_FACE('',(#3658),#3908,.T.);
#4039=ADVANCED_FACE('',(#3659),#3909,.T.);
#4040=ADVANCED_FACE('',(#3660),#3910,.T.);
#4041=ADVANCED_FACE('',(#3661),#3911,.T.);
#4042=ADVANCED_FACE('',(#3662),#3912,.T.);
#4043=ADVANCED_FACE('',(#3663),#3913,.T.);
#4044=ADVANCED_FACE('',(#3664),#3914,.T.);
#4045=ADVANCED_FACE('',(#3665),#3915,.T.);
#4046=ADVANCED_FACE('',(#3666),#3916,.T.);
#4047=ADVANCED_FACE('',(#3667),#3917,.T.);
#4048=ADVANCED_FACE('',(#3668),#3918,.T.);
#4049=ADVANCED_FACE('',(#3669),#3919,.T.);
#4050=ADVANCED_FACE('',(#3670),#3920,.T.);
#4051=ADVANCED_FACE('',(#3671),#3921,.T.);
#4052=ADVANCED_FACE('',(#3672,#3673),#3922,.F.);
#4053=ADVANCED_FACE('',(#3674),#12,.F.);
#4054=ADVANCED_FACE('',(#3675,#3676),#3923,.F.);
#4055=ADVANCED_FACE('',(#3677,#3678,#3679,#3680,#3681,#3682,#3683),#3924,
 .F.);
#4056=ADVANCED_FACE('',(#3684),#3925,.T.);
#4057=ADVANCED_FACE('',(#3685),#13,.T.);
#4058=ADVANCED_FACE('',(#3686),#3926,.T.);
#4059=ADVANCED_FACE('',(#3687,#3688),#3927,.F.);
#4060=ADVANCED_FACE('',(#3689,#3690,#3691,#3692,#3693,#3694,#3695,#3696,
#3697,#3698,#3699,#3700,#3701,#3702),#3928,.T.);
#4061=ADVANCED_FACE('',(#3703),#3929,.T.);
#4062=ADVANCED_FACE('',(#3704),#14,.T.);
#4063=ADVANCED_FACE('',(#3705),#3930,.T.);
#4064=ADVANCED_FACE('',(#3706,#3707,#3708,#3709,#3710,#3711,#3712),#3931,
 .F.);
#4065=ADVANCED_FACE('',(#3713),#15,.F.);
#4066=ADVANCED_FACE('',(#3714),#16,.F.);
#4067=ADVANCED_FACE('',(#3715),#17,.F.);
#4068=ADVANCED_FACE('',(#3716),#18,.F.);
#4069=ADVANCED_FACE('',(#3717),#19,.F.);
#4070=ADVANCED_FACE('',(#3718),#20,.F.);
#4071=ADVANCED_FACE('',(#3719),#21,.F.);
#4072=ADVANCED_FACE('',(#3720),#22,.F.);
#4073=ADVANCED_FACE('',(#3721),#23,.F.);
#4074=ADVANCED_FACE('',(#3722),#24,.F.);
#4075=ADVANCED_FACE('',(#3723),#25,.F.);
#4076=ADVANCED_FACE('',(#3724),#26,.F.);
#4077=ADVANCED_FACE('',(#3725),#27,.F.);
#4078=ADVANCED_FACE('',(#3726),#28,.F.);
#4079=ADVANCED_FACE('',(#3727),#29,.F.);
#4080=ADVANCED_FACE('',(#3728),#30,.F.);
#4081=ADVANCED_FACE('',(#3729),#31,.F.);
#4082=ADVANCED_FACE('',(#3730),#32,.F.);
#4083=ADVANCED_FACE('',(#3731),#33,.F.);
#4084=ADVANCED_FACE('',(#3732),#34,.F.);
#4085=ADVANCED_FACE('',(#3733),#35,.F.);
#4086=ADVANCED_FACE('',(#3734),#36,.F.);
#4087=ADVANCED_FACE('',(#3735),#37,.F.);
#4088=ADVANCED_FACE('',(#3736),#38,.F.);
#4089=ADVANCED_FACE('',(#3737),#39,.F.);
#4090=ADVANCED_FACE('',(#3738),#40,.F.);
#4091=ADVANCED_FACE('',(#3739),#41,.F.);
#4092=ADVANCED_FACE('',(#3740),#42,.F.);
#4093=ADVANCED_FACE('',(#3741),#43,.F.);
#4094=ADVANCED_FACE('',(#3742),#44,.F.);
#4095=ADVANCED_FACE('',(#3743),#45,.F.);
#4096=ADVANCED_FACE('',(#3744),#46,.F.);
#4097=ADVANCED_FACE('',(#3745),#47,.F.);
#4098=ADVANCED_FACE('',(#3746),#48,.F.);
#4099=ADVANCED_FACE('',(#3747),#49,.F.);
#4100=ADVANCED_FACE('',(#3748),#50,.F.);
#4101=ADVANCED_FACE('',(#3749),#51,.F.);
#4102=ADVANCED_FACE('',(#3750),#52,.F.);
#4103=ADVANCED_FACE('',(#3751),#53,.F.);
#4104=ADVANCED_FACE('',(#3752),#54,.F.);
#4105=ADVANCED_FACE('',(#3753),#55,.F.);
#4106=ADVANCED_FACE('',(#3754),#56,.F.);
#4107=ADVANCED_FACE('',(#3755),#57,.F.);
#4108=ADVANCED_FACE('',(#3756),#58,.F.);
#4109=ADVANCED_FACE('',(#3757),#59,.F.);
#4110=ADVANCED_FACE('',(#3758),#60,.F.);
#4111=ADVANCED_FACE('',(#3759),#61,.F.);
#4112=ADVANCED_FACE('',(#3760),#62,.F.);
#4113=ADVANCED_FACE('',(#3761),#63,.F.);
#4114=ADVANCED_FACE('',(#3762),#64,.F.);
#4115=ADVANCED_FACE('',(#3763),#65,.F.);
#4116=ADVANCED_FACE('',(#3764),#66,.F.);
#4117=ADVANCED_FACE('',(#3765),#67,.F.);
#4118=ADVANCED_FACE('',(#3766),#68,.F.);
#4119=ADVANCED_FACE('',(#3767),#69,.F.);
#4120=ADVANCED_FACE('',(#3768),#70,.F.);
#4121=ADVANCED_FACE('',(#3769),#71,.F.);
#4122=ADVANCED_FACE('',(#3770),#72,.F.);
#4123=ADVANCED_FACE('',(#3771),#73,.F.);
#4124=ADVANCED_FACE('',(#3772,#3773),#74,.T.);
#4125=ADVANCED_FACE('',(#3774,#3775),#75,.F.);
#4126=ADVANCED_FACE('',(#3776,#3777),#76,.F.);
#4127=ADVANCED_FACE('',(#3778,#3779),#77,.F.);
#4128=ADVANCED_FACE('',(#3780,#3781),#78,.F.);
#4129=ADVANCED_FACE('',(#3782,#3783),#79,.F.);
#4130=ADVANCED_FACE('',(#3784,#3785),#80,.F.);
#4131=ADVANCED_FACE('',(#3786,#3787),#81,.F.);
#4132=ADVANCED_FACE('',(#3788,#3789),#82,.F.);
#4133=ADVANCED_FACE('',(#3790,#3791),#83,.F.);
#4134=ADVANCED_FACE('',(#3792,#3793),#84,.F.);
#4135=ADVANCED_FACE('',(#3794,#3795),#85,.F.);
#4136=ADVANCED_FACE('',(#3796,#3797),#86,.F.);
#4137=ADVANCED_FACE('',(#3798,#3799),#87,.F.);
#4138=ADVANCED_FACE('',(#3800,#3801),#88,.F.);
#4139=CLOSED_SHELL('',(#3932,#3933,#3934,#3935,#3936,#3937,#3938,#3939,
#3940,#3941,#3942,#3943,#3944,#3945,#3946,#3947,#3948,#3949,#3950,#3951,
#3952,#3953,#3954,#3955,#3956,#3957,#3958,#3959,#3960,#3961,#3962,#3963,
#3964,#3965,#3966,#3967,#3968,#3969,#3970,#3971,#3972,#3973,#3974,#3975,
#3976,#3977,#3978,#3979,#3980,#3981,#3982,#3983,#3984,#3985,#3986,#3987,
#3988,#3989,#3990,#3991,#3992,#3993,#3994,#3995,#3996,#3997,#3998,#3999,
#4000,#4001,#4002,#4003,#4004,#4005,#4006,#4007,#4008,#4009,#4010,#4011,
#4012,#4013,#4014,#4015,#4016,#4017,#4018,#4019,#4020,#4021,#4022,#4023,
#4024,#4025,#4026,#4027,#4028,#4029,#4030,#4031,#4032,#4033,#4034,#4035,
#4036,#4037,#4038,#4039,#4040,#4041,#4042,#4043,#4044,#4045,#4046,#4047,
#4048,#4049,#4050,#4051,#4052,#4053,#4054,#4055,#4056,#4057,#4058,#4059,
#4060,#4061,#4062,#4063,#4064,#4065,#4066,#4067,#4068,#4069,#4070,#4071,
#4072,#4073,#4074,#4075,#4076,#4077,#4078,#4079,#4080,#4081,#4082,#4083,
#4084,#4085,#4086,#4087,#4088,#4089,#4090,#4091,#4092,#4093,#4094,#4095,
#4096,#4097,#4098,#4099,#4100,#4101,#4102,#4103,#4104,#4105,#4106,#4107,
#4108,#4109,#4110,#4111,#4112,#4113,#4114,#4115,#4116,#4117,#4118,#4119,
#4120,#4121,#4122,#4123,#4124,#4125,#4126,#4127,#4128,#4129,#4130,#4131,
#4132,#4133,#4134,#4135,#4136,#4137,#4138));
#4140=STYLED_ITEM('',(#4141),#4148);
#4141=PRESENTATION_STYLE_ASSIGNMENT((#4142));
#4142=SURFACE_STYLE_USAGE(.BOTH.,#4143);
#4143=SURFACE_SIDE_STYLE('',(#4144));
#4144=SURFACE_STYLE_FILL_AREA(#4145);
#4145=FILL_AREA_STYLE('',(#4146));
#4146=FILL_AREA_STYLE_COLOUR('',#4147);
#4147=COLOUR_RGB('',0.792156862745098,0.819607843137255,0.933333333333333);
#4148=MANIFOLD_SOLID_BREP('SG90 - Micro Servo 9g - Tower Pro.3_Pe\X\E7
a',#4139);
#4149=SHAPE_DEFINITION_REPRESENTATION(#6894,#4150);
#4150=SHAPE_REPRESENTATION('SG90 - Micro Servo 9g - Tower Pro.3_Pe\X2\FFFD\X0\a',
(#4151),#6889);
#4151=AXIS2_PLACEMENT_3D('',#5682,#4516,#4517);
#4152=AXIS2_PLACEMENT_3D('',#5683,#4518,#4519);
#4153=AXIS2_PLACEMENT_3D('',#5692,#4524,#4525);
#4154=AXIS2_PLACEMENT_3D('',#5698,#4529,#4530);
#4155=AXIS2_PLACEMENT_3D('',#5707,#4535,#4536);
#4156=AXIS2_PLACEMENT_3D('',#5713,#4540,#4541);
#4157=AXIS2_PLACEMENT_3D('',#5722,#4546,#4547);
#4158=AXIS2_PLACEMENT_3D('',#5728,#4551,#4552);
#4159=AXIS2_PLACEMENT_3D('',#5737,#4557,#4558);
#4160=AXIS2_PLACEMENT_3D('',#5743,#4562,#4563);
#4161=AXIS2_PLACEMENT_3D('',#5752,#4568,#4569);
#4162=AXIS2_PLACEMENT_3D('',#5758,#4573,#4574);
#4163=AXIS2_PLACEMENT_3D('',#5767,#4579,#4580);
#4164=AXIS2_PLACEMENT_3D('',#5773,#4584,#4585);
#4165=AXIS2_PLACEMENT_3D('',#5782,#4590,#4591);
#4166=AXIS2_PLACEMENT_3D('',#5788,#4595,#4596);
#4167=AXIS2_PLACEMENT_3D('',#5797,#4601,#4602);
#4168=AXIS2_PLACEMENT_3D('',#5803,#4606,#4607);
#4169=AXIS2_PLACEMENT_3D('',#5812,#4612,#4613);
#4170=AXIS2_PLACEMENT_3D('',#5818,#4617,#4618);
#4171=AXIS2_PLACEMENT_3D('',#5827,#4623,#4624);
#4172=AXIS2_PLACEMENT_3D('',#5833,#4628,#4629);
#4173=AXIS2_PLACEMENT_3D('',#5842,#4634,#4635);
#4174=AXIS2_PLACEMENT_3D('',#5848,#4639,#4640);
#4175=AXIS2_PLACEMENT_3D('',#5857,#4645,#4646);
#4176=AXIS2_PLACEMENT_3D('',#5863,#4650,#4651);
#4177=AXIS2_PLACEMENT_3D('',#5872,#4656,#4657);
#4178=AXIS2_PLACEMENT_3D('',#5878,#4661,#4662);
#4179=AXIS2_PLACEMENT_3D('',#5887,#4667,#4668);
#4180=AXIS2_PLACEMENT_3D('',#5893,#4672,#4673);
#4181=AXIS2_PLACEMENT_3D('',#5902,#4678,#4679);
#4182=AXIS2_PLACEMENT_3D('',#5908,#4683,#4684);
#4183=AXIS2_PLACEMENT_3D('',#5917,#4689,#4690);
#4184=AXIS2_PLACEMENT_3D('',#5923,#4694,#4695);
#4185=AXIS2_PLACEMENT_3D('',#5932,#4700,#4701);
#4186=AXIS2_PLACEMENT_3D('',#5938,#4705,#4706);
#4187=AXIS2_PLACEMENT_3D('',#5947,#4711,#4712);
#4188=AXIS2_PLACEMENT_3D('',#5953,#4716,#4717);
#4189=AXIS2_PLACEMENT_3D('',#5962,#4722,#4723);
#4190=AXIS2_PLACEMENT_3D('',#5968,#4727,#4728);
#4191=AXIS2_PLACEMENT_3D('',#5977,#4733,#4734);
#4192=AXIS2_PLACEMENT_3D('',#5983,#4738,#4739);
#4193=AXIS2_PLACEMENT_3D('',#5992,#4744,#4745);
#4194=AXIS2_PLACEMENT_3D('',#5998,#4749,#4750);
#4195=AXIS2_PLACEMENT_3D('',#6007,#4755,#4756);
#4196=AXIS2_PLACEMENT_3D('',#6013,#4760,#4761);
#4197=AXIS2_PLACEMENT_3D('',#6022,#4766,#4767);
#4198=AXIS2_PLACEMENT_3D('',#6028,#4771,#4772);
#4199=AXIS2_PLACEMENT_3D('',#6037,#4777,#4778);
#4200=AXIS2_PLACEMENT_3D('',#6043,#4782,#4783);
#4201=AXIS2_PLACEMENT_3D('',#6052,#4788,#4789);
#4202=AXIS2_PLACEMENT_3D('',#6058,#4793,#4794);
#4203=AXIS2_PLACEMENT_3D('',#6067,#4799,#4800);
#4204=AXIS2_PLACEMENT_3D('',#6073,#4804,#4805);
#4205=AXIS2_PLACEMENT_3D('',#6082,#4810,#4811);
#4206=AXIS2_PLACEMENT_3D('',#6088,#4815,#4816);
#4207=AXIS2_PLACEMENT_3D('',#6097,#4821,#4822);
#4208=AXIS2_PLACEMENT_3D('',#6103,#4826,#4827);
#4209=AXIS2_PLACEMENT_3D('',#6112,#4832,#4833);
#4210=AXIS2_PLACEMENT_3D('',#6118,#4837,#4838);
#4211=AXIS2_PLACEMENT_3D('',#6127,#4843,#4844);
#4212=AXIS2_PLACEMENT_3D('',#6133,#4848,#4849);
#4213=AXIS2_PLACEMENT_3D('',#6142,#4854,#4855);
#4214=AXIS2_PLACEMENT_3D('',#6148,#4859,#4860);
#4215=AXIS2_PLACEMENT_3D('',#6157,#4865,#4866);
#4216=AXIS2_PLACEMENT_3D('',#6163,#4870,#4871);
#4217=AXIS2_PLACEMENT_3D('',#6172,#4876,#4877);
#4218=AXIS2_PLACEMENT_3D('',#6178,#4881,#4882);
#4219=AXIS2_PLACEMENT_3D('',#6187,#4887,#4888);
#4220=AXIS2_PLACEMENT_3D('',#6193,#4892,#4893);
#4221=AXIS2_PLACEMENT_3D('',#6202,#4898,#4899);
#4222=AXIS2_PLACEMENT_3D('',#6208,#4903,#4904);
#4223=AXIS2_PLACEMENT_3D('',#6217,#4909,#4910);
#4224=AXIS2_PLACEMENT_3D('',#6223,#4914,#4915);
#4225=AXIS2_PLACEMENT_3D('',#6232,#4920,#4921);
#4226=AXIS2_PLACEMENT_3D('',#6238,#4925,#4926);
#4227=AXIS2_PLACEMENT_3D('',#6247,#4931,#4932);
#4228=AXIS2_PLACEMENT_3D('',#6253,#4936,#4937);
#4229=AXIS2_PLACEMENT_3D('',#6262,#4942,#4943);
#4230=AXIS2_PLACEMENT_3D('',#6268,#4947,#4948);
#4231=AXIS2_PLACEMENT_3D('',#6277,#4953,#4954);
#4232=AXIS2_PLACEMENT_3D('',#6283,#4958,#4959);
#4233=AXIS2_PLACEMENT_3D('',#6292,#4964,#4965);
#4234=AXIS2_PLACEMENT_3D('',#6298,#4969,#4970);
#4235=AXIS2_PLACEMENT_3D('',#6307,#4975,#4976);
#4236=AXIS2_PLACEMENT_3D('',#6313,#4980,#4981);
#4237=AXIS2_PLACEMENT_3D('',#6322,#4986,#4987);
#4238=AXIS2_PLACEMENT_3D('',#6328,#4991,#4992);
#4239=AXIS2_PLACEMENT_3D('',#6337,#4997,#4998);
#4240=AXIS2_PLACEMENT_3D('',#6343,#5002,#5003);
#4241=AXIS2_PLACEMENT_3D('',#6352,#5008,#5009);
#4242=AXIS2_PLACEMENT_3D('',#6358,#5013,#5014);
#4243=AXIS2_PLACEMENT_3D('',#6367,#5019,#5020);
#4244=AXIS2_PLACEMENT_3D('',#6373,#5024,#5025);
#4245=AXIS2_PLACEMENT_3D('',#6382,#5030,#5031);
#4246=AXIS2_PLACEMENT_3D('',#6388,#5035,#5036);
#4247=AXIS2_PLACEMENT_3D('',#6397,#5041,#5042);
#4248=AXIS2_PLACEMENT_3D('',#6403,#5046,#5047);
#4249=AXIS2_PLACEMENT_3D('',#6412,#5052,#5053);
#4250=AXIS2_PLACEMENT_3D('',#6418,#5057,#5058);
#4251=AXIS2_PLACEMENT_3D('',#6427,#5063,#5064);
#4252=AXIS2_PLACEMENT_3D('',#6433,#5068,#5069);
#4253=AXIS2_PLACEMENT_3D('',#6442,#5074,#5075);
#4254=AXIS2_PLACEMENT_3D('',#6448,#5079,#5080);
#4255=AXIS2_PLACEMENT_3D('',#6457,#5085,#5086);
#4256=AXIS2_PLACEMENT_3D('',#6463,#5090,#5091);
#4257=AXIS2_PLACEMENT_3D('',#6472,#5096,#5097);
#4258=AXIS2_PLACEMENT_3D('',#6478,#5101,#5102);
#4259=AXIS2_PLACEMENT_3D('',#6487,#5107,#5108);
#4260=AXIS2_PLACEMENT_3D('',#6493,#5112,#5113);
#4261=AXIS2_PLACEMENT_3D('',#6502,#5118,#5119);
#4262=AXIS2_PLACEMENT_3D('',#6508,#5123,#5124);
#4263=AXIS2_PLACEMENT_3D('',#6517,#5129,#5130);
#4264=AXIS2_PLACEMENT_3D('',#6523,#5134,#5135);
#4265=AXIS2_PLACEMENT_3D('',#6532,#5140,#5141);
#4266=AXIS2_PLACEMENT_3D('',#6538,#5145,#5146);
#4267=AXIS2_PLACEMENT_3D('',#6547,#5151,#5152);
#4268=AXIS2_PLACEMENT_3D('',#6553,#5156,#5157);
#4269=AXIS2_PLACEMENT_3D('',#6562,#5162,#5163);
#4270=AXIS2_PLACEMENT_3D('',#6568,#5167,#5168);
#4271=AXIS2_PLACEMENT_3D('',#6577,#5173,#5174);
#4272=AXIS2_PLACEMENT_3D('',#6583,#5178,#5179);
#4273=AXIS2_PLACEMENT_3D('',#6584,#5180,#5181);
#4274=AXIS2_PLACEMENT_3D('',#6586,#5182,#5183);
#4275=AXIS2_PLACEMENT_3D('',#6588,#5184,#5185);
#4276=AXIS2_PLACEMENT_3D('',#6589,#5186,#5187);
#4277=AXIS2_PLACEMENT_3D('',#6590,#5188,#5189);
#4278=AXIS2_PLACEMENT_3D('',#6591,#5190,#5191);
#4279=AXIS2_PLACEMENT_3D('',#6592,#5192,#5193);
#4280=AXIS2_PLACEMENT_3D('',#6593,#5194,#5195);
#4281=AXIS2_PLACEMENT_3D('',#6594,#5196,#5197);
#4282=AXIS2_PLACEMENT_3D('',#6595,#5198,#5199);
#4283=AXIS2_PLACEMENT_3D('',#6596,#5200,#5201);
#4284=AXIS2_PLACEMENT_3D('',#6597,#5202,#5203);
#4285=AXIS2_PLACEMENT_3D('',#6598,#5204,#5205);
#4286=AXIS2_PLACEMENT_3D('',#6599,#5206,#5207);
#4287=AXIS2_PLACEMENT_3D('',#6600,#5208,#5209);
#4288=AXIS2_PLACEMENT_3D('',#6601,#5210,#5211);
#4289=AXIS2_PLACEMENT_3D('',#6602,#5212,#5213);
#4290=AXIS2_PLACEMENT_3D('',#6603,#5214,#5215);
#4291=AXIS2_PLACEMENT_3D('',#6604,#5216,#5217);
#4292=AXIS2_PLACEMENT_3D('',#6605,#5218,#5219);
#4293=AXIS2_PLACEMENT_3D('',#6606,#5220,#5221);
#4294=AXIS2_PLACEMENT_3D('',#6607,#5222,#5223);
#4295=AXIS2_PLACEMENT_3D('',#6608,#5224,#5225);
#4296=AXIS2_PLACEMENT_3D('',#6609,#5226,#5227);
#4297=AXIS2_PLACEMENT_3D('',#6610,#5228,#5229);
#4298=AXIS2_PLACEMENT_3D('',#6611,#5230,#5231);
#4299=AXIS2_PLACEMENT_3D('',#6612,#5232,#5233);
#4300=AXIS2_PLACEMENT_3D('',#6613,#5234,#5235);
#4301=AXIS2_PLACEMENT_3D('',#6614,#5236,#5237);
#4302=AXIS2_PLACEMENT_3D('',#6615,#5238,#5239);
#4303=AXIS2_PLACEMENT_3D('',#6616,#5240,#5241);
#4304=AXIS2_PLACEMENT_3D('',#6617,#5242,#5243);
#4305=AXIS2_PLACEMENT_3D('',#6618,#5244,#5245);
#4306=AXIS2_PLACEMENT_3D('',#6619,#5246,#5247);
#4307=AXIS2_PLACEMENT_3D('',#6620,#5248,#5249);
#4308=AXIS2_PLACEMENT_3D('',#6621,#5250,#5251);
#4309=AXIS2_PLACEMENT_3D('',#6622,#5252,#5253);
#4310=AXIS2_PLACEMENT_3D('',#6623,#5254,#5255);
#4311=AXIS2_PLACEMENT_3D('',#6624,#5256,#5257);
#4312=AXIS2_PLACEMENT_3D('',#6625,#5258,#5259);
#4313=AXIS2_PLACEMENT_3D('',#6626,#5260,#5261);
#4314=AXIS2_PLACEMENT_3D('',#6627,#5262,#5263);
#4315=AXIS2_PLACEMENT_3D('',#6628,#5264,#5265);
#4316=AXIS2_PLACEMENT_3D('',#6629,#5266,#5267);
#4317=AXIS2_PLACEMENT_3D('',#6630,#5268,#5269);
#4318=AXIS2_PLACEMENT_3D('',#6631,#5270,#5271);
#4319=AXIS2_PLACEMENT_3D('',#6632,#5272,#5273);
#4320=AXIS2_PLACEMENT_3D('',#6633,#5274,#5275);
#4321=AXIS2_PLACEMENT_3D('',#6634,#5276,#5277);
#4322=AXIS2_PLACEMENT_3D('',#6635,#5278,#5279);
#4323=AXIS2_PLACEMENT_3D('',#6636,#5280,#5281);
#4324=AXIS2_PLACEMENT_3D('',#6637,#5282,#5283);
#4325=AXIS2_PLACEMENT_3D('',#6638,#5284,#5285);
#4326=AXIS2_PLACEMENT_3D('',#6639,#5286,#5287);
#4327=AXIS2_PLACEMENT_3D('',#6640,#5288,#5289);
#4328=AXIS2_PLACEMENT_3D('',#6641,#5290,#5291);
#4329=AXIS2_PLACEMENT_3D('',#6642,#5292,#5293);
#4330=AXIS2_PLACEMENT_3D('',#6643,#5294,#5295);
#4331=AXIS2_PLACEMENT_3D('',#6644,#5296,#5297);
#4332=AXIS2_PLACEMENT_3D('',#6645,#5298,#5299);
#4333=AXIS2_PLACEMENT_3D('',#6646,#5300,#5301);
#4334=AXIS2_PLACEMENT_3D('',#6647,#5302,#5303);
#4335=AXIS2_PLACEMENT_3D('',#6648,#5304,#5305);
#4336=AXIS2_PLACEMENT_3D('',#6649,#5306,#5307);
#4337=AXIS2_PLACEMENT_3D('',#6650,#5308,#5309);
#4338=AXIS2_PLACEMENT_3D('',#6651,#5310,#5311);
#4339=AXIS2_PLACEMENT_3D('',#6653,#5312,#5313);
#4340=AXIS2_PLACEMENT_3D('',#6654,#5314,#5315);
#4341=AXIS2_PLACEMENT_3D('',#6659,#5317,#5318);
#4342=AXIS2_PLACEMENT_3D('',#6662,#5320,#5321);
#4343=AXIS2_PLACEMENT_3D('',#6664,#5322,#5323);
#4344=AXIS2_PLACEMENT_3D('',#6666,#5324,#5325);
#4345=AXIS2_PLACEMENT_3D('',#6668,#5326,#5327);
#4346=AXIS2_PLACEMENT_3D('',#6670,#5328,#5329);
#4347=AXIS2_PLACEMENT_3D('',#6672,#5330,#5331);
#4348=AXIS2_PLACEMENT_3D('',#6674,#5332,#5333);
#4349=AXIS2_PLACEMENT_3D('',#6680,#5337,#5338);
#4350=AXIS2_PLACEMENT_3D('',#6681,#5339,#5340);
#4351=AXIS2_PLACEMENT_3D('',#6684,#5342,#5343);
#4352=AXIS2_PLACEMENT_3D('',#6688,#5346,#5347);
#4353=AXIS2_PLACEMENT_3D('',#6689,#5348,#5349);
#4354=AXIS2_PLACEMENT_3D('',#6691,#5350,#5351);
#4355=AXIS2_PLACEMENT_3D('',#6692,#5352,#5353);
#4356=AXIS2_PLACEMENT_3D('',#6693,#5354,#5355);
#4357=AXIS2_PLACEMENT_3D('',#6694,#5356,#5357);
#4358=AXIS2_PLACEMENT_3D('',#6695,#5358,#5359);
#4359=AXIS2_PLACEMENT_3D('',#6696,#5360,#5361);
#4360=AXIS2_PLACEMENT_3D('',#6697,#5362,#5363);
#4361=AXIS2_PLACEMENT_3D('',#6698,#5364,#5365);
#4362=AXIS2_PLACEMENT_3D('',#6699,#5366,#5367);
#4363=AXIS2_PLACEMENT_3D('',#6700,#5368,#5369);
#4364=AXIS2_PLACEMENT_3D('',#6701,#5370,#5371);
#4365=AXIS2_PLACEMENT_3D('',#6702,#5372,#5373);
#4366=AXIS2_PLACEMENT_3D('',#6703,#5374,#5375);
#4367=AXIS2_PLACEMENT_3D('',#6704,#5376,#5377);
#4368=AXIS2_PLACEMENT_3D('',#6705,#5378,#5379);
#4369=AXIS2_PLACEMENT_3D('',#6706,#5380,#5381);
#4370=AXIS2_PLACEMENT_3D('',#6707,#5382,#5383);
#4371=AXIS2_PLACEMENT_3D('',#6708,#5384,#5385);
#4372=AXIS2_PLACEMENT_3D('',#6709,#5386,#5387);
#4373=AXIS2_PLACEMENT_3D('',#6710,#5388,#5389);
#4374=AXIS2_PLACEMENT_3D('',#6711,#5390,#5391);
#4375=AXIS2_PLACEMENT_3D('',#6712,#5392,#5393);
#4376=AXIS2_PLACEMENT_3D('',#6713,#5394,#5395);
#4377=AXIS2_PLACEMENT_3D('',#6714,#5396,#5397);
#4378=AXIS2_PLACEMENT_3D('',#6715,#5398,#5399);
#4379=AXIS2_PLACEMENT_3D('',#6716,#5400,#5401);
#4380=AXIS2_PLACEMENT_3D('',#6717,#5402,#5403);
#4381=AXIS2_PLACEMENT_3D('',#6718,#5404,#5405);
#4382=AXIS2_PLACEMENT_3D('',#6719,#5406,#5407);
#4383=AXIS2_PLACEMENT_3D('',#6720,#5408,#5409);
#4384=AXIS2_PLACEMENT_3D('',#6721,#5410,#5411);
#4385=AXIS2_PLACEMENT_3D('',#6722,#5412,#5413);
#4386=AXIS2_PLACEMENT_3D('',#6723,#5414,#5415);
#4387=AXIS2_PLACEMENT_3D('',#6724,#5416,#5417);
#4388=AXIS2_PLACEMENT_3D('',#6725,#5418,#5419);
#4389=AXIS2_PLACEMENT_3D('',#6726,#5420,#5421);
#4390=AXIS2_PLACEMENT_3D('',#6727,#5422,#5423);
#4391=AXIS2_PLACEMENT_3D('',#6728,#5424,#5425);
#4392=AXIS2_PLACEMENT_3D('',#6729,#5426,#5427);
#4393=AXIS2_PLACEMENT_3D('',#6730,#5428,#5429);
#4394=AXIS2_PLACEMENT_3D('',#6731,#5430,#5431);
#4395=AXIS2_PLACEMENT_3D('',#6732,#5432,#5433);
#4396=AXIS2_PLACEMENT_3D('',#6733,#5434,#5435);
#4397=AXIS2_PLACEMENT_3D('',#6734,#5436,#5437);
#4398=AXIS2_PLACEMENT_3D('',#6735,#5438,#5439);
#4399=AXIS2_PLACEMENT_3D('',#6736,#5440,#5441);
#4400=AXIS2_PLACEMENT_3D('',#6737,#5442,#5443);
#4401=AXIS2_PLACEMENT_3D('',#6738,#5444,#5445);
#4402=AXIS2_PLACEMENT_3D('',#6739,#5446,#5447);
#4403=AXIS2_PLACEMENT_3D('',#6740,#5448,#5449);
#4404=AXIS2_PLACEMENT_3D('',#6741,#5450,#5451);
#4405=AXIS2_PLACEMENT_3D('',#6742,#5452,#5453);
#4406=AXIS2_PLACEMENT_3D('',#6743,#5454,#5455);
#4407=AXIS2_PLACEMENT_3D('',#6744,#5456,#5457);
#4408=AXIS2_PLACEMENT_3D('',#6745,#5458,#5459);
#4409=AXIS2_PLACEMENT_3D('',#6746,#5460,#5461);
#4410=AXIS2_PLACEMENT_3D('',#6747,#5462,#5463);
#4411=AXIS2_PLACEMENT_3D('',#6748,#5464,#5465);
#4412=AXIS2_PLACEMENT_3D('',#6749,#5466,#5467);
#4413=AXIS2_PLACEMENT_3D('',#6750,#5468,#5469);
#4414=AXIS2_PLACEMENT_3D('',#6751,#5470,#5471);
#4415=AXIS2_PLACEMENT_3D('',#6753,#5472,#5473);
#4416=AXIS2_PLACEMENT_3D('',#6755,#5474,#5475);
#4417=AXIS2_PLACEMENT_3D('',#6757,#5476,#5477);
#4418=AXIS2_PLACEMENT_3D('',#6759,#5478,#5479);
#4419=AXIS2_PLACEMENT_3D('',#6761,#5480,#5481);
#4420=AXIS2_PLACEMENT_3D('',#6766,#5483,#5484);
#4421=AXIS2_PLACEMENT_3D('',#6767,#5485,#5486);
#4422=AXIS2_PLACEMENT_3D('',#6771,#5488,#5489);
#4423=AXIS2_PLACEMENT_3D('',#6772,#5490,#5491);
#4424=AXIS2_PLACEMENT_3D('',#6774,#5492,#5493);
#4425=AXIS2_PLACEMENT_3D('',#6776,#5494,#5495);
#4426=AXIS2_PLACEMENT_3D('',#6778,#5496,#5497);
#4427=AXIS2_PLACEMENT_3D('',#6780,#5498,#5499);
#4428=AXIS2_PLACEMENT_3D('',#6782,#5500,#5501);
#4429=AXIS2_PLACEMENT_3D('',#6784,#5502,#5503);
#4430=AXIS2_PLACEMENT_3D('',#6786,#5504,#5505);
#4431=AXIS2_PLACEMENT_3D('',#6792,#5509,#5510);
#4432=AXIS2_PLACEMENT_3D('',#6793,#5511,#5512);
#4433=AXIS2_PLACEMENT_3D('',#6796,#5514,#5515);
#4434=AXIS2_PLACEMENT_3D('',#6800,#5518,#5519);
#4435=AXIS2_PLACEMENT_3D('',#6801,#5520,#5521);
#4436=AXIS2_PLACEMENT_3D('',#6803,#5522,#5523);
#4437=AXIS2_PLACEMENT_3D('',#6805,#5524,#5525);
#4438=AXIS2_PLACEMENT_3D('',#6807,#5526,#5527);
#4439=AXIS2_PLACEMENT_3D('',#6809,#5528,#5529);
#4440=AXIS2_PLACEMENT_3D('',#6810,#5530,#5531);
#4441=AXIS2_PLACEMENT_3D('',#6812,#5532,#5533);
#4442=AXIS2_PLACEMENT_3D('',#6814,#5534,#5535);
#4443=AXIS2_PLACEMENT_3D('',#6815,#5536,#5537);
#4444=AXIS2_PLACEMENT_3D('',#6816,#5538,#5539);
#4445=AXIS2_PLACEMENT_3D('',#6817,#5540,#5541);
#4446=AXIS2_PLACEMENT_3D('',#6818,#5542,#5543);
#4447=AXIS2_PLACEMENT_3D('',#6819,#5544,#5545);
#4448=AXIS2_PLACEMENT_3D('',#6820,#5546,#5547);
#4449=AXIS2_PLACEMENT_3D('',#6821,#5548,#5549);
#4450=AXIS2_PLACEMENT_3D('',#6822,#5550,#5551);
#4451=AXIS2_PLACEMENT_3D('',#6823,#5552,#5553);
#4452=AXIS2_PLACEMENT_3D('',#6824,#5554,#5555);
#4453=AXIS2_PLACEMENT_3D('',#6825,#5556,#5557);
#4454=AXIS2_PLACEMENT_3D('',#6826,#5558,#5559);
#4455=AXIS2_PLACEMENT_3D('',#6827,#5560,#5561);
#4456=AXIS2_PLACEMENT_3D('',#6828,#5562,#5563);
#4457=AXIS2_PLACEMENT_3D('',#6829,#5564,#5565);
#4458=AXIS2_PLACEMENT_3D('',#6830,#5566,#5567);
#4459=AXIS2_PLACEMENT_3D('',#6831,#5568,#5569);
#4460=AXIS2_PLACEMENT_3D('',#6832,#5570,#5571);
#4461=AXIS2_PLACEMENT_3D('',#6833,#5572,#5573);
#4462=AXIS2_PLACEMENT_3D('',#6834,#5574,#5575);
#4463=AXIS2_PLACEMENT_3D('',#6835,#5576,#5577);
#4464=AXIS2_PLACEMENT_3D('',#6836,#5578,#5579);
#4465=AXIS2_PLACEMENT_3D('',#6837,#5580,#5581);
#4466=AXIS2_PLACEMENT_3D('',#6838,#5582,#5583);
#4467=AXIS2_PLACEMENT_3D('',#6839,#5584,#5585);
#4468=AXIS2_PLACEMENT_3D('',#6840,#5586,#5587);
#4469=AXIS2_PLACEMENT_3D('',#6841,#5588,#5589);
#4470=AXIS2_PLACEMENT_3D('',#6842,#5590,#5591);
#4471=AXIS2_PLACEMENT_3D('',#6843,#5592,#5593);
#4472=AXIS2_PLACEMENT_3D('',#6844,#5594,#5595);
#4473=AXIS2_PLACEMENT_3D('',#6845,#5596,#5597);
#4474=AXIS2_PLACEMENT_3D('',#6846,#5598,#5599);
#4475=AXIS2_PLACEMENT_3D('',#6847,#5600,#5601);
#4476=AXIS2_PLACEMENT_3D('',#6848,#5602,#5603);
#4477=AXIS2_PLACEMENT_3D('',#6849,#5604,#5605);
#4478=AXIS2_PLACEMENT_3D('',#6850,#5606,#5607);
#4479=AXIS2_PLACEMENT_3D('',#6851,#5608,#5609);
#4480=AXIS2_PLACEMENT_3D('',#6852,#5610,#5611);
#4481=AXIS2_PLACEMENT_3D('',#6853,#5612,#5613);
#4482=AXIS2_PLACEMENT_3D('',#6854,#5614,#5615);
#4483=AXIS2_PLACEMENT_3D('',#6855,#5616,#5617);
#4484=AXIS2_PLACEMENT_3D('',#6856,#5618,#5619);
#4485=AXIS2_PLACEMENT_3D('',#6857,#5620,#5621);
#4486=AXIS2_PLACEMENT_3D('',#6858,#5622,#5623);
#4487=AXIS2_PLACEMENT_3D('',#6859,#5624,#5625);
#4488=AXIS2_PLACEMENT_3D('',#6860,#5626,#5627);
#4489=AXIS2_PLACEMENT_3D('',#6861,#5628,#5629);
#4490=AXIS2_PLACEMENT_3D('',#6862,#5630,#5631);
#4491=AXIS2_PLACEMENT_3D('',#6863,#5632,#5633);
#4492=AXIS2_PLACEMENT_3D('',#6864,#5634,#5635);
#4493=AXIS2_PLACEMENT_3D('',#6865,#5636,#5637);
#4494=AXIS2_PLACEMENT_3D('',#6866,#5638,#5639);
#4495=AXIS2_PLACEMENT_3D('',#6867,#5640,#5641);
#4496=AXIS2_PLACEMENT_3D('',#6868,#5642,#5643);
#4497=AXIS2_PLACEMENT_3D('',#6869,#5644,#5645);
#4498=AXIS2_PLACEMENT_3D('',#6870,#5646,#5647);
#4499=AXIS2_PLACEMENT_3D('',#6871,#5648,#5649);
#4500=AXIS2_PLACEMENT_3D('',#6872,#5650,#5651);
#4501=AXIS2_PLACEMENT_3D('',#6873,#5652,#5653);
#4502=AXIS2_PLACEMENT_3D('',#6874,#5654,#5655);
#4503=AXIS2_PLACEMENT_3D('',#6875,#5656,#5657);
#4504=AXIS2_PLACEMENT_3D('',#6876,#5658,#5659);
#4505=AXIS2_PLACEMENT_3D('',#6877,#5660,#5661);
#4506=AXIS2_PLACEMENT_3D('',#6878,#5662,#5663);
#4507=AXIS2_PLACEMENT_3D('',#6879,#5664,#5665);
#4508=AXIS2_PLACEMENT_3D('',#6880,#5666,#5667);
#4509=AXIS2_PLACEMENT_3D('',#6881,#5668,#5669);
#4510=AXIS2_PLACEMENT_3D('',#6882,#5670,#5671);
#4511=AXIS2_PLACEMENT_3D('',#6883,#5672,#5673);
#4512=AXIS2_PLACEMENT_3D('',#6884,#5674,#5675);
#4513=AXIS2_PLACEMENT_3D('',#6885,#5676,#5677);
#4514=AXIS2_PLACEMENT_3D('',#6886,#5678,#5679);
#4515=AXIS2_PLACEMENT_3D('',#6887,#5680,#5681);
#4516=DIRECTION('',(0.,0.,1.));
#4517=DIRECTION('',(1.,0.,0.));
#4518=DIRECTION('',(0.777145961456963,0.,-0.629320391049848));
#4519=DIRECTION('',(-0.629320391049848,0.,-0.777145961456963));
#4520=DIRECTION('',(0.,-1.,0.));
#4521=DIRECTION('',(0.629320391049845,0.,0.777145961456965));
#4522=DIRECTION('',(0.,-1.,0.));
#4523=DIRECTION('',(0.629320391049845,0.,0.777145961456965));
#4524=DIRECTION('',(-0.629320391049851,0.,-0.77714596145696));
#4525=DIRECTION('',(-0.77714596145696,0.,0.629320391049851));
#4526=DIRECTION('',(0.,-1.,0.));
#4527=DIRECTION('',(0.77714596145696,0.,-0.629320391049851));
#4528=DIRECTION('',(0.77714596145696,0.,-0.629320391049851));
#4529=DIRECTION('',(0.838670567945417,0.,-0.544639035015038));
#4530=DIRECTION('',(-0.544639035015038,0.,-0.838670567945417));
#4531=DIRECTION('',(0.,-1.,0.));
#4532=DIRECTION('',(0.544639035015035,0.,0.838670567945419));
#4533=DIRECTION('',(0.,-1.,0.));
#4534=DIRECTION('',(0.544639035015035,0.,0.838670567945419));
#4535=DIRECTION('',(-0.544639035015041,0.,-0.838670567945415));
#4536=DIRECTION('',(-0.838670567945415,0.,0.544639035015041));
#4537=DIRECTION('',(0.,-1.,0.));
#4538=DIRECTION('',(0.838670567945415,0.,-0.544639035015041));
#4539=DIRECTION('',(0.838670567945415,0.,-0.544639035015041));
#4540=DIRECTION('',(0.891006524188362,0.,-0.453990499739558));
#4541=DIRECTION('',(-0.453990499739558,0.,-0.891006524188362));
#4542=DIRECTION('',(0.,-1.,0.));
#4543=DIRECTION('',(0.453990499739556,0.,0.891006524188364));
#4544=DIRECTION('',(0.,-1.,0.));
#4545=DIRECTION('',(0.453990499739556,0.,0.891006524188364));
#4546=DIRECTION('',(-0.453990499739561,0.,-0.891006524188361));
#4547=DIRECTION('',(-0.891006524188361,0.,0.453990499739561));
#4548=DIRECTION('',(0.,-1.,0.));
#4549=DIRECTION('',(0.891006524188361,0.,-0.453990499739561));
#4550=DIRECTION('',(0.891006524188361,0.,-0.453990499739562));
#4551=DIRECTION('',(0.933580426497197,0.,-0.358367949545312));
#4552=DIRECTION('',(-0.358367949545312,0.,-0.933580426497197));
#4553=DIRECTION('',(0.,-1.,0.));
#4554=DIRECTION('',(0.358367949545309,0.,0.933580426497198));
#4555=DIRECTION('',(0.,-1.,0.));
#4556=DIRECTION('',(0.358367949545309,0.,0.933580426497198));
#4557=DIRECTION('',(-0.358367949545315,0.,-0.933580426497196));
#4558=DIRECTION('',(-0.933580426497196,0.,0.358367949545315));
#4559=DIRECTION('',(0.,-1.,0.));
#4560=DIRECTION('',(0.933580426497196,0.,-0.358367949545315));
#4561=DIRECTION('',(0.933580426497196,0.,-0.358367949545315));
#4562=DIRECTION('',(0.965925826289066,0.,-0.25881904510253));
#4563=DIRECTION('',(-0.25881904510253,0.,-0.965925826289066));
#4564=DIRECTION('',(0.,-1.,0.));
#4565=DIRECTION('',(0.25881904510253,0.,0.965925826289066));
#4566=DIRECTION('',(0.,-1.,0.));
#4567=DIRECTION('',(0.25881904510253,0.,0.965925826289066));
#4568=DIRECTION('',(-0.258819045102537,0.,-0.965925826289064));
#4569=DIRECTION('',(-0.965925826289064,0.,0.258819045102537));
#4570=DIRECTION('',(0.,-1.,0.));
#4571=DIRECTION('',(0.965925826289064,0.,-0.258819045102537));
#4572=DIRECTION('',(0.965925826289064,0.,-0.258819045102537));
#4573=DIRECTION('',(0.987688340595136,0.,-0.15643446504024));
#4574=DIRECTION('',(-0.15643446504024,0.,-0.987688340595136));
#4575=DIRECTION('',(0.,-1.,0.));
#4576=DIRECTION('',(0.15643446504024,0.,0.987688340595136));
#4577=DIRECTION('',(0.,-1.,0.));
#4578=DIRECTION('',(0.15643446504024,0.,0.987688340595136));
#4579=DIRECTION('',(-0.156434465040246,0.,-0.987688340595135));
#4580=DIRECTION('',(-0.987688340595135,0.,0.156434465040246));
#4581=DIRECTION('',(0.,-1.,0.));
#4582=DIRECTION('',(0.987688340595135,0.,-0.156434465040246));
#4583=DIRECTION('',(0.987688340595135,0.,-0.156434465040246));
#4584=DIRECTION('',(0.998629534754574,0.,-0.0523359562429521));
#4585=DIRECTION('',(-0.0523359562429521,0.,-0.998629534754574));
#4586=DIRECTION('',(0.,-1.,0.));
#4587=DIRECTION('',(0.0523359562429521,0.,0.998629534754574));
#4588=DIRECTION('',(0.,-1.,0.));
#4589=DIRECTION('',(0.0523359562429521,0.,0.998629534754574));
#4590=DIRECTION('',(-0.0523359562429588,0.,-0.998629534754573));
#4591=DIRECTION('',(-0.998629534754573,0.,0.0523359562429588));
#4592=DIRECTION('',(0.,-1.,0.));
#4593=DIRECTION('',(0.998629534754573,0.,-0.0523359562429588));
#4594=DIRECTION('',(0.998629534754573,0.,-0.0523359562429588));
#4595=DIRECTION('',(0.998629534754574,0.,0.0523359562429352));
#4596=DIRECTION('',(0.0523359562429352,0.,-0.998629534754574));
#4597=DIRECTION('',(0.,-1.,0.));
#4598=DIRECTION('',(-0.0523359562429352,0.,0.998629534754574));
#4599=DIRECTION('',(0.,-1.,0.));
#4600=DIRECTION('',(-0.0523359562429352,0.,0.998629534754574));
#4601=DIRECTION('',(0.0523359562429286,0.,-0.998629534754575));
#4602=DIRECTION('',(-0.998629534754575,0.,-0.0523359562429286));
#4603=DIRECTION('',(0.,-1.,0.));
#4604=DIRECTION('',(0.998629534754575,0.,0.0523359562429286));
#4605=DIRECTION('',(0.998629534754575,0.,0.0523359562429286));
#4606=DIRECTION('',(0.987688340595139,0.,0.156434465040223));
#4607=DIRECTION('',(0.156434465040223,0.,-0.987688340595139));
#4608=DIRECTION('',(0.,-1.,0.));
#4609=DIRECTION('',(-0.156434465040223,0.,0.987688340595139));
#4610=DIRECTION('',(0.,-1.,0.));
#4611=DIRECTION('',(-0.156434465040223,0.,0.987688340595139));
#4612=DIRECTION('',(0.156434465040216,0.,-0.98768834059514));
#4613=DIRECTION('',(-0.98768834059514,0.,-0.156434465040216));
#4614=DIRECTION('',(0.,-1.,0.));
#4615=DIRECTION('',(0.98768834059514,0.,0.156434465040216));
#4616=DIRECTION('',(0.98768834059514,0.,0.156434465040216));
#4617=DIRECTION('',(0.965925826289071,0.,0.258819045102513));
#4618=DIRECTION('',(0.258819045102513,0.,-0.965925826289071));
#4619=DIRECTION('',(0.,-1.,0.));
#4620=DIRECTION('',(-0.258819045102513,0.,0.965925826289071));
#4621=DIRECTION('',(0.,-1.,0.));
#4622=DIRECTION('',(-0.258819045102513,0.,0.965925826289071));
#4623=DIRECTION('',(0.258819045102507,0.,-0.965925826289072));
#4624=DIRECTION('',(-0.965925826289072,0.,-0.258819045102507));
#4625=DIRECTION('',(0.,-1.,0.));
#4626=DIRECTION('',(0.965925826289072,0.,0.258819045102507));
#4627=DIRECTION('',(0.965925826289072,0.,0.258819045102507));
#4628=DIRECTION('',(0.933580426497205,0.,0.358367949545293));
#4629=DIRECTION('',(0.358367949545293,0.,-0.933580426497205));
#4630=DIRECTION('',(0.,-1.,0.));
#4631=DIRECTION('',(-0.358367949545293,0.,0.933580426497205));
#4632=DIRECTION('',(0.,-1.,0.));
#4633=DIRECTION('',(-0.358367949545293,0.,0.933580426497205));
#4634=DIRECTION('',(0.358367949545287,0.,-0.933580426497207));
#4635=DIRECTION('',(-0.933580426497207,0.,-0.358367949545287));
#4636=DIRECTION('',(0.,-1.,0.));
#4637=DIRECTION('',(0.933580426497207,0.,0.358367949545287));
#4638=DIRECTION('',(0.933580426497207,0.,0.358367949545287));
#4639=DIRECTION('',(0.891006524188371,0.,0.45399049973954));
#4640=DIRECTION('',(0.45399049973954,0.,-0.891006524188371));
#4641=DIRECTION('',(0.,-1.,0.));
#4642=DIRECTION('',(-0.45399049973954,0.,0.891006524188371));
#4643=DIRECTION('',(0.,-1.,0.));
#4644=DIRECTION('',(-0.45399049973954,0.,0.891006524188371));
#4645=DIRECTION('',(0.453990499739535,0.,-0.891006524188374));
#4646=DIRECTION('',(-0.891006524188374,0.,-0.453990499739535));
#4647=DIRECTION('',(0.,-1.,0.));
#4648=DIRECTION('',(0.891006524188374,0.,0.453990499739535));
#4649=DIRECTION('',(0.891006524188374,0.,0.453990499739535));
#4650=DIRECTION('',(0.838670567945428,0.,0.544639035015021));
#4651=DIRECTION('',(0.544639035015021,0.,-0.838670567945428));
#4652=DIRECTION('',(0.,-1.,0.));
#4653=DIRECTION('',(-0.544639035015021,0.,0.838670567945428));
#4654=DIRECTION('',(0.,-1.,0.));
#4655=DIRECTION('',(-0.544639035015021,0.,0.838670567945428));
#4656=DIRECTION('',(0.544639035015015,0.,-0.838670567945432));
#4657=DIRECTION('',(-0.838670567945432,0.,-0.544639035015015));
#4658=DIRECTION('',(0.,-1.,0.));
#4659=DIRECTION('',(0.838670567945432,0.,0.544639035015015));
#4660=DIRECTION('',(0.838670567945432,0.,0.544639035015015));
#4661=DIRECTION('',(0.777145961456975,0.,0.629320391049832));
#4662=DIRECTION('',(0.629320391049832,0.,-0.777145961456975));
#4663=DIRECTION('',(0.,-1.,0.));
#4664=DIRECTION('',(-0.629320391049832,0.,0.777145961456975));
#4665=DIRECTION('',(0.,-1.,0.));
#4666=DIRECTION('',(-0.629320391049832,0.,0.777145961456975));
#4667=DIRECTION('',(0.629320391049827,0.,-0.777145961456979));
#4668=DIRECTION('',(-0.777145961456979,0.,-0.629320391049827));
#4669=DIRECTION('',(0.,-1.,0.));
#4670=DIRECTION('',(0.777145961456979,0.,0.629320391049827));
#4671=DIRECTION('',(0.777145961456979,0.,0.629320391049827));
#4672=DIRECTION('',(0.707106781186548,0.,0.707106781186548));
#4673=DIRECTION('',(0.707106781186548,0.,-0.707106781186548));
#4674=DIRECTION('',(0.,-1.,0.));
#4675=DIRECTION('',(-0.707106781186543,0.,0.707106781186553));
#4676=DIRECTION('',(0.,-1.,0.));
#4677=DIRECTION('',(-0.707106781186543,0.,0.707106781186553));
#4678=DIRECTION('',(0.707106781186548,0.,-0.707106781186548));
#4679=DIRECTION('',(-0.707106781186548,0.,-0.707106781186548));
#4680=DIRECTION('',(0.,-1.,0.));
#4681=DIRECTION('',(0.707106781186557,0.,0.707106781186538));
#4682=DIRECTION('',(0.707106781186557,0.,0.707106781186538));
#4683=DIRECTION('',(0.629320391049843,0.,0.777145961456967));
#4684=DIRECTION('',(0.777145961456967,0.,-0.629320391049843));
#4685=DIRECTION('',(0.,-1.,0.));
#4686=DIRECTION('',(-0.777145961456967,0.,0.629320391049843));
#4687=DIRECTION('',(0.,-1.,0.));
#4688=DIRECTION('',(-0.777145961456967,0.,0.629320391049843));
#4689=DIRECTION('',(0.777145961456963,0.,-0.629320391049848));
#4690=DIRECTION('',(-0.629320391049848,0.,-0.777145961456963));
#4691=DIRECTION('',(0.,-1.,0.));
#4692=DIRECTION('',(0.629320391049848,0.,0.777145961456963));
#4693=DIRECTION('',(0.629320391049848,0.,0.777145961456963));
#4694=DIRECTION('',(0.544639035015033,0.,0.83867056794542));
#4695=DIRECTION('',(0.83867056794542,0.,-0.544639035015033));
#4696=DIRECTION('',(0.,-1.,0.));
#4697=DIRECTION('',(-0.83867056794542,0.,0.544639035015033));
#4698=DIRECTION('',(0.,-1.,0.));
#4699=DIRECTION('',(-0.83867056794542,0.,0.544639035015033));
#4700=DIRECTION('',(0.838670567945417,0.,-0.544639035015038));
#4701=DIRECTION('',(-0.544639035015038,0.,-0.838670567945417));
#4702=DIRECTION('',(0.,-1.,0.));
#4703=DIRECTION('',(0.544639035015038,0.,0.838670567945417));
#4704=DIRECTION('',(0.544639035015038,0.,0.838670567945417));
#4705=DIRECTION('',(0.453990499739552,0.,0.891006524188365));
#4706=DIRECTION('',(0.891006524188365,0.,-0.453990499739552));
#4707=DIRECTION('',(0.,-1.,0.));
#4708=DIRECTION('',(-0.891006524188365,0.,0.453990499739552));
#4709=DIRECTION('',(0.,-1.,0.));
#4710=DIRECTION('',(-0.891006524188365,0.,0.453990499739552));
#4711=DIRECTION('',(0.891006524188362,0.,-0.453990499739558));
#4712=DIRECTION('',(-0.453990499739558,0.,-0.891006524188362));
#4713=DIRECTION('',(0.,-1.,0.));
#4714=DIRECTION('',(0.453990499739558,0.,0.891006524188362));
#4715=DIRECTION('',(0.453990499739558,0.,0.891006524188362));
#4716=DIRECTION('',(0.358367949545306,0.,0.9335804264972));
#4717=DIRECTION('',(0.9335804264972,0.,-0.358367949545306));
#4718=DIRECTION('',(0.,-1.,0.));
#4719=DIRECTION('',(-0.9335804264972,0.,0.358367949545306));
#4720=DIRECTION('',(0.,-1.,0.));
#4721=DIRECTION('',(-0.9335804264972,0.,0.358367949545306));
#4722=DIRECTION('',(0.933580426497197,0.,-0.358367949545312));
#4723=DIRECTION('',(-0.358367949545312,0.,-0.933580426497197));
#4724=DIRECTION('',(0.,-1.,0.));
#4725=DIRECTION('',(0.358367949545312,0.,0.933580426497197));
#4726=DIRECTION('',(0.358367949545312,0.,0.933580426497197));
#4727=DIRECTION('',(0.258819045102527,0.,0.965925826289067));
#4728=DIRECTION('',(0.965925826289067,0.,-0.258819045102527));
#4729=DIRECTION('',(0.,-1.,0.));
#4730=DIRECTION('',(-0.965925826289067,0.,0.258819045102527));
#4731=DIRECTION('',(0.,-1.,0.));
#4732=DIRECTION('',(-0.965925826289067,0.,0.258819045102527));
#4733=DIRECTION('',(0.965925826289066,0.,-0.25881904510253));
#4734=DIRECTION('',(-0.25881904510253,0.,-0.965925826289066));
#4735=DIRECTION('',(0.,-1.,0.));
#4736=DIRECTION('',(0.258819045102533,0.,0.965925826289065));
#4737=DIRECTION('',(0.258819045102533,0.,0.965925826289065));
#4738=DIRECTION('',(0.156434465040236,0.,0.987688340595137));
#4739=DIRECTION('',(0.987688340595137,0.,-0.156434465040236));
#4740=DIRECTION('',(0.,-1.,0.));
#4741=DIRECTION('',(-0.987688340595137,0.,0.156434465040236));
#4742=DIRECTION('',(0.,-1.,0.));
#4743=DIRECTION('',(-0.987688340595137,0.,0.156434465040236));
#4744=DIRECTION('',(0.987688340595136,0.,-0.15643446504024));
#4745=DIRECTION('',(-0.15643446504024,0.,-0.987688340595136));
#4746=DIRECTION('',(0.,-1.,0.));
#4747=DIRECTION('',(0.156434465040242,0.,0.987688340595136));
#4748=DIRECTION('',(0.156434465040242,0.,0.987688340595136));
#4749=DIRECTION('',(0.0523359562429491,0.,0.998629534754574));
#4750=DIRECTION('',(0.998629534754574,0.,-0.0523359562429491));
#4751=DIRECTION('',(0.,-1.,0.));
#4752=DIRECTION('',(-0.998629534754574,0.,0.0523359562429491));
#4753=DIRECTION('',(0.,-1.,0.));
#4754=DIRECTION('',(-0.998629534754574,0.,0.0523359562429491));
#4755=DIRECTION('',(0.998629534754574,0.,-0.0523359562429521));
#4756=DIRECTION('',(-0.0523359562429521,0.,-0.998629534754574));
#4757=DIRECTION('',(0.,-1.,0.));
#4758=DIRECTION('',(0.0523359562429557,0.,0.998629534754573));
#4759=DIRECTION('',(0.0523359562429557,0.,0.998629534754573));
#4760=DIRECTION('',(-0.0523359562429387,0.,0.998629534754574));
#4761=DIRECTION('',(0.998629534754574,0.,0.0523359562429387));
#4762=DIRECTION('',(0.,-1.,0.));
#4763=DIRECTION('',(-0.998629534754574,0.,-0.0523359562429387));
#4764=DIRECTION('',(0.,-1.,0.));
#4765=DIRECTION('',(-0.998629534754574,0.,-0.0523359562429387));
#4766=DIRECTION('',(0.998629534754574,0.,0.0523359562429352));
#4767=DIRECTION('',(0.0523359562429352,0.,-0.998629534754574));
#4768=DIRECTION('',(0.,-1.,0.));
#4769=DIRECTION('',(-0.0523359562429321,0.,0.998629534754574));
#4770=DIRECTION('',(-0.0523359562429321,0.,0.998629534754574));
#4771=DIRECTION('',(-0.156434465040226,0.,0.987688340595139));
#4772=DIRECTION('',(0.987688340595139,0.,0.156434465040226));
#4773=DIRECTION('',(0.,-1.,0.));
#4774=DIRECTION('',(-0.987688340595139,0.,-0.156434465040226));
#4775=DIRECTION('',(0.,-1.,0.));
#4776=DIRECTION('',(-0.987688340595139,0.,-0.156434465040226));
#4777=DIRECTION('',(0.987688340595139,0.,0.156434465040223));
#4778=DIRECTION('',(0.156434465040223,0.,-0.987688340595139));
#4779=DIRECTION('',(0.,-1.,0.));
#4780=DIRECTION('',(-0.156434465040219,0.,0.98768834059514));
#4781=DIRECTION('',(-0.156434465040219,0.,0.98768834059514));
#4782=DIRECTION('',(-0.258819045102516,0.,0.96592582628907));
#4783=DIRECTION('',(0.96592582628907,0.,0.258819045102516));
#4784=DIRECTION('',(0.,-1.,0.));
#4785=DIRECTION('',(-0.96592582628907,0.,-0.258819045102516));
#4786=DIRECTION('',(0.,-1.,0.));
#4787=DIRECTION('',(-0.96592582628907,0.,-0.258819045102516));
#4788=DIRECTION('',(0.965925826289071,0.,0.258819045102513));
#4789=DIRECTION('',(0.258819045102513,0.,-0.965925826289071));
#4790=DIRECTION('',(0.,-1.,0.));
#4791=DIRECTION('',(-0.25881904510251,0.,0.965925826289071));
#4792=DIRECTION('',(-0.25881904510251,0.,0.965925826289071));
#4793=DIRECTION('',(-0.358367949545296,0.,0.933580426497203));
#4794=DIRECTION('',(0.933580426497203,0.,0.358367949545296));
#4795=DIRECTION('',(0.,-1.,0.));
#4796=DIRECTION('',(-0.933580426497203,0.,-0.358367949545296));
#4797=DIRECTION('',(0.,-1.,0.));
#4798=DIRECTION('',(-0.933580426497203,0.,-0.358367949545296));
#4799=DIRECTION('',(0.933580426497205,0.,0.358367949545293));
#4800=DIRECTION('',(0.358367949545293,0.,-0.933580426497205));
#4801=DIRECTION('',(0.,-1.,0.));
#4802=DIRECTION('',(-0.35836794954529,0.,0.933580426497206));
#4803=DIRECTION('',(-0.35836794954529,0.,0.933580426497206));
#4804=DIRECTION('',(-0.453990499739543,0.,0.89100652418837));
#4805=DIRECTION('',(0.89100652418837,0.,0.453990499739543));
#4806=DIRECTION('',(0.,-1.,0.));
#4807=DIRECTION('',(-0.89100652418837,0.,-0.453990499739543));
#4808=DIRECTION('',(0.,-1.,0.));
#4809=DIRECTION('',(-0.89100652418837,0.,-0.453990499739543));
#4810=DIRECTION('',(0.891006524188371,0.,0.45399049973954));
#4811=DIRECTION('',(0.45399049973954,0.,-0.891006524188371));
#4812=DIRECTION('',(0.,-1.,0.));
#4813=DIRECTION('',(-0.453990499739537,0.,0.891006524188373));
#4814=DIRECTION('',(-0.453990499739537,0.,0.891006524188373));
#4815=DIRECTION('',(-0.544639035015024,0.,0.838670567945426));
#4816=DIRECTION('',(0.838670567945426,0.,0.544639035015024));
#4817=DIRECTION('',(0.,-1.,0.));
#4818=DIRECTION('',(-0.838670567945426,0.,-0.544639035015024));
#4819=DIRECTION('',(0.,-1.,0.));
#4820=DIRECTION('',(-0.838670567945426,0.,-0.544639035015024));
#4821=DIRECTION('',(0.838670567945428,0.,0.544639035015021));
#4822=DIRECTION('',(0.544639035015021,0.,-0.838670567945428));
#4823=DIRECTION('',(0.,-1.,0.));
#4824=DIRECTION('',(-0.544639035015018,0.,0.83867056794543));
#4825=DIRECTION('',(-0.544639035015018,0.,0.83867056794543));
#4826=DIRECTION('',(-0.629320391049835,0.,0.777145961456973));
#4827=DIRECTION('',(0.777145961456973,0.,0.629320391049835));
#4828=DIRECTION('',(0.,-1.,0.));
#4829=DIRECTION('',(-0.777145961456973,0.,-0.629320391049835));
#4830=DIRECTION('',(0.,-1.,0.));
#4831=DIRECTION('',(-0.777145961456973,0.,-0.629320391049834));
#4832=DIRECTION('',(0.777145961456975,0.,0.629320391049832));
#4833=DIRECTION('',(0.629320391049832,0.,-0.777145961456975));
#4834=DIRECTION('',(0.,-1.,0.));
#4835=DIRECTION('',(-0.62932039104983,0.,0.777145961456978));
#4836=DIRECTION('',(-0.629320391049829,0.,0.777145961456978));
#4837=DIRECTION('',(-0.707106781186548,0.,0.707106781186548));
#4838=DIRECTION('',(0.707106781186548,0.,0.707106781186548));
#4839=DIRECTION('',(0.,-1.,0.));
#4840=DIRECTION('',(-0.707106781186545,0.,-0.70710678118655));
#4841=DIRECTION('',(0.,-1.,0.));
#4842=DIRECTION('',(-0.707106781186545,0.,-0.70710678118655));
#4843=DIRECTION('',(0.707106781186548,0.,0.707106781186548));
#4844=DIRECTION('',(0.707106781186548,0.,-0.707106781186548));
#4845=DIRECTION('',(0.,-1.,0.));
#4846=DIRECTION('',(-0.707106781186545,0.,0.70710678118655));
#4847=DIRECTION('',(-0.707106781186545,0.,0.70710678118655));
#4848=DIRECTION('',(-0.777145961456969,0.,0.62932039104984));
#4849=DIRECTION('',(0.62932039104984,0.,0.777145961456969));
#4850=DIRECTION('',(0.,-1.,0.));
#4851=DIRECTION('',(-0.62932039104984,0.,-0.777145961456969));
#4852=DIRECTION('',(0.,-1.,0.));
#4853=DIRECTION('',(-0.62932039104984,0.,-0.777145961456969));
#4854=DIRECTION('',(0.629320391049843,0.,0.777145961456967));
#4855=DIRECTION('',(0.777145961456967,0.,-0.629320391049843));
#4856=DIRECTION('',(0.,-1.,0.));
#4857=DIRECTION('',(-0.777145961456965,0.,0.629320391049845));
#4858=DIRECTION('',(-0.777145961456965,0.,0.629320391049845));
#4859=DIRECTION('',(-0.838670567945423,0.,0.54463903501503));
#4860=DIRECTION('',(0.54463903501503,0.,0.838670567945423));
#4861=DIRECTION('',(0.,-1.,0.));
#4862=DIRECTION('',(-0.54463903501503,0.,-0.838670567945423));
#4863=DIRECTION('',(0.,-1.,0.));
#4864=DIRECTION('',(-0.54463903501503,0.,-0.838670567945423));
#4865=DIRECTION('',(0.544639035015033,0.,0.83867056794542));
#4866=DIRECTION('',(0.83867056794542,0.,-0.544639035015033));
#4867=DIRECTION('',(0.,-1.,0.));
#4868=DIRECTION('',(-0.838670567945419,0.,0.544639035015035));
#4869=DIRECTION('',(-0.838670567945419,0.,0.544639035015035));
#4870=DIRECTION('',(-0.891006524188367,0.,0.453990499739549));
#4871=DIRECTION('',(0.453990499739549,0.,0.891006524188367));
#4872=DIRECTION('',(0.,-1.,0.));
#4873=DIRECTION('',(-0.453990499739549,0.,-0.891006524188367));
#4874=DIRECTION('',(0.,-1.,0.));
#4875=DIRECTION('',(-0.453990499739549,0.,-0.891006524188367));
#4876=DIRECTION('',(0.453990499739552,0.,0.891006524188365));
#4877=DIRECTION('',(0.891006524188365,0.,-0.453990499739552));
#4878=DIRECTION('',(0.,-1.,0.));
#4879=DIRECTION('',(-0.891006524188364,0.,0.453990499739555));
#4880=DIRECTION('',(-0.891006524188364,0.,0.453990499739555));
#4881=DIRECTION('',(-0.933580426497201,0.,0.358367949545303));
#4882=DIRECTION('',(0.358367949545303,0.,0.933580426497201));
#4883=DIRECTION('',(0.,-1.,0.));
#4884=DIRECTION('',(-0.358367949545303,0.,-0.933580426497201));
#4885=DIRECTION('',(0.,-1.,0.));
#4886=DIRECTION('',(-0.358367949545303,0.,-0.933580426497201));
#4887=DIRECTION('',(0.358367949545306,0.,0.9335804264972));
#4888=DIRECTION('',(0.9335804264972,0.,-0.358367949545306));
#4889=DIRECTION('',(0.,-1.,0.));
#4890=DIRECTION('',(-0.933580426497198,0.,0.358367949545309));
#4891=DIRECTION('',(-0.933580426497198,0.,0.358367949545309));
#4892=DIRECTION('',(-0.965925826289067,0.,0.258819045102527));
#4893=DIRECTION('',(0.258819045102527,0.,0.965925826289067));
#4894=DIRECTION('',(0.,-1.,0.));
#4895=DIRECTION('',(-0.258819045102524,0.,-0.965925826289068));
#4896=DIRECTION('',(0.,-1.,0.));
#4897=DIRECTION('',(-0.258819045102523,0.,-0.965925826289068));
#4898=DIRECTION('',(0.258819045102527,0.,0.965925826289067));
#4899=DIRECTION('',(0.965925826289067,0.,-0.258819045102527));
#4900=DIRECTION('',(0.,-1.,0.));
#4901=DIRECTION('',(-0.965925826289066,0.,0.25881904510253));
#4902=DIRECTION('',(-0.965925826289066,0.,0.25881904510253));
#4903=DIRECTION('',(-0.987688340595137,0.,0.156434465040236));
#4904=DIRECTION('',(0.156434465040236,0.,0.987688340595137));
#4905=DIRECTION('',(0.,-1.,0.));
#4906=DIRECTION('',(-0.156434465040233,0.,-0.987688340595137));
#4907=DIRECTION('',(0.,-1.,0.));
#4908=DIRECTION('',(-0.156434465040233,0.,-0.987688340595137));
#4909=DIRECTION('',(0.156434465040236,0.,0.987688340595137));
#4910=DIRECTION('',(0.987688340595137,0.,-0.156434465040236));
#4911=DIRECTION('',(0.,-1.,0.));
#4912=DIRECTION('',(-0.987688340595136,0.,0.156434465040239));
#4913=DIRECTION('',(-0.987688340595136,0.,0.156434465040239));
#4914=DIRECTION('',(-0.998629534754574,0.,0.052335956242949));
#4915=DIRECTION('',(0.052335956242949,0.,0.998629534754574));
#4916=DIRECTION('',(0.,-1.,0.));
#4917=DIRECTION('',(-0.0523359562429457,0.,-0.998629534754574));
#4918=DIRECTION('',(0.,-1.,0.));
#4919=DIRECTION('',(-0.0523359562429457,0.,-0.998629534754574));
#4920=DIRECTION('',(0.0523359562429491,0.,0.998629534754574));
#4921=DIRECTION('',(0.998629534754574,0.,-0.0523359562429491));
#4922=DIRECTION('',(0.,-1.,0.));
#4923=DIRECTION('',(-0.998629534754574,0.,0.0523359562429522));
#4924=DIRECTION('',(-0.998629534754574,0.,0.0523359562429522));
#4925=DIRECTION('',(-0.998629534754574,0.,-0.052335956242939));
#4926=DIRECTION('',(-0.052335956242939,0.,0.998629534754574));
#4927=DIRECTION('',(0.,-1.,0.));
#4928=DIRECTION('',(0.0523359562429422,0.,-0.998629534754574));
#4929=DIRECTION('',(0.,-1.,0.));
#4930=DIRECTION('',(0.0523359562429422,0.,-0.998629534754574));
#4931=DIRECTION('',(-0.0523359562429387,0.,0.998629534754574));
#4932=DIRECTION('',(0.998629534754574,0.,0.0523359562429387));
#4933=DIRECTION('',(0.,-1.,0.));
#4934=DIRECTION('',(-0.998629534754574,0.,-0.0523359562429356));
#4935=DIRECTION('',(-0.998629534754574,0.,-0.0523359562429356));
#4936=DIRECTION('',(-0.987688340595138,0.,-0.156434465040226));
#4937=DIRECTION('',(-0.156434465040226,0.,0.987688340595138));
#4938=DIRECTION('',(0.,-1.,0.));
#4939=DIRECTION('',(0.156434465040229,0.,-0.987688340595138));
#4940=DIRECTION('',(0.,-1.,0.));
#4941=DIRECTION('',(0.156434465040229,0.,-0.987688340595138));
#4942=DIRECTION('',(-0.156434465040226,0.,0.987688340595139));
#4943=DIRECTION('',(0.987688340595139,0.,0.156434465040226));
#4944=DIRECTION('',(0.,-1.,0.));
#4945=DIRECTION('',(-0.987688340595139,0.,-0.156434465040223));
#4946=DIRECTION('',(-0.987688340595139,0.,-0.156434465040223));
#4947=DIRECTION('',(-0.96592582628907,0.,-0.258819045102517));
#4948=DIRECTION('',(-0.258819045102517,0.,0.96592582628907));
#4949=DIRECTION('',(0.,-1.,0.));
#4950=DIRECTION('',(0.25881904510252,0.,-0.965925826289069));
#4951=DIRECTION('',(0.,-1.,0.));
#4952=DIRECTION('',(0.25881904510252,0.,-0.965925826289069));
#4953=DIRECTION('',(-0.258819045102516,0.,0.96592582628907));
#4954=DIRECTION('',(0.96592582628907,0.,0.258819045102516));
#4955=DIRECTION('',(0.,-1.,0.));
#4956=DIRECTION('',(-0.96592582628907,0.,-0.258819045102513));
#4957=DIRECTION('',(-0.96592582628907,0.,-0.258819045102513));
#4958=DIRECTION('',(-0.933580426497203,0.,-0.358367949545296));
#4959=DIRECTION('',(-0.358367949545296,0.,0.933580426497203));
#4960=DIRECTION('',(0.,-1.,0.));
#4961=DIRECTION('',(0.3583679495453,0.,-0.933580426497202));
#4962=DIRECTION('',(0.,-1.,0.));
#4963=DIRECTION('',(0.3583679495453,0.,-0.933580426497202));
#4964=DIRECTION('',(-0.358367949545296,0.,0.933580426497203));
#4965=DIRECTION('',(0.933580426497203,0.,0.358367949545296));
#4966=DIRECTION('',(0.,-1.,0.));
#4967=DIRECTION('',(-0.933580426497205,0.,-0.358367949545293));
#4968=DIRECTION('',(-0.933580426497204,0.,-0.358367949545293));
#4969=DIRECTION('',(-0.89100652418837,0.,-0.453990499739543));
#4970=DIRECTION('',(-0.453990499739543,0.,0.89100652418837));
#4971=DIRECTION('',(0.,-1.,0.));
#4972=DIRECTION('',(0.453990499739546,0.,-0.891006524188368));
#4973=DIRECTION('',(0.,-1.,0.));
#4974=DIRECTION('',(0.453990499739546,0.,-0.891006524188368));
#4975=DIRECTION('',(-0.453990499739543,0.,0.89100652418837));
#4976=DIRECTION('',(0.89100652418837,0.,0.453990499739543));
#4977=DIRECTION('',(0.,-1.,0.));
#4978=DIRECTION('',(-0.891006524188371,0.,-0.45399049973954));
#4979=DIRECTION('',(-0.891006524188371,0.,-0.45399049973954));
#4980=DIRECTION('',(-0.838670567945426,0.,-0.544639035015024));
#4981=DIRECTION('',(-0.544639035015024,0.,0.838670567945426));
#4982=DIRECTION('',(0.,-1.,0.));
#4983=DIRECTION('',(0.544639035015027,0.,-0.838670567945424));
#4984=DIRECTION('',(0.,-1.,0.));
#4985=DIRECTION('',(0.544639035015027,0.,-0.838670567945424));
#4986=DIRECTION('',(-0.544639035015024,0.,0.838670567945426));
#4987=DIRECTION('',(0.838670567945426,0.,0.544639035015024));
#4988=DIRECTION('',(0.,-1.,0.));
#4989=DIRECTION('',(-0.838670567945428,0.,-0.544639035015021));
#4990=DIRECTION('',(-0.838670567945428,0.,-0.544639035015021));
#4991=DIRECTION('',(-0.777145961456973,0.,-0.629320391049835));
#4992=DIRECTION('',(-0.629320391049835,0.,0.777145961456973));
#4993=DIRECTION('',(0.,-1.,0.));
#4994=DIRECTION('',(0.629320391049837,0.,-0.777145961456971));
#4995=DIRECTION('',(0.,-1.,0.));
#4996=DIRECTION('',(0.629320391049837,0.,-0.777145961456971));
#4997=DIRECTION('',(-0.629320391049835,0.,0.777145961456973));
#4998=DIRECTION('',(0.777145961456973,0.,0.629320391049835));
#4999=DIRECTION('',(0.,-1.,0.));
#5000=DIRECTION('',(-0.777145961456975,0.,-0.629320391049832));
#5001=DIRECTION('',(-0.777145961456975,0.,-0.629320391049832));
#5002=DIRECTION('',(-0.707106781186548,0.,-0.707106781186548));
#5003=DIRECTION('',(-0.707106781186548,0.,0.707106781186548));
#5004=DIRECTION('',(0.,-1.,0.));
#5005=DIRECTION('',(0.707106781186548,0.,-0.707106781186548));
#5006=DIRECTION('',(0.,-1.,0.));
#5007=DIRECTION('',(0.707106781186548,0.,-0.707106781186548));
#5008=DIRECTION('',(-0.707106781186548,0.,0.707106781186548));
#5009=DIRECTION('',(0.707106781186548,0.,0.707106781186548));
#5010=DIRECTION('',(0.,-1.,0.));
#5011=DIRECTION('',(-0.707106781186552,0.,-0.707106781186543));
#5012=DIRECTION('',(-0.707106781186552,0.,-0.707106781186543));
#5013=DIRECTION('',(-0.629320391049851,0.,-0.77714596145696));
#5014=DIRECTION('',(-0.77714596145696,0.,0.629320391049851));
#5015=DIRECTION('',(0.,-1.,0.));
#5016=DIRECTION('',(0.777145961456971,0.,-0.629320391049837));
#5017=DIRECTION('',(0.,-1.,0.));
#5018=DIRECTION('',(0.777145961456971,0.,-0.629320391049837));
#5019=DIRECTION('',(-0.777145961456969,0.,0.62932039104984));
#5020=DIRECTION('',(0.62932039104984,0.,0.777145961456969));
#5021=DIRECTION('',(0.,-1.,0.));
#5022=DIRECTION('',(-0.629320391049843,0.,-0.777145961456967));
#5023=DIRECTION('',(-0.629320391049843,0.,-0.777145961456967));
#5024=DIRECTION('',(-0.544639035015041,0.,-0.838670567945415));
#5025=DIRECTION('',(-0.838670567945415,0.,0.544639035015041));
#5026=DIRECTION('',(0.,-1.,0.));
#5027=DIRECTION('',(0.838670567945424,0.,-0.544639035015027));
#5028=DIRECTION('',(0.,-1.,0.));
#5029=DIRECTION('',(0.838670567945424,0.,-0.544639035015027));
#5030=DIRECTION('',(-0.838670567945423,0.,0.54463903501503));
#5031=DIRECTION('',(0.54463903501503,0.,0.838670567945423));
#5032=DIRECTION('',(0.,-1.,0.));
#5033=DIRECTION('',(-0.544639035015032,0.,-0.838670567945421));
#5034=DIRECTION('',(-0.544639035015032,0.,-0.838670567945421));
#5035=DIRECTION('',(-0.453990499739561,0.,-0.891006524188361));
#5036=DIRECTION('',(-0.891006524188361,0.,0.453990499739561));
#5037=DIRECTION('',(0.,-1.,0.));
#5038=DIRECTION('',(0.891006524188368,0.,-0.453990499739546));
#5039=DIRECTION('',(0.,-1.,0.));
#5040=DIRECTION('',(0.891006524188368,0.,-0.453990499739546));
#5041=DIRECTION('',(-0.891006524188367,0.,0.453990499739549));
#5042=DIRECTION('',(0.453990499739549,0.,0.891006524188367));
#5043=DIRECTION('',(0.,-1.,0.));
#5044=DIRECTION('',(-0.453990499739552,0.,-0.891006524188365));
#5045=DIRECTION('',(-0.453990499739552,0.,-0.891006524188365));
#5046=DIRECTION('',(-0.358367949545315,0.,-0.933580426497196));
#5047=DIRECTION('',(-0.933580426497196,0.,0.358367949545315));
#5048=DIRECTION('',(0.,-1.,0.));
#5049=DIRECTION('',(0.933580426497202,0.,-0.3583679495453));
#5050=DIRECTION('',(0.,-1.,0.));
#5051=DIRECTION('',(0.933580426497202,0.,-0.3583679495453));
#5052=DIRECTION('',(-0.933580426497201,0.,0.358367949545303));
#5053=DIRECTION('',(0.358367949545303,0.,0.933580426497201));
#5054=DIRECTION('',(0.,-1.,0.));
#5055=DIRECTION('',(-0.358367949545306,0.,-0.9335804264972));
#5056=DIRECTION('',(-0.358367949545306,0.,-0.9335804264972));
#5057=DIRECTION('',(-0.258819045102537,0.,-0.965925826289064));
#5058=DIRECTION('',(-0.965925826289064,0.,0.258819045102537));
#5059=DIRECTION('',(0.,-1.,0.));
#5060=DIRECTION('',(0.965925826289069,0.,-0.25881904510252));
#5061=DIRECTION('',(0.,-1.,0.));
#5062=DIRECTION('',(0.965925826289069,0.,-0.25881904510252));
#5063=DIRECTION('',(-0.965925826289067,0.,0.258819045102527));
#5064=DIRECTION('',(0.258819045102527,0.,0.965925826289067));
#5065=DIRECTION('',(0.,-1.,0.));
#5066=DIRECTION('',(-0.258819045102527,0.,-0.965925826289067));
#5067=DIRECTION('',(-0.258819045102527,0.,-0.965925826289067));
#5068=DIRECTION('',(-0.156434465040246,0.,-0.987688340595135));
#5069=DIRECTION('',(-0.987688340595135,0.,0.156434465040246));
#5070=DIRECTION('',(0.,-1.,0.));
#5071=DIRECTION('',(0.987688340595138,0.,-0.156434465040229));
#5072=DIRECTION('',(0.,-1.,0.));
#5073=DIRECTION('',(0.987688340595138,0.,-0.156434465040229));
#5074=DIRECTION('',(-0.987688340595137,0.,0.156434465040236));
#5075=DIRECTION('',(0.156434465040236,0.,0.987688340595137));
#5076=DIRECTION('',(0.,-1.,0.));
#5077=DIRECTION('',(-0.156434465040236,0.,-0.987688340595137));
#5078=DIRECTION('',(-0.156434465040236,0.,-0.987688340595137));
#5079=DIRECTION('',(-0.0523359562429588,0.,-0.998629534754573));
#5080=DIRECTION('',(-0.998629534754573,0.,0.0523359562429588));
#5081=DIRECTION('',(0.,-1.,0.));
#5082=DIRECTION('',(0.998629534754574,0.,-0.0523359562429424));
#5083=DIRECTION('',(0.,-1.,0.));
#5084=DIRECTION('',(0.998629534754574,0.,-0.0523359562429424));
#5085=DIRECTION('',(-0.998629534754574,0.,0.052335956242949));
#5086=DIRECTION('',(0.052335956242949,0.,0.998629534754574));
#5087=DIRECTION('',(0.,-1.,0.));
#5088=DIRECTION('',(-0.052335956242949,0.,-0.998629534754574));
#5089=DIRECTION('',(-0.052335956242949,0.,-0.998629534754574));
#5090=DIRECTION('',(0.0523359562429286,0.,-0.998629534754575));
#5091=DIRECTION('',(-0.998629534754575,0.,-0.0523359562429286));
#5092=DIRECTION('',(0.,-1.,0.));
#5093=DIRECTION('',(0.998629534754574,0.,0.0523359562429456));
#5094=DIRECTION('',(0.,-1.,0.));
#5095=DIRECTION('',(0.998629534754574,0.,0.0523359562429456));
#5096=DIRECTION('',(-0.998629534754574,0.,-0.052335956242939));
#5097=DIRECTION('',(-0.052335956242939,0.,0.998629534754574));
#5098=DIRECTION('',(0.,-1.,0.));
#5099=DIRECTION('',(0.052335956242939,0.,-0.998629534754574));
#5100=DIRECTION('',(0.052335956242939,0.,-0.998629534754574));
#5101=DIRECTION('',(0.156434465040216,0.,-0.98768834059514));
#5102=DIRECTION('',(-0.98768834059514,0.,-0.156434465040216));
#5103=DIRECTION('',(0.,-1.,0.));
#5104=DIRECTION('',(0.987688340595137,0.,0.156434465040233));
#5105=DIRECTION('',(0.,-1.,0.));
#5106=DIRECTION('',(0.987688340595137,0.,0.156434465040233));
#5107=DIRECTION('',(-0.987688340595138,0.,-0.156434465040226));
#5108=DIRECTION('',(-0.156434465040226,0.,0.987688340595138));
#5109=DIRECTION('',(0.,-1.,0.));
#5110=DIRECTION('',(0.156434465040226,0.,-0.987688340595138));
#5111=DIRECTION('',(0.156434465040226,0.,-0.987688340595138));
#5112=DIRECTION('',(0.258819045102507,0.,-0.965925826289072));
#5113=DIRECTION('',(-0.965925826289072,0.,-0.258819045102507));
#5114=DIRECTION('',(0.,-1.,0.));
#5115=DIRECTION('',(0.965925826289068,0.,0.258819045102523));
#5116=DIRECTION('',(0.,-1.,0.));
#5117=DIRECTION('',(0.965925826289068,0.,0.258819045102523));
#5118=DIRECTION('',(-0.96592582628907,0.,-0.258819045102517));
#5119=DIRECTION('',(-0.258819045102517,0.,0.96592582628907));
#5120=DIRECTION('',(0.,-1.,0.));
#5121=DIRECTION('',(0.258819045102517,0.,-0.96592582628907));
#5122=DIRECTION('',(0.258819045102517,0.,-0.965925826289069));
#5123=DIRECTION('',(0.358367949545287,0.,-0.933580426497207));
#5124=DIRECTION('',(-0.933580426497207,0.,-0.358367949545287));
#5125=DIRECTION('',(0.,-1.,0.));
#5126=DIRECTION('',(0.933580426497201,0.,0.358367949545303));
#5127=DIRECTION('',(0.,-1.,0.));
#5128=DIRECTION('',(0.933580426497201,0.,0.358367949545303));
#5129=DIRECTION('',(-0.933580426497203,0.,-0.358367949545296));
#5130=DIRECTION('',(-0.358367949545296,0.,0.933580426497203));
#5131=DIRECTION('',(0.,-1.,0.));
#5132=DIRECTION('',(0.358367949545296,0.,-0.933580426497203));
#5133=DIRECTION('',(0.358367949545296,0.,-0.933580426497203));
#5134=DIRECTION('',(0.453990499739535,0.,-0.891006524188374));
#5135=DIRECTION('',(-0.891006524188374,0.,-0.453990499739535));
#5136=DIRECTION('',(0.,-1.,0.));
#5137=DIRECTION('',(0.891006524188367,0.,0.453990499739549));
#5138=DIRECTION('',(0.,-1.,0.));
#5139=DIRECTION('',(0.891006524188367,0.,0.453990499739549));
#5140=DIRECTION('',(-0.89100652418837,0.,-0.453990499739543));
#5141=DIRECTION('',(-0.453990499739543,0.,0.89100652418837));
#5142=DIRECTION('',(0.,-1.,0.));
#5143=DIRECTION('',(0.453990499739543,0.,-0.89100652418837));
#5144=DIRECTION('',(0.453990499739543,0.,-0.89100652418837));
#5145=DIRECTION('',(0.544639035015015,0.,-0.838670567945432));
#5146=DIRECTION('',(-0.838670567945432,0.,-0.544639035015015));
#5147=DIRECTION('',(0.,-1.,0.));
#5148=DIRECTION('',(0.838670567945423,0.,0.54463903501503));
#5149=DIRECTION('',(0.,-1.,0.));
#5150=DIRECTION('',(0.838670567945423,0.,0.54463903501503));
#5151=DIRECTION('',(-0.838670567945426,0.,-0.544639035015024));
#5152=DIRECTION('',(-0.544639035015024,0.,0.838670567945426));
#5153=DIRECTION('',(0.,-1.,0.));
#5154=DIRECTION('',(0.544639035015024,0.,-0.838670567945426));
#5155=DIRECTION('',(0.544639035015024,0.,-0.838670567945426));
#5156=DIRECTION('',(0.629320391049827,0.,-0.777145961456979));
#5157=DIRECTION('',(-0.777145961456979,0.,-0.629320391049827));
#5158=DIRECTION('',(0.,-1.,0.));
#5159=DIRECTION('',(0.777145961456969,0.,0.62932039104984));
#5160=DIRECTION('',(0.,-1.,0.));
#5161=DIRECTION('',(0.777145961456969,0.,0.62932039104984));
#5162=DIRECTION('',(-0.777145961456973,0.,-0.629320391049835));
#5163=DIRECTION('',(-0.629320391049835,0.,0.777145961456973));
#5164=DIRECTION('',(0.,-1.,0.));
#5165=DIRECTION('',(0.629320391049835,0.,-0.777145961456973));
#5166=DIRECTION('',(0.629320391049835,0.,-0.777145961456973));
#5167=DIRECTION('',(0.707106781186548,0.,-0.707106781186548));
#5168=DIRECTION('',(-0.707106781186548,0.,-0.707106781186548));
#5169=DIRECTION('',(0.,-1.,0.));
#5170=DIRECTION('',(0.707106781186545,0.,0.70710678118655));
#5171=DIRECTION('',(0.,-1.,0.));
#5172=DIRECTION('',(0.707106781186545,0.,0.70710678118655));
#5173=DIRECTION('',(-0.707106781186548,0.,-0.707106781186548));
#5174=DIRECTION('',(-0.707106781186548,0.,0.707106781186548));
#5175=DIRECTION('',(0.,-1.,0.));
#5176=DIRECTION('',(0.707106781186545,0.,-0.70710678118655));
#5177=DIRECTION('',(0.707106781186545,0.,-0.70710678118655));
#5178=DIRECTION('',(0.,-1.,0.));
#5179=DIRECTION('',(0.,0.,-1.));
#5180=DIRECTION('',(0.,1.,0.));
#5181=DIRECTION('',(0.,0.,1.));
#5182=DIRECTION('',(0.,-1.,0.));
#5183=DIRECTION('',(0.,0.,-1.));
#5184=DIRECTION('',(0.,-1.,0.));
#5185=DIRECTION('',(0.,0.,-1.));
#5186=DIRECTION('',(0.,-1.,0.));
#5187=DIRECTION('',(0.,0.,-1.));
#5188=DIRECTION('',(0.,-1.,0.));
#5189=DIRECTION('',(0.,0.,-1.));
#5190=DIRECTION('',(0.,1.,0.));
#5191=DIRECTION('',(0.,0.,1.));
#5192=DIRECTION('',(0.,-1.,0.));
#5193=DIRECTION('',(0.,0.,-1.));
#5194=DIRECTION('',(0.,-1.,0.));
#5195=DIRECTION('',(0.,0.,-1.));
#5196=DIRECTION('',(0.,-1.,0.));
#5197=DIRECTION('',(0.,0.,-1.));
#5198=DIRECTION('',(0.,-1.,0.));
#5199=DIRECTION('',(0.,0.,-1.));
#5200=DIRECTION('',(0.,-1.,0.));
#5201=DIRECTION('',(0.,0.,-1.));
#5202=DIRECTION('',(0.,-1.,0.));
#5203=DIRECTION('',(0.,0.,-1.));
#5204=DIRECTION('',(0.,-1.,0.));
#5205=DIRECTION('',(0.,0.,-1.));
#5206=DIRECTION('',(0.,-1.,0.));
#5207=DIRECTION('',(0.,0.,-1.));
#5208=DIRECTION('',(0.,-1.,0.));
#5209=DIRECTION('',(0.,0.,-1.));
#5210=DIRECTION('',(0.,-1.,0.));
#5211=DIRECTION('',(0.,0.,-1.));
#5212=DIRECTION('',(0.,-1.,0.));
#5213=DIRECTION('',(0.,0.,-1.));
#5214=DIRECTION('',(0.,-1.,0.));
#5215=DIRECTION('',(0.,0.,-1.));
#5216=DIRECTION('',(0.,-1.,0.));
#5217=DIRECTION('',(0.,0.,-1.));
#5218=DIRECTION('',(0.,-1.,0.));
#5219=DIRECTION('',(0.,0.,-1.));
#5220=DIRECTION('',(0.,-1.,0.));
#5221=DIRECTION('',(0.,0.,-1.));
#5222=DIRECTION('',(0.,-1.,0.));
#5223=DIRECTION('',(0.,0.,-1.));
#5224=DIRECTION('',(0.,-1.,0.));
#5225=DIRECTION('',(0.,0.,-1.));
#5226=DIRECTION('',(0.,-1.,0.));
#5227=DIRECTION('',(0.,0.,-1.));
#5228=DIRECTION('',(0.,-1.,0.));
#5229=DIRECTION('',(0.,0.,-1.));
#5230=DIRECTION('',(0.,-1.,0.));
#5231=DIRECTION('',(0.,0.,-1.));
#5232=DIRECTION('',(0.,-1.,0.));
#5233=DIRECTION('',(0.,0.,-1.));
#5234=DIRECTION('',(0.,-1.,0.));
#5235=DIRECTION('',(0.,0.,-1.));
#5236=DIRECTION('',(0.,-1.,0.));
#5237=DIRECTION('',(0.,0.,-1.));
#5238=DIRECTION('',(0.,-1.,0.));
#5239=DIRECTION('',(0.,0.,-1.));
#5240=DIRECTION('',(0.,-1.,0.));
#5241=DIRECTION('',(0.,0.,-1.));
#5242=DIRECTION('',(0.,-1.,0.));
#5243=DIRECTION('',(0.,0.,-1.));
#5244=DIRECTION('',(0.,-1.,0.));
#5245=DIRECTION('',(0.,0.,-1.));
#5246=DIRECTION('',(0.,-1.,0.));
#5247=DIRECTION('',(0.,0.,-1.));
#5248=DIRECTION('',(0.,-1.,0.));
#5249=DIRECTION('',(0.,0.,-1.));
#5250=DIRECTION('',(0.,-1.,0.));
#5251=DIRECTION('',(0.,0.,-1.));
#5252=DIRECTION('',(0.,-1.,0.));
#5253=DIRECTION('',(0.,0.,-1.));
#5254=DIRECTION('',(0.,-1.,0.));
#5255=DIRECTION('',(0.,0.,-1.));
#5256=DIRECTION('',(0.,-1.,0.));
#5257=DIRECTION('',(0.,0.,-1.));
#5258=DIRECTION('',(0.,-1.,0.));
#5259=DIRECTION('',(0.,0.,-1.));
#5260=DIRECTION('',(0.,-1.,0.));
#5261=DIRECTION('',(0.,0.,-1.));
#5262=DIRECTION('',(0.,-1.,0.));
#5263=DIRECTION('',(0.,0.,-1.));
#5264=DIRECTION('',(0.,-1.,0.));
#5265=DIRECTION('',(0.,0.,-1.));
#5266=DIRECTION('',(0.,-1.,0.));
#5267=DIRECTION('',(0.,0.,-1.));
#5268=DIRECTION('',(0.,-1.,0.));
#5269=DIRECTION('',(0.,0.,-1.));
#5270=DIRECTION('',(0.,-1.,0.));
#5271=DIRECTION('',(0.,0.,-1.));
#5272=DIRECTION('',(0.,-1.,0.));
#5273=DIRECTION('',(0.,0.,-1.));
#5274=DIRECTION('',(0.,-1.,0.));
#5275=DIRECTION('',(0.,0.,-1.));
#5276=DIRECTION('',(0.,-1.,0.));
#5277=DIRECTION('',(0.,0.,-1.));
#5278=DIRECTION('',(0.,-1.,0.));
#5279=DIRECTION('',(0.,0.,-1.));
#5280=DIRECTION('',(0.,-1.,0.));
#5281=DIRECTION('',(0.,0.,-1.));
#5282=DIRECTION('',(0.,-1.,0.));
#5283=DIRECTION('',(0.,0.,-1.));
#5284=DIRECTION('',(0.,-1.,0.));
#5285=DIRECTION('',(0.,0.,-1.));
#5286=DIRECTION('',(0.,-1.,0.));
#5287=DIRECTION('',(0.,0.,-1.));
#5288=DIRECTION('',(0.,-1.,0.));
#5289=DIRECTION('',(0.,0.,-1.));
#5290=DIRECTION('',(0.,-1.,0.));
#5291=DIRECTION('',(0.,0.,-1.));
#5292=DIRECTION('',(0.,-1.,0.));
#5293=DIRECTION('',(0.,0.,-1.));
#5294=DIRECTION('',(0.,-1.,0.));
#5295=DIRECTION('',(0.,0.,-1.));
#5296=DIRECTION('',(0.,-1.,0.));
#5297=DIRECTION('',(0.,0.,-1.));
#5298=DIRECTION('',(0.,-1.,0.));
#5299=DIRECTION('',(0.,0.,-1.));
#5300=DIRECTION('',(0.,-1.,0.));
#5301=DIRECTION('',(0.,0.,-1.));
#5302=DIRECTION('',(0.,-1.,0.));
#5303=DIRECTION('',(0.,0.,-1.));
#5304=DIRECTION('',(0.,-1.,0.));
#5305=DIRECTION('',(0.,0.,-1.));
#5306=DIRECTION('',(0.,-1.,0.));
#5307=DIRECTION('',(0.,0.,-1.));
#5308=DIRECTION('',(0.,-1.,0.));
#5309=DIRECTION('',(0.,0.,-1.));
#5310=DIRECTION('',(0.,1.,0.));
#5311=DIRECTION('',(0.,0.,1.));
#5312=DIRECTION('',(0.,1.,0.));
#5313=DIRECTION('',(0.,0.,1.));
#5314=DIRECTION('',(0.,-1.,0.));
#5315=DIRECTION('',(8.88178419700125E-16,0.,1.));
#5316=DIRECTION('',(-0.998510440144325,0.,-0.0545609835210727));
#5317=DIRECTION('',(0.,1.,0.));
#5318=DIRECTION('',(0.,0.,-1.));
#5319=DIRECTION('',(0.998510440144325,0.,-0.0545609835210729));
#5320=DIRECTION('',(0.,1.,0.));
#5321=DIRECTION('',(0.,0.,1.));
#5322=DIRECTION('',(0.,1.,0.));
#5323=DIRECTION('',(0.,0.,1.));
#5324=DIRECTION('',(0.,1.,0.));
#5325=DIRECTION('',(0.,0.,1.));
#5326=DIRECTION('',(0.,1.,0.));
#5327=DIRECTION('',(0.,0.,1.));
#5328=DIRECTION('',(0.,1.,0.));
#5329=DIRECTION('',(0.,0.,1.));
#5330=DIRECTION('',(0.,1.,0.));
#5331=DIRECTION('',(0.,0.,1.));
#5332=DIRECTION('',(0.0545609835210729,0.,0.998510440144325));
#5333=DIRECTION('',(0.998510440144325,0.,-0.0545609835210729));
#5334=DIRECTION('',(0.998510440144325,0.,-0.0545609835210729));
#5335=DIRECTION('',(0.,1.,0.));
#5336=DIRECTION('',(0.,1.,0.));
#5337=DIRECTION('',(0.,1.,0.));
#5338=DIRECTION('',(0.,0.,1.));
#5339=DIRECTION('',(0.,1.,0.));
#5340=DIRECTION('',(0.,0.,-1.));
#5341=DIRECTION('',(0.,1.,0.));
#5342=DIRECTION('',(0.0545609835210727,0.,-0.998510440144325));
#5343=DIRECTION('',(-0.998510440144325,0.,-0.0545609835210727));
#5344=DIRECTION('',(-0.998510440144325,0.,-0.0545609835210727));
#5345=DIRECTION('',(0.,1.,0.));
#5346=DIRECTION('',(0.,1.,0.));
#5347=DIRECTION('',(0.,0.,1.));
#5348=DIRECTION('',(0.,1.,0.));
#5349=DIRECTION('',(0.,0.,1.));
#5350=DIRECTION('',(0.,-1.,0.));
#5351=DIRECTION('',(0.,0.,-1.));
#5352=DIRECTION('',(0.,-1.,0.));
#5353=DIRECTION('',(0.,0.,-1.));
#5354=DIRECTION('',(0.,-1.,0.));
#5355=DIRECTION('',(0.,0.,-1.));
#5356=DIRECTION('',(0.,-1.,0.));
#5357=DIRECTION('',(0.,0.,-1.));
#5358=DIRECTION('',(0.,-1.,0.));
#5359=DIRECTION('',(0.,0.,-1.));
#5360=DIRECTION('',(0.,-1.,0.));
#5361=DIRECTION('',(0.,0.,-1.));
#5362=DIRECTION('',(0.,-1.,0.));
#5363=DIRECTION('',(0.,0.,-1.));
#5364=DIRECTION('',(0.,-1.,0.));
#5365=DIRECTION('',(0.,0.,-1.));
#5366=DIRECTION('',(0.,-1.,0.));
#5367=DIRECTION('',(0.,0.,-1.));
#5368=DIRECTION('',(0.,-1.,0.));
#5369=DIRECTION('',(0.,0.,-1.));
#5370=DIRECTION('',(0.,-1.,0.));
#5371=DIRECTION('',(0.,0.,-1.));
#5372=DIRECTION('',(0.,-1.,0.));
#5373=DIRECTION('',(0.,0.,-1.));
#5374=DIRECTION('',(0.,-1.,0.));
#5375=DIRECTION('',(0.,0.,-1.));
#5376=DIRECTION('',(0.,-1.,0.));
#5377=DIRECTION('',(0.,0.,-1.));
#5378=DIRECTION('',(0.,-1.,0.));
#5379=DIRECTION('',(0.,0.,-1.));
#5380=DIRECTION('',(0.,-1.,0.));
#5381=DIRECTION('',(0.,0.,-1.));
#5382=DIRECTION('',(0.,-1.,0.));
#5383=DIRECTION('',(0.,0.,-1.));
#5384=DIRECTION('',(0.,-1.,0.));
#5385=DIRECTION('',(0.,0.,-1.));
#5386=DIRECTION('',(0.,-1.,0.));
#5387=DIRECTION('',(0.,0.,-1.));
#5388=DIRECTION('',(0.,-1.,0.));
#5389=DIRECTION('',(0.,0.,-1.));
#5390=DIRECTION('',(0.,-1.,0.));
#5391=DIRECTION('',(0.,0.,-1.));
#5392=DIRECTION('',(0.,-1.,0.));
#5393=DIRECTION('',(0.,0.,-1.));
#5394=DIRECTION('',(0.,-1.,0.));
#5395=DIRECTION('',(0.,0.,-1.));
#5396=DIRECTION('',(0.,-1.,0.));
#5397=DIRECTION('',(0.,0.,-1.));
#5398=DIRECTION('',(0.,-1.,0.));
#5399=DIRECTION('',(0.,0.,-1.));
#5400=DIRECTION('',(0.,-1.,0.));
#5401=DIRECTION('',(0.,0.,-1.));
#5402=DIRECTION('',(0.,-1.,0.));
#5403=DIRECTION('',(0.,0.,-1.));
#5404=DIRECTION('',(0.,-1.,0.));
#5405=DIRECTION('',(0.,0.,-1.));
#5406=DIRECTION('',(0.,-1.,0.));
#5407=DIRECTION('',(0.,0.,-1.));
#5408=DIRECTION('',(0.,-1.,0.));
#5409=DIRECTION('',(0.,0.,-1.));
#5410=DIRECTION('',(0.,-1.,0.));
#5411=DIRECTION('',(0.,0.,-1.));
#5412=DIRECTION('',(0.,-1.,0.));
#5413=DIRECTION('',(0.,0.,-1.));
#5414=DIRECTION('',(0.,-1.,0.));
#5415=DIRECTION('',(0.,0.,-1.));
#5416=DIRECTION('',(0.,-1.,0.));
#5417=DIRECTION('',(0.,0.,-1.));
#5418=DIRECTION('',(0.,-1.,0.));
#5419=DIRECTION('',(0.,0.,-1.));
#5420=DIRECTION('',(0.,-1.,0.));
#5421=DIRECTION('',(0.,0.,-1.));
#5422=DIRECTION('',(0.,-1.,0.));
#5423=DIRECTION('',(0.,0.,-1.));
#5424=DIRECTION('',(0.,-1.,0.));
#5425=DIRECTION('',(0.,0.,-1.));
#5426=DIRECTION('',(0.,-1.,0.));
#5427=DIRECTION('',(0.,0.,-1.));
#5428=DIRECTION('',(0.,-1.,0.));
#5429=DIRECTION('',(0.,0.,-1.));
#5430=DIRECTION('',(0.,-1.,0.));
#5431=DIRECTION('',(0.,0.,-1.));
#5432=DIRECTION('',(0.,-1.,0.));
#5433=DIRECTION('',(0.,0.,-1.));
#5434=DIRECTION('',(0.,-1.,0.));
#5435=DIRECTION('',(0.,0.,-1.));
#5436=DIRECTION('',(0.,-1.,0.));
#5437=DIRECTION('',(0.,0.,-1.));
#5438=DIRECTION('',(0.,-1.,0.));
#5439=DIRECTION('',(0.,0.,-1.));
#5440=DIRECTION('',(0.,-1.,0.));
#5441=DIRECTION('',(0.,0.,-1.));
#5442=DIRECTION('',(0.,-1.,0.));
#5443=DIRECTION('',(0.,0.,-1.));
#5444=DIRECTION('',(0.,-1.,0.));
#5445=DIRECTION('',(0.,0.,-1.));
#5446=DIRECTION('',(0.,-1.,0.));
#5447=DIRECTION('',(0.,0.,-1.));
#5448=DIRECTION('',(0.,-1.,0.));
#5449=DIRECTION('',(0.,0.,-1.));
#5450=DIRECTION('',(0.,-1.,0.));
#5451=DIRECTION('',(0.,0.,-1.));
#5452=DIRECTION('',(0.,-1.,0.));
#5453=DIRECTION('',(0.,0.,-1.));
#5454=DIRECTION('',(0.,-1.,0.));
#5455=DIRECTION('',(0.,0.,-1.));
#5456=DIRECTION('',(0.,-1.,0.));
#5457=DIRECTION('',(0.,0.,-1.));
#5458=DIRECTION('',(0.,-1.,0.));
#5459=DIRECTION('',(0.,0.,-1.));
#5460=DIRECTION('',(0.,-1.,0.));
#5461=DIRECTION('',(0.,0.,-1.));
#5462=DIRECTION('',(0.,-1.,0.));
#5463=DIRECTION('',(0.,0.,-1.));
#5464=DIRECTION('',(0.,-1.,0.));
#5465=DIRECTION('',(0.,0.,-1.));
#5466=DIRECTION('',(0.,-1.,0.));
#5467=DIRECTION('',(0.,0.,-1.));
#5468=DIRECTION('',(0.,1.,0.));
#5469=DIRECTION('',(0.,0.,1.));
#5470=DIRECTION('',(0.,1.,0.));
#5471=DIRECTION('',(0.,0.,1.));
#5472=DIRECTION('',(0.,1.,0.));
#5473=DIRECTION('',(0.,0.,1.));
#5474=DIRECTION('',(0.,1.,0.));
#5475=DIRECTION('',(0.,0.,1.));
#5476=DIRECTION('',(0.,1.,0.));
#5477=DIRECTION('',(0.,0.,1.));
#5478=DIRECTION('',(0.,1.,0.));
#5479=DIRECTION('',(0.,0.,1.));
#5480=DIRECTION('',(0.,1.,0.));
#5481=DIRECTION('',(0.,0.,1.));
#5482=DIRECTION('',(0.998510440144325,0.,0.0545609835210727));
#5483=DIRECTION('',(0.,1.,0.));
#5484=DIRECTION('',(0.,0.,1.));
#5485=DIRECTION('',(0.,1.,0.));
#5486=DIRECTION('',(0.,0.,1.));
#5487=DIRECTION('',(-0.998510440144325,0.,0.0545609835210729));
#5488=DIRECTION('',(0.,1.,0.));
#5489=DIRECTION('',(0.,0.,1.));
#5490=DIRECTION('',(0.,1.,0.));
#5491=DIRECTION('',(0.,0.,1.));
#5492=DIRECTION('',(0.,1.,0.));
#5493=DIRECTION('',(0.,0.,1.));
#5494=DIRECTION('',(0.,1.,0.));
#5495=DIRECTION('',(0.,0.,1.));
#5496=DIRECTION('',(0.,1.,0.));
#5497=DIRECTION('',(0.,0.,1.));
#5498=DIRECTION('',(0.,1.,0.));
#5499=DIRECTION('',(0.,0.,1.));
#5500=DIRECTION('',(0.,1.,0.));
#5501=DIRECTION('',(0.,0.,1.));
#5502=DIRECTION('',(0.,1.,0.));
#5503=DIRECTION('',(0.,0.,1.));
#5504=DIRECTION('',(-0.0545609835210729,0.,-0.998510440144325));
#5505=DIRECTION('',(-0.998510440144325,0.,0.0545609835210729));
#5506=DIRECTION('',(0.,1.,0.));
#5507=DIRECTION('',(-0.998510440144325,0.,0.0545609835210729));
#5508=DIRECTION('',(0.,1.,0.));
#5509=DIRECTION('',(0.,1.,0.));
#5510=DIRECTION('',(0.,0.,1.));
#5511=DIRECTION('',(0.,1.,0.));
#5512=DIRECTION('',(0.,0.,1.));
#5513=DIRECTION('',(0.,1.,0.));
#5514=DIRECTION('',(-0.0545609835210727,0.,0.998510440144325));
#5515=DIRECTION('',(0.998510440144325,0.,0.0545609835210727));
#5516=DIRECTION('',(0.998510440144325,0.,0.0545609835210727));
#5517=DIRECTION('',(0.,1.,0.));
#5518=DIRECTION('',(0.,1.,0.));
#5519=DIRECTION('',(0.,0.,1.));
#5520=DIRECTION('',(0.,1.,0.));
#5521=DIRECTION('',(0.,0.,1.));
#5522=DIRECTION('',(0.,1.,0.));
#5523=DIRECTION('',(0.,0.,1.));
#5524=DIRECTION('',(0.,1.,0.));
#5525=DIRECTION('',(0.,0.,1.));
#5526=DIRECTION('',(0.,1.,0.));
#5527=DIRECTION('',(0.,0.,1.));
#5528=DIRECTION('',(0.,-1.,0.));
#5529=DIRECTION('',(0.,0.,-1.));
#5530=DIRECTION('',(0.,1.,0.));
#5531=DIRECTION('',(0.,0.,1.));
#5532=DIRECTION('',(0.,1.,0.));
#5533=DIRECTION('',(0.,0.,1.));
#5534=DIRECTION('',(0.,-1.,0.));
#5535=DIRECTION('',(0.,0.,-1.));
#5536=DIRECTION('',(0.,-1.,0.));
#5537=DIRECTION('',(0.,0.,-1.));
#5538=DIRECTION('',(0.,-1.,0.));
#5539=DIRECTION('',(0.,0.,-1.));
#5540=DIRECTION('',(0.,-1.,0.));
#5541=DIRECTION('',(0.,0.,-1.));
#5542=DIRECTION('',(0.,-1.,0.));
#5543=DIRECTION('',(0.,0.,-1.));
#5544=DIRECTION('',(0.,-1.,0.));
#5545=DIRECTION('',(0.,0.,-1.));
#5546=DIRECTION('',(0.,-1.,0.));
#5547=DIRECTION('',(0.,0.,-1.));
#5548=DIRECTION('',(0.,-1.,0.));
#5549=DIRECTION('',(0.,0.,-1.));
#5550=DIRECTION('',(0.,-1.,0.));
#5551=DIRECTION('',(0.,0.,-1.));
#5552=DIRECTION('',(0.,-1.,0.));
#5553=DIRECTION('',(0.,0.,-1.));
#5554=DIRECTION('',(0.,-1.,0.));
#5555=DIRECTION('',(0.,0.,-1.));
#5556=DIRECTION('',(0.,-1.,0.));
#5557=DIRECTION('',(0.,0.,-1.));
#5558=DIRECTION('',(0.,-1.,0.));
#5559=DIRECTION('',(0.,0.,-1.));
#5560=DIRECTION('',(0.,-1.,0.));
#5561=DIRECTION('',(0.,0.,-1.));
#5562=DIRECTION('',(0.,-1.,0.));
#5563=DIRECTION('',(0.,0.,-1.));
#5564=DIRECTION('',(0.,-1.,0.));
#5565=DIRECTION('',(0.,0.,-1.));
#5566=DIRECTION('',(0.,-1.,0.));
#5567=DIRECTION('',(0.,0.,-1.));
#5568=DIRECTION('',(0.,-1.,0.));
#5569=DIRECTION('',(0.,0.,-1.));
#5570=DIRECTION('',(0.,-1.,0.));
#5571=DIRECTION('',(0.,0.,-1.));
#5572=DIRECTION('',(0.,-1.,0.));
#5573=DIRECTION('',(0.,0.,-1.));
#5574=DIRECTION('',(0.,-1.,0.));
#5575=DIRECTION('',(0.,0.,-1.));
#5576=DIRECTION('',(0.,-1.,0.));
#5577=DIRECTION('',(0.,0.,-1.));
#5578=DIRECTION('',(0.,-1.,0.));
#5579=DIRECTION('',(0.,0.,-1.));
#5580=DIRECTION('',(0.,-1.,0.));
#5581=DIRECTION('',(0.,0.,-1.));
#5582=DIRECTION('',(0.,-1.,0.));
#5583=DIRECTION('',(0.,0.,-1.));
#5584=DIRECTION('',(0.,-1.,0.));
#5585=DIRECTION('',(0.,0.,-1.));
#5586=DIRECTION('',(0.,-1.,0.));
#5587=DIRECTION('',(0.,0.,-1.));
#5588=DIRECTION('',(0.,-1.,0.));
#5589=DIRECTION('',(0.,0.,-1.));
#5590=DIRECTION('',(0.,-1.,0.));
#5591=DIRECTION('',(0.,0.,-1.));
#5592=DIRECTION('',(0.,-1.,0.));
#5593=DIRECTION('',(0.,0.,-1.));
#5594=DIRECTION('',(0.,-1.,0.));
#5595=DIRECTION('',(0.,0.,-1.));
#5596=DIRECTION('',(0.,-1.,0.));
#5597=DIRECTION('',(0.,0.,-1.));
#5598=DIRECTION('',(0.,-1.,0.));
#5599=DIRECTION('',(0.,0.,-1.));
#5600=DIRECTION('',(0.,-1.,0.));
#5601=DIRECTION('',(0.,0.,-1.));
#5602=DIRECTION('',(0.,-1.,0.));
#5603=DIRECTION('',(0.,0.,-1.));
#5604=DIRECTION('',(0.,-1.,0.));
#5605=DIRECTION('',(0.,0.,-1.));
#5606=DIRECTION('',(0.,-1.,0.));
#5607=DIRECTION('',(0.,0.,-1.));
#5608=DIRECTION('',(0.,-1.,0.));
#5609=DIRECTION('',(0.,0.,-1.));
#5610=DIRECTION('',(0.,-1.,0.));
#5611=DIRECTION('',(0.,0.,-1.));
#5612=DIRECTION('',(0.,-1.,0.));
#5613=DIRECTION('',(0.,0.,-1.));
#5614=DIRECTION('',(0.,-1.,0.));
#5615=DIRECTION('',(0.,0.,-1.));
#5616=DIRECTION('',(0.,-1.,0.));
#5617=DIRECTION('',(0.,0.,-1.));
#5618=DIRECTION('',(0.,-1.,0.));
#5619=DIRECTION('',(0.,0.,-1.));
#5620=DIRECTION('',(0.,-1.,0.));
#5621=DIRECTION('',(0.,0.,-1.));
#5622=DIRECTION('',(0.,-1.,0.));
#5623=DIRECTION('',(0.,0.,-1.));
#5624=DIRECTION('',(0.,-1.,0.));
#5625=DIRECTION('',(0.,0.,-1.));
#5626=DIRECTION('',(0.,-1.,0.));
#5627=DIRECTION('',(0.,0.,-1.));
#5628=DIRECTION('',(0.,-1.,0.));
#5629=DIRECTION('',(0.,0.,-1.));
#5630=DIRECTION('',(0.,-1.,0.));
#5631=DIRECTION('',(0.,0.,-1.));
#5632=DIRECTION('',(0.,-1.,0.));
#5633=DIRECTION('',(0.,0.,-1.));
#5634=DIRECTION('',(0.,-1.,0.));
#5635=DIRECTION('',(0.,0.,-1.));
#5636=DIRECTION('',(0.,-1.,0.));
#5637=DIRECTION('',(0.,0.,-1.));
#5638=DIRECTION('',(0.,-1.,0.));
#5639=DIRECTION('',(0.,0.,-1.));
#5640=DIRECTION('',(0.,-1.,0.));
#5641=DIRECTION('',(0.,0.,-1.));
#5642=DIRECTION('',(0.,-1.,0.));
#5643=DIRECTION('',(0.,0.,-1.));
#5644=DIRECTION('',(0.,-1.,0.));
#5645=DIRECTION('',(0.,0.,-1.));
#5646=DIRECTION('',(0.,-1.,0.));
#5647=DIRECTION('',(0.,0.,-1.));
#5648=DIRECTION('',(0.,-1.,0.));
#5649=DIRECTION('',(0.,0.,-1.));
#5650=DIRECTION('',(0.,-1.,0.));
#5651=DIRECTION('',(0.,0.,-1.));
#5652=DIRECTION('',(0.,1.,0.));
#5653=DIRECTION('',(0.,0.,1.));
#5654=DIRECTION('',(0.,1.,0.));
#5655=DIRECTION('',(0.,0.,1.));
#5656=DIRECTION('',(0.,1.,0.));
#5657=DIRECTION('',(0.,0.,1.));
#5658=DIRECTION('',(0.,1.,0.));
#5659=DIRECTION('',(0.,0.,1.));
#5660=DIRECTION('',(0.,1.,0.));
#5661=DIRECTION('',(0.,0.,1.));
#5662=DIRECTION('',(0.,1.,0.));
#5663=DIRECTION('',(0.,0.,1.));
#5664=DIRECTION('',(0.,1.,0.));
#5665=DIRECTION('',(0.,0.,1.));
#5666=DIRECTION('',(0.,1.,0.));
#5667=DIRECTION('',(0.,0.,1.));
#5668=DIRECTION('',(0.,1.,0.));
#5669=DIRECTION('',(0.,0.,1.));
#5670=DIRECTION('',(0.,1.,0.));
#5671=DIRECTION('',(0.,0.,1.));
#5672=DIRECTION('',(0.,1.,0.));
#5673=DIRECTION('',(0.,0.,1.));
#5674=DIRECTION('',(0.,1.,0.));
#5675=DIRECTION('',(0.,0.,1.));
#5676=DIRECTION('',(0.,1.,0.));
#5677=DIRECTION('',(0.,0.,1.));
#5678=DIRECTION('',(0.,1.,0.));
#5679=DIRECTION('',(0.,0.,1.));
#5680=DIRECTION('',(0.,1.,0.));
#5681=DIRECTION('',(0.,0.,1.));
#5682=CARTESIAN_POINT('',(0.,0.,0.));
#5683=CARTESIAN_POINT('',(-0.00244925939700195,-0.00157716701872007,-0.000356024446067538));
#5684=CARTESIAN_POINT('',(-0.000248255100260647,-0.00157716701872007,0.00236198950149966));
#5685=CARTESIAN_POINT('',(-0.000248255100260646,-0.0018,0.00236198950149966));
#5686=CARTESIAN_POINT('',(-0.000248255100260646,-0.0038,0.00236198950149966));
#5687=CARTESIAN_POINT('',(-0.000248255100260647,-0.0018,0.00236198950149966));
#5688=CARTESIAN_POINT('',(-0.000160985204758359,-0.0018,0.00246975884730655));
#5689=CARTESIAN_POINT('',(-0.00016098520475836,-0.00157716701872007,0.00246975884730655));
#5690=CARTESIAN_POINT('',(-0.00016098520475836,-0.0038,0.00246975884730655));
#5691=CARTESIAN_POINT('',(-0.000248255100260647,-0.0038,0.00236198950149966));
#5692=CARTESIAN_POINT('',(-0.00035602444606753,-0.00157716701872007,0.00244925939700195));
#5693=CARTESIAN_POINT('',(-0.00035602444606753,-0.00157716701872007,0.00244925939700195));
#5694=CARTESIAN_POINT('',(-0.00035602444606753,-0.0018,0.00244925939700195));
#5695=CARTESIAN_POINT('',(-0.00035602444606753,-0.0038,0.00244925939700195));
#5696=CARTESIAN_POINT('',(-0.00035602444606753,-0.0018,0.00244925939700195));
#5697=CARTESIAN_POINT('',(-0.00035602444606753,-0.0038,0.00244925939700195));
#5698=CARTESIAN_POINT('',(-0.00239862740952178,-0.00157566999859728,-0.000610091427813001));
#5699=CARTESIAN_POINT('',(-0.000493790265692152,-0.00157566999859728,0.00232310055174281));
#5700=CARTESIAN_POINT('',(-0.000493790265692151,-0.0018,0.00232310055174281));
#5701=CARTESIAN_POINT('',(-0.000493790265692151,-0.0038,0.00232310055174281));
#5702=CARTESIAN_POINT('',(-0.000493790265692152,-0.0018,0.00232310055174281));
#5703=CARTESIAN_POINT('',(-0.000418263407913179,-0.0018,0.00243940171386365));
#5704=CARTESIAN_POINT('',(-0.00041826340791318,-0.00157566999859728,0.00243940171386365));
#5705=CARTESIAN_POINT('',(-0.00041826340791318,-0.0038,0.00243940171386365));
#5706=CARTESIAN_POINT('',(-0.000493790265692152,-0.0038,0.00232310055174281));
#5707=CARTESIAN_POINT('',(-0.000610091427812995,-0.00157566999859728,0.00239862740952178));
#5708=CARTESIAN_POINT('',(-0.000610091427812995,-0.00157566999859728,0.00239862740952178));
#5709=CARTESIAN_POINT('',(-0.000610091427812995,-0.0018,0.00239862740952178));
#5710=CARTESIAN_POINT('',(-0.000610091427812995,-0.0038,0.00239862740952178));
#5711=CARTESIAN_POINT('',(-0.000610091427812995,-0.0018,0.00239862740952178));
#5712=CARTESIAN_POINT('',(-0.000610091427812995,-0.0038,0.00239862740952178));
#5713=CARTESIAN_POINT('',(-0.00232171555819783,-0.00157627104383781,-0.000857474120205507));
#5714=CARTESIAN_POINT('',(-0.000733915361640475,-0.00157627104383781,0.00225875922620101));
#5715=CARTESIAN_POINT('',(-0.000733915361640475,-0.0018,0.00225875922620101));
#5716=CARTESIAN_POINT('',(-0.000733915361640474,-0.0038,0.00225875922620101));
#5717=CARTESIAN_POINT('',(-0.000733915361640475,-0.0018,0.00225875922620101));
#5718=CARTESIAN_POINT('',(-0.000670959029643656,-0.0018,0.00238231798476603));
#5719=CARTESIAN_POINT('',(-0.000670959029643655,-0.00157627104383781,0.00238231798476603));
#5720=CARTESIAN_POINT('',(-0.000670959029643655,-0.0038,0.00238231798476603));
#5721=CARTESIAN_POINT('',(-0.000733915361640475,-0.0038,0.00225875922620101));
#5722=CARTESIAN_POINT('',(-0.000857474120205499,-0.00157627104383781,0.00232171555819784));
#5723=CARTESIAN_POINT('',(-0.000857474120205499,-0.00157627104383781,0.00232171555819784));
#5724=CARTESIAN_POINT('',(-0.000857474120205499,-0.0018,0.00232171555819784));
#5725=CARTESIAN_POINT('',(-0.000857474120205499,-0.0038,0.00232171555819784));
#5726=CARTESIAN_POINT('',(-0.000857474120205499,-0.0018,0.00232171555819784));
#5727=CARTESIAN_POINT('',(-0.000857474120205499,-0.0038,0.00232171555819784));
#5728=CARTESIAN_POINT('',(-0.00221936650536805,-0.00157896064536272,-0.00109546214669905));
#5729=CARTESIAN_POINT('',(-0.000965999527305004,-0.00157896064536272,0.0021696704619012));
#5730=CARTESIAN_POINT('',(-0.000965999527305004,-0.0018,0.0021696704619012));
#5731=CARTESIAN_POINT('',(-0.000965999527305004,-0.0038,0.0021696704619012));
#5732=CARTESIAN_POINT('',(-0.000965999527305004,-0.0018,0.0021696704619012));
#5733=CARTESIAN_POINT('',(-0.000916303483838154,-0.0018,0.00229913308129524));
#5734=CARTESIAN_POINT('',(-0.000916303483838154,-0.00157896064536272,0.00229913308129524));
#5735=CARTESIAN_POINT('',(-0.000916303483838154,-0.0038,0.00229913308129524));
#5736=CARTESIAN_POINT('',(-0.000965999527305004,-0.0038,0.0021696704619012));
#5737=CARTESIAN_POINT('',(-0.00109546214669904,-0.00157896064536272,0.00221936650536806));
#5738=CARTESIAN_POINT('',(-0.00109546214669904,-0.00157896064536272,0.00221936650536806));
#5739=CARTESIAN_POINT('',(-0.00109546214669904,-0.0018,0.00221936650536806));
#5740=CARTESIAN_POINT('',(-0.00109546214669904,-0.0038,0.00221936650536806));
#5741=CARTESIAN_POINT('',(-0.00109546214669904,-0.0018,0.00221936650536806));
#5742=CARTESIAN_POINT('',(-0.00109546214669904,-0.0038,0.00221936650536806));
#5743=CARTESIAN_POINT('',(-0.00118749999999998,-0.00158369585581168,0.00205681033398807));
#5744=CARTESIAN_POINT('',(-0.00118749999999998,-0.00158369585581168,0.00205681033398807));
#5745=CARTESIAN_POINT('',(-0.00118749999999998,-0.0018,0.00205681033398807));
#5746=CARTESIAN_POINT('',(-0.00118749999999998,-0.0038,0.00205681033398807));
#5747=CARTESIAN_POINT('',(-0.00118749999999998,-0.0018,0.00205681033398807));
#5748=CARTESIAN_POINT('',(-0.00115160872531489,-0.0018,0.00219075839466124));
#5749=CARTESIAN_POINT('',(-0.00115160872531489,-0.00158369585581168,0.00219075839466124));
#5750=CARTESIAN_POINT('',(-0.00115160872531489,-0.0038,0.00219075839466124));
#5751=CARTESIAN_POINT('',(-0.00118749999999998,-0.0038,0.00205681033398807));
#5752=CARTESIAN_POINT('',(-0.00132144806067315,-0.00158369585581168,0.00209270160867316));
#5753=CARTESIAN_POINT('',(-0.00132144806067315,-0.00158369585581168,0.00209270160867316));
#5754=CARTESIAN_POINT('',(-0.00132144806067315,-0.0018,0.00209270160867316));
#5755=CARTESIAN_POINT('',(-0.00132144806067315,-0.0038,0.00209270160867316));
#5756=CARTESIAN_POINT('',(-0.00132144806067315,-0.0018,0.00209270160867316));
#5757=CARTESIAN_POINT('',(-0.00132144806067315,-0.0038,0.00209270160867316));
#5758=CARTESIAN_POINT('',(-0.00139598997419461,-0.00159039939368724,0.00192141536164053));
#5759=CARTESIAN_POINT('',(-0.00139598997419461,-0.00159039939368724,0.00192141536164053));
#5760=CARTESIAN_POINT('',(-0.00139598997419461,-0.0018,0.00192141536164053));
#5761=CARTESIAN_POINT('',(-0.00139598997419461,-0.0038,0.00192141536164053));
#5762=CARTESIAN_POINT('',(-0.00139598997419461,-0.0018,0.00192141536164053));
#5763=CARTESIAN_POINT('',(-0.00137429670060746,-0.0018,0.00205838130060966));
#5764=CARTESIAN_POINT('',(-0.00137429670060746,-0.00159039939368724,0.00205838130060966));
#5765=CARTESIAN_POINT('',(-0.00137429670060746,-0.0038,0.00205838130060966));
#5766=CARTESIAN_POINT('',(-0.00139598997419461,-0.0038,0.00192141536164053));
#5767=CARTESIAN_POINT('',(-0.00153295591316375,-0.00159039939368724,0.00194310863522768));
#5768=CARTESIAN_POINT('',(-0.00153295591316375,-0.00159039939368724,0.00194310863522768));
#5769=CARTESIAN_POINT('',(-0.00153295591316375,-0.0018,0.00194310863522768));
#5770=CARTESIAN_POINT('',(-0.00153295591316375,-0.0038,0.00194310863522768));
#5771=CARTESIAN_POINT('',(-0.00153295591316375,-0.0018,0.00194310863522768));
#5772=CARTESIAN_POINT('',(-0.00153295591316375,-0.0038,0.00194310863522768));
#5773=CARTESIAN_POINT('',(-0.00158918519010227,-0.00159895778896338,0.00176496896050884));
#5774=CARTESIAN_POINT('',(-0.00158918519010227,-0.00159895778896338,0.00176496896050884));
#5775=CARTESIAN_POINT('',(-0.00158918519010227,-0.0018,0.00176496896050884));
#5776=CARTESIAN_POINT('',(-0.00158918519010227,-0.0038,0.00176496896050884));
#5777=CARTESIAN_POINT('',(-0.00158918519010227,-0.0018,0.00176496896050884));
#5778=CARTESIAN_POINT('',(-0.0015819275936581,-0.0018,0.00190345215028463));
#5779=CARTESIAN_POINT('',(-0.0015819275936581,-0.00159895778896338,0.00190345215028463));
#5780=CARTESIAN_POINT('',(-0.0015819275936581,-0.0038,0.00190345215028463));
#5781=CARTESIAN_POINT('',(-0.00158918519010227,-0.0038,0.00176496896050884));
#5782=CARTESIAN_POINT('',(-0.00172766837987806,-0.00159895778896338,0.00177222655695302));
#5783=CARTESIAN_POINT('',(-0.00172766837987806,-0.00159895778896338,0.00177222655695302));
#5784=CARTESIAN_POINT('',(-0.00172766837987806,-0.0018,0.00177222655695302));
#5785=CARTESIAN_POINT('',(-0.00172766837987806,-0.0038,0.00177222655695302));
#5786=CARTESIAN_POINT('',(-0.00172766837987806,-0.0018,0.00177222655695302));
#5787=CARTESIAN_POINT('',(-0.00172766837987806,-0.0038,0.00177222655695302));
#5788=CARTESIAN_POINT('',(-0.0017649689605088,-0.00159895778896338,0.00158918519010232));
#5789=CARTESIAN_POINT('',(-0.0017649689605088,-0.00159895778896338,0.00158918519010232));
#5790=CARTESIAN_POINT('',(-0.0017649689605088,-0.0018,0.00158918519010232));
#5791=CARTESIAN_POINT('',(-0.0017649689605088,-0.0038,0.00158918519010232));
#5792=CARTESIAN_POINT('',(-0.0017649689605088,-0.0018,0.00158918519010232));
#5793=CARTESIAN_POINT('',(-0.00177222655695298,-0.0018,0.00172766837987811));
#5794=CARTESIAN_POINT('',(-0.00177222655695298,-0.00159895778896338,0.00172766837987811));
#5795=CARTESIAN_POINT('',(-0.00177222655695298,-0.0038,0.00172766837987811));
#5796=CARTESIAN_POINT('',(-0.0017649689605088,-0.0038,0.00158918519010232));
#5797=CARTESIAN_POINT('',(-0.00190345215028459,-0.00159895778896338,0.00158192759365814));
#5798=CARTESIAN_POINT('',(-0.00190345215028459,-0.00159895778896338,0.00158192759365814));
#5799=CARTESIAN_POINT('',(-0.00190345215028459,-0.0018,0.00158192759365814));
#5800=CARTESIAN_POINT('',(-0.00190345215028459,-0.0038,0.00158192759365814));
#5801=CARTESIAN_POINT('',(-0.00190345215028459,-0.0018,0.00158192759365814));
#5802=CARTESIAN_POINT('',(-0.00190345215028459,-0.0038,0.00158192759365814));
#5803=CARTESIAN_POINT('',(-0.00192141536164049,-0.00159039939368724,0.00139598997419465));
#5804=CARTESIAN_POINT('',(-0.00192141536164049,-0.00159039939368724,0.00139598997419465));
#5805=CARTESIAN_POINT('',(-0.00192141536164049,-0.0018,0.00139598997419465));
#5806=CARTESIAN_POINT('',(-0.00192141536164049,-0.0038,0.00139598997419465));
#5807=CARTESIAN_POINT('',(-0.00192141536164049,-0.0018,0.00139598997419465));
#5808=CARTESIAN_POINT('',(-0.00194310863522765,-0.0018,0.00153295591316379));
#5809=CARTESIAN_POINT('',(-0.00194310863522765,-0.00159039939368724,0.00153295591316379));
#5810=CARTESIAN_POINT('',(-0.00194310863522765,-0.0038,0.00153295591316379));
#5811=CARTESIAN_POINT('',(-0.00192141536164049,-0.0038,0.00139598997419465));
#5812=CARTESIAN_POINT('',(-0.00205838130060963,-0.00159039939368724,0.0013742967006075));
#5813=CARTESIAN_POINT('',(-0.00205838130060963,-0.00159039939368724,0.0013742967006075));
#5814=CARTESIAN_POINT('',(-0.00205838130060963,-0.0018,0.0013742967006075));
#5815=CARTESIAN_POINT('',(-0.00205838130060963,-0.0038,0.0013742967006075));
#5816=CARTESIAN_POINT('',(-0.00205838130060963,-0.0018,0.0013742967006075));
#5817=CARTESIAN_POINT('',(-0.00205838130060963,-0.0038,0.0013742967006075));
#5818=CARTESIAN_POINT('',(-0.00205681033398804,-0.00158369585581168,0.00118750000000003));
#5819=CARTESIAN_POINT('',(-0.00205681033398804,-0.00158369585581168,0.00118750000000003));
#5820=CARTESIAN_POINT('',(-0.00205681033398804,-0.0018,0.00118750000000003));
#5821=CARTESIAN_POINT('',(-0.00205681033398804,-0.0038,0.00118750000000003));
#5822=CARTESIAN_POINT('',(-0.00205681033398804,-0.0018,0.00118750000000003));
#5823=CARTESIAN_POINT('',(-0.00209270160867313,-0.0018,0.0013214480606732));
#5824=CARTESIAN_POINT('',(-0.00209270160867313,-0.00158369585581168,0.0013214480606732));
#5825=CARTESIAN_POINT('',(-0.00209270160867313,-0.0038,0.0013214480606732));
#5826=CARTESIAN_POINT('',(-0.00205681033398804,-0.0038,0.00118750000000003));
#5827=CARTESIAN_POINT('',(-0.00219075839466121,-0.00158369585581168,0.00115160872531494));
#5828=CARTESIAN_POINT('',(-0.00219075839466121,-0.00158369585581168,0.00115160872531494));
#5829=CARTESIAN_POINT('',(-0.00219075839466121,-0.0018,0.00115160872531494));
#5830=CARTESIAN_POINT('',(-0.00219075839466121,-0.0038,0.00115160872531494));
#5831=CARTESIAN_POINT('',(-0.00219075839466121,-0.0018,0.00115160872531494));
#5832=CARTESIAN_POINT('',(-0.00219075839466121,-0.0038,0.00115160872531494));
#5833=CARTESIAN_POINT('',(-0.00216967046190118,-0.00157896064536272,0.000965999527305055));
#5834=CARTESIAN_POINT('',(-0.00216967046190118,-0.00157896064536272,0.000965999527305055));
#5835=CARTESIAN_POINT('',(-0.00216967046190118,-0.0018,0.000965999527305055));
#5836=CARTESIAN_POINT('',(-0.00216967046190118,-0.0038,0.000965999527305055));
#5837=CARTESIAN_POINT('',(-0.00216967046190118,-0.0018,0.000965999527305055));
#5838=CARTESIAN_POINT('',(-0.00221936650536803,-0.0018,0.00109546214669909));
#5839=CARTESIAN_POINT('',(-0.00221936650536803,-0.00157896064536272,0.00109546214669909));
#5840=CARTESIAN_POINT('',(-0.00221936650536803,-0.0038,0.00109546214669909));
#5841=CARTESIAN_POINT('',(-0.00216967046190118,-0.0038,0.000965999527305055));
#5842=CARTESIAN_POINT('',(-0.00229913308129521,-0.00157896064536272,0.000916303483838208));
#5843=CARTESIAN_POINT('',(-0.00229913308129521,-0.00157896064536272,0.000916303483838208));
#5844=CARTESIAN_POINT('',(-0.00229913308129521,-0.0018,0.000916303483838208));
#5845=CARTESIAN_POINT('',(-0.00229913308129521,-0.0038,0.000916303483838208));
#5846=CARTESIAN_POINT('',(-0.00229913308129521,-0.0018,0.000916303483838208));
#5847=CARTESIAN_POINT('',(-0.00229913308129521,-0.0038,0.000916303483838208));
#5848=CARTESIAN_POINT('',(-0.00225875922620099,-0.00157627104383781,0.000733915361640528));
#5849=CARTESIAN_POINT('',(-0.00225875922620099,-0.00157627104383781,0.000733915361640528));
#5850=CARTESIAN_POINT('',(-0.00225875922620099,-0.0018,0.000733915361640528));
#5851=CARTESIAN_POINT('',(-0.00225875922620099,-0.0038,0.000733915361640528));
#5852=CARTESIAN_POINT('',(-0.00225875922620099,-0.0018,0.000733915361640528));
#5853=CARTESIAN_POINT('',(-0.00232171555819781,-0.0018,0.000857474120205554));
#5854=CARTESIAN_POINT('',(-0.00232171555819781,-0.00157627104383781,0.000857474120205554));
#5855=CARTESIAN_POINT('',(-0.00232171555819781,-0.0038,0.000857474120205554));
#5856=CARTESIAN_POINT('',(-0.00225875922620099,-0.0038,0.000733915361640528));
#5857=CARTESIAN_POINT('',(-0.00238231798476602,-0.00157627104383781,0.000670959029643711));
#5858=CARTESIAN_POINT('',(-0.00238231798476602,-0.00157627104383781,0.000670959029643711));
#5859=CARTESIAN_POINT('',(-0.00238231798476602,-0.0018,0.000670959029643711));
#5860=CARTESIAN_POINT('',(-0.00238231798476602,-0.0038,0.000670959029643711));
#5861=CARTESIAN_POINT('',(-0.00238231798476602,-0.0018,0.000670959029643711));
#5862=CARTESIAN_POINT('',(-0.00238231798476602,-0.0038,0.000670959029643711));
#5863=CARTESIAN_POINT('',(-0.00232310055174279,-0.00157566999859728,0.000493790265692206));
#5864=CARTESIAN_POINT('',(-0.00232310055174279,-0.00157566999859728,0.000493790265692206));
#5865=CARTESIAN_POINT('',(-0.00232310055174279,-0.0018,0.000493790265692206));
#5866=CARTESIAN_POINT('',(-0.00232310055174279,-0.0038,0.000493790265692206));
#5867=CARTESIAN_POINT('',(-0.00232310055174279,-0.0018,0.000493790265692206));
#5868=CARTESIAN_POINT('',(-0.00239862740952176,-0.0018,0.000610091427813051));
#5869=CARTESIAN_POINT('',(-0.00239862740952176,-0.00157566999859728,0.000610091427813051));
#5870=CARTESIAN_POINT('',(-0.00239862740952176,-0.0038,0.000610091427813051));
#5871=CARTESIAN_POINT('',(-0.00232310055174279,-0.0038,0.000493790265692206));
#5872=CARTESIAN_POINT('',(-0.00243940171386364,-0.00157566999859728,0.000418263407913237));
#5873=CARTESIAN_POINT('',(-0.00243940171386364,-0.00157566999859728,0.000418263407913237));
#5874=CARTESIAN_POINT('',(-0.00243940171386364,-0.0018,0.000418263407913237));
#5875=CARTESIAN_POINT('',(-0.00243940171386364,-0.0038,0.000418263407913237));
#5876=CARTESIAN_POINT('',(-0.00243940171386364,-0.0018,0.000418263407913237));
#5877=CARTESIAN_POINT('',(-0.00243940171386364,-0.0038,0.000418263407913237));
#5878=CARTESIAN_POINT('',(-0.00236198950149966,-0.00157716701872007,0.000248255100260702));
#5879=CARTESIAN_POINT('',(-0.00236198950149966,-0.00157716701872007,0.000248255100260702));
#5880=CARTESIAN_POINT('',(-0.00236198950149966,-0.0018,0.000248255100260703));
#5881=CARTESIAN_POINT('',(-0.00236198950149966,-0.0038,0.000248255100260702));
#5882=CARTESIAN_POINT('',(-0.00236198950149966,-0.0018,0.000248255100260702));
#5883=CARTESIAN_POINT('',(-0.00244925939700194,-0.0018,0.000356024446067587));
#5884=CARTESIAN_POINT('',(-0.00244925939700194,-0.00157716701872007,0.000356024446067587));
#5885=CARTESIAN_POINT('',(-0.00244925939700194,-0.0038,0.000356024446067587));
#5886=CARTESIAN_POINT('',(-0.00236198950149966,-0.0038,0.000248255100260702));
#5887=CARTESIAN_POINT('',(-0.00246975884730655,-0.00157716701872007,0.000160985204758417));
#5888=CARTESIAN_POINT('',(-0.00246975884730655,-0.00157716701872007,0.000160985204758417));
#5889=CARTESIAN_POINT('',(-0.00246975884730655,-0.0018,0.000160985204758417));
#5890=CARTESIAN_POINT('',(-0.00246975884730655,-0.0038,0.000160985204758417));
#5891=CARTESIAN_POINT('',(-0.00246975884730655,-0.0018,0.000160985204758417));
#5892=CARTESIAN_POINT('',(-0.00246975884730655,-0.0038,0.000160985204758417));
#5893=CARTESIAN_POINT('',(-0.002375,-0.00157986246773154,2.48768045392574E-17));
#5894=CARTESIAN_POINT('',(-0.002375,-0.00157986246773154,2.48768045392574E-17));
#5895=CARTESIAN_POINT('',(-0.002375,-0.0018,2.48339774984392E-17));
#5896=CARTESIAN_POINT('',(-0.002375,-0.0038,2.48425429066029E-17));
#5897=CARTESIAN_POINT('',(-0.002375,-0.0018,2.48768045392574E-17));
#5898=CARTESIAN_POINT('',(-0.00247305678598809,-0.0018,9.80567859881042E-5));
#5899=CARTESIAN_POINT('',(-0.00247305678598809,-0.00157986246773154,9.80567859881044E-5));
#5900=CARTESIAN_POINT('',(-0.00247305678598809,-0.0038,9.80567859881044E-5));
#5901=CARTESIAN_POINT('',(-0.002375,-0.0038,2.48768045392574E-17));
#5902=CARTESIAN_POINT('',(-0.00247305678598809,-0.00157986246773154,-9.80567859880528E-5));
#5903=CARTESIAN_POINT('',(-0.00247305678598809,-0.00157986246773154,-9.80567859880528E-5));
#5904=CARTESIAN_POINT('',(-0.00247305678598809,-0.0018,-9.80567859880525E-5));
#5905=CARTESIAN_POINT('',(-0.00247305678598809,-0.0038,-9.80567859880528E-5));
#5906=CARTESIAN_POINT('',(-0.00247305678598809,-0.0018,-9.80567859880528E-5));
#5907=CARTESIAN_POINT('',(-0.00247305678598809,-0.0038,-9.80567859880528E-5));
#5908=CARTESIAN_POINT('',(-0.00236198950149966,-0.00157716701872007,-0.000248255100260655));
#5909=CARTESIAN_POINT('',(-0.00236198950149966,-0.00157716701872007,-0.000248255100260655));
#5910=CARTESIAN_POINT('',(-0.00236198950149966,-0.0018,-0.000248255100260655));
#5911=CARTESIAN_POINT('',(-0.00236198950149966,-0.0038,-0.000248255100260655));
#5912=CARTESIAN_POINT('',(-0.00236198950149966,-0.0018,-0.000248255100260655));
#5913=CARTESIAN_POINT('',(-0.00246975884730655,-0.0018,-0.000160985204758368));
#5914=CARTESIAN_POINT('',(-0.00246975884730655,-0.00157716701872007,-0.000160985204758368));
#5915=CARTESIAN_POINT('',(-0.00246975884730655,-0.0038,-0.000160985204758368));
#5916=CARTESIAN_POINT('',(-0.00236198950149966,-0.0038,-0.000248255100260655));
#5917=CARTESIAN_POINT('',(-0.00244925939700195,-0.00157716701872007,-0.000356024446067538));
#5918=CARTESIAN_POINT('',(-0.00244925939700195,-0.00157716701872007,-0.000356024446067538));
#5919=CARTESIAN_POINT('',(-0.00244925939700195,-0.0018,-0.000356024446067538));
#5920=CARTESIAN_POINT('',(-0.00244925939700195,-0.0038,-0.000356024446067538));
#5921=CARTESIAN_POINT('',(-0.00244925939700195,-0.0018,-0.000356024446067538));
#5922=CARTESIAN_POINT('',(-0.00244925939700195,-0.0038,-0.000356024446067538));
#5923=CARTESIAN_POINT('',(-0.0023231005517428,-0.00157566999859728,-0.000493790265692158));
#5924=CARTESIAN_POINT('',(-0.0023231005517428,-0.00157566999859728,-0.000493790265692158));
#5925=CARTESIAN_POINT('',(-0.0023231005517428,-0.0018,-0.000493790265692158));
#5926=CARTESIAN_POINT('',(-0.0023231005517428,-0.0038,-0.000493790265692158));
#5927=CARTESIAN_POINT('',(-0.0023231005517428,-0.0018,-0.000493790265692158));
#5928=CARTESIAN_POINT('',(-0.00243940171386365,-0.0018,-0.000418263407913186));
#5929=CARTESIAN_POINT('',(-0.00243940171386365,-0.00157566999859728,-0.000418263407913186));
#5930=CARTESIAN_POINT('',(-0.00243940171386365,-0.0038,-0.000418263407913186));
#5931=CARTESIAN_POINT('',(-0.0023231005517428,-0.0038,-0.000493790265692158));
#5932=CARTESIAN_POINT('',(-0.00239862740952178,-0.00157566999859728,-0.000610091427813001));
#5933=CARTESIAN_POINT('',(-0.00239862740952178,-0.00157566999859728,-0.000610091427813001));
#5934=CARTESIAN_POINT('',(-0.00239862740952178,-0.0018,-0.000610091427813001));
#5935=CARTESIAN_POINT('',(-0.00239862740952178,-0.0038,-0.000610091427813001));
#5936=CARTESIAN_POINT('',(-0.00239862740952178,-0.0018,-0.000610091427813001));
#5937=CARTESIAN_POINT('',(-0.00239862740952178,-0.0038,-0.000610091427813001));
#5938=CARTESIAN_POINT('',(-0.00225875922620101,-0.00157627104383781,-0.000733915361640483));
#5939=CARTESIAN_POINT('',(-0.00225875922620101,-0.00157627104383781,-0.000733915361640483));
#5940=CARTESIAN_POINT('',(-0.00225875922620101,-0.0018,-0.000733915361640483));
#5941=CARTESIAN_POINT('',(-0.00225875922620101,-0.0038,-0.000733915361640483));
#5942=CARTESIAN_POINT('',(-0.00225875922620101,-0.0018,-0.000733915361640483));
#5943=CARTESIAN_POINT('',(-0.00238231798476603,-0.0018,-0.000670959029643664));
#5944=CARTESIAN_POINT('',(-0.00238231798476603,-0.00157627104383781,-0.000670959029643664));
#5945=CARTESIAN_POINT('',(-0.00238231798476603,-0.0038,-0.000670959029643664));
#5946=CARTESIAN_POINT('',(-0.00225875922620101,-0.0038,-0.000733915361640483));
#5947=CARTESIAN_POINT('',(-0.00232171555819783,-0.00157627104383781,-0.000857474120205507));
#5948=CARTESIAN_POINT('',(-0.00232171555819783,-0.00157627104383781,-0.000857474120205507));
#5949=CARTESIAN_POINT('',(-0.00232171555819783,-0.0018,-0.000857474120205507));
#5950=CARTESIAN_POINT('',(-0.00232171555819783,-0.0038,-0.000857474120205507));
#5951=CARTESIAN_POINT('',(-0.00232171555819783,-0.0018,-0.000857474120205507));
#5952=CARTESIAN_POINT('',(-0.00232171555819783,-0.0038,-0.000857474120205507));
#5953=CARTESIAN_POINT('',(-0.0021696704619012,-0.00157896064536272,-0.000965999527305011));
#5954=CARTESIAN_POINT('',(-0.0021696704619012,-0.00157896064536272,-0.000965999527305011));
#5955=CARTESIAN_POINT('',(-0.0021696704619012,-0.0018,-0.000965999527305011));
#5956=CARTESIAN_POINT('',(-0.0021696704619012,-0.0038,-0.000965999527305011));
#5957=CARTESIAN_POINT('',(-0.0021696704619012,-0.0018,-0.000965999527305011));
#5958=CARTESIAN_POINT('',(-0.00229913308129524,-0.0018,-0.000916303483838162));
#5959=CARTESIAN_POINT('',(-0.00229913308129524,-0.00157896064536272,-0.000916303483838162));
#5960=CARTESIAN_POINT('',(-0.00229913308129524,-0.0038,-0.000916303483838162));
#5961=CARTESIAN_POINT('',(-0.0021696704619012,-0.0038,-0.000965999527305011));
#5962=CARTESIAN_POINT('',(-0.00221936650536805,-0.00157896064536272,-0.00109546214669905));
#5963=CARTESIAN_POINT('',(-0.00221936650536805,-0.00157896064536272,-0.00109546214669905));
#5964=CARTESIAN_POINT('',(-0.00221936650536805,-0.0018,-0.00109546214669905));
#5965=CARTESIAN_POINT('',(-0.00221936650536805,-0.0038,-0.00109546214669905));
#5966=CARTESIAN_POINT('',(-0.00221936650536805,-0.0018,-0.00109546214669905));
#5967=CARTESIAN_POINT('',(-0.00221936650536805,-0.0038,-0.00109546214669905));
#5968=CARTESIAN_POINT('',(-0.00205681033398807,-0.00158369585581168,-0.00118749999999999));
#5969=CARTESIAN_POINT('',(-0.00205681033398807,-0.00158369585581168,-0.00118749999999999));
#5970=CARTESIAN_POINT('',(-0.00205681033398807,-0.0018,-0.00118749999999999));
#5971=CARTESIAN_POINT('',(-0.00205681033398807,-0.0038,-0.00118749999999999));
#5972=CARTESIAN_POINT('',(-0.00205681033398807,-0.0018,-0.00118749999999999));
#5973=CARTESIAN_POINT('',(-0.00219075839466123,-0.0018,-0.00115160872531489));
#5974=CARTESIAN_POINT('',(-0.00219075839466123,-0.00158369585581168,-0.0011516087253149));
#5975=CARTESIAN_POINT('',(-0.00219075839466123,-0.0038,-0.0011516087253149));
#5976=CARTESIAN_POINT('',(-0.00205681033398807,-0.0038,-0.00118749999999999));
#5977=CARTESIAN_POINT('',(-0.00118749999999998,-0.00158369585581168,0.00205681033398807));
#5978=CARTESIAN_POINT('',(-0.00209270160867316,-0.00158369585581168,-0.00132144806067316));
#5979=CARTESIAN_POINT('',(-0.00209270160867316,-0.0018,-0.00132144806067316));
#5980=CARTESIAN_POINT('',(-0.00209270160867316,-0.0038,-0.00132144806067316));
#5981=CARTESIAN_POINT('',(-0.00209270160867316,-0.0018,-0.00132144806067316));
#5982=CARTESIAN_POINT('',(-0.00209270160867316,-0.0038,-0.00132144806067316));
#5983=CARTESIAN_POINT('',(-0.00192141536164052,-0.00159039939368724,-0.00139598997419461));
#5984=CARTESIAN_POINT('',(-0.00192141536164052,-0.00159039939368724,-0.00139598997419461));
#5985=CARTESIAN_POINT('',(-0.00192141536164052,-0.0018,-0.00139598997419461));
#5986=CARTESIAN_POINT('',(-0.00192141536164052,-0.0038,-0.00139598997419461));
#5987=CARTESIAN_POINT('',(-0.00192141536164052,-0.0018,-0.00139598997419461));
#5988=CARTESIAN_POINT('',(-0.00205838130060966,-0.0018,-0.00137429670060746));
#5989=CARTESIAN_POINT('',(-0.00205838130060966,-0.00159039939368724,-0.00137429670060746));
#5990=CARTESIAN_POINT('',(-0.00205838130060966,-0.0038,-0.00137429670060746));
#5991=CARTESIAN_POINT('',(-0.00192141536164052,-0.0038,-0.00139598997419461));
#5992=CARTESIAN_POINT('',(-0.00139598997419461,-0.00159039939368724,0.00192141536164053));
#5993=CARTESIAN_POINT('',(-0.00194310863522768,-0.00159039939368724,-0.00153295591316375));
#5994=CARTESIAN_POINT('',(-0.00194310863522768,-0.0018,-0.00153295591316375));
#5995=CARTESIAN_POINT('',(-0.00194310863522768,-0.0038,-0.00153295591316375));
#5996=CARTESIAN_POINT('',(-0.00194310863522768,-0.0018,-0.00153295591316375));
#5997=CARTESIAN_POINT('',(-0.00194310863522768,-0.0038,-0.00153295591316375));
#5998=CARTESIAN_POINT('',(-0.00176496896050884,-0.00159895778896338,-0.00158918519010228));
#5999=CARTESIAN_POINT('',(-0.00176496896050884,-0.00159895778896338,-0.00158918519010228));
#6000=CARTESIAN_POINT('',(-0.00176496896050884,-0.0018,-0.00158918519010228));
#6001=CARTESIAN_POINT('',(-0.00176496896050884,-0.0038,-0.00158918519010228));
#6002=CARTESIAN_POINT('',(-0.00176496896050884,-0.0018,-0.00158918519010228));
#6003=CARTESIAN_POINT('',(-0.00190345215028462,-0.0018,-0.0015819275936581));
#6004=CARTESIAN_POINT('',(-0.00190345215028462,-0.00159895778896338,-0.0015819275936581));
#6005=CARTESIAN_POINT('',(-0.00190345215028462,-0.0038,-0.0015819275936581));
#6006=CARTESIAN_POINT('',(-0.00176496896050884,-0.0038,-0.00158918519010228));
#6007=CARTESIAN_POINT('',(-0.00158918519010227,-0.00159895778896338,0.00176496896050884));
#6008=CARTESIAN_POINT('',(-0.00177222655695302,-0.00159895778896338,-0.00172766837987807));
#6009=CARTESIAN_POINT('',(-0.00177222655695302,-0.0018,-0.00172766837987807));
#6010=CARTESIAN_POINT('',(-0.00177222655695302,-0.0038,-0.00172766837987807));
#6011=CARTESIAN_POINT('',(-0.00177222655695302,-0.0018,-0.00172766837987807));
#6012=CARTESIAN_POINT('',(-0.00177222655695302,-0.0038,-0.00172766837987807));
#6013=CARTESIAN_POINT('',(-0.00158918519010231,-0.00159895778896338,-0.00176496896050881));
#6014=CARTESIAN_POINT('',(-0.00158918519010231,-0.00159895778896338,-0.00176496896050881));
#6015=CARTESIAN_POINT('',(-0.00158918519010231,-0.0018,-0.00176496896050881));
#6016=CARTESIAN_POINT('',(-0.00158918519010231,-0.0038,-0.00176496896050881));
#6017=CARTESIAN_POINT('',(-0.00158918519010231,-0.0018,-0.00176496896050881));
#6018=CARTESIAN_POINT('',(-0.0017276683798781,-0.0018,-0.00177222655695299));
#6019=CARTESIAN_POINT('',(-0.0017276683798781,-0.00159895778896338,-0.00177222655695299));
#6020=CARTESIAN_POINT('',(-0.0017276683798781,-0.0038,-0.00177222655695299));
#6021=CARTESIAN_POINT('',(-0.00158918519010231,-0.0038,-0.00176496896050881));
#6022=CARTESIAN_POINT('',(-0.0017649689605088,-0.00159895778896338,0.00158918519010232));
#6023=CARTESIAN_POINT('',(-0.00158192759365813,-0.00159895778896338,-0.0019034521502846));
#6024=CARTESIAN_POINT('',(-0.00158192759365813,-0.0018,-0.0019034521502846));
#6025=CARTESIAN_POINT('',(-0.00158192759365813,-0.0038,-0.0019034521502846));
#6026=CARTESIAN_POINT('',(-0.00158192759365813,-0.0018,-0.0019034521502846));
#6027=CARTESIAN_POINT('',(-0.00158192759365813,-0.0038,-0.0019034521502846));
#6028=CARTESIAN_POINT('',(-0.00139598997419465,-0.00159039939368724,-0.0019214153616405));
#6029=CARTESIAN_POINT('',(-0.00139598997419465,-0.00159039939368724,-0.0019214153616405));
#6030=CARTESIAN_POINT('',(-0.00139598997419465,-0.0018,-0.0019214153616405));
#6031=CARTESIAN_POINT('',(-0.00139598997419465,-0.0038,-0.0019214153616405));
#6032=CARTESIAN_POINT('',(-0.00139598997419465,-0.0018,-0.0019214153616405));
#6033=CARTESIAN_POINT('',(-0.00153295591316378,-0.0018,-0.00194310863522765));
#6034=CARTESIAN_POINT('',(-0.00153295591316378,-0.00159039939368724,-0.00194310863522765));
#6035=CARTESIAN_POINT('',(-0.00153295591316378,-0.0038,-0.00194310863522765));
#6036=CARTESIAN_POINT('',(-0.00139598997419465,-0.0038,-0.0019214153616405));
#6037=CARTESIAN_POINT('',(-0.00192141536164049,-0.00159039939368724,0.00139598997419465));
#6038=CARTESIAN_POINT('',(-0.0013742967006075,-0.00159039939368724,-0.00205838130060964));
#6039=CARTESIAN_POINT('',(-0.0013742967006075,-0.0018,-0.00205838130060964));
#6040=CARTESIAN_POINT('',(-0.0013742967006075,-0.0038,-0.00205838130060964));
#6041=CARTESIAN_POINT('',(-0.0013742967006075,-0.0018,-0.00205838130060964));
#6042=CARTESIAN_POINT('',(-0.0013742967006075,-0.0038,-0.00205838130060964));
#6043=CARTESIAN_POINT('',(-0.00118750000000002,-0.00158369585581168,-0.00205681033398805));
#6044=CARTESIAN_POINT('',(-0.00118750000000002,-0.00158369585581168,-0.00205681033398805));
#6045=CARTESIAN_POINT('',(-0.00118750000000002,-0.0018,-0.00205681033398805));
#6046=CARTESIAN_POINT('',(-0.00118750000000002,-0.0038,-0.00205681033398805));
#6047=CARTESIAN_POINT('',(-0.00118750000000002,-0.0018,-0.00205681033398805));
#6048=CARTESIAN_POINT('',(-0.00132144806067319,-0.0018,-0.00209270160867314));
#6049=CARTESIAN_POINT('',(-0.00132144806067319,-0.00158369585581168,-0.00209270160867314));
#6050=CARTESIAN_POINT('',(-0.00132144806067319,-0.0038,-0.00209270160867314));
#6051=CARTESIAN_POINT('',(-0.00118750000000002,-0.0038,-0.00205681033398805));
#6052=CARTESIAN_POINT('',(-0.00205681033398804,-0.00158369585581168,0.00118750000000003));
#6053=CARTESIAN_POINT('',(-0.00115160872531493,-0.00158369585581168,-0.00219075839466121));
#6054=CARTESIAN_POINT('',(-0.00115160872531493,-0.0018,-0.00219075839466121));
#6055=CARTESIAN_POINT('',(-0.00115160872531493,-0.0038,-0.00219075839466121));
#6056=CARTESIAN_POINT('',(-0.00115160872531493,-0.0018,-0.00219075839466121));
#6057=CARTESIAN_POINT('',(-0.00115160872531493,-0.0038,-0.00219075839466121));
#6058=CARTESIAN_POINT('',(-0.000965999527305047,-0.00157896064536272,-0.00216967046190118));
#6059=CARTESIAN_POINT('',(-0.000965999527305047,-0.00157896064536272,-0.00216967046190118));
#6060=CARTESIAN_POINT('',(-0.000965999527305047,-0.0018,-0.00216967046190118));
#6061=CARTESIAN_POINT('',(-0.000965999527305047,-0.0038,-0.00216967046190118));
#6062=CARTESIAN_POINT('',(-0.000965999527305047,-0.0018,-0.00216967046190118));
#6063=CARTESIAN_POINT('',(-0.00109546214669908,-0.0018,-0.00221936650536803));
#6064=CARTESIAN_POINT('',(-0.00109546214669908,-0.00157896064536272,-0.00221936650536803));
#6065=CARTESIAN_POINT('',(-0.00109546214669908,-0.0038,-0.00221936650536803));
#6066=CARTESIAN_POINT('',(-0.000965999527305047,-0.0038,-0.00216967046190118));
#6067=CARTESIAN_POINT('',(-0.00216967046190118,-0.00157896064536272,0.000965999527305055));
#6068=CARTESIAN_POINT('',(-0.0009163034838382,-0.00157896064536272,-0.00229913308129522));
#6069=CARTESIAN_POINT('',(-0.0009163034838382,-0.0018,-0.00229913308129522));
#6070=CARTESIAN_POINT('',(-0.0009163034838382,-0.0038,-0.00229913308129522));
#6071=CARTESIAN_POINT('',(-0.0009163034838382,-0.0018,-0.00229913308129522));
#6072=CARTESIAN_POINT('',(-0.0009163034838382,-0.0038,-0.00229913308129522));
#6073=CARTESIAN_POINT('',(-0.000733915361640521,-0.00157627104383781,-0.00225875922620099));
#6074=CARTESIAN_POINT('',(-0.000733915361640521,-0.00157627104383781,-0.00225875922620099));
#6075=CARTESIAN_POINT('',(-0.000733915361640521,-0.0018,-0.00225875922620099));
#6076=CARTESIAN_POINT('',(-0.000733915361640521,-0.0038,-0.00225875922620099));
#6077=CARTESIAN_POINT('',(-0.000733915361640521,-0.0018,-0.00225875922620099));
#6078=CARTESIAN_POINT('',(-0.000857474120205546,-0.0018,-0.00232171555819782));
#6079=CARTESIAN_POINT('',(-0.000857474120205547,-0.00157627104383781,-0.00232171555819782));
#6080=CARTESIAN_POINT('',(-0.000857474120205547,-0.0038,-0.00232171555819782));
#6081=CARTESIAN_POINT('',(-0.000733915361640521,-0.0038,-0.00225875922620099));
#6082=CARTESIAN_POINT('',(-0.00225875922620099,-0.00157627104383781,0.000733915361640528));
#6083=CARTESIAN_POINT('',(-0.000670959029643704,-0.00157627104383781,-0.00238231798476602));
#6084=CARTESIAN_POINT('',(-0.000670959029643705,-0.0018,-0.00238231798476602));
#6085=CARTESIAN_POINT('',(-0.000670959029643705,-0.0038,-0.00238231798476602));
#6086=CARTESIAN_POINT('',(-0.000670959029643704,-0.0018,-0.00238231798476602));
#6087=CARTESIAN_POINT('',(-0.000670959029643704,-0.0038,-0.00238231798476602));
#6088=CARTESIAN_POINT('',(-0.000493790265692198,-0.00157566999859728,-0.0023231005517428));
#6089=CARTESIAN_POINT('',(-0.000493790265692198,-0.00157566999859728,-0.0023231005517428));
#6090=CARTESIAN_POINT('',(-0.000493790265692198,-0.0018,-0.0023231005517428));
#6091=CARTESIAN_POINT('',(-0.000493790265692198,-0.0038,-0.0023231005517428));
#6092=CARTESIAN_POINT('',(-0.000493790265692198,-0.0018,-0.0023231005517428));
#6093=CARTESIAN_POINT('',(-0.000610091427813043,-0.0018,-0.00239862740952177));
#6094=CARTESIAN_POINT('',(-0.000610091427813043,-0.00157566999859728,-0.00239862740952177));
#6095=CARTESIAN_POINT('',(-0.000610091427813043,-0.0038,-0.00239862740952177));
#6096=CARTESIAN_POINT('',(-0.000493790265692198,-0.0038,-0.0023231005517428));
#6097=CARTESIAN_POINT('',(-0.00232310055174279,-0.00157566999859728,0.000493790265692206));
#6098=CARTESIAN_POINT('',(-0.000418263407913228,-0.00157566999859728,-0.00243940171386365));
#6099=CARTESIAN_POINT('',(-0.000418263407913228,-0.0018,-0.00243940171386365));
#6100=CARTESIAN_POINT('',(-0.000418263407913228,-0.0038,-0.00243940171386365));
#6101=CARTESIAN_POINT('',(-0.000418263407913228,-0.0018,-0.00243940171386365));
#6102=CARTESIAN_POINT('',(-0.000418263407913228,-0.0038,-0.00243940171386365));
#6103=CARTESIAN_POINT('',(-0.000248255100260695,-0.00157716701872007,-0.00236198950149966));
#6104=CARTESIAN_POINT('',(-0.000248255100260695,-0.00157716701872007,-0.00236198950149966));
#6105=CARTESIAN_POINT('',(-0.000248255100260695,-0.0018,-0.00236198950149966));
#6106=CARTESIAN_POINT('',(-0.000248255100260695,-0.0038,-0.00236198950149966));
#6107=CARTESIAN_POINT('',(-0.000248255100260695,-0.0018,-0.00236198950149966));
#6108=CARTESIAN_POINT('',(-0.00035602444606758,-0.0018,-0.00244925939700194));
#6109=CARTESIAN_POINT('',(-0.00035602444606758,-0.00157716701872007,-0.00244925939700194));
#6110=CARTESIAN_POINT('',(-0.00035602444606758,-0.0038,-0.00244925939700194));
#6111=CARTESIAN_POINT('',(-0.000248255100260695,-0.0038,-0.00236198950149966));
#6112=CARTESIAN_POINT('',(-0.00236198950149966,-0.00157716701872007,0.000248255100260702));
#6113=CARTESIAN_POINT('',(-0.00016098520475841,-0.00157716701872007,-0.00246975884730655));
#6114=CARTESIAN_POINT('',(-0.00016098520475841,-0.0018,-0.00246975884730655));
#6115=CARTESIAN_POINT('',(-0.00016098520475841,-0.0038,-0.00246975884730655));
#6116=CARTESIAN_POINT('',(-0.00016098520475841,-0.0018,-0.00246975884730655));
#6117=CARTESIAN_POINT('',(-0.00016098520475841,-0.0038,-0.00246975884730655));
#6118=CARTESIAN_POINT('',(0.,-0.00157986246773154,-0.002375));
#6119=CARTESIAN_POINT('',(0.,-0.00157986246773154,-0.002375));
#6120=CARTESIAN_POINT('',(-1.35525271560688E-20,-0.0018,-0.002375));
#6121=CARTESIAN_POINT('',(-1.35525271560688E-20,-0.0038,-0.002375));
#6122=CARTESIAN_POINT('',(0.,-0.0018,-0.002375));
#6123=CARTESIAN_POINT('',(-9.8056785988079E-5,-0.0018,-0.00247305678598809));
#6124=CARTESIAN_POINT('',(-9.80567859880785E-5,-0.00157986246773154,-0.00247305678598809));
#6125=CARTESIAN_POINT('',(-9.80567859880789E-5,-0.0038,-0.00247305678598809));
#6126=CARTESIAN_POINT('',(0.,-0.0038,-0.002375));
#6127=CARTESIAN_POINT('',(-0.002375,-0.00157986246773154,2.48768045392574E-17));
#6128=CARTESIAN_POINT('',(9.80567859880787E-5,-0.00157986246773154,-0.00247305678598809));
#6129=CARTESIAN_POINT('',(9.80567859880787E-5,-0.0018,-0.00247305678598809));
#6130=CARTESIAN_POINT('',(9.80567859880785E-5,-0.0038,-0.00247305678598809));
#6131=CARTESIAN_POINT('',(9.80567859880787E-5,-0.0018,-0.00247305678598809));
#6132=CARTESIAN_POINT('',(9.80567859880787E-5,-0.0038,-0.00247305678598809));
#6133=CARTESIAN_POINT('',(0.000248255100260664,-0.00157716701872007,-0.00236198950149966));
#6134=CARTESIAN_POINT('',(0.000248255100260664,-0.00157716701872007,-0.00236198950149966));
#6135=CARTESIAN_POINT('',(0.000248255100260664,-0.0018,-0.00236198950149966));
#6136=CARTESIAN_POINT('',(0.000248255100260664,-0.0038,-0.00236198950149966));
#6137=CARTESIAN_POINT('',(0.000248255100260664,-0.0018,-0.00236198950149966));
#6138=CARTESIAN_POINT('',(0.000160985204758377,-0.0018,-0.00246975884730655));
#6139=CARTESIAN_POINT('',(0.000160985204758377,-0.00157716701872007,-0.00246975884730655));
#6140=CARTESIAN_POINT('',(0.000160985204758377,-0.0038,-0.00246975884730655));
#6141=CARTESIAN_POINT('',(0.000248255100260664,-0.0038,-0.00236198950149966));
#6142=CARTESIAN_POINT('',(-0.00236198950149966,-0.00157716701872007,-0.000248255100260655));
#6143=CARTESIAN_POINT('',(0.000356024446067547,-0.00157716701872007,-0.00244925939700195));
#6144=CARTESIAN_POINT('',(0.000356024446067546,-0.0018,-0.00244925939700195));
#6145=CARTESIAN_POINT('',(0.000356024446067546,-0.0038,-0.00244925939700195));
#6146=CARTESIAN_POINT('',(0.000356024446067547,-0.0018,-0.00244925939700195));
#6147=CARTESIAN_POINT('',(0.000356024446067547,-0.0038,-0.00244925939700195));
#6148=CARTESIAN_POINT('',(0.000493790265692167,-0.00157566999859728,-0.0023231005517428));
#6149=CARTESIAN_POINT('',(0.000493790265692167,-0.00157566999859728,-0.0023231005517428));
#6150=CARTESIAN_POINT('',(0.000493790265692167,-0.0018,-0.0023231005517428));
#6151=CARTESIAN_POINT('',(0.000493790265692167,-0.0038,-0.0023231005517428));
#6152=CARTESIAN_POINT('',(0.000493790265692167,-0.0018,-0.0023231005517428));
#6153=CARTESIAN_POINT('',(0.000418263407913195,-0.0018,-0.00243940171386365));
#6154=CARTESIAN_POINT('',(0.000418263407913196,-0.00157566999859728,-0.00243940171386365));
#6155=CARTESIAN_POINT('',(0.000418263407913196,-0.0038,-0.00243940171386365));
#6156=CARTESIAN_POINT('',(0.000493790265692167,-0.0038,-0.0023231005517428));
#6157=CARTESIAN_POINT('',(-0.0023231005517428,-0.00157566999859728,-0.000493790265692158));
#6158=CARTESIAN_POINT('',(0.00061009142781301,-0.00157566999859728,-0.00239862740952177));
#6159=CARTESIAN_POINT('',(0.000610091427813011,-0.0018,-0.00239862740952177));
#6160=CARTESIAN_POINT('',(0.000610091427813011,-0.0038,-0.00239862740952177));
#6161=CARTESIAN_POINT('',(0.00061009142781301,-0.0018,-0.00239862740952177));
#6162=CARTESIAN_POINT('',(0.00061009142781301,-0.0038,-0.00239862740952177));
#6163=CARTESIAN_POINT('',(0.000733915361640491,-0.00157627104383781,-0.002258759226201));
#6164=CARTESIAN_POINT('',(0.000733915361640491,-0.00157627104383781,-0.002258759226201));
#6165=CARTESIAN_POINT('',(0.00073391536164049,-0.0018,-0.002258759226201));
#6166=CARTESIAN_POINT('',(0.00073391536164049,-0.0038,-0.002258759226201));
#6167=CARTESIAN_POINT('',(0.000733915361640491,-0.0018,-0.002258759226201));
#6168=CARTESIAN_POINT('',(0.000670959029643671,-0.0018,-0.00238231798476603));
#6169=CARTESIAN_POINT('',(0.000670959029643672,-0.00157627104383781,-0.00238231798476603));
#6170=CARTESIAN_POINT('',(0.000670959029643672,-0.0038,-0.00238231798476603));
#6171=CARTESIAN_POINT('',(0.000733915361640491,-0.0038,-0.002258759226201));
#6172=CARTESIAN_POINT('',(-0.00225875922620101,-0.00157627104383781,-0.000733915361640483));
#6173=CARTESIAN_POINT('',(0.000857474120205515,-0.00157627104383781,-0.00232171555819783));
#6174=CARTESIAN_POINT('',(0.000857474120205515,-0.0018,-0.00232171555819783));
#6175=CARTESIAN_POINT('',(0.000857474120205515,-0.0038,-0.00232171555819783));
#6176=CARTESIAN_POINT('',(0.000857474120205515,-0.0018,-0.00232171555819783));
#6177=CARTESIAN_POINT('',(0.000857474120205515,-0.0038,-0.00232171555819783));
#6178=CARTESIAN_POINT('',(0.000965999527305018,-0.00157896064536272,-0.0021696704619012));
#6179=CARTESIAN_POINT('',(0.000965999527305018,-0.00157896064536272,-0.0021696704619012));
#6180=CARTESIAN_POINT('',(0.000965999527305018,-0.0018,-0.0021696704619012));
#6181=CARTESIAN_POINT('',(0.000965999527305018,-0.0038,-0.0021696704619012));
#6182=CARTESIAN_POINT('',(0.000965999527305018,-0.0018,-0.0021696704619012));
#6183=CARTESIAN_POINT('',(0.000916303483838169,-0.0018,-0.00229913308129523));
#6184=CARTESIAN_POINT('',(0.000916303483838169,-0.00157896064536272,-0.00229913308129523));
#6185=CARTESIAN_POINT('',(0.000916303483838169,-0.0038,-0.00229913308129523));
#6186=CARTESIAN_POINT('',(0.000965999527305018,-0.0038,-0.0021696704619012));
#6187=CARTESIAN_POINT('',(-0.0021696704619012,-0.00157896064536272,-0.000965999527305011));
#6188=CARTESIAN_POINT('',(0.00109546214669905,-0.00157896064536272,-0.00221936650536805));
#6189=CARTESIAN_POINT('',(0.00109546214669905,-0.0018,-0.00221936650536805));
#6190=CARTESIAN_POINT('',(0.00109546214669905,-0.0038,-0.00221936650536805));
#6191=CARTESIAN_POINT('',(0.00109546214669905,-0.0018,-0.00221936650536805));
#6192=CARTESIAN_POINT('',(0.00109546214669905,-0.0038,-0.00221936650536805));
#6193=CARTESIAN_POINT('',(0.00209270160867315,-0.00158369585581168,0.00132144806067317));
#6194=CARTESIAN_POINT('',(0.0011875,-0.00158369585581168,-0.00205681033398806));
#6195=CARTESIAN_POINT('',(0.0011875,-0.0018,-0.00205681033398806));
#6196=CARTESIAN_POINT('',(0.0011875,-0.0038,-0.00205681033398806));
#6197=CARTESIAN_POINT('',(0.0011875,-0.0018,-0.00205681033398806));
#6198=CARTESIAN_POINT('',(0.0011516087253149,-0.0018,-0.00219075839466123));
#6199=CARTESIAN_POINT('',(0.0011516087253149,-0.00158369585581168,-0.00219075839466123));
#6200=CARTESIAN_POINT('',(0.0011516087253149,-0.0038,-0.00219075839466123));
#6201=CARTESIAN_POINT('',(0.0011875,-0.0038,-0.00205681033398806));
#6202=CARTESIAN_POINT('',(-0.00205681033398807,-0.00158369585581168,-0.00118749999999999));
#6203=CARTESIAN_POINT('',(0.00132144806067316,-0.00158369585581168,-0.00209270160867316));
#6204=CARTESIAN_POINT('',(0.00132144806067316,-0.0018,-0.00209270160867316));
#6205=CARTESIAN_POINT('',(0.00132144806067316,-0.0038,-0.00209270160867316));
#6206=CARTESIAN_POINT('',(0.00132144806067316,-0.0018,-0.00209270160867316));
#6207=CARTESIAN_POINT('',(0.00132144806067316,-0.0038,-0.00209270160867316));
#6208=CARTESIAN_POINT('',(0.00194310863522766,-0.00159039939368724,0.00153295591316376));
#6209=CARTESIAN_POINT('',(0.00139598997419462,-0.00159039939368724,-0.00192141536164052));
#6210=CARTESIAN_POINT('',(0.00139598997419462,-0.0018,-0.00192141536164052));
#6211=CARTESIAN_POINT('',(0.00139598997419462,-0.0038,-0.00192141536164052));
#6212=CARTESIAN_POINT('',(0.00139598997419462,-0.0018,-0.00192141536164052));
#6213=CARTESIAN_POINT('',(0.00137429670060747,-0.0018,-0.00205838130060965));
#6214=CARTESIAN_POINT('',(0.00137429670060747,-0.00159039939368724,-0.00205838130060965));
#6215=CARTESIAN_POINT('',(0.00137429670060747,-0.0038,-0.00205838130060965));
#6216=CARTESIAN_POINT('',(0.00139598997419462,-0.0038,-0.00192141536164052));
#6217=CARTESIAN_POINT('',(-0.00192141536164052,-0.00159039939368724,-0.00139598997419461));
#6218=CARTESIAN_POINT('',(0.00153295591316376,-0.00159039939368724,-0.00194310863522767));
#6219=CARTESIAN_POINT('',(0.00153295591316376,-0.0018,-0.00194310863522767));
#6220=CARTESIAN_POINT('',(0.00153295591316376,-0.0038,-0.00194310863522767));
#6221=CARTESIAN_POINT('',(0.00153295591316376,-0.0018,-0.00194310863522767));
#6222=CARTESIAN_POINT('',(0.00153295591316376,-0.0038,-0.00194310863522767));
#6223=CARTESIAN_POINT('',(0.001772226556953,-0.00159895778896338,0.00172766837987808));
#6224=CARTESIAN_POINT('',(0.00158918519010229,-0.00159895778896338,-0.00176496896050883));
#6225=CARTESIAN_POINT('',(0.00158918519010229,-0.0018,-0.00176496896050883));
#6226=CARTESIAN_POINT('',(0.00158918519010229,-0.0038,-0.00176496896050883));
#6227=CARTESIAN_POINT('',(0.00158918519010229,-0.0018,-0.00176496896050883));
#6228=CARTESIAN_POINT('',(0.0015819275936581,-0.0018,-0.00190345215028462));
#6229=CARTESIAN_POINT('',(0.0015819275936581,-0.00159895778896338,-0.00190345215028462));
#6230=CARTESIAN_POINT('',(0.0015819275936581,-0.0038,-0.00190345215028462));
#6231=CARTESIAN_POINT('',(0.00158918519010229,-0.0038,-0.00176496896050883));
#6232=CARTESIAN_POINT('',(-0.00176496896050884,-0.00159895778896338,-0.00158918519010228));
#6233=CARTESIAN_POINT('',(0.00172766837987808,-0.00159895778896338,-0.00177222655695301));
#6234=CARTESIAN_POINT('',(0.00172766837987808,-0.0018,-0.00177222655695301));
#6235=CARTESIAN_POINT('',(0.00172766837987808,-0.0038,-0.00177222655695301));
#6236=CARTESIAN_POINT('',(0.00172766837987808,-0.0018,-0.00177222655695301));
#6237=CARTESIAN_POINT('',(0.00172766837987808,-0.0038,-0.00177222655695301));
#6238=CARTESIAN_POINT('',(0.00158192759365812,-0.00159895778896338,0.00190345215028461));
#6239=CARTESIAN_POINT('',(0.00176496896050882,-0.00159895778896338,-0.00158918519010231));
#6240=CARTESIAN_POINT('',(0.00176496896050882,-0.0018,-0.00158918519010231));
#6241=CARTESIAN_POINT('',(0.00176496896050882,-0.0038,-0.00158918519010231));
#6242=CARTESIAN_POINT('',(0.00176496896050882,-0.0018,-0.00158918519010231));
#6243=CARTESIAN_POINT('',(0.001772226556953,-0.0018,-0.00172766837987809));
#6244=CARTESIAN_POINT('',(0.001772226556953,-0.00159895778896338,-0.00172766837987809));
#6245=CARTESIAN_POINT('',(0.001772226556953,-0.0038,-0.00172766837987809));
#6246=CARTESIAN_POINT('',(0.00176496896050882,-0.0038,-0.00158918519010231));
#6247=CARTESIAN_POINT('',(-0.00158918519010231,-0.00159895778896338,-0.00176496896050881));
#6248=CARTESIAN_POINT('',(0.0019034521502846,-0.00159895778896338,-0.00158192759365812));
#6249=CARTESIAN_POINT('',(0.0019034521502846,-0.0018,-0.00158192759365812));
#6250=CARTESIAN_POINT('',(0.0019034521502846,-0.0038,-0.00158192759365812));
#6251=CARTESIAN_POINT('',(0.0019034521502846,-0.0018,-0.00158192759365812));
#6252=CARTESIAN_POINT('',(0.0019034521502846,-0.0038,-0.00158192759365812));
#6253=CARTESIAN_POINT('',(0.00137429670060748,-0.00159039939368724,0.00205838130060965));
#6254=CARTESIAN_POINT('',(0.0019214153616405,-0.00159039939368724,-0.00139598997419464));
#6255=CARTESIAN_POINT('',(0.0019214153616405,-0.0018,-0.00139598997419464));
#6256=CARTESIAN_POINT('',(0.0019214153616405,-0.0038,-0.00139598997419464));
#6257=CARTESIAN_POINT('',(0.0019214153616405,-0.0018,-0.00139598997419464));
#6258=CARTESIAN_POINT('',(0.00194310863522766,-0.0018,-0.00153295591316377));
#6259=CARTESIAN_POINT('',(0.00194310863522766,-0.00159039939368724,-0.00153295591316377));
#6260=CARTESIAN_POINT('',(0.00194310863522766,-0.0038,-0.00153295591316377));
#6261=CARTESIAN_POINT('',(0.0019214153616405,-0.0038,-0.00139598997419464));
#6262=CARTESIAN_POINT('',(-0.00139598997419465,-0.00159039939368724,-0.0019214153616405));
#6263=CARTESIAN_POINT('',(0.00205838130060964,-0.00159039939368724,-0.00137429670060749));
#6264=CARTESIAN_POINT('',(0.00205838130060964,-0.0018,-0.00137429670060749));
#6265=CARTESIAN_POINT('',(0.00205838130060964,-0.0038,-0.00137429670060749));
#6266=CARTESIAN_POINT('',(0.00205838130060964,-0.0018,-0.00137429670060749));
#6267=CARTESIAN_POINT('',(0.00205838130060964,-0.0038,-0.00137429670060749));
#6268=CARTESIAN_POINT('',(0.00115160872531492,-0.00158369585581168,0.00219075839466122));
#6269=CARTESIAN_POINT('',(0.00205681033398805,-0.00158369585581168,-0.00118750000000002));
#6270=CARTESIAN_POINT('',(0.00205681033398805,-0.0018,-0.00118750000000002));
#6271=CARTESIAN_POINT('',(0.00205681033398805,-0.0038,-0.00118750000000002));
#6272=CARTESIAN_POINT('',(0.00205681033398805,-0.0018,-0.00118750000000002));
#6273=CARTESIAN_POINT('',(0.00209270160867314,-0.0018,-0.00132144806067319));
#6274=CARTESIAN_POINT('',(0.00209270160867314,-0.00158369585581168,-0.00132144806067319));
#6275=CARTESIAN_POINT('',(0.00209270160867314,-0.0038,-0.00132144806067319));
#6276=CARTESIAN_POINT('',(0.00205681033398805,-0.0038,-0.00118750000000002));
#6277=CARTESIAN_POINT('',(-0.00118750000000002,-0.00158369585581168,-0.00205681033398805));
#6278=CARTESIAN_POINT('',(0.00219075839466122,-0.00158369585581168,-0.00115160872531493));
#6279=CARTESIAN_POINT('',(0.00219075839466122,-0.0018,-0.00115160872531493));
#6280=CARTESIAN_POINT('',(0.00219075839466122,-0.0038,-0.00115160872531493));
#6281=CARTESIAN_POINT('',(0.00219075839466122,-0.0018,-0.00115160872531493));
#6282=CARTESIAN_POINT('',(0.00219075839466122,-0.0038,-0.00115160872531493));
#6283=CARTESIAN_POINT('',(0.000916303483838185,-0.00157896064536272,0.00229913308129523));
#6284=CARTESIAN_POINT('',(0.00216967046190119,-0.00157896064536272,-0.00096599952730504));
#6285=CARTESIAN_POINT('',(0.00216967046190119,-0.0018,-0.00096599952730504));
#6286=CARTESIAN_POINT('',(0.00216967046190119,-0.0038,-0.00096599952730504));
#6287=CARTESIAN_POINT('',(0.00216967046190119,-0.0018,-0.00096599952730504));
#6288=CARTESIAN_POINT('',(0.00221936650536804,-0.0018,-0.00109546214669908));
#6289=CARTESIAN_POINT('',(0.00221936650536804,-0.00157896064536272,-0.00109546214669908));
#6290=CARTESIAN_POINT('',(0.00221936650536804,-0.0038,-0.00109546214669908));
#6291=CARTESIAN_POINT('',(0.00216967046190119,-0.0038,-0.00096599952730504));
#6292=CARTESIAN_POINT('',(-0.000965999527305047,-0.00157896064536272,-0.00216967046190118));
#6293=CARTESIAN_POINT('',(0.00229913308129522,-0.00157896064536272,-0.000916303483838193));
#6294=CARTESIAN_POINT('',(0.00229913308129522,-0.0018,-0.000916303483838193));
#6295=CARTESIAN_POINT('',(0.00229913308129522,-0.0038,-0.000916303483838192));
#6296=CARTESIAN_POINT('',(0.00229913308129522,-0.0018,-0.000916303483838193));
#6297=CARTESIAN_POINT('',(0.00229913308129522,-0.0038,-0.000916303483838193));
#6298=CARTESIAN_POINT('',(0.000670959029643688,-0.00157627104383781,0.00238231798476603));
#6299=CARTESIAN_POINT('',(0.002258759226201,-0.00157627104383781,-0.000733915361640514));
#6300=CARTESIAN_POINT('',(0.002258759226201,-0.0018,-0.000733915361640514));
#6301=CARTESIAN_POINT('',(0.002258759226201,-0.0038,-0.000733915361640514));
#6302=CARTESIAN_POINT('',(0.002258759226201,-0.0018,-0.000733915361640514));
#6303=CARTESIAN_POINT('',(0.00232171555819782,-0.0018,-0.000857474120205539));
#6304=CARTESIAN_POINT('',(0.00232171555819782,-0.00157627104383781,-0.000857474120205539));
#6305=CARTESIAN_POINT('',(0.00232171555819782,-0.0038,-0.000857474120205539));
#6306=CARTESIAN_POINT('',(0.002258759226201,-0.0038,-0.000733915361640514));
#6307=CARTESIAN_POINT('',(-0.000733915361640521,-0.00157627104383781,-0.00225875922620099));
#6308=CARTESIAN_POINT('',(0.00238231798476602,-0.00157627104383781,-0.000670959029643696));
#6309=CARTESIAN_POINT('',(0.00238231798476602,-0.0018,-0.000670959029643696));
#6310=CARTESIAN_POINT('',(0.00238231798476602,-0.0038,-0.000670959029643697));
#6311=CARTESIAN_POINT('',(0.00238231798476602,-0.0018,-0.000670959029643696));
#6312=CARTESIAN_POINT('',(0.00238231798476602,-0.0038,-0.000670959029643696));
#6313=CARTESIAN_POINT('',(0.000418263407913211,-0.00157566999859728,0.00243940171386365));
#6314=CARTESIAN_POINT('',(0.0023231005517428,-0.00157566999859728,-0.00049379026569219));
#6315=CARTESIAN_POINT('',(0.0023231005517428,-0.0018,-0.00049379026569219));
#6316=CARTESIAN_POINT('',(0.0023231005517428,-0.0038,-0.00049379026569219));
#6317=CARTESIAN_POINT('',(0.0023231005517428,-0.0018,-0.00049379026569219));
#6318=CARTESIAN_POINT('',(0.00239862740952177,-0.0018,-0.000610091427813034));
#6319=CARTESIAN_POINT('',(0.00239862740952177,-0.00157566999859728,-0.000610091427813034));
#6320=CARTESIAN_POINT('',(0.00239862740952177,-0.0038,-0.000610091427813034));
#6321=CARTESIAN_POINT('',(0.0023231005517428,-0.0038,-0.00049379026569219));
#6322=CARTESIAN_POINT('',(-0.000493790265692198,-0.00157566999859728,-0.0023231005517428));
#6323=CARTESIAN_POINT('',(0.00243940171386365,-0.00157566999859728,-0.00041826340791322));
#6324=CARTESIAN_POINT('',(0.00243940171386365,-0.0018,-0.00041826340791322));
#6325=CARTESIAN_POINT('',(0.00243940171386365,-0.0038,-0.00041826340791322));
#6326=CARTESIAN_POINT('',(0.00243940171386365,-0.0018,-0.00041826340791322));
#6327=CARTESIAN_POINT('',(0.00243940171386365,-0.0038,-0.00041826340791322));
#6328=CARTESIAN_POINT('',(0.000160985204758393,-0.00157716701872007,0.00246975884730655));
#6329=CARTESIAN_POINT('',(0.00236198950149966,-0.00157716701872007,-0.000248255100260687));
#6330=CARTESIAN_POINT('',(0.00236198950149966,-0.0018,-0.000248255100260687));
#6331=CARTESIAN_POINT('',(0.00236198950149966,-0.0038,-0.000248255100260687));
#6332=CARTESIAN_POINT('',(0.00236198950149966,-0.0018,-0.000248255100260687));
#6333=CARTESIAN_POINT('',(0.00244925939700195,-0.0018,-0.000356024446067571));
#6334=CARTESIAN_POINT('',(0.00244925939700195,-0.00157716701872007,-0.000356024446067571));
#6335=CARTESIAN_POINT('',(0.00244925939700195,-0.0038,-0.000356024446067571));
#6336=CARTESIAN_POINT('',(0.00236198950149966,-0.0038,-0.000248255100260687));
#6337=CARTESIAN_POINT('',(-0.000248255100260695,-0.00157716701872007,-0.00236198950149966));
#6338=CARTESIAN_POINT('',(0.00246975884730655,-0.00157716701872007,-0.000160985204758401));
#6339=CARTESIAN_POINT('',(0.00246975884730655,-0.0018,-0.000160985204758401));
#6340=CARTESIAN_POINT('',(0.00246975884730655,-0.0038,-0.000160985204758401));
#6341=CARTESIAN_POINT('',(0.00246975884730655,-0.0018,-0.000160985204758401));
#6342=CARTESIAN_POINT('',(0.00246975884730655,-0.0038,-0.000160985204758401));
#6343=CARTESIAN_POINT('',(-9.80567859880787E-5,-0.00157986246773154,0.00247305678598809));
#6344=CARTESIAN_POINT('',(0.002375,-0.00157986246773154,-8.29226817975249E-18));
#6345=CARTESIAN_POINT('',(0.002375,-0.0018,-8.3337084444547E-18));
#6346=CARTESIAN_POINT('',(0.002375,-0.0038,-8.3335519078079E-18));
#6347=CARTESIAN_POINT('',(0.002375,-0.0018,-8.29226817975249E-18));
#6348=CARTESIAN_POINT('',(0.00247305678598809,-0.0018,-9.8056785988087E-5));
#6349=CARTESIAN_POINT('',(0.00247305678598809,-0.00157986246773154,-9.80567859880871E-5));
#6350=CARTESIAN_POINT('',(0.00247305678598809,-0.0038,-9.8056785988087E-5));
#6351=CARTESIAN_POINT('',(0.002375,-0.0038,-8.29226817975249E-18));
#6352=CARTESIAN_POINT('',(0.,-0.00157986246773154,-0.002375));
#6353=CARTESIAN_POINT('',(0.00247305678598809,-0.00157986246773154,9.805678598807E-5));
#6354=CARTESIAN_POINT('',(0.00247305678598809,-0.0018,9.805678598807E-5));
#6355=CARTESIAN_POINT('',(0.00247305678598809,-0.0038,9.805678598807E-5));
#6356=CARTESIAN_POINT('',(0.00247305678598809,-0.0018,9.805678598807E-5));
#6357=CARTESIAN_POINT('',(0.00247305678598809,-0.0038,9.805678598807E-5));
#6358=CARTESIAN_POINT('',(-0.00035602444606753,-0.00157716701872007,0.00244925939700195));
#6359=CARTESIAN_POINT('',(0.00236198950149966,-0.00157716701872007,0.000248255100260671));
#6360=CARTESIAN_POINT('',(0.00236198950149966,-0.0018,0.000248255100260671));
#6361=CARTESIAN_POINT('',(0.00236198950149966,-0.0038,0.000248255100260671));
#6362=CARTESIAN_POINT('',(0.00236198950149966,-0.0018,0.000248255100260671));
#6363=CARTESIAN_POINT('',(0.00246975884730655,-0.0018,0.000160985204758385));
#6364=CARTESIAN_POINT('',(0.00246975884730655,-0.00157716701872007,0.000160985204758385));
#6365=CARTESIAN_POINT('',(0.00246975884730655,-0.0038,0.000160985204758385));
#6366=CARTESIAN_POINT('',(0.00236198950149966,-0.0038,0.000248255100260671));
#6367=CARTESIAN_POINT('',(0.000248255100260664,-0.00157716701872007,-0.00236198950149966));
#6368=CARTESIAN_POINT('',(0.00244925939700195,-0.00157716701872007,0.000356024446067555));
#6369=CARTESIAN_POINT('',(0.00244925939700195,-0.0018,0.000356024446067555));
#6370=CARTESIAN_POINT('',(0.00244925939700195,-0.0038,0.000356024446067555));
#6371=CARTESIAN_POINT('',(0.00244925939700195,-0.0018,0.000356024446067555));
#6372=CARTESIAN_POINT('',(0.00244925939700195,-0.0038,0.000356024446067555));
#6373=CARTESIAN_POINT('',(-0.000610091427812995,-0.00157566999859728,0.00239862740952178));
#6374=CARTESIAN_POINT('',(0.0023231005517428,-0.00157566999859728,0.000493790265692174));
#6375=CARTESIAN_POINT('',(0.0023231005517428,-0.0018,0.000493790265692174));
#6376=CARTESIAN_POINT('',(0.0023231005517428,-0.0038,0.000493790265692174));
#6377=CARTESIAN_POINT('',(0.0023231005517428,-0.0018,0.000493790265692174));
#6378=CARTESIAN_POINT('',(0.00243940171386365,-0.0018,0.000418263407913203));
#6379=CARTESIAN_POINT('',(0.00243940171386365,-0.00157566999859728,0.000418263407913203));
#6380=CARTESIAN_POINT('',(0.00243940171386365,-0.0038,0.000418263407913203));
#6381=CARTESIAN_POINT('',(0.0023231005517428,-0.0038,0.000493790265692174));
#6382=CARTESIAN_POINT('',(0.000493790265692167,-0.00157566999859728,-0.0023231005517428));
#6383=CARTESIAN_POINT('',(0.00239862740952177,-0.00157566999859728,0.000610091427813018));
#6384=CARTESIAN_POINT('',(0.00239862740952177,-0.0018,0.000610091427813018));
#6385=CARTESIAN_POINT('',(0.00239862740952177,-0.0038,0.000610091427813018));
#6386=CARTESIAN_POINT('',(0.00239862740952177,-0.0018,0.000610091427813018));
#6387=CARTESIAN_POINT('',(0.00239862740952177,-0.0038,0.000610091427813018));
#6388=CARTESIAN_POINT('',(-0.000857474120205499,-0.00157627104383781,0.00232171555819784));
#6389=CARTESIAN_POINT('',(0.002258759226201,-0.00157627104383781,0.000733915361640498));
#6390=CARTESIAN_POINT('',(0.002258759226201,-0.0018,0.000733915361640498));
#6391=CARTESIAN_POINT('',(0.002258759226201,-0.0038,0.000733915361640499));
#6392=CARTESIAN_POINT('',(0.002258759226201,-0.0018,0.000733915361640498));
#6393=CARTESIAN_POINT('',(0.00238231798476603,-0.0018,0.000670959029643681));
#6394=CARTESIAN_POINT('',(0.00238231798476603,-0.00157627104383781,0.00067095902964368));
#6395=CARTESIAN_POINT('',(0.00238231798476603,-0.0038,0.00067095902964368));
#6396=CARTESIAN_POINT('',(0.002258759226201,-0.0038,0.000733915361640498));
#6397=CARTESIAN_POINT('',(0.000733915361640491,-0.00157627104383781,-0.002258759226201));
#6398=CARTESIAN_POINT('',(0.00232171555819783,-0.00157627104383781,0.000857474120205524));
#6399=CARTESIAN_POINT('',(0.00232171555819783,-0.0018,0.000857474120205523));
#6400=CARTESIAN_POINT('',(0.00232171555819783,-0.0038,0.000857474120205524));
#6401=CARTESIAN_POINT('',(0.00232171555819783,-0.0018,0.000857474120205524));
#6402=CARTESIAN_POINT('',(0.00232171555819783,-0.0038,0.000857474120205524));
#6403=CARTESIAN_POINT('',(-0.00109546214669904,-0.00157896064536272,0.00221936650536806));
#6404=CARTESIAN_POINT('',(0.00216967046190119,-0.00157896064536272,0.000965999527305026));
#6405=CARTESIAN_POINT('',(0.00216967046190119,-0.0018,0.000965999527305026));
#6406=CARTESIAN_POINT('',(0.00216967046190119,-0.0038,0.000965999527305026));
#6407=CARTESIAN_POINT('',(0.00216967046190119,-0.0018,0.000965999527305026));
#6408=CARTESIAN_POINT('',(0.00229913308129523,-0.0018,0.000916303483838177));
#6409=CARTESIAN_POINT('',(0.00229913308129523,-0.00157896064536272,0.000916303483838177));
#6410=CARTESIAN_POINT('',(0.00229913308129523,-0.0038,0.000916303483838177));
#6411=CARTESIAN_POINT('',(0.00216967046190119,-0.0038,0.000965999527305026));
#6412=CARTESIAN_POINT('',(0.000965999527305018,-0.00157896064536272,-0.0021696704619012));
#6413=CARTESIAN_POINT('',(0.00221936650536804,-0.00157896064536272,0.00109546214669906));
#6414=CARTESIAN_POINT('',(0.00221936650536804,-0.0018,0.00109546214669906));
#6415=CARTESIAN_POINT('',(0.00221936650536804,-0.0038,0.00109546214669906));
#6416=CARTESIAN_POINT('',(0.00221936650536804,-0.0018,0.00109546214669906));
#6417=CARTESIAN_POINT('',(0.00221936650536804,-0.0038,0.00109546214669906));
#6418=CARTESIAN_POINT('',(-0.00132144806067315,-0.00158369585581168,0.00209270160867316));
#6419=CARTESIAN_POINT('',(0.00205681033398806,-0.00158369585581168,0.0011875));
#6420=CARTESIAN_POINT('',(0.00205681033398806,-0.0018,0.0011875));
#6421=CARTESIAN_POINT('',(0.00205681033398806,-0.0038,0.0011875));
#6422=CARTESIAN_POINT('',(0.00205681033398806,-0.0018,0.0011875));
#6423=CARTESIAN_POINT('',(0.00219075839466122,-0.0018,0.00115160872531491));
#6424=CARTESIAN_POINT('',(0.00219075839466122,-0.00158369585581168,0.00115160872531491));
#6425=CARTESIAN_POINT('',(0.00219075839466122,-0.0038,0.00115160872531491));
#6426=CARTESIAN_POINT('',(0.00205681033398806,-0.0038,0.0011875));
#6427=CARTESIAN_POINT('',(0.00209270160867315,-0.00158369585581168,0.00132144806067317));
#6428=CARTESIAN_POINT('',(0.00209270160867315,-0.00158369585581168,0.00132144806067317));
#6429=CARTESIAN_POINT('',(0.00209270160867315,-0.0018,0.00132144806067317));
#6430=CARTESIAN_POINT('',(0.00209270160867315,-0.0038,0.00132144806067317));
#6431=CARTESIAN_POINT('',(0.00209270160867315,-0.0018,0.00132144806067317));
#6432=CARTESIAN_POINT('',(0.00209270160867315,-0.0038,0.00132144806067317));
#6433=CARTESIAN_POINT('',(-0.00153295591316375,-0.00159039939368724,0.00194310863522768));
#6434=CARTESIAN_POINT('',(0.00192141536164051,-0.00159039939368724,0.00139598997419463));
#6435=CARTESIAN_POINT('',(0.00192141536164051,-0.0018,0.00139598997419463));
#6436=CARTESIAN_POINT('',(0.00192141536164051,-0.0038,0.00139598997419463));
#6437=CARTESIAN_POINT('',(0.00192141536164051,-0.0018,0.00139598997419463));
#6438=CARTESIAN_POINT('',(0.00205838130060965,-0.0018,0.00137429670060748));
#6439=CARTESIAN_POINT('',(0.00205838130060965,-0.00159039939368724,0.00137429670060748));
#6440=CARTESIAN_POINT('',(0.00205838130060965,-0.0038,0.00137429670060748));
#6441=CARTESIAN_POINT('',(0.00192141536164051,-0.0038,0.00139598997419463));
#6442=CARTESIAN_POINT('',(0.00194310863522766,-0.00159039939368724,0.00153295591316376));
#6443=CARTESIAN_POINT('',(0.00194310863522766,-0.00159039939368724,0.00153295591316376));
#6444=CARTESIAN_POINT('',(0.00194310863522766,-0.0018,0.00153295591316376));
#6445=CARTESIAN_POINT('',(0.00194310863522766,-0.0038,0.00153295591316376));
#6446=CARTESIAN_POINT('',(0.00194310863522766,-0.0018,0.00153295591316376));
#6447=CARTESIAN_POINT('',(0.00194310863522766,-0.0038,0.00153295591316376));
#6448=CARTESIAN_POINT('',(-0.00172766837987806,-0.00159895778896338,0.00177222655695302));
#6449=CARTESIAN_POINT('',(0.00176496896050883,-0.00159895778896338,0.00158918519010229));
#6450=CARTESIAN_POINT('',(0.00176496896050883,-0.0018,0.00158918519010229));
#6451=CARTESIAN_POINT('',(0.00176496896050883,-0.0038,0.00158918519010229));
#6452=CARTESIAN_POINT('',(0.00176496896050883,-0.0018,0.00158918519010229));
#6453=CARTESIAN_POINT('',(0.00190345215028461,-0.0018,0.00158192759365811));
#6454=CARTESIAN_POINT('',(0.00190345215028461,-0.00159895778896338,0.00158192759365811));
#6455=CARTESIAN_POINT('',(0.00190345215028461,-0.0038,0.00158192759365811));
#6456=CARTESIAN_POINT('',(0.00176496896050883,-0.0038,0.00158918519010229));
#6457=CARTESIAN_POINT('',(0.001772226556953,-0.00159895778896338,0.00172766837987808));
#6458=CARTESIAN_POINT('',(0.001772226556953,-0.00159895778896338,0.00172766837987808));
#6459=CARTESIAN_POINT('',(0.001772226556953,-0.0018,0.00172766837987808));
#6460=CARTESIAN_POINT('',(0.001772226556953,-0.0038,0.00172766837987808));
#6461=CARTESIAN_POINT('',(0.001772226556953,-0.0018,0.00172766837987808));
#6462=CARTESIAN_POINT('',(0.001772226556953,-0.0038,0.00172766837987808));
#6463=CARTESIAN_POINT('',(-0.00190345215028459,-0.00159895778896338,0.00158192759365814));
#6464=CARTESIAN_POINT('',(0.0015891851901023,-0.00159895778896338,0.00176496896050882));
#6465=CARTESIAN_POINT('',(0.0015891851901023,-0.0018,0.00176496896050882));
#6466=CARTESIAN_POINT('',(0.0015891851901023,-0.0038,0.00176496896050882));
#6467=CARTESIAN_POINT('',(0.0015891851901023,-0.0018,0.00176496896050882));
#6468=CARTESIAN_POINT('',(0.00172766837987809,-0.0018,0.001772226556953));
#6469=CARTESIAN_POINT('',(0.00172766837987809,-0.00159895778896338,0.001772226556953));
#6470=CARTESIAN_POINT('',(0.00172766837987809,-0.0038,0.001772226556953));
#6471=CARTESIAN_POINT('',(0.0015891851901023,-0.0038,0.00176496896050882));
#6472=CARTESIAN_POINT('',(0.00158192759365812,-0.00159895778896338,0.00190345215028461));
#6473=CARTESIAN_POINT('',(0.00158192759365812,-0.00159895778896338,0.00190345215028461));
#6474=CARTESIAN_POINT('',(0.00158192759365812,-0.0018,0.00190345215028461));
#6475=CARTESIAN_POINT('',(0.00158192759365812,-0.0038,0.00190345215028461));
#6476=CARTESIAN_POINT('',(0.00158192759365812,-0.0018,0.00190345215028461));
#6477=CARTESIAN_POINT('',(0.00158192759365812,-0.0038,0.00190345215028461));
#6478=CARTESIAN_POINT('',(-0.00205838130060963,-0.00159039939368724,0.0013742967006075));
#6479=CARTESIAN_POINT('',(0.00139598997419463,-0.00159039939368724,0.00192141536164051));
#6480=CARTESIAN_POINT('',(0.00139598997419463,-0.0018,0.00192141536164051));
#6481=CARTESIAN_POINT('',(0.00139598997419463,-0.0038,0.00192141536164051));
#6482=CARTESIAN_POINT('',(0.00139598997419463,-0.0018,0.00192141536164051));
#6483=CARTESIAN_POINT('',(0.00153295591316377,-0.0018,0.00194310863522766));
#6484=CARTESIAN_POINT('',(0.00153295591316377,-0.00159039939368724,0.00194310863522766));
#6485=CARTESIAN_POINT('',(0.00153295591316377,-0.0038,0.00194310863522766));
#6486=CARTESIAN_POINT('',(0.00139598997419463,-0.0038,0.00192141536164051));
#6487=CARTESIAN_POINT('',(0.00137429670060748,-0.00159039939368724,0.00205838130060965));
#6488=CARTESIAN_POINT('',(0.00137429670060748,-0.00159039939368724,0.00205838130060965));
#6489=CARTESIAN_POINT('',(0.00137429670060748,-0.0018,0.00205838130060965));
#6490=CARTESIAN_POINT('',(0.00137429670060748,-0.0038,0.00205838130060965));
#6491=CARTESIAN_POINT('',(0.00137429670060748,-0.0018,0.00205838130060965));
#6492=CARTESIAN_POINT('',(0.00137429670060748,-0.0038,0.00205838130060965));
#6493=CARTESIAN_POINT('',(-0.00219075839466121,-0.00158369585581168,0.00115160872531494));
#6494=CARTESIAN_POINT('',(0.0011875,-0.00158369585581168,0.00205681033398805));
#6495=CARTESIAN_POINT('',(0.0011875,-0.0018,0.00205681033398805));
#6496=CARTESIAN_POINT('',(0.0011875,-0.0038,0.00205681033398805));
#6497=CARTESIAN_POINT('',(0.0011875,-0.0018,0.00205681033398805));
#6498=CARTESIAN_POINT('',(0.00132144806067318,-0.0018,0.00209270160867315));
#6499=CARTESIAN_POINT('',(0.00132144806067318,-0.00158369585581168,0.00209270160867315));
#6500=CARTESIAN_POINT('',(0.00132144806067318,-0.0038,0.00209270160867315));
#6501=CARTESIAN_POINT('',(0.0011875,-0.0038,0.00205681033398805));
#6502=CARTESIAN_POINT('',(0.00115160872531492,-0.00158369585581168,0.00219075839466122));
#6503=CARTESIAN_POINT('',(0.00115160872531492,-0.00158369585581168,0.00219075839466122));
#6504=CARTESIAN_POINT('',(0.00115160872531492,-0.0018,0.00219075839466122));
#6505=CARTESIAN_POINT('',(0.00115160872531492,-0.0038,0.00219075839466122));
#6506=CARTESIAN_POINT('',(0.00115160872531492,-0.0018,0.00219075839466122));
#6507=CARTESIAN_POINT('',(0.00115160872531492,-0.0038,0.00219075839466122));
#6508=CARTESIAN_POINT('',(-0.00229913308129521,-0.00157896064536272,0.000916303483838208));
#6509=CARTESIAN_POINT('',(0.000965999527305033,-0.00157896064536272,0.00216967046190119));
#6510=CARTESIAN_POINT('',(0.000965999527305033,-0.0018,0.00216967046190119));
#6511=CARTESIAN_POINT('',(0.000965999527305033,-0.0038,0.00216967046190119));
#6512=CARTESIAN_POINT('',(0.000965999527305033,-0.0018,0.00216967046190119));
#6513=CARTESIAN_POINT('',(0.00109546214669907,-0.0018,0.00221936650536804));
#6514=CARTESIAN_POINT('',(0.00109546214669907,-0.00157896064536272,0.00221936650536804));
#6515=CARTESIAN_POINT('',(0.00109546214669907,-0.0038,0.00221936650536804));
#6516=CARTESIAN_POINT('',(0.000965999527305033,-0.0038,0.00216967046190119));
#6517=CARTESIAN_POINT('',(0.000916303483838185,-0.00157896064536272,0.00229913308129523));
#6518=CARTESIAN_POINT('',(0.000916303483838185,-0.00157896064536272,0.00229913308129523));
#6519=CARTESIAN_POINT('',(0.000916303483838185,-0.0018,0.00229913308129523));
#6520=CARTESIAN_POINT('',(0.000916303483838185,-0.0038,0.00229913308129523));
#6521=CARTESIAN_POINT('',(0.000916303483838185,-0.0018,0.00229913308129523));
#6522=CARTESIAN_POINT('',(0.000916303483838185,-0.0038,0.00229913308129523));
#6523=CARTESIAN_POINT('',(-0.00238231798476602,-0.00157627104383781,0.000670959029643711));
#6524=CARTESIAN_POINT('',(0.000733915361640506,-0.00157627104383781,0.002258759226201));
#6525=CARTESIAN_POINT('',(0.000733915361640506,-0.0018,0.002258759226201));
#6526=CARTESIAN_POINT('',(0.000733915361640506,-0.0038,0.002258759226201));
#6527=CARTESIAN_POINT('',(0.000733915361640506,-0.0018,0.002258759226201));
#6528=CARTESIAN_POINT('',(0.000857474120205531,-0.0018,0.00232171555819782));
#6529=CARTESIAN_POINT('',(0.000857474120205531,-0.00157627104383781,0.00232171555819782));
#6530=CARTESIAN_POINT('',(0.000857474120205531,-0.0038,0.00232171555819782));
#6531=CARTESIAN_POINT('',(0.000733915361640506,-0.0038,0.002258759226201));
#6532=CARTESIAN_POINT('',(0.000670959029643688,-0.00157627104383781,0.00238231798476603));
#6533=CARTESIAN_POINT('',(0.000670959029643688,-0.00157627104383781,0.00238231798476603));
#6534=CARTESIAN_POINT('',(0.000670959029643688,-0.0018,0.00238231798476603));
#6535=CARTESIAN_POINT('',(0.000670959029643688,-0.0038,0.00238231798476603));
#6536=CARTESIAN_POINT('',(0.000670959029643688,-0.0018,0.00238231798476603));
#6537=CARTESIAN_POINT('',(0.000670959029643688,-0.0038,0.00238231798476603));
#6538=CARTESIAN_POINT('',(-0.00243940171386364,-0.00157566999859728,0.000418263407913237));
#6539=CARTESIAN_POINT('',(0.000493790265692182,-0.00157566999859728,0.0023231005517428));
#6540=CARTESIAN_POINT('',(0.000493790265692182,-0.0018,0.0023231005517428));
#6541=CARTESIAN_POINT('',(0.000493790265692182,-0.0038,0.0023231005517428));
#6542=CARTESIAN_POINT('',(0.000493790265692182,-0.0018,0.0023231005517428));
#6543=CARTESIAN_POINT('',(0.000610091427813026,-0.0018,0.00239862740952177));
#6544=CARTESIAN_POINT('',(0.000610091427813026,-0.00157566999859728,0.00239862740952177));
#6545=CARTESIAN_POINT('',(0.000610091427813026,-0.0038,0.00239862740952177));
#6546=CARTESIAN_POINT('',(0.000493790265692182,-0.0038,0.0023231005517428));
#6547=CARTESIAN_POINT('',(0.000418263407913211,-0.00157566999859728,0.00243940171386365));
#6548=CARTESIAN_POINT('',(0.000418263407913211,-0.00157566999859728,0.00243940171386365));
#6549=CARTESIAN_POINT('',(0.000418263407913211,-0.0018,0.00243940171386365));
#6550=CARTESIAN_POINT('',(0.000418263407913211,-0.0038,0.00243940171386365));
#6551=CARTESIAN_POINT('',(0.000418263407913211,-0.0018,0.00243940171386365));
#6552=CARTESIAN_POINT('',(0.000418263407913211,-0.0038,0.00243940171386365));
#6553=CARTESIAN_POINT('',(-0.00246975884730655,-0.00157716701872007,0.000160985204758417));
#6554=CARTESIAN_POINT('',(0.000248255100260679,-0.00157716701872007,0.00236198950149966));
#6555=CARTESIAN_POINT('',(0.000248255100260679,-0.0018,0.00236198950149966));
#6556=CARTESIAN_POINT('',(0.000248255100260679,-0.0038,0.00236198950149966));
#6557=CARTESIAN_POINT('',(0.000248255100260679,-0.0018,0.00236198950149966));
#6558=CARTESIAN_POINT('',(0.000356024446067563,-0.0018,0.00244925939700195));
#6559=CARTESIAN_POINT('',(0.000356024446067563,-0.00157716701872007,0.00244925939700195));
#6560=CARTESIAN_POINT('',(0.000356024446067564,-0.0038,0.00244925939700195));
#6561=CARTESIAN_POINT('',(0.000248255100260679,-0.0038,0.00236198950149966));
#6562=CARTESIAN_POINT('',(0.000160985204758393,-0.00157716701872007,0.00246975884730655));
#6563=CARTESIAN_POINT('',(0.000160985204758393,-0.00157716701872007,0.00246975884730655));
#6564=CARTESIAN_POINT('',(0.000160985204758393,-0.0018,0.00246975884730655));
#6565=CARTESIAN_POINT('',(0.000160985204758393,-0.0038,0.00246975884730655));
#6566=CARTESIAN_POINT('',(0.000160985204758393,-0.0018,0.00246975884730655));
#6567=CARTESIAN_POINT('',(0.000160985204758393,-0.0038,0.00246975884730655));
#6568=CARTESIAN_POINT('',(-0.00247305678598809,-0.00157986246773154,-9.80567859880528E-5));
#6569=CARTESIAN_POINT('',(0.,-0.00157986246773154,0.002375));
#6570=CARTESIAN_POINT('',(1.35525271560688E-20,-0.0018,0.002375));
#6571=CARTESIAN_POINT('',(1.35525271560688E-20,-0.0038,0.002375));
#6572=CARTESIAN_POINT('',(0.,-0.0018,0.002375));
#6573=CARTESIAN_POINT('',(9.80567859880783E-5,-0.0018,0.00247305678598809));
#6574=CARTESIAN_POINT('',(9.80567859880785E-5,-0.00157986246773154,0.00247305678598809));
#6575=CARTESIAN_POINT('',(9.80567859880785E-5,-0.0038,0.00247305678598809));
#6576=CARTESIAN_POINT('',(0.,-0.0038,0.002375));
#6577=CARTESIAN_POINT('',(-9.80567859880787E-5,-0.00157986246773154,0.00247305678598809));
#6578=CARTESIAN_POINT('',(-9.80567859880787E-5,-0.00157986246773154,0.00247305678598809));
#6579=CARTESIAN_POINT('',(-9.80567859880784E-5,-0.0018,0.00247305678598809));
#6580=CARTESIAN_POINT('',(-9.80567859880784E-5,-0.0038,0.00247305678598809));
#6581=CARTESIAN_POINT('',(-9.80567859880787E-5,-0.0018,0.00247305678598809));
#6582=CARTESIAN_POINT('',(-9.80567859880787E-5,-0.0038,0.00247305678598809));
#6583=CARTESIAN_POINT('',(0.,-0.001,0.));
#6584=CARTESIAN_POINT('',(0.,-0.001,0.));
#6585=CARTESIAN_POINT('',(0.,-0.001,0.0023));
#6586=CARTESIAN_POINT('',(0.,-0.001,0.));
#6587=CARTESIAN_POINT('',(0.,-0.001,-0.00105000000000001));
#6588=CARTESIAN_POINT('',(0.,-0.0038,0.));
#6589=CARTESIAN_POINT('',(0.,-0.0038,0.));
#6590=CARTESIAN_POINT('',(0.,-0.0018,0.));
#6591=CARTESIAN_POINT('',(0.,-0.0018,0.));
#6592=CARTESIAN_POINT('',(0.,-0.0018,0.));
#6593=CARTESIAN_POINT('',(0.,-0.0018,0.));
#6594=CARTESIAN_POINT('',(0.,-0.0018,0.));
#6595=CARTESIAN_POINT('',(0.,-0.0018,0.));
#6596=CARTESIAN_POINT('',(0.,-0.0018,0.));
#6597=CARTESIAN_POINT('',(0.,-0.0018,0.));
#6598=CARTESIAN_POINT('',(0.,-0.0018,0.));
#6599=CARTESIAN_POINT('',(0.,-0.0018,0.));
#6600=CARTESIAN_POINT('',(0.,-0.0018,0.));
#6601=CARTESIAN_POINT('',(0.,-0.0018,0.));
#6602=CARTESIAN_POINT('',(0.,-0.0018,0.));
#6603=CARTESIAN_POINT('',(0.,-0.0018,0.));
#6604=CARTESIAN_POINT('',(0.,-0.0018,0.));
#6605=CARTESIAN_POINT('',(0.,-0.0018,0.));
#6606=CARTESIAN_POINT('',(0.,-0.0018,0.));
#6607=CARTESIAN_POINT('',(0.,-0.0018,0.));
#6608=CARTESIAN_POINT('',(0.,-0.0018,0.));
#6609=CARTESIAN_POINT('',(0.,-0.0018,0.));
#6610=CARTESIAN_POINT('',(0.,-0.0018,0.));
#6611=CARTESIAN_POINT('',(0.,-0.0018,0.));
#6612=CARTESIAN_POINT('',(0.,-0.0018,0.));
#6613=CARTESIAN_POINT('',(0.,-0.0018,0.));
#6614=CARTESIAN_POINT('',(0.,-0.0018,0.));
#6615=CARTESIAN_POINT('',(0.,-0.0018,0.));
#6616=CARTESIAN_POINT('',(0.,-0.0018,0.));
#6617=CARTESIAN_POINT('',(0.,-0.0018,0.));
#6618=CARTESIAN_POINT('',(0.,-0.0018,0.));
#6619=CARTESIAN_POINT('',(0.,-0.0018,0.));
#6620=CARTESIAN_POINT('',(0.,-0.0018,0.));
#6621=CARTESIAN_POINT('',(0.,-0.0018,0.));
#6622=CARTESIAN_POINT('',(0.,-0.0018,0.));
#6623=CARTESIAN_POINT('',(0.,-0.0018,0.));
#6624=CARTESIAN_POINT('',(0.,-0.0018,0.));
#6625=CARTESIAN_POINT('',(0.,-0.0018,0.));
#6626=CARTESIAN_POINT('',(0.,-0.0018,0.));
#6627=CARTESIAN_POINT('',(0.,-0.0018,0.));
#6628=CARTESIAN_POINT('',(0.,-0.0018,0.));
#6629=CARTESIAN_POINT('',(0.,-0.0018,0.));
#6630=CARTESIAN_POINT('',(0.,-0.0018,0.));
#6631=CARTESIAN_POINT('',(0.,-0.0018,0.));
#6632=CARTESIAN_POINT('',(0.,-0.0018,0.));
#6633=CARTESIAN_POINT('',(0.,-0.0018,0.));
#6634=CARTESIAN_POINT('',(0.,-0.0018,0.));
#6635=CARTESIAN_POINT('',(0.,-0.0018,0.));
#6636=CARTESIAN_POINT('',(0.,-0.0018,0.));
#6637=CARTESIAN_POINT('',(0.,-0.0018,0.));
#6638=CARTESIAN_POINT('',(0.,-0.0018,0.));
#6639=CARTESIAN_POINT('',(0.,-0.0018,0.));
#6640=CARTESIAN_POINT('',(0.,-0.0018,0.));
#6641=CARTESIAN_POINT('',(0.,-0.0018,0.));
#6642=CARTESIAN_POINT('',(0.,-0.0018,0.));
#6643=CARTESIAN_POINT('',(0.,-0.0018,0.));
#6644=CARTESIAN_POINT('',(0.,-0.0018,0.));
#6645=CARTESIAN_POINT('',(0.,-0.0018,0.));
#6646=CARTESIAN_POINT('',(0.,-0.0018,0.));
#6647=CARTESIAN_POINT('',(0.,-0.0018,0.));
#6648=CARTESIAN_POINT('',(0.,-0.0018,0.));
#6649=CARTESIAN_POINT('',(0.,-0.0018,0.));
#6650=CARTESIAN_POINT('',(0.,-0.0018,0.));
#6651=CARTESIAN_POINT('',(0.,-0.0018,0.));
#6652=CARTESIAN_POINT('',(0.,-0.0018,0.00105000000000001));
#6653=CARTESIAN_POINT('',(0.,-0.0014,0.));
#6654=CARTESIAN_POINT('',(0.,-0.0014,0.));
#6655=CARTESIAN_POINT('',(0.00220907220343745,-0.0014,-0.00265));
#6656=CARTESIAN_POINT('',(0.00220907220343746,-0.0014,0.00265));
#6657=CARTESIAN_POINT('',(0.00220907220343745,-0.0014,-0.00265));
#6658=CARTESIAN_POINT('',(0.0141591219670421,-0.0014,-0.00199702088028865));
#6659=CARTESIAN_POINT('',(0.01405,-0.0014,-1.72062875280203E-18));
#6660=CARTESIAN_POINT('',(0.0141591219670421,-0.0014,0.00199702088028864));
#6661=CARTESIAN_POINT('',(0.0141591219670421,-0.0014,0.00199702088028864));
#6662=CARTESIAN_POINT('',(0.01445,-0.0014,0.));
#6663=CARTESIAN_POINT('',(0.01445,-0.0014,0.000600000000000014));
#6664=CARTESIAN_POINT('',(0.01245,-0.0014,0.));
#6665=CARTESIAN_POINT('',(0.01245,-0.0014,0.000600000000000014));
#6666=CARTESIAN_POINT('',(0.01045,-0.0014,0.));
#6667=CARTESIAN_POINT('',(0.01045,-0.0014,0.000600000000000014));
#6668=CARTESIAN_POINT('',(0.00845,-0.0014,0.));
#6669=CARTESIAN_POINT('',(0.00845,-0.0014,0.000600000000000014));
#6670=CARTESIAN_POINT('',(0.00645,-0.0014,0.));
#6671=CARTESIAN_POINT('',(0.00645,-0.0014,0.000600000000000013));
#6672=CARTESIAN_POINT('',(0.00445,-0.0014,0.));
#6673=CARTESIAN_POINT('',(0.00445,-0.0014,0.000600000000000013));
#6674=CARTESIAN_POINT('',(0.0141591219670421,-0.0014,0.00199702088028864));
#6675=CARTESIAN_POINT('',(0.0141591219670421,0.,0.00199702088028864));
#6676=CARTESIAN_POINT('',(0.00220907220343746,0.,0.00265));
#6677=CARTESIAN_POINT('',(0.0141591219670421,0.,0.00199702088028864));
#6678=CARTESIAN_POINT('',(0.00220907220343746,-0.0014,0.00265));
#6679=CARTESIAN_POINT('',(0.0141591219670421,-0.0014,0.00199702088028864));
#6680=CARTESIAN_POINT('',(0.01405,-0.0014,-1.72062875280203E-18));
#6681=CARTESIAN_POINT('',(0.01405,0.,-1.72062875280203E-18));
#6682=CARTESIAN_POINT('',(0.0141591219670421,0.,-0.00199702088028865));
#6683=CARTESIAN_POINT('',(0.0141591219670421,-0.0014,-0.00199702088028865));
#6684=CARTESIAN_POINT('',(0.00220907220343745,-0.0014,-0.00265));
#6685=CARTESIAN_POINT('',(0.00220907220343745,0.,-0.00265));
#6686=CARTESIAN_POINT('',(0.00220907220343745,0.,-0.00265));
#6687=CARTESIAN_POINT('',(0.00220907220343745,-0.0014,-0.00265));
#6688=CARTESIAN_POINT('',(0.,-0.0038,0.));
#6689=CARTESIAN_POINT('',(0.,-0.0038,0.));
#6690=CARTESIAN_POINT('',(0.,-0.0038,0.00345));
#6691=CARTESIAN_POINT('',(0.,-0.0038,0.));
#6692=CARTESIAN_POINT('',(0.,-0.0038,0.));
#6693=CARTESIAN_POINT('',(0.,-0.0038,0.));
#6694=CARTESIAN_POINT('',(0.,-0.0038,0.));
#6695=CARTESIAN_POINT('',(0.,-0.0038,0.));
#6696=CARTESIAN_POINT('',(0.,-0.0038,0.));
#6697=CARTESIAN_POINT('',(0.,-0.0038,0.));
#6698=CARTESIAN_POINT('',(0.,-0.0038,0.));
#6699=CARTESIAN_POINT('',(0.,-0.0038,0.));
#6700=CARTESIAN_POINT('',(0.,-0.0038,0.));
#6701=CARTESIAN_POINT('',(0.,-0.0038,0.));
#6702=CARTESIAN_POINT('',(0.,-0.0038,0.));
#6703=CARTESIAN_POINT('',(0.,-0.0038,0.));
#6704=CARTESIAN_POINT('',(0.,-0.0038,0.));
#6705=CARTESIAN_POINT('',(0.,-0.0038,0.));
#6706=CARTESIAN_POINT('',(0.,-0.0038,0.));
#6707=CARTESIAN_POINT('',(0.,-0.0038,0.));
#6708=CARTESIAN_POINT('',(0.,-0.0038,0.));
#6709=CARTESIAN_POINT('',(0.,-0.0038,0.));
#6710=CARTESIAN_POINT('',(0.,-0.0038,0.));
#6711=CARTESIAN_POINT('',(0.,-0.0038,0.));
#6712=CARTESIAN_POINT('',(0.,-0.0038,0.));
#6713=CARTESIAN_POINT('',(0.,-0.0038,0.));
#6714=CARTESIAN_POINT('',(0.,-0.0038,0.));
#6715=CARTESIAN_POINT('',(0.,-0.0038,0.));
#6716=CARTESIAN_POINT('',(0.,-0.0038,0.));
#6717=CARTESIAN_POINT('',(0.,-0.0038,0.));
#6718=CARTESIAN_POINT('',(0.,-0.0038,0.));
#6719=CARTESIAN_POINT('',(0.,-0.0038,0.));
#6720=CARTESIAN_POINT('',(0.,-0.0038,0.));
#6721=CARTESIAN_POINT('',(0.,-0.0038,0.));
#6722=CARTESIAN_POINT('',(0.,-0.0038,0.));
#6723=CARTESIAN_POINT('',(0.,-0.0038,0.));
#6724=CARTESIAN_POINT('',(0.,-0.0038,0.));
#6725=CARTESIAN_POINT('',(0.,-0.0038,0.));
#6726=CARTESIAN_POINT('',(0.,-0.0038,0.));
#6727=CARTESIAN_POINT('',(0.,-0.0038,0.));
#6728=CARTESIAN_POINT('',(0.,-0.0038,0.));
#6729=CARTESIAN_POINT('',(0.,-0.0038,0.));
#6730=CARTESIAN_POINT('',(0.,-0.0038,0.));
#6731=CARTESIAN_POINT('',(0.,-0.0038,0.));
#6732=CARTESIAN_POINT('',(0.,-0.0038,0.));
#6733=CARTESIAN_POINT('',(0.,-0.0038,0.));
#6734=CARTESIAN_POINT('',(0.,-0.0038,0.));
#6735=CARTESIAN_POINT('',(0.,-0.0038,0.));
#6736=CARTESIAN_POINT('',(0.,-0.0038,0.));
#6737=CARTESIAN_POINT('',(0.,-0.0038,0.));
#6738=CARTESIAN_POINT('',(0.,-0.0038,0.));
#6739=CARTESIAN_POINT('',(0.,-0.0038,0.));
#6740=CARTESIAN_POINT('',(0.,-0.0038,0.));
#6741=CARTESIAN_POINT('',(0.,-0.0038,0.));
#6742=CARTESIAN_POINT('',(0.,-0.0038,0.));
#6743=CARTESIAN_POINT('',(0.,-0.0038,0.));
#6744=CARTESIAN_POINT('',(0.,-0.0038,0.));
#6745=CARTESIAN_POINT('',(0.,-0.0038,0.));
#6746=CARTESIAN_POINT('',(0.,-0.0038,0.));
#6747=CARTESIAN_POINT('',(0.,-0.0038,0.));
#6748=CARTESIAN_POINT('',(0.,-0.0038,0.));
#6749=CARTESIAN_POINT('',(0.,-0.0038,0.));
#6750=CARTESIAN_POINT('',(0.,0.,0.));
#6751=CARTESIAN_POINT('',(-0.00445,6.12323399573676E-21,0.));
#6752=CARTESIAN_POINT('',(-0.00445,6.12323399573676E-21,0.000600000000000014));
#6753=CARTESIAN_POINT('',(-0.00645,6.12323399573676E-21,0.));
#6754=CARTESIAN_POINT('',(-0.00645,6.12323399573676E-21,0.000600000000000014));
#6755=CARTESIAN_POINT('',(-0.00845,6.12323399573676E-21,0.));
#6756=CARTESIAN_POINT('',(-0.00845,6.12323399573676E-21,0.000600000000000014));
#6757=CARTESIAN_POINT('',(-0.01045,6.12323399573676E-21,0.));
#6758=CARTESIAN_POINT('',(-0.01045,6.12323399573676E-21,0.000600000000000014));
#6759=CARTESIAN_POINT('',(-0.01445,6.12323399573676E-21,0.));
#6760=CARTESIAN_POINT('',(-0.01445,6.12323399573676E-21,0.000600000000000014));
#6761=CARTESIAN_POINT('',(-0.01245,6.12323399573676E-21,0.));
#6762=CARTESIAN_POINT('',(-0.01245,6.12323399573676E-21,0.000600000000000014));
#6763=CARTESIAN_POINT('',(-0.00220907220343745,0.,0.00265));
#6764=CARTESIAN_POINT('',(-0.0141591219670421,0.,0.00199702088028865));
#6765=CARTESIAN_POINT('',(-0.00220907220343745,0.,0.00265));
#6766=CARTESIAN_POINT('',(0.,0.,0.));
#6767=CARTESIAN_POINT('',(0.,0.,0.));
#6768=CARTESIAN_POINT('',(-0.00220907220343746,0.,-0.00265));
#6769=CARTESIAN_POINT('',(-0.0141591219670421,0.,-0.00199702088028864));
#6770=CARTESIAN_POINT('',(-0.0141591219670421,0.,-0.00199702088028864));
#6771=CARTESIAN_POINT('',(-0.01405,0.,1.72062875280203E-18));
#6772=CARTESIAN_POINT('',(0.01445,6.12323399573676E-21,0.));
#6773=CARTESIAN_POINT('',(0.01445,6.12323399573676E-21,0.000600000000000014));
#6774=CARTESIAN_POINT('',(0.01245,6.12323399573676E-21,0.));
#6775=CARTESIAN_POINT('',(0.01245,6.12323399573676E-21,0.000600000000000014));
#6776=CARTESIAN_POINT('',(0.01045,6.12323399573676E-21,0.));
#6777=CARTESIAN_POINT('',(0.01045,6.12323399573676E-21,0.000600000000000014));
#6778=CARTESIAN_POINT('',(0.00845,6.12323399573676E-21,0.));
#6779=CARTESIAN_POINT('',(0.00845,6.12323399573676E-21,0.000600000000000014));
#6780=CARTESIAN_POINT('',(0.00645,6.12323399573676E-21,0.));
#6781=CARTESIAN_POINT('',(0.00645,6.12323399573676E-21,0.000600000000000014));
#6782=CARTESIAN_POINT('',(0.00445,6.12323399573676E-21,0.));
#6783=CARTESIAN_POINT('',(0.00445,6.12323399573676E-21,0.000600000000000014));
#6784=CARTESIAN_POINT('',(0.,1.83697019872104E-20,0.));
#6785=CARTESIAN_POINT('',(0.,1.83697019872104E-20,0.0023));
#6786=CARTESIAN_POINT('',(-0.0141591219670421,-0.0014,-0.00199702088028864));
#6787=CARTESIAN_POINT('',(-0.00220907220343746,-0.0014,-0.00265));
#6788=CARTESIAN_POINT('',(-0.00220907220343746,-0.0014,-0.00265));
#6789=CARTESIAN_POINT('',(-0.0141591219670421,-0.0014,-0.00199702088028864));
#6790=CARTESIAN_POINT('',(-0.0141591219670421,-0.0014,-0.00199702088028864));
#6791=CARTESIAN_POINT('',(-0.0141591219670421,-0.0014,-0.00199702088028864));
#6792=CARTESIAN_POINT('',(-0.01405,-0.0014,1.72062875280203E-18));
#6793=CARTESIAN_POINT('',(-0.01405,-0.0014,1.72062875280203E-18));
#6794=CARTESIAN_POINT('',(-0.0141591219670421,-0.0014,0.00199702088028865));
#6795=CARTESIAN_POINT('',(-0.0141591219670421,-0.0014,0.00199702088028865));
#6796=CARTESIAN_POINT('',(-0.00220907220343745,-0.0014,0.00265));
#6797=CARTESIAN_POINT('',(-0.00220907220343745,-0.0014,0.00265));
#6798=CARTESIAN_POINT('',(-0.00220907220343745,-0.0014,0.00265));
#6799=CARTESIAN_POINT('',(-0.00220907220343745,-0.0014,0.00265));
#6800=CARTESIAN_POINT('',(0.,-0.0014,0.));
#6801=CARTESIAN_POINT('',(-0.00445,-0.0014,0.));
#6802=CARTESIAN_POINT('',(-0.00445,-0.0014,0.000600000000000014));
#6803=CARTESIAN_POINT('',(-0.00645,-0.0014,0.));
#6804=CARTESIAN_POINT('',(-0.00645,-0.0014,0.000600000000000014));
#6805=CARTESIAN_POINT('',(-0.00845,-0.0014,0.));
#6806=CARTESIAN_POINT('',(-0.00845,-0.0014,0.000600000000000014));
#6807=CARTESIAN_POINT('',(-0.01045,-0.0014,0.));
#6808=CARTESIAN_POINT('',(-0.01045,-0.0014,0.000600000000000014));
#6809=CARTESIAN_POINT('',(0.,-0.0014,0.));
#6810=CARTESIAN_POINT('',(-0.01445,-0.0014,0.));
#6811=CARTESIAN_POINT('',(-0.01445,-0.0014,0.000600000000000014));
#6812=CARTESIAN_POINT('',(-0.01245,-0.0014,0.));
#6813=CARTESIAN_POINT('',(-0.01245,-0.0014,0.000600000000000014));
#6814=CARTESIAN_POINT('',(0.,-0.0038,0.));
#6815=CARTESIAN_POINT('',(0.,-0.0038,0.));
#6816=CARTESIAN_POINT('',(0.,-0.0038,0.));
#6817=CARTESIAN_POINT('',(0.,-0.0038,0.));
#6818=CARTESIAN_POINT('',(0.,-0.0038,0.));
#6819=CARTESIAN_POINT('',(0.,-0.0038,0.));
#6820=CARTESIAN_POINT('',(0.,-0.0038,0.));
#6821=CARTESIAN_POINT('',(0.,-0.0038,0.));
#6822=CARTESIAN_POINT('',(0.,-0.0038,0.));
#6823=CARTESIAN_POINT('',(0.,-0.0038,0.));
#6824=CARTESIAN_POINT('',(0.,-0.0038,0.));
#6825=CARTESIAN_POINT('',(0.,-0.0038,0.));
#6826=CARTESIAN_POINT('',(0.,-0.0038,0.));
#6827=CARTESIAN_POINT('',(0.,-0.0038,0.));
#6828=CARTESIAN_POINT('',(0.,-0.0038,0.));
#6829=CARTESIAN_POINT('',(0.,-0.0038,0.));
#6830=CARTESIAN_POINT('',(0.,-0.0038,0.));
#6831=CARTESIAN_POINT('',(0.,-0.0038,0.));
#6832=CARTESIAN_POINT('',(0.,-0.0038,0.));
#6833=CARTESIAN_POINT('',(0.,-0.0038,0.));
#6834=CARTESIAN_POINT('',(0.,-0.0038,0.));
#6835=CARTESIAN_POINT('',(0.,-0.0038,0.));
#6836=CARTESIAN_POINT('',(0.,-0.0038,0.));
#6837=CARTESIAN_POINT('',(0.,-0.0038,0.));
#6838=CARTESIAN_POINT('',(0.,-0.0038,0.));
#6839=CARTESIAN_POINT('',(0.,-0.0038,0.));
#6840=CARTESIAN_POINT('',(0.,-0.0038,0.));
#6841=CARTESIAN_POINT('',(0.,-0.0038,0.));
#6842=CARTESIAN_POINT('',(0.,-0.0038,0.));
#6843=CARTESIAN_POINT('',(0.,-0.0038,0.));
#6844=CARTESIAN_POINT('',(0.,-0.0038,0.));
#6845=CARTESIAN_POINT('',(0.,-0.0038,0.));
#6846=CARTESIAN_POINT('',(0.,-0.0038,0.));
#6847=CARTESIAN_POINT('',(0.,-0.0038,0.));
#6848=CARTESIAN_POINT('',(0.,-0.0038,0.));
#6849=CARTESIAN_POINT('',(0.,-0.0038,0.));
#6850=CARTESIAN_POINT('',(0.,-0.0038,0.));
#6851=CARTESIAN_POINT('',(0.,-0.0038,0.));
#6852=CARTESIAN_POINT('',(0.,-0.0038,0.));
#6853=CARTESIAN_POINT('',(0.,-0.0038,0.));
#6854=CARTESIAN_POINT('',(0.,-0.0038,0.));
#6855=CARTESIAN_POINT('',(0.,-0.0038,0.));
#6856=CARTESIAN_POINT('',(0.,-0.0038,0.));
#6857=CARTESIAN_POINT('',(0.,-0.0038,0.));
#6858=CARTESIAN_POINT('',(0.,-0.0038,0.));
#6859=CARTESIAN_POINT('',(0.,-0.0038,0.));
#6860=CARTESIAN_POINT('',(0.,-0.0038,0.));
#6861=CARTESIAN_POINT('',(0.,-0.0038,0.));
#6862=CARTESIAN_POINT('',(0.,-0.0038,0.));
#6863=CARTESIAN_POINT('',(0.,-0.0038,0.));
#6864=CARTESIAN_POINT('',(0.,-0.0038,0.));
#6865=CARTESIAN_POINT('',(0.,-0.0038,0.));
#6866=CARTESIAN_POINT('',(0.,-0.0038,0.));
#6867=CARTESIAN_POINT('',(0.,-0.0038,0.));
#6868=CARTESIAN_POINT('',(0.,-0.0038,0.));
#6869=CARTESIAN_POINT('',(0.,-0.0038,0.));
#6870=CARTESIAN_POINT('',(0.,-0.0038,0.));
#6871=CARTESIAN_POINT('',(0.,-0.0038,0.));
#6872=CARTESIAN_POINT('',(0.,-0.0038,0.));
#6873=CARTESIAN_POINT('',(0.,-0.0014,0.));
#6874=CARTESIAN_POINT('',(-0.01445,0.,0.));
#6875=CARTESIAN_POINT('',(-0.01245,0.,0.));
#6876=CARTESIAN_POINT('',(-0.01045,0.,0.));
#6877=CARTESIAN_POINT('',(-0.00845,0.,0.));
#6878=CARTESIAN_POINT('',(-0.00645,0.,0.));
#6879=CARTESIAN_POINT('',(-0.00445,0.,0.));
#6880=CARTESIAN_POINT('',(0.01445,0.,0.));
#6881=CARTESIAN_POINT('',(0.01245,0.,0.));
#6882=CARTESIAN_POINT('',(0.01045,0.,0.));
#6883=CARTESIAN_POINT('',(0.00845,0.,0.));
#6884=CARTESIAN_POINT('',(0.00645,0.,0.));
#6885=CARTESIAN_POINT('',(0.00445,0.,0.));
#6886=CARTESIAN_POINT('',(0.,0.,0.));
#6887=CARTESIAN_POINT('',(0.,0.,0.));
#6888=MECHANICAL_DESIGN_GEOMETRIC_PRESENTATION_REPRESENTATION('',(#4140),
#6889);
#6889=(
GEOMETRIC_REPRESENTATION_CONTEXT(3)
GLOBAL_UNCERTAINTY_ASSIGNED_CONTEXT((#6890))
GLOBAL_UNIT_ASSIGNED_CONTEXT((#6893,#6892,#6891))
REPRESENTATION_CONTEXT('SG90 - Micro Servo 9g - Tower Pro.3_Pe\X2\FFFD\X0\a',
'TOP_LEVEL_ASSEMBLY_PART')
);
#6890=UNCERTAINTY_MEASURE_WITH_UNIT(LENGTH_MEASURE(1.E-6),#6893,
'DISTANCE_ACCURACY_VALUE','Maximum Tolerance applied to model');
#6891=(
NAMED_UNIT(*)
SI_UNIT($,.STERADIAN.)
SOLID_ANGLE_UNIT()
);
#6892=(
NAMED_UNIT(*)
PLANE_ANGLE_UNIT()
SI_UNIT($,.RADIAN.)
);
#6893=(
LENGTH_UNIT()
NAMED_UNIT(*)
SI_UNIT($,.METRE.)
);
#6894=PRODUCT_DEFINITION_SHAPE('','',#6895);
#6895=PRODUCT_DEFINITION('','',#6897,#6896);
#6896=PRODUCT_DEFINITION_CONTEXT('',#6903,'design');
#6897=PRODUCT_DEFINITION_FORMATION_WITH_SPECIFIED_SOURCE('','',#6899,
 .NOT_KNOWN.);
#6898=PRODUCT_RELATED_PRODUCT_CATEGORY('','',(#6899));
#6899=PRODUCT('SG90 - Micro Servo 9g - Tower Pro.3_Pe\X2\FFFD\X0\a',
'SG90 - Micro Servo 9g - Tower Pro.3_Pe\X2\FFFD\X0\a',
'SG90 - Micro Servo 9g - Tower Pro.3_Pe\X2\FFFD\X0\a',(#6901));
#6900=PRODUCT_CATEGORY('','');
#6901=PRODUCT_CONTEXT('',#6903,'mechanical');
#6902=APPLICATION_PROTOCOL_DEFINITION('international standard',
'ap242_managed_model_based_3d_engineering',2020,#6903);
#6903=APPLICATION_CONTEXT('managed model based 3d engineering');
ENDSEC;
END-ISO-10303-21;
