ISO-10303-21;
HEADER;
/* Generated by software containing ST-Developer
 * from STEP Tools, Inc. (www.steptools.com) 
 */
/* OPTION: using custom renumber hook */

FILE_DESCRIPTION(
/* description */ ('STEP AP242 Edition 2',
'CAx-IF Rec.Pracs.---Representation and Presentation of Product Manufa
cturing Information (PMI)---4.0---2014-10-13',
'CAx-IF Rec.Pracs.---3D Tessellated Geometry---0.4---2014-09-14','2;1',
'CAx-IF Rec.Pracs.---User Defined Attributes---1.5---2016-08-15'),
/* implementation_level */ '2;1');

FILE_NAME(
/* name */ 'Assembly 2 - Label (1)',
/* time_stamp */ '2026-06-30T13:00:17Z',
/* author */ (''),
/* organization */ (''),
/* preprocessor_version */ 'ST-DEVELOPER v20',
/* originating_system */ 'ONSHAPE BY PTC INC, 1.217',
/* authorisation */ '  ');

FILE_SCHEMA (('AP242_MANAGED_MODEL_BASED_3D_ENGINEERING_MIM_LF { 1 0 10303 442 3 1 4 }'));
ENDSEC;

DATA;
#10=SHAPE_REPRESENTATION_RELATIONSHIP('','',#2676,#11);
#11=ADVANCED_BREP_SHAPE_REPRESENTATION('',(#2674),#6037);
#12=OVER_RIDING_STYLED_ITEM('',(#2541),#2489,#2539);
#13=OVER_RIDING_STYLED_ITEM('',(#2542),#2491,#2539);
#14=OVER_RIDING_STYLED_ITEM('',(#2543),#2492,#2539);
#15=OVER_RIDING_STYLED_ITEM('',(#2544),#2493,#2539);
#16=OVER_RIDING_STYLED_ITEM('',(#2545),#2495,#2539);
#17=OVER_RIDING_STYLED_ITEM('',(#2546),#2497,#2539);
#18=OVER_RIDING_STYLED_ITEM('',(#2547),#2499,#2539);
#19=OVER_RIDING_STYLED_ITEM('',(#2548),#2500,#2539);
#20=OVER_RIDING_STYLED_ITEM('',(#2549),#2501,#2539);
#21=OVER_RIDING_STYLED_ITEM('',(#2550),#2506,#2539);
#22=OVER_RIDING_STYLED_ITEM('',(#2551),#2507,#2539);
#23=OVER_RIDING_STYLED_ITEM('',(#2552),#2508,#2539);
#24=OVER_RIDING_STYLED_ITEM('',(#2553),#2509,#2539);
#25=OVER_RIDING_STYLED_ITEM('',(#2554),#2510,#2539);
#26=OVER_RIDING_STYLED_ITEM('',(#2555),#2512,#2539);
#27=OVER_RIDING_STYLED_ITEM('',(#2556),#2514,#2539);
#28=OVER_RIDING_STYLED_ITEM('',(#2557),#2519,#2539);
#29=OVER_RIDING_STYLED_ITEM('',(#2558),#2527,#2539);
#30=OVER_RIDING_STYLED_ITEM('',(#2559),#2528,#2539);
#31=OVER_RIDING_STYLED_ITEM('',(#2560),#2530,#2539);
#32=OVER_RIDING_STYLED_ITEM('',(#2561),#2531,#2539);
#33=CIRCLE('',#2680,0.00261472132134816);
#34=CIRCLE('',#2682,0.00261472132134796);
#35=CIRCLE('',#2684,0.0039714050207512);
#36=CIRCLE('',#2685,0.00415767901597573);
#37=CIRCLE('',#2686,0.0141926105833477);
#38=CIRCLE('',#2687,0.00578986776971694);
#39=CIRCLE('',#2688,0.00607689598944396);
#40=CIRCLE('',#2698,0.000852868915649827);
#41=CIRCLE('',#2702,0.000852868915649829);
#42=CIRCLE('',#2709,0.00206068592082907);
#43=CIRCLE('',#2712,0.00062791464933679);
#44=CIRCLE('',#2714,0.000685951976252762);
#45=CIRCLE('',#2716,0.00204147540248364);
#46=CIRCLE('',#2718,6.87946936009833E-5);
#47=CIRCLE('',#2719,0.000118512103141057);
#48=CIRCLE('',#2721,0.000367774248497395);
#49=CIRCLE('',#2723,0.000161548226232633);
#50=CIRCLE('',#2724,0.000140449682060259);
#51=CIRCLE('',#2725,0.000194126352401284);
#52=CIRCLE('',#2726,0.000114989427847852);
#53=CIRCLE('',#2727,4.06956597629004E-5);
#54=CIRCLE('',#2730,0.000143797415748613);
#55=CIRCLE('',#2737,0.00301024845907981);
#56=CIRCLE('',#2738,0.000611349750195658);
#57=CIRCLE('',#2742,0.000378259085858046);
#58=CIRCLE('',#2743,0.000647070373793448);
#59=CIRCLE('',#2744,0.000857965200135428);
#60=CIRCLE('',#2747,0.000161643568117364);
#61=CIRCLE('',#2748,0.000255107376308407);
#62=CIRCLE('',#2753,0.00503240634811485);
#63=CIRCLE('',#2754,0.00270628952205285);
#64=CIRCLE('',#2756,0.000305769382429821);
#65=CIRCLE('',#2757,0.000293108818839633);
#66=CIRCLE('',#2758,0.00452726938006056);
#67=CIRCLE('',#2761,0.000864293133120173);
#68=CIRCLE('',#2762,0.000692762139844419);
#69=CIRCLE('',#2763,0.000520434461625595);
#70=CIRCLE('',#2766,0.000549741705219905);
#71=CIRCLE('',#2767,0.00074272259283631);
#72=CIRCLE('',#2769,0.000666059671877146);
#73=CIRCLE('',#2773,0.00030576938242987);
#74=CIRCLE('',#2774,0.000293108818839622);
#75=CIRCLE('',#2775,0.00452726938006057);
#76=CIRCLE('',#2778,0.00074426651468481);
#77=CIRCLE('',#2779,0.000487935579806146);
#78=CIRCLE('',#2780,0.000431848586112386);
#79=CIRCLE('',#2781,0.000608764282390679);
#80=CIRCLE('',#2786,0.00529042061734273);
#81=CIRCLE('',#2787,0.0062590819937155);
#82=CIRCLE('',#2788,0.0141347041973976);
#83=CIRCLE('',#2789,0.00496383563700964);
#84=CIRCLE('',#2790,0.00684364280650305);
#85=CIRCLE('',#2791,0.00874368321994272);
#86=ELLIPSE('',#2679,0.00166641718228013,0.00100491447000304);
#87=ELLIPSE('',#2681,0.000904885849032464,0.000548574090660468);
#88=ELLIPSE('',#2683,0.000904885849034069,0.000548574090660961);
#89=ELLIPSE('',#2689,0.00166641718228092,0.00100491447000326);
#90=ELLIPSE('',#2697,0.000696161119829344,0.00040833318863199);
#91=ELLIPSE('',#2701,0.000696161119828873,0.000408333188631839);
#92=ELLIPSE('',#2710,0.0126969942731699,0.000729412085935153);
#93=ELLIPSE('',#2713,0.0118460012817464,0.00213607705327909);
#94=ELLIPSE('',#2715,0.0261845891694955,0.00339912272839093);
#95=ELLIPSE('',#2717,0.000716421987801098,0.000442842658118473);
#96=ELLIPSE('',#2720,0.0806688633361927,0.00407306994137304);
#97=ELLIPSE('',#2722,0.000924303837841311,0.000619991167454266);
#98=ELLIPSE('',#2729,0.000736729202770152,0.000300334600821115);
#99=ELLIPSE('',#2739,0.000600981904437433,0.000362757944364256);
#100=ELLIPSE('',#2745,0.000685337728159697,0.000482792770430776);
#101=ELLIPSE('',#2746,0.000448311524172253,0.000294207996061214);
#102=ELLIPSE('',#2751,0.000963979413266656,0.000624027913607419);
#103=ELLIPSE('',#2759,0.000559241095949185,0.000339989559335526);
#104=ELLIPSE('',#2768,0.000858384669761982,0.000512296838374685);
#105=ELLIPSE('',#2771,0.000963979413267052,0.000624027913607539);
#106=ELLIPSE('',#2776,0.000559241095948073,0.000339989559335216);
#107=ELLIPSE('',#2782,0.00128539495141982,0.00071184135150194);
#108=B_SPLINE_CURVE_WITH_KNOTS('',3,(#3266,#3267,#3268,#3269,#3270,#3271,
#3272,#3273,#3274,#3275,#3276,#3277,#3278,#3279,#3280,#3281,#3282,#3283,
#3284),.UNSPECIFIED.,.F.,.F.,(4,1,1,1,1,1,1,1,1,1,1,1,1,1,1,1,4),(0.,0.0700010572227399,
0.136984777916065,0.201313320776925,0.263474674660965,0.324205151840535,
0.383820398628049,0.442901300790795,0.502084641529489,0.560847051375975,
0.619230266446708,0.677919360718983,0.737325045394541,0.798830428310081,
0.862488484468098,0.929450923879241,1.),.UNSPECIFIED.);
#109=B_SPLINE_CURVE_WITH_KNOTS('',3,(#3286,#3287,#3288,#3289,#3290,#3291,
#3292,#3293,#3294,#3295,#3296,#3297,#3298,#3299,#3300,#3301,#3302,#3303,
#3304,#3305,#3306,#3307,#3308,#3309,#3310,#3311,#3312),.UNSPECIFIED.,.F.,
 .F.,(4,1,1,1,1,1,1,1,1,1,1,1,1,1,1,1,1,1,1,1,1,1,1,1,4),(0.,0.0636776638405326,
0.124714941528648,0.183795957783965,0.241487282107935,0.298366486366142,
0.354716035859448,0.411321781988481,0.468723833695311,0.497780595548859,
0.527066939197366,0.556226905737141,0.585985625186679,0.616067663280654,
0.646729555412459,0.67805306089417,0.710012420427444,0.742606222090902,
0.776274795475486,0.810907770787571,0.846502247437676,0.882992919117153,
0.92076909532763,0.959827982412835,1.),.UNSPECIFIED.);
#110=B_SPLINE_CURVE_WITH_KNOTS('',3,(#3316,#3317,#3318,#3319,#3320,#3321,
#3322,#3323,#3324,#3325,#3326,#3327,#3328,#3329,#3330,#3331,#3332,#3333,
#3334),.UNSPECIFIED.,.F.,.F.,(4,1,1,1,1,1,1,1,1,1,1,1,1,1,1,1,4),(0.,0.0668710595502796,
0.13077726326419,0.192373349949406,0.252059242264583,0.310396321661248,
0.368367358985857,0.426524823560263,0.485342937561021,0.544656060478491,
0.604146715964935,0.66459017574884,0.726442541951827,0.790336520829565,
0.856955970186257,0.926687546461885,1.),.UNSPECIFIED.);
#111=B_SPLINE_CURVE_WITH_KNOTS('',3,(#3338,#3339,#3340,#3341,#3342,#3343,
#3344,#3345,#3346,#3347,#3348),.UNSPECIFIED.,.F.,.F.,(4,1,1,1,1,1,1,1,4),
(0.,0.148142769029447,0.286335390052453,0.415250580757487,0.536957159889972,
0.652778868003495,0.767139894698586,0.881474471383294,1.),.UNSPECIFIED.);
#112=B_SPLINE_CURVE_WITH_KNOTS('',3,(#3350,#3351,#3352,#3353,#3354,#3355,
#3356,#3357,#3358,#3359,#3360),.UNSPECIFIED.,.F.,.F.,(4,1,1,1,1,1,1,1,4),
(0.,0.0674645123794869,0.153259873548344,0.257175514234186,0.378749755950135,
0.515981815932601,0.665261271658426,0.826598048133022,1.),.UNSPECIFIED.);
#113=B_SPLINE_CURVE_WITH_KNOTS('',3,(#3364,#3365,#3366,#3367,#3368,#3369,
#3370,#3371,#3372,#3373,#3374),.UNSPECIFIED.,.F.,.F.,(4,1,1,1,1,1,1,1,4),
(0.,0.1834556156145,0.351097660646143,0.503691261259125,0.640544593895538,
0.760048517594123,0.859163588843279,0.939719212444083,1.),.UNSPECIFIED.);
#114=B_SPLINE_CURVE_WITH_KNOTS('',3,(#3376,#3377,#3378,#3379,#3380,#3381,
#3382,#3383,#3384,#3385,#3386,#3387,#3388,#3389,#3390,#3391,#3392,#3393,
#3394),.UNSPECIFIED.,.F.,.F.,(4,1,1,1,1,1,1,1,1,1,1,1,1,1,1,1,4),(0.,0.06945900852707,
0.135120942407291,0.197551596440748,0.256741533051591,0.313282640609242,
0.367571818963162,0.420761218764166,0.47297255902041,0.526684004699781,
0.582103592986306,0.642025602809676,0.704682427542158,0.771875828358029,
0.842773773435142,0.919221456994807,1.),.UNSPECIFIED.);
#115=B_SPLINE_CURVE_WITH_KNOTS('',3,(#3406,#3407,#3408,#3409,#3410,#3411,
#3412,#3413,#3414,#3415,#3416),.UNSPECIFIED.,.F.,.F.,(4,1,1,1,1,1,1,1,4),
(0.,0.100260064383315,0.204734618738401,0.315833728915576,0.434468478991489,
0.56149455063307,0.697932794214069,0.84374018495896,1.),.UNSPECIFIED.);
#116=B_SPLINE_CURVE_WITH_KNOTS('',3,(#3420,#3421,#3422,#3423,#3424,#3425,
#3426,#3427,#3428,#3429,#3430,#3431,#3432,#3433,#3434,#3435,#3436,#3437,
#3438),.UNSPECIFIED.,.F.,.F.,(4,1,1,1,1,1,1,1,1,1,1,1,1,1,1,1,4),(0.,0.0634976015777122,
0.125920003676054,0.187017382949234,0.24781585428925,0.30812178645072,0.368230061718378,
0.428418942223047,0.489422468011444,0.550466922033758,0.611374037606572,
0.672223233728385,0.734532560207399,0.797461288243892,0.862734704085473,
0.92997058350466,1.),.UNSPECIFIED.);
#117=B_SPLINE_CURVE_WITH_KNOTS('',3,(#3442,#3443,#3444,#3445,#3446,#3447,
#3448,#3449,#3450,#3451,#3452),.UNSPECIFIED.,.F.,.F.,(4,1,1,1,1,1,1,1,4),
(0.,0.148142769029447,0.286335390052453,0.415250580757487,0.536957159889972,
0.652778868003495,0.767139894698586,0.881474471383295,1.),.UNSPECIFIED.);
#118=B_SPLINE_CURVE_WITH_KNOTS('',3,(#3454,#3455,#3456,#3457,#3458,#3459,
#3460,#3461,#3462,#3463,#3464),.UNSPECIFIED.,.F.,.F.,(4,1,1,1,1,1,1,1,4),
(0.,0.0674645123794869,0.153259873548344,0.257175514234186,0.378749755950135,
0.515981815932601,0.665261271658426,0.826598048133022,1.),.UNSPECIFIED.);
#119=B_SPLINE_CURVE_WITH_KNOTS('',3,(#3468,#3469,#3470,#3471,#3472,#3473,
#3474,#3475,#3476,#3477,#3478),.UNSPECIFIED.,.F.,.F.,(4,1,1,1,1,1,1,1,4),
(0.,0.1834556156145,0.351097660646143,0.503691261259125,0.640544593895538,
0.760048517594123,0.859163588843279,0.939719212444083,1.),.UNSPECIFIED.);
#120=B_SPLINE_CURVE_WITH_KNOTS('',3,(#3480,#3481,#3482,#3483,#3484,#3485,
#3486,#3487,#3488,#3489,#3490,#3491,#3492,#3493,#3494,#3495,#3496,#3497,
#3498),.UNSPECIFIED.,.F.,.F.,(4,1,1,1,1,1,1,1,1,1,1,1,1,1,1,1,4),(0.,0.0694590085270698,
0.135120942407291,0.197551596440747,0.256741533051591,0.313282640609242,
0.367571818963161,0.420761218764167,0.47297255902041,0.526684004699781,
0.582103592986305,0.642025602809675,0.704682427542158,0.771875828358029,
0.842773773435142,0.919221456994808,1.),.UNSPECIFIED.);
#121=B_SPLINE_CURVE_WITH_KNOTS('',3,(#3510,#3511,#3512,#3513,#3514,#3515,
#3516,#3517,#3518,#3519,#3520),.UNSPECIFIED.,.F.,.F.,(4,1,1,1,1,1,1,1,4),
(0.,0.100260064383315,0.204734618738401,0.315833728915576,0.43446847899149,
0.561494550633069,0.69793279421407,0.84374018495896,1.),.UNSPECIFIED.);
#122=B_SPLINE_CURVE_WITH_KNOTS('',3,(#3524,#3525,#3526,#3527,#3528,#3529,
#3530,#3531,#3532,#3533,#3534,#3535,#3536,#3537,#3538,#3539,#3540,#3541,
#3542),.UNSPECIFIED.,.F.,.F.,(4,1,1,1,1,1,1,1,1,1,1,1,1,1,1,1,4),(0.,0.063497601577712,
0.125920003676053,0.187017382949234,0.247815854289249,0.30812178645072,
0.368230061718378,0.428418942223046,0.489422468011444,0.550466922033757,
0.611374037606571,0.672223233728384,0.734532560207399,0.797461288243892,
0.862734704085471,0.929970583504658,1.),.UNSPECIFIED.);
#123=B_SPLINE_CURVE_WITH_KNOTS('',3,(#3596,#3597,#3598,#3599,#3600,#3601,
#3602,#3603,#3604),.UNSPECIFIED.,.F.,.F.,(4,1,1,1,1,1,4),(0.,0.266860493570893,
0.523530971037339,0.647241736124949,0.768326539081564,0.885692956184445,
1.),.UNSPECIFIED.);
#124=B_SPLINE_CURVE_WITH_KNOTS('',3,(#3622,#3623,#3624,#3625,#3626,#3627,
#3628,#3629,#3630,#3631,#3632,#3633,#3634,#3635,#3636,#3637,#3638,#3639,
#3640),.UNSPECIFIED.,.F.,.F.,(4,1,1,1,1,1,1,1,1,1,1,1,1,1,1,1,4),(0.,0.0700010572227399,
0.136984777916065,0.201313320776926,0.263474674660965,0.324205151840535,
0.383820398628049,0.442901300790795,0.50208464152949,0.560847051375975,
0.619230266446708,0.677919360718984,0.737325045394542,0.798830428310081,
0.862488484468098,0.929450923879242,1.),.UNSPECIFIED.);
#125=B_SPLINE_CURVE_WITH_KNOTS('',3,(#3642,#3643,#3644,#3645,#3646,#3647,
#3648,#3649,#3650,#3651,#3652,#3653,#3654,#3655,#3656,#3657,#3658,#3659,
#3660,#3661,#3662,#3663,#3664,#3665,#3666,#3667,#3668),.UNSPECIFIED.,.F.,
 .F.,(4,1,1,1,1,1,1,1,1,1,1,1,1,1,1,1,1,1,1,1,1,1,1,1,4),(0.,0.0636776638405326,
0.124714941528648,0.183795957783964,0.241487282107935,0.298366486366142,
0.354716035859448,0.411321781988481,0.468723833695311,0.497780595548859,
0.527066939197367,0.556226905737141,0.585985625186679,0.616067663280654,
0.64672955541246,0.678053060894171,0.710012420427444,0.742606222090902,
0.776274795475486,0.810907770787571,0.846502247437676,0.882992919117153,
0.92076909532763,0.959827982412835,1.),.UNSPECIFIED.);
#126=B_SPLINE_CURVE_WITH_KNOTS('',3,(#3672,#3673,#3674,#3675,#3676,#3677,
#3678,#3679,#3680,#3681,#3682,#3683,#3684,#3685,#3686,#3687,#3688,#3689,
#3690),.UNSPECIFIED.,.F.,.F.,(4,1,1,1,1,1,1,1,1,1,1,1,1,1,1,1,4),(0.,0.0668710595502796,
0.130777263264191,0.192373349949407,0.252059242264583,0.310396321661248,
0.368367358985857,0.426524823560263,0.485342937561022,0.544656060478491,
0.604146715964935,0.66459017574884,0.726442541951827,0.790336520829565,
0.856955970186257,0.926687546461885,1.),.UNSPECIFIED.);
#127=B_SPLINE_CURVE_WITH_KNOTS('',3,(#3722,#3723,#3724,#3725,#3726,#3727,
#3728,#3729,#3730,#3731,#3732,#3733,#3734,#3735,#3736,#3737,#3738,#3739,
#3740,#3741,#3742,#3743,#3744),.UNSPECIFIED.,.F.,.F.,(4,1,1,1,1,1,1,1,1,
1,1,1,1,1,1,1,1,1,1,1,4),(0.,0.0977888040244398,0.18636962052916,0.266110108814181,
0.337254833003291,0.370857211767345,0.404902133214017,0.439398970245133,
0.474936046514077,0.511415047375607,0.54945227684508,0.588971042403329,
0.630861987274941,0.673855809034781,0.717234298932608,0.761589126791586,
0.806502240342623,0.852436323442031,0.899971826791827,0.949234243818891,
1.),.UNSPECIFIED.);
#128=B_SPLINE_CURVE_WITH_KNOTS('',3,(#3746,#3747,#3748,#3749,#3750,#3751,
#3752,#3753,#3754,#3755,#3756,#3757,#3758,#3759,#3760,#3761,#3762,#3763,
#3764),.UNSPECIFIED.,.F.,.F.,(4,1,1,1,1,1,1,1,1,1,1,1,1,1,1,1,4),(0.,0.0927460112470073,
0.180041919240624,0.262399361839716,0.341624438620976,0.416793969651521,
0.487093655931804,0.555382462424074,0.622686763520425,0.657742544465023,
0.695955876014055,0.737317161323091,0.782402603990998,0.830872387841485,
0.883287218367142,0.939784419346083,1.),.UNSPECIFIED.);
#129=B_SPLINE_CURVE_WITH_KNOTS('',3,(#3817,#3818,#3819,#3820,#3821,#3822,
#3823,#3824,#3825,#3826,#3827,#3828,#3829,#3830,#3831),.UNSPECIFIED.,.F.,
 .F.,(4,1,1,1,1,1,1,1,1,1,1,1,4),(0.,0.115532871450192,0.220442870110484,
0.316071445722277,0.405206413754925,0.486172859428323,0.557060324318971,
0.61871639676317,0.674282096311847,0.735086421007946,0.808590175057282,
0.897055678029247,1.),.UNSPECIFIED.);
#130=B_SPLINE_CURVE_WITH_KNOTS('',3,(#3840,#3841,#3842,#3843,#3844,#3845,
#3846,#3847,#3848,#3849,#3850,#3851,#3852,#3853,#3854,#3855,#3856,#3857,
#3858),.UNSPECIFIED.,.F.,.F.,(4,1,1,1,1,1,1,1,1,1,1,1,1,1,1,1,4),(0.,0.081135602767551,
0.156634662812933,0.225486505818275,0.289327711855968,0.348354949982377,
0.402762136620937,0.454105394138904,0.503124847285391,0.552530938728037,
0.604122424109042,0.658922878846264,0.717913265251818,0.780693990822676,
0.84857970932345,0.921812548574046,1.),.UNSPECIFIED.);
#131=B_SPLINE_CURVE_WITH_KNOTS('',3,(#3862,#3863,#3864,#3865,#3866,#3867,
#3868,#3869,#3870,#3871,#3872,#3873,#3874,#3875,#3876,#3877,#3878,#3879,
#3880),.UNSPECIFIED.,.F.,.F.,(4,1,1,1,1,1,1,1,1,1,1,1,1,1,1,1,4),(0.,0.0682994961450241,
0.135129371313816,0.20013518722691,0.264171673691164,0.327033312551719,
0.389297362193477,0.451601244231164,0.513664818816506,0.574637655796442,
0.633545820329904,0.69139352255356,0.748971304016599,0.807786350100693,
0.868804590378499,0.932493253650181,1.),.UNSPECIFIED.);
#132=B_SPLINE_CURVE_WITH_KNOTS('',3,(#3885,#3886,#3887,#3888,#3889,#3890,
#3891,#3892,#3893,#3894,#3895,#3896,#3897,#3898,#3899,#3900,#3901,#3902,
#3903),.UNSPECIFIED.,.F.,.F.,(4,1,1,1,1,1,1,1,1,1,1,1,1,1,1,1,4),(0.,0.0668625709670901,
0.129955028451565,0.190668876408223,0.249475476792812,0.30752636903327,
0.365459646890278,0.424959095208655,0.486284783838522,0.548885049138519,
0.611393494290259,0.673832027493478,0.736752608123563,0.800690970506508,
0.865467886324127,0.931831582009946,1.),.UNSPECIFIED.);
#133=B_SPLINE_CURVE_WITH_KNOTS('',3,(#3905,#3906,#3907,#3908,#3909,#3910,
#3911,#3912,#3913,#3914,#3915,#3916,#3917,#3918,#3919,#3920,#3921,#3922,
#3923),.UNSPECIFIED.,.F.,.F.,(4,1,1,1,1,1,1,1,1,1,1,1,1,1,1,1,4),(0.,0.0730404659895596,
0.143293112676776,0.211351227112207,0.277174068340442,0.341514668049364,
0.404449023316312,0.466260162109,0.527644443976213,0.587344869575308,0.645239887229979,
0.701988156128651,0.758430776832163,0.815427442574469,0.87407548677628,
0.935615502273819,1.),.UNSPECIFIED.);
#134=B_SPLINE_CURVE_WITH_KNOTS('',3,(#3925,#3926,#3927,#3928,#3929,#3930,
#3931,#3932,#3933,#3934,#3935,#3936,#3937,#3938,#3939,#3940,#3941,#3942,
#3943),.UNSPECIFIED.,.F.,.F.,(4,1,1,1,1,1,1,1,1,1,1,1,1,1,1,1,4),(0.,0.0647025649264204,
0.126160756306587,0.185472658409912,0.243163387933033,0.299987521596852,
0.357547286823221,0.416070466594279,0.476953561564056,0.539152766703465,
0.601593215708359,0.664394266048988,0.728395027014391,0.793616256241489,
0.860379984565921,0.928952736913914,1.),.UNSPECIFIED.);
#135=B_SPLINE_CURVE_WITH_KNOTS('',3,(#3955,#3956,#3957,#3958,#3959,#3960,
#3961,#3962,#3963,#3964,#3965,#3966,#3967,#3968,#3969,#3970,#3971,#3972,
#3973),.UNSPECIFIED.,.F.,.F.,(4,1,1,1,1,1,1,1,1,1,1,1,1,1,1,1,4),(0.,0.0703197029763382,
0.137304846209706,0.202470817103236,0.265498059406102,0.326720888019117,
0.386297392141743,0.445031994969435,0.503130798091368,0.560424930581471,
0.617126676060833,0.673956305841825,0.7322031168441,0.793492090605006,0.857760688826769,
0.926637098695848,1.),.UNSPECIFIED.);
#136=B_SPLINE_CURVE_WITH_KNOTS('',3,(#3985,#3986,#3987,#3988,#3989,#3990,
#3991,#3992,#3993,#3994,#3995,#3996,#3997,#3998,#3999,#4000,#4001,#4002,
#4003),.UNSPECIFIED.,.F.,.F.,(4,1,1,1,1,1,1,1,1,1,1,1,1,1,1,1,4),(0.,0.070319702976338,
0.137304846209707,0.202470817103237,0.265498059406102,0.326720888019117,
0.386297392141742,0.445031994969436,0.503130798091368,0.560424930581473,
0.617126676060834,0.673956305841826,0.732203116844101,0.793492090605007,
0.857760688826769,0.926637098695848,1.),.UNSPECIFIED.);
#137=B_SPLINE_CURVE_WITH_KNOTS('',3,(#4008,#4009,#4010,#4011,#4012,#4013,
#4014,#4015,#4016,#4017,#4018,#4019,#4020,#4021,#4022,#4023,#4024,#4025,
#4026),.UNSPECIFIED.,.F.,.F.,(4,1,1,1,1,1,1,1,1,1,1,1,1,1,1,1,4),(0.,0.0682994961450242,
0.135129371313816,0.20013518722691,0.264171673691164,0.327033312551719,
0.389297362193478,0.451601244231164,0.513664818816506,0.574637655796443,
0.633545820329904,0.691393522553561,0.7489713040166,0.807786350100693,0.868804590378499,
0.932493253650181,1.),.UNSPECIFIED.);
#138=B_SPLINE_CURVE_WITH_KNOTS('',3,(#4031,#4032,#4033,#4034,#4035,#4036,
#4037,#4038,#4039,#4040,#4041,#4042,#4043,#4044,#4045,#4046,#4047,#4048,
#4049),.UNSPECIFIED.,.F.,.F.,(4,1,1,1,1,1,1,1,1,1,1,1,1,1,1,1,4),(0.,0.0668625709670912,
0.129955028451565,0.190668876408224,0.249475476792812,0.307526369033271,
0.365459646890278,0.424959095208655,0.486284783838522,0.548885049138519,
0.611393494290258,0.673832027493478,0.736752608123563,0.800690970506509,
0.865467886324128,0.931831582009946,1.),.UNSPECIFIED.);
#139=B_SPLINE_CURVE_WITH_KNOTS('',3,(#4051,#4052,#4053,#4054,#4055,#4056,
#4057,#4058,#4059,#4060,#4061,#4062,#4063,#4064,#4065,#4066,#4067,#4068,
#4069),.UNSPECIFIED.,.F.,.F.,(4,1,1,1,1,1,1,1,1,1,1,1,1,1,1,1,4),(0.,0.0730404659895597,
0.143293112676776,0.211351227112207,0.277174068340442,0.341514668049364,
0.404449023316312,0.466260162109001,0.527644443976213,0.587344869575309,
0.645239887229979,0.701988156128651,0.758430776832163,0.81542744257447,
0.87407548677628,0.93561550227382,1.),.UNSPECIFIED.);
#140=B_SPLINE_CURVE_WITH_KNOTS('',3,(#4071,#4072,#4073,#4074,#4075,#4076,
#4077,#4078,#4079,#4080,#4081,#4082,#4083,#4084,#4085,#4086,#4087,#4088,
#4089),.UNSPECIFIED.,.F.,.F.,(4,1,1,1,1,1,1,1,1,1,1,1,1,1,1,1,4),(0.,0.0647025649264204,
0.126160756306588,0.185472658409913,0.243163387933033,0.299987521596851,
0.357547286823222,0.416070466594278,0.476953561564056,0.539152766703465,
0.601593215708359,0.664394266048989,0.728395027014391,0.793616256241489,
0.860379984565922,0.928952736913914,1.),.UNSPECIFIED.);
#141=B_SPLINE_CURVE_WITH_KNOTS('',3,(#4092,#4093,#4094,#4095,#4096,#4097,
#4098,#4099,#4100,#4101,#4102,#4103,#4104,#4105,#4106),.UNSPECIFIED.,.F.,
 .F.,(4,1,1,1,1,1,1,1,1,1,1,1,4),(0.,0.0832456398815086,0.167456117359831,
0.253939569165981,0.348322934843258,0.401211628947536,0.46111628007724,
0.529099534454903,0.605228133214519,0.690431226383117,0.784036991073559,
0.88752972798399,1.),.UNSPECIFIED.);
#142=B_SPLINE_CURVE_WITH_KNOTS('',3,(#4113,#4114,#4115,#4116,#4117,#4118,
#4119,#4120,#4121,#4122,#4123),.UNSPECIFIED.,.F.,.F.,(4,1,1,1,1,1,1,1,4),
(0.,0.155991935854521,0.299729562545884,0.430356968802607,0.552413219613986,
0.666421604307173,0.777047031527306,0.887543583052275,1.),.UNSPECIFIED.);
#143=B_SPLINE_CURVE_WITH_KNOTS('',3,(#4125,#4126,#4127,#4128,#4129,#4130,
#4131,#4132,#4133,#4134,#4135,#4136,#4137,#4138,#4139,#4140,#4141,#4142,
#4143),.UNSPECIFIED.,.F.,.F.,(4,1,1,1,1,1,1,1,1,1,1,1,1,1,1,1,4),(0.,0.0290373493109028,
0.057653099994481,0.0866393631481001,0.117459469850288,0.151372755098097,
0.188676176960176,0.230541836706553,0.276689771951358,0.330380439662139,
0.394186279124226,0.468777228761346,0.553474741300068,0.649148458046693,
0.755118908373219,0.872184075414853,1.),.UNSPECIFIED.);
#144=B_SPLINE_CURVE_WITH_KNOTS('',3,(#4145,#4146,#4147,#4148,#4149,#4150,
#4151,#4152,#4153,#4154,#4155),.UNSPECIFIED.,.F.,.F.,(4,1,1,1,1,1,1,1,4),
(0.,0.167932731181094,0.323332986200157,0.465743444485716,0.595884830895428,
0.714631203896758,0.821110295117815,0.915606529952422,1.),.UNSPECIFIED.);
#145=B_SPLINE_CURVE_WITH_KNOTS('',3,(#4157,#4158,#4159,#4160,#4161,#4162,
#4163,#4164,#4165,#4166,#4167),.UNSPECIFIED.,.F.,.F.,(4,1,1,1,1,1,1,1,4),
(0.,0.152290596797995,0.291541310581294,0.421611156057476,0.541516997374989,
0.65809235897427,0.770517439743732,0.882841433952274,1.),.UNSPECIFIED.);
#146=B_SPLINE_CURVE_WITH_KNOTS('',3,(#4177,#4178,#4179,#4180,#4181,#4182,
#4183,#4184,#4185,#4186,#4187,#4188,#4189,#4190,#4191,#4192,#4193,#4194,
#4195),.UNSPECIFIED.,.F.,.F.,(4,1,1,1,1,1,1,1,1,1,1,1,1,1,1,1,4),(0.,0.0646880498355333,
0.12644035660299,0.18653462123838,0.245305288975164,0.303295118605105,0.361365288675491,
0.420008641980434,0.480133684730331,0.540769802906462,0.601482759834647,
0.662923903301514,0.725576813321503,0.790101065231021,0.856797666398511,
0.926854728565669,1.),.UNSPECIFIED.);
#147=B_SPLINE_CURVE_WITH_KNOTS('',3,(#4208,#4209,#4210,#4211,#4212,#4213,
#4214,#4215,#4216,#4217,#4218,#4219,#4220,#4221,#4222,#4223,#4224,#4225,
#4226),.UNSPECIFIED.,.F.,.F.,(4,1,1,1,1,1,1,1,1,1,1,1,1,1,1,1,4),(0.,0.0824860017306674,
0.161424238400214,0.236418707568775,0.307775087995719,0.375960514955344,
0.441312634214734,0.504487420983862,0.565369080256044,0.62438016309671,
0.68094999931751,0.735604369370062,0.789225569425682,0.842088970504096,
0.894294562635633,0.946760533400525,1.),.UNSPECIFIED.);
#148=B_SPLINE_CURVE_WITH_KNOTS('',3,(#4228,#4229,#4230,#4231,#4232,#4233,
#4234,#4235,#4236,#4237,#4238,#4239,#4240,#4241,#4242,#4243,#4244,#4245,
#4246),.UNSPECIFIED.,.F.,.F.,(4,1,1,1,1,1,1,1,1,1,1,1,1,1,1,1,4),(0.,0.0736912414604504,
0.144271450236926,0.212395151943781,0.278337348082896,0.342581685946323,
0.406290424963041,0.469489577152114,0.533179374964601,0.595567681476995,
0.655787106795074,0.713785692089734,0.770343459969916,0.827105654183605,
0.883893349945963,0.940884647302332,1.),.UNSPECIFIED.);
#149=B_SPLINE_CURVE_WITH_KNOTS('',3,(#4248,#4249,#4250,#4251,#4252,#4253,
#4254,#4255,#4256,#4257,#4258,#4259,#4260,#4261,#4262,#4263,#4264,#4265,
#4266),.UNSPECIFIED.,.F.,.F.,(4,1,1,1,1,1,1,1,1,1,1,1,1,1,1,1,4),(0.,0.0589412449232472,
0.116481611602282,0.173396734355258,0.23151102434927,0.291253316232734,
0.354865981242719,0.422482953761544,0.496296485939453,0.537855869415041,
0.585029536301756,0.638982328710023,0.698857567660643,0.764523988040265,
0.836566960568111,0.915427799403848,1.),.UNSPECIFIED.);
#150=B_SPLINE_CURVE_WITH_KNOTS('',3,(#4268,#4269,#4270,#4271,#4272,#4273,
#4274,#4275,#4276,#4277,#4278),.UNSPECIFIED.,.F.,.F.,(4,1,1,1,1,1,1,1,4),
(0.,0.166968464352474,0.322154770740363,0.465582855468162,0.596063212322201,
0.715126881702004,0.822254425538386,0.916864629238754,1.),.UNSPECIFIED.);
#151=B_SPLINE_CURVE_WITH_KNOTS('',3,(#4280,#4281,#4282,#4283,#4284,#4285,
#4286,#4287,#4288,#4289,#4290,#4291,#4292,#4293,#4294,#4295,#4296,#4297,
#4298),.UNSPECIFIED.,.F.,.F.,(4,1,1,1,1,1,1,1,1,1,1,1,1,1,1,1,4),(0.,0.0716586137249417,
0.140391344725134,0.206986942755392,0.271091798792474,0.333674726270424,
0.393876591197101,0.453708892883469,0.511868619153431,0.569573129474322,
0.628014444527739,0.686527437427051,0.745773076236213,0.806693011451153,
0.869071889447543,0.93317402103846,1.),.UNSPECIFIED.);
#152=B_SPLINE_CURVE_WITH_KNOTS('',3,(#4302,#4303,#4304,#4305,#4306,#4307,
#4308,#4309,#4310,#4311,#4312),.UNSPECIFIED.,.F.,.F.,(4,1,1,1,1,1,1,1,4),
(0.,0.122370545104719,0.242956191736372,0.36316371298452,0.484369377340737,
0.608097638735023,0.734828842826296,0.865192143040283,1.),.UNSPECIFIED.);
#153=B_SPLINE_CURVE_WITH_KNOTS('',3,(#4326,#4327,#4328,#4329,#4330,#4331,
#4332,#4333,#4334,#4335,#4336,#4337,#4338,#4339,#4340,#4341,#4342,#4343,
#4344),.UNSPECIFIED.,.F.,.F.,(4,1,1,1,1,1,1,1,1,1,1,1,1,1,1,1,4),(0.,0.0808644690903006,
0.157115594445389,0.229743416204971,0.298582308214426,0.364739391119604,
0.427956898212427,0.489964476267039,0.550681639421454,0.610041893982983,
0.667329794201636,0.722780761079152,0.777439999833064,0.831405325134073,
0.886332051670951,0.941920154820412,1.),.UNSPECIFIED.);
#154=B_SPLINE_CURVE_WITH_KNOTS('',3,(#4346,#4347,#4348,#4349,#4350,#4351,
#4352,#4353,#4354,#4355,#4356),.UNSPECIFIED.,.F.,.F.,(4,1,1,1,1,1,1,1,4),
(0.,0.132218685286679,0.256361128084286,0.372803371350809,0.487382344890856,
0.603013963876877,0.725796230690294,0.857054838379639,1.),.UNSPECIFIED.);
#155=B_SPLINE_CURVE_WITH_KNOTS('',3,(#4360,#4361,#4362,#4363,#4364,#4365,
#4366,#4367,#4368,#4369,#4370,#4371,#4372,#4373,#4374,#4375,#4376,#4377,
#4378),.UNSPECIFIED.,.F.,.F.,(4,1,1,1,1,1,1,1,1,1,1,1,1,1,1,1,4),(0.,0.072083863761324,
0.139834858884127,0.203373507318061,0.26227292709317,0.316568483968178,
0.36678552397776,0.412510556204051,0.454319953623395,0.53026903469213,0.601256372992762,
0.667358638012153,0.73067312496038,0.793469556083753,0.858364700996941,
0.926887249534092,1.),.UNSPECIFIED.);
#156=B_SPLINE_CURVE_WITH_KNOTS('',3,(#4379,#4380,#4381,#4382,#4383,#4384,
#4385,#4386,#4387,#4388,#4389),.UNSPECIFIED.,.F.,.F.,(4,1,1,1,1,1,1,1,4),
(0.,0.128951519337265,0.251805531319736,0.368233075565421,0.48051934857194,
0.595005856942998,0.719304588997012,0.854091973472125,1.),.UNSPECIFIED.);
#157=B_SPLINE_CURVE_WITH_KNOTS('',3,(#4400,#4401,#4402,#4403,#4404,#4405,
#4406,#4407,#4408,#4409,#4410,#4411,#4412,#4413,#4414,#4415,#4416,#4417,
#4418),.UNSPECIFIED.,.F.,.F.,(4,1,1,1,1,1,1,1,1,1,1,1,1,1,1,1,4),(0.,0.0900210469999542,
0.174483405312266,0.253956184994383,0.328828529671522,0.399211721520069,
0.465305632559434,0.527652655311531,0.586418000514706,0.642691873266579,
0.696595403137273,0.748794548557368,0.799727560166751,0.849865900781103,
0.899703591001113,0.949281893162204,1.),.UNSPECIFIED.);
#158=B_SPLINE_CURVE_WITH_KNOTS('',3,(#4420,#4421,#4422,#4423,#4424,#4425,
#4426,#4427,#4428,#4429,#4430,#4431,#4432,#4433,#4434,#4435,#4436,#4437,
#4438,#4439,#4440,#4441,#4442,#4443,#4444,#4445,#4446),.UNSPECIFIED.,.F.,
 .F.,(4,1,1,1,1,1,1,1,1,1,1,1,1,1,1,1,1,1,1,1,1,1,1,1,4),(0.,0.031813676021234,
0.0634420743370729,0.0944791687111317,0.12508769382177,0.156220223457285,
0.187510568770407,0.219133657486872,0.251427547318343,0.284504048881216,
0.317870346031394,0.352713735681404,0.388581427378877,0.42589320807409,
0.464666034088853,0.505375476844643,0.54787295764384,0.592946325004169,
0.640664199846016,0.691912430881905,0.746426068703299,0.804362321711708,
0.866103786940021,0.931068316004647,1.),.UNSPECIFIED.);
#159=B_SPLINE_CURVE_WITH_KNOTS('',3,(#4448,#4449,#4450,#4451,#4452,#4453,
#4454,#4455,#4456,#4457,#4458,#4459,#4460,#4461,#4462,#4463,#4464,#4465,
#4466,#4467,#4468,#4469,#4470,#4471,#4472,#4473,#4474),.UNSPECIFIED.,.F.,
 .F.,(4,1,1,1,1,1,1,1,1,1,1,1,1,1,1,1,1,1,1,1,1,1,1,1,4),(0.,0.0761816030356794,
0.147429881184349,0.21346076385853,0.274663298819178,0.331068587494249,
0.382742941999327,0.429912438588598,0.47226872231889,0.511659266075768,
0.549495779321296,0.585640385715964,0.620119840420955,0.654041172212293,
0.686697047114958,0.718790431790315,0.750344335487752,0.781578507541422,
0.812268818882282,0.84294304093693,0.873645860338009,0.904496603045597,
0.935545836035033,0.96751421332118,1.),.UNSPECIFIED.);
#160=B_SPLINE_CURVE_WITH_KNOTS('',3,(#4492,#4493,#4494,#4495,#4496,#4497,
#4498,#4499,#4500,#4501,#4502),.UNSPECIFIED.,.F.,.F.,(4,1,1,1,1,1,1,1,4),
(0.,0.169714998648312,0.316147300590515,0.444467970314912,0.557532163342069,
0.662312873892252,0.767968595129117,0.879371647772891,1.),.UNSPECIFIED.);
#161=B_SPLINE_CURVE_WITH_KNOTS('',3,(#4510,#4511,#4512,#4513,#4514,#4515,
#4516,#4517,#4518,#4519,#4520,#4521,#4522,#4523,#4524,#4525,#4526,#4527,
#4528),.UNSPECIFIED.,.F.,.F.,(4,1,1,1,1,1,1,1,1,1,1,1,1,1,1,1,4),(0.,0.0698700570061745,
0.137882877085083,0.203159312773745,0.266275209806973,0.328247989873761,
0.388582070179884,0.447153390363692,0.505473977089325,0.563387043150312,
0.62168986043084,0.68139504537555,0.741714403469009,0.80381841370195,0.866992915268809,
0.932511539712855,1.),.UNSPECIFIED.);
#162=B_SPLINE_CURVE_WITH_KNOTS('',3,(#4530,#4531,#4532,#4533,#4534,#4535,
#4536,#4537,#4538,#4539,#4540,#4541,#4542,#4543,#4544,#4545,#4546,#4547,
#4548,#4549,#4550,#4551,#4552,#4553,#4554,#4555,#4556),.UNSPECIFIED.,.F.,
 .F.,(4,1,1,1,1,1,1,1,1,1,1,1,1,1,1,1,1,1,1,1,1,1,1,1,4),(0.,0.0422144507993221,
0.0835691538220375,0.124271097581271,0.164414397544642,0.204538378493476,
0.244523633355164,0.284557335635506,0.325049195229082,0.365385176432176,
0.404988060390385,0.444304396244065,0.483489040768604,0.522731354628571,
0.562081365447322,0.601843001876635,0.642262193031401,0.683189721754555,
0.725057608076259,0.767580108589064,0.811351510681624,0.856119030573347,
0.902497139581499,0.950416923513108,1.),.UNSPECIFIED.);
#163=B_SPLINE_CURVE_WITH_KNOTS('',3,(#4558,#4559,#4560,#4561,#4562,#4563,
#4564,#4565,#4566,#4567,#4568,#4569,#4570,#4571,#4572,#4573,#4574,#4575,
#4576),.UNSPECIFIED.,.F.,.F.,(4,1,1,1,1,1,1,1,1,1,1,1,1,1,1,1,4),(0.,0.0703118349826628,
0.137896212847873,0.203233584725677,0.266940643792075,0.329229412770531,
0.391269164503889,0.453497833501395,0.516543069663058,0.579272095196254,
0.640010734490448,0.699305379172111,0.758193541598112,0.817024285155517,
0.876487646513758,0.9372863697458,1.),.UNSPECIFIED.);
#164=B_SPLINE_CURVE_WITH_KNOTS('',3,(#4584,#4585,#4586,#4587,#4588,#4589,
#4590,#4591,#4592,#4593,#4594),.UNSPECIFIED.,.F.,.F.,(4,1,1,1,1,1,1,1,4),
(0.,0.140803239818164,0.274774109477633,0.403792898457538,0.527753981374468,
0.648462191378015,0.766313091775216,0.883743181461076,1.),.UNSPECIFIED.);
#165=B_SPLINE_CURVE_WITH_KNOTS('',3,(#4598,#4599,#4600,#4601,#4602,#4603,
#4604,#4605,#4606,#4607,#4608),.UNSPECIFIED.,.F.,.F.,(4,1,1,1,1,1,1,1,4),
(0.,0.121927316908833,0.24114600367517,0.35977686157469,0.479282469884318,
0.601833666842319,0.727996261249033,0.860383130024,1.),.UNSPECIFIED.);
#166=B_SPLINE_CURVE_WITH_KNOTS('',3,(#4612,#4613,#4614,#4615,#4616,#4617,
#4618,#4619,#4620,#4621,#4622),.UNSPECIFIED.,.F.,.F.,(4,1,1,1,1,1,1,1,4),
(0.,0.136933537411017,0.26676982872763,0.392110860285246,0.514062879699696,
0.63373924304077,0.753473507298835,0.875157638046814,1.),.UNSPECIFIED.);
#167=B_SPLINE_CURVE_WITH_KNOTS('',3,(#4624,#4625,#4626,#4627,#4628,#4629,
#4630,#4631,#4632,#4633,#4634),.UNSPECIFIED.,.F.,.F.,(4,1,1,1,1,1,1,1,4),
(0.,0.112211047715698,0.226428735316974,0.34276566025332,0.463256148009506,
0.588663959225505,0.719415871793575,0.856085035037458,1.),.UNSPECIFIED.);
#168=B_SPLINE_CURVE_WITH_KNOTS('',3,(#4636,#4637,#4638,#4639,#4640,#4641,
#4642,#4643,#4644,#4645,#4646),.UNSPECIFIED.,.F.,.F.,(4,1,1,1,1,1,1,1,4),
(0.,0.1415256097997,0.276708195983895,0.406661121295616,0.531337276372359,
0.65195400553681,0.769440514957137,0.885433421267158,1.),.UNSPECIFIED.);
#169=B_SPLINE_CURVE_WITH_KNOTS('',3,(#4648,#4649,#4650,#4651,#4652,#4653,
#4654,#4655,#4656,#4657,#4658),.UNSPECIFIED.,.F.,.F.,(4,1,1,1,1,1,1,1,4),
(0.,0.136656619682789,0.266825694312912,0.392287170753794,0.513680397709517,
0.633546264608512,0.753412131507506,0.875234880289767,1.),.UNSPECIFIED.);
#170=B_SPLINE_CURVE_WITH_KNOTS('',3,(#4660,#4661,#4662,#4663,#4664,#4665,
#4666,#4667,#4668,#4669,#4670,#4671,#4672,#4673,#4674,#4675,#4676,#4677,
#4678),.UNSPECIFIED.,.F.,.F.,(4,1,1,1,1,1,1,1,1,1,1,1,1,1,1,1,4),(0.,0.078067823626455,
0.153328562206188,0.22565148245694,0.295248564695886,0.363524572118919,
0.430810405973796,0.497076339119028,0.563422889600712,0.627717533348238,
0.687787201130217,0.744590911428357,0.798354218492459,0.850136719184425,
0.90008600520225,0.950189633160211,1.),.UNSPECIFIED.);
#171=B_SPLINE_CURVE_WITH_KNOTS('',3,(#4689,#4690,#4691,#4692,#4693,#4694,
#4695,#4696,#4697,#4698,#4699),.UNSPECIFIED.,.F.,.F.,(4,1,1,1,1,1,1,1,4),
(0.,0.113920769989681,0.229262892442824,0.346742744550916,0.467790180008946,
0.592932358848762,0.722802821019711,0.858112904169613,1.),.UNSPECIFIED.);
#172=B_SPLINE_CURVE_WITH_KNOTS('',3,(#4702,#4703,#4704,#4705,#4706,#4707,
#4708,#4709,#4710,#4711,#4712,#4713,#4714,#4715,#4716,#4717,#4718,#4719,
#4720,#4721,#4722,#4723,#4724,#4725,#4726,#4727,#4728),.UNSPECIFIED.,.F.,
 .F.,(4,1,1,1,1,1,1,1,1,1,1,1,1,1,1,1,1,1,1,1,1,1,1,1,4),(0.,0.0593404229603548,
0.116366968050402,0.171763537638372,0.225325867317514,0.276921054419475,
0.326920208347766,0.375739132867246,0.422945190408051,0.468584685930919,
0.5120022171157,0.553479082609622,0.592872074955069,0.630927276515691,0.66700846579402,
0.702190097660386,0.736304113863915,0.769795275622571,0.802538179413815,
0.835123033469596,0.867353272197221,0.899993186877023,0.932666093392753,
0.966119702980011,1.),.UNSPECIFIED.);
#173=B_SPLINE_CURVE_WITH_KNOTS('',3,(#4730,#4731,#4732,#4733,#4734,#4735,
#4736,#4737,#4738,#4739,#4740,#4741,#4742,#4743,#4744,#4745,#4746,#4747,
#4748,#4749,#4750,#4751,#4752,#4753,#4754,#4755,#4756),.UNSPECIFIED.,.F.,
 .F.,(4,1,1,1,1,1,1,1,1,1,1,1,1,1,1,1,1,1,1,1,1,1,1,1,4),(0.,0.032639720256038,
0.0648553439607735,0.0965401961983383,0.128279256948142,0.159533002672795,
0.191576546271629,0.223790727754821,0.256681433764041,0.290483350344164,
0.325623657161028,0.362128385115197,0.400476584705395,0.440807720802785,
0.483117806507034,0.527696176002252,0.574807143275934,0.62361441478725,
0.673076973709665,0.723942695424265,0.776192575032311,0.829822076115892,
0.884662045549279,0.941459712017755,1.),.UNSPECIFIED.);
#174=B_SPLINE_CURVE_WITH_KNOTS('',3,(#4758,#4759,#4760,#4761,#4762,#4763,
#4764,#4765,#4766,#4767,#4768,#4769,#4770,#4771,#4772,#4773,#4774,#4775,
#4776,#4777,#4778,#4779,#4780,#4781,#4782,#4783,#4784),.UNSPECIFIED.,.F.,
 .F.,(4,1,1,1,1,1,1,1,1,1,1,1,1,1,1,1,1,1,1,1,1,1,1,1,4),(0.,0.0585951846070694,
0.115151675947021,0.170060805116129,0.223418570254638,0.275089415763551,
0.325224472051172,0.374097668785163,0.421738445412648,0.467692955936828,
0.511539055490721,0.553292747478831,0.59311279731656,0.631422221140123,
0.66817525214485,0.703827585363108,0.738436106377282,0.772195622551784,
0.805215628453586,0.837822885606109,0.869903150865213,0.902009253739792,
0.93451179608693,0.966892217392277,1.),.UNSPECIFIED.);
#175=B_SPLINE_CURVE_WITH_KNOTS('',3,(#4786,#4787,#4788,#4789,#4790,#4791,
#4792,#4793,#4794,#4795,#4796),.UNSPECIFIED.,.F.,.F.,(4,1,1,1,1,1,1,1,4),
(0.,0.125849152625627,0.247872220438698,0.36785406498496,0.48799318299483,
0.608862698172351,0.733796183463768,0.863485354759447,1.),.UNSPECIFIED.);
#176=B_SPLINE_CURVE_WITH_KNOTS('',3,(#4803,#4804,#4805,#4806,#4807,#4808,
#4809,#4810,#4811,#4812,#4813,#4814,#4815,#4816,#4817,#4818,#4819,#4820,
#4821),.UNSPECIFIED.,.F.,.F.,(4,1,1,1,1,1,1,1,1,1,1,1,1,1,1,1,4),(0.,0.0443872042551837,
0.0875702189664963,0.130244099814892,0.173175926657728,0.216567153833305,
0.262176160648699,0.310234045214146,0.36143812592899,0.416998223633878,
0.4784544140402,0.546418526171614,0.621858615968021,0.7047446632795,0.795121413877034,
0.893244040138378,1.),.UNSPECIFIED.);
#177=B_SPLINE_CURVE_WITH_KNOTS('',3,(#4823,#4824,#4825,#4826,#4827,#4828,
#4829,#4830,#4831,#4832,#4833,#4834,#4835,#4836,#4837,#4838,#4839,#4840,
#4841),.UNSPECIFIED.,.F.,.F.,(4,1,1,1,1,1,1,1,1,1,1,1,1,1,1,1,4),(0.,0.104354570138117,
0.200526691940031,0.288703878219117,0.370622725939952,0.444925990975485,
0.512135049713073,0.573496786786155,0.629316170003451,0.680915005597009,
0.729641789507808,0.775671632100154,0.820339939450109,0.864641975276945,
0.908398654588208,0.953778042790138,1.),.UNSPECIFIED.);
#178=B_SPLINE_CURVE_WITH_KNOTS('',3,(#4843,#4844,#4845,#4846,#4847,#4848,
#4849,#4850,#4851,#4852,#4853,#4854,#4855,#4856,#4857,#4858,#4859,#4860,
#4861),.UNSPECIFIED.,.F.,.F.,(4,1,1,1,1,1,1,1,1,1,1,1,1,1,1,1,4),(0.,0.0459121046595426,
0.0905473015613641,0.135075709459726,0.180551207571874,0.22837874430556,
0.277933661695655,0.330386647492609,0.387220799440748,0.44727456192437,
0.510859874707464,0.579436906342712,0.652439833114785,0.730494448347952,
0.814599803116744,0.904361518296515,1.),.UNSPECIFIED.);
#179=B_SPLINE_CURVE_WITH_KNOTS('',3,(#4866,#4867,#4868,#4869,#4870,#4871,
#4872,#4873,#4874,#4875),.UNSPECIFIED.,.F.,.F.,(4,2,2,2,4),(0.,0.25,0.5,
0.75,1.),.UNSPECIFIED.);
#180=B_SPLINE_CURVE_WITH_KNOTS('',3,(#4878,#4879,#4880,#4881,#4882,#4883,
#4884,#4885,#4886,#4887),.UNSPECIFIED.,.F.,.F.,(4,2,2,2,4),(0.,0.25,0.5,
0.75,1.),.UNSPECIFIED.);
#181=B_SPLINE_CURVE_WITH_KNOTS('',3,(#4889,#4890,#4891,#4892,#4893,#4894,
#4895,#4896,#4897,#4898),.UNSPECIFIED.,.F.,.F.,(4,2,2,2,4),(0.,0.25,0.5,
0.75,1.),.UNSPECIFIED.);
#182=B_SPLINE_CURVE_WITH_KNOTS('',3,(#4900,#4901,#4902,#4903,#4904,#4905,
#4906,#4907,#4908,#4909),.UNSPECIFIED.,.F.,.F.,(4,2,2,2,4),(0.,0.25,0.5,
0.75,1.),.UNSPECIFIED.);
#183=B_SPLINE_CURVE_WITH_KNOTS('',3,(#4911,#4912,#4913,#4914,#4915,#4916,
#4917,#4918,#4919,#4920),.UNSPECIFIED.,.F.,.F.,(4,2,2,2,4),(0.,0.25,0.5,
0.75,1.),.UNSPECIFIED.);
#184=B_SPLINE_CURVE_WITH_KNOTS('',3,(#4923,#4924,#4925,#4926,#4927,#4928,
#4929,#4930,#4931,#4932),.UNSPECIFIED.,.F.,.F.,(4,2,2,2,4),(0.,0.25,0.5,
0.75,1.),.UNSPECIFIED.);
#185=B_SPLINE_CURVE_WITH_KNOTS('',3,(#4934,#4935,#4936,#4937,#4938,#4939,
#4940,#4941,#4942,#4943),.UNSPECIFIED.,.F.,.F.,(4,2,2,2,4),(0.,0.25,0.5,
0.75,1.),.UNSPECIFIED.);
#186=B_SPLINE_CURVE_WITH_KNOTS('',3,(#4945,#4946,#4947,#4948,#4949,#4950,
#4951,#4952,#4953,#4954),.UNSPECIFIED.,.F.,.F.,(4,2,2,2,4),(0.,0.25,0.5,
0.75,1.),.UNSPECIFIED.);
#187=B_SPLINE_CURVE_WITH_KNOTS('',3,(#4965,#4966,#4967,#4968,#4969,#4970,
#4971,#4972,#4973,#4974,#4975,#4976,#4977,#4978,#4979),.UNSPECIFIED.,.F.,
 .F.,(4,1,1,1,1,1,1,1,1,1,1,1,4),(0.,0.0988364553373219,0.201739731595688,
0.310499504326074,0.427257148778521,0.488297722511808,0.552333056670083,
0.618436346590312,0.687660619868326,0.760186069687884,0.835857953853026,
0.916173977316258,1.),.UNSPECIFIED.);
#188=B_SPLINE_CURVE_WITH_KNOTS('',3,(#4981,#4982,#4983,#4984,#4985,#4986,
#4987,#4988,#4989,#4990,#4991,#4992,#4993,#4994,#4995,#4996,#4997,#4998,
#4999),.UNSPECIFIED.,.F.,.F.,(4,1,1,1,1,1,1,1,1,1,1,1,1,1,1,1,4),(0.,0.0584155500385406,
0.115313325741825,0.171015137439758,0.226270180641328,0.281752603457993,
0.338047586248706,0.395715578554714,0.45503149077462,0.515589878637935,
0.576977872114699,0.639832462049144,0.704772583525012,0.773077896545472,
0.844357990330277,0.920085993174613,1.),.UNSPECIFIED.);
#189=B_SPLINE_CURVE_WITH_KNOTS('',3,(#5001,#5002,#5003,#5004,#5005,#5006,
#5007,#5008,#5009,#5010,#5011,#5012,#5013,#5014,#5015,#5016,#5017,#5018,
#5019),.UNSPECIFIED.,.F.,.F.,(4,1,1,1,1,1,1,1,1,1,1,1,1,1,1,1,4),(0.,0.0720699711563186,
0.140980075976221,0.207435250208196,0.271595732787916,0.334321336868235,
0.395994907840888,0.456821134564777,0.517579823472726,0.577880653609252,
0.63658691938734,0.694406806677813,0.752399522528059,0.81147182089867,0.87194793679534,
0.934666381177485,1.),.UNSPECIFIED.);
#190=B_SPLINE_CURVE_WITH_KNOTS('',3,(#5021,#5022,#5023,#5024,#5025,#5026,
#5027,#5028,#5029,#5030,#5031),.UNSPECIFIED.,.F.,.F.,(4,1,1,1,1,1,1,1,4),
(0.,0.146402706655435,0.284124134666122,0.41468752149808,0.540279423556389,
0.661682890640505,0.777457091920707,0.889737938782981,1.),.UNSPECIFIED.);
#191=B_SPLINE_CURVE_WITH_KNOTS('',3,(#5037,#5038,#5039,#5040,#5041,#5042,
#5043,#5044,#5045,#5046,#5047,#5048,#5049,#5050,#5051,#5052,#5053,#5054,
#5055),.UNSPECIFIED.,.F.,.F.,(4,1,1,1,1,1,1,1,1,1,1,1,1,1,1,1,4),(0.,0.0799139328071749,
0.153898346205447,0.223422828943204,0.28875811278541,0.350291572927764,
0.408744987664234,0.466018963152952,0.52168399850892,0.577381618034086,
0.633106793897761,0.689578322327943,0.747272319880371,0.806352700691368,
0.868114813760945,0.932355785602265,1.),.UNSPECIFIED.);
#192=B_SPLINE_CURVE_WITH_KNOTS('',3,(#5061,#5062,#5063,#5064,#5065,#5066,
#5067,#5068,#5069,#5070,#5071),.UNSPECIFIED.,.F.,.F.,(4,1,1,1,1,1,1,1,4),
(0.,0.106478298364924,0.219401618322695,0.338516235688037,0.465384555911154,
0.596862526804818,0.729546267684974,0.863847350261602,1.),.UNSPECIFIED.);
#193=B_SPLINE_CURVE_WITH_KNOTS('',3,(#5073,#5074,#5075,#5076,#5077,#5078,
#5079,#5080,#5081,#5082,#5083,#5084,#5085,#5086,#5087,#5088,#5089,#5090,
#5091,#5092,#5093,#5094,#5095,#5096,#5097,#5098,#5099),.UNSPECIFIED.,.F.,
 .F.,(4,1,1,1,1,1,1,1,1,1,1,1,1,1,1,1,1,1,1,1,1,1,1,1,4),(0.,0.0509793122304702,
0.0997596485577879,0.146053559981242,0.190294894223458,0.232237054596714,
0.271975350203083,0.309899210380554,0.346128140993576,0.380535366230026,
0.413696619360868,0.445257017804333,0.476004518427648,0.505788048727519,
0.534888679637257,0.563769446129083,0.592693136013117,0.649655955143676,
0.704636974929261,0.75736850346493,0.808519549726681,0.858098404754907,
0.906325749170523,0.953725498053614,1.),.UNSPECIFIED.);
#194=B_SPLINE_CURVE_WITH_KNOTS('',3,(#5102,#5103,#5104,#5105,#5106,#5107,
#5108,#5109,#5110,#5111,#5112,#5113,#5114,#5115,#5116,#5117,#5118,#5119,
#5120),.UNSPECIFIED.,.F.,.F.,(4,1,1,1,1,1,1,1,1,1,1,1,1,1,1,1,4),(0.,0.069215107328554,
0.135664564377382,0.19967715811841,0.261303722592051,0.322494977932068,
0.382695279949001,0.442261855950222,0.503826421852359,0.565576796725993,
0.626140754564256,0.685530765279189,0.745861761174929,0.807037412471511,
0.869387842458483,0.933582877581155,1.),.UNSPECIFIED.);
#195=B_SPLINE_CURVE_WITH_KNOTS('',3,(#5125,#5126,#5127,#5128,#5129,#5130,
#5131,#5132,#5133,#5134,#5135,#5136,#5137,#5138,#5139,#5140,#5141,#5142,
#5143),.UNSPECIFIED.,.F.,.F.,(4,1,1,1,1,1,1,1,1,1,1,1,1,1,1,1,4),(0.,0.0794029143640562,
0.153368854667391,0.223811007118167,0.290563871380078,0.354325025759581,
0.416120945769532,0.477439670066573,0.538284883614832,0.598024512022019,
0.656572131351293,0.713443929063314,0.77002893622113,0.826577992292445,
0.883162999450261,0.940780831042204,1.),.UNSPECIFIED.);
#196=B_SPLINE_CURVE_WITH_KNOTS('',3,(#5145,#5146,#5147,#5148,#5149,#5150,
#5151,#5152,#5153,#5154,#5155,#5156,#5157,#5158,#5159,#5160,#5161,#5162,
#5163),.UNSPECIFIED.,.F.,.F.,(4,1,1,1,1,1,1,1,1,1,1,1,1,1,1,1,4),(0.,0.0647836417129053,
0.126420534188024,0.18524396421302,0.24276048717517,0.298691241167393,0.354929828103256,
0.411715243641527,0.470202282611231,0.529962875126654,0.590235945497475,
0.652479489560894,0.716698562081755,0.782676043273099,0.852015814619596,
0.924000077247286,1.),.UNSPECIFIED.);
#197=B_SPLINE_CURVE_WITH_KNOTS('',3,(#5173,#5174,#5175,#5176,#5177,#5178,
#5179,#5180,#5181,#5182,#5183,#5184,#5185,#5186,#5187,#5188,#5189,#5190,
#5191),.UNSPECIFIED.,.F.,.F.,(4,1,1,1,1,1,1,1,1,1,1,1,1,1,1,1,4),(0.,0.0496610710009961,
0.100605618382136,0.152661050017048,0.205843281853959,0.261167760068307,
0.318147102124597,0.377482598954098,0.43893993656986,0.501463356195369,
0.564666302244364,0.629470618787697,0.696150406972167,0.765944009940825,
0.839476680424792,0.917541619585859,1.),.UNSPECIFIED.);
#198=B_SPLINE_CURVE_WITH_KNOTS('',3,(#5199,#5200,#5201,#5202,#5203,#5204,
#5205,#5206,#5207,#5208,#5209,#5210,#5211,#5212,#5213,#5214,#5215,#5216,
#5217),.UNSPECIFIED.,.F.,.F.,(4,1,1,1,1,1,1,1,1,1,1,1,1,1,1,1,4),(0.,0.0687035447228694,
0.13423448307445,0.196993402110656,0.257696488364528,0.316829260155424,
0.375231362581543,0.433527606632799,0.492621771787132,0.552182562893321,
0.61202423604798,0.672340735870018,0.733981377006192,0.797027390156702,
0.86217411757248,0.929794605880887,1.),.UNSPECIFIED.);
#199=B_SPLINE_CURVE_WITH_KNOTS('',3,(#5219,#5220,#5221,#5222,#5223,#5224,
#5225,#5226,#5227,#5228,#5229,#5230,#5231,#5232,#5233,#5234,#5235,#5236,
#5237),.UNSPECIFIED.,.F.,.F.,(4,1,1,1,1,1,1,1,1,1,1,1,1,1,1,1,4),(0.,0.075923287448039,
0.148073740135129,0.217122653315219,0.283089767376899,0.346388685930168,
0.407773038965105,0.467888504115772,0.526881532897167,0.584665416123195,
0.641254814732383,0.697305740877647,0.753754525201004,0.811687565343578,
0.871449995604131,0.933985599796996,1.),.UNSPECIFIED.);
#200=B_SPLINE_CURVE_WITH_KNOTS('',3,(#5239,#5240,#5241,#5242,#5243,#5244,
#5245,#5246,#5247,#5248,#5249,#5250,#5251,#5252,#5253,#5254,#5255,#5256,
#5257),.UNSPECIFIED.,.F.,.F.,(4,1,1,1,1,1,1,1,1,1,1,1,1,1,1,1,4),(0.,0.0714333750608482,
0.139383517745348,0.204622673386595,0.267687377551823,0.329463670235006,
0.390068131054667,0.450693139574286,0.512071645024976,0.573149867183269,
0.633051512580842,0.692730961270288,0.751934471393045,0.811836116790619,
0.872914338948912,0.93550326152441,1.),.UNSPECIFIED.);
#201=B_SPLINE_CURVE_WITH_KNOTS('',3,(#5265,#5266,#5267,#5268,#5269,#5270,
#5271,#5272,#5273,#5274,#5275,#5276,#5277,#5278,#5279,#5280,#5281,#5282,
#5283),.UNSPECIFIED.,.F.,.F.,(4,1,1,1,1,1,1,1,1,1,1,1,1,1,1,1,4),(0.,0.0582178944485138,
0.113950613847667,0.167456485693919,0.21954915947511,0.271912120416,0.325241027061233,
0.380462561787007,0.438390928878666,0.499260291427486,0.561560239836297,
0.626656117805895,0.694607266826469,0.765700263474958,0.840119405814702,
0.918136941860049,1.),.UNSPECIFIED.);
#202=B_SPLINE_CURVE_WITH_KNOTS('',3,(#5289,#5290,#5291,#5292,#5293,#5294,
#5295,#5296,#5297,#5298,#5299,#5300,#5301,#5302,#5303,#5304,#5305,#5306,
#5307),.UNSPECIFIED.,.F.,.F.,(4,1,1,1,1,1,1,1,1,1,1,1,1,1,1,1,4),(0.,0.0658523845133622,
0.128608126799002,0.188871410389845,0.246741358358814,0.304682314500064,
0.361792776945698,0.419425399153042,0.478358130973633,0.538445709999935,
0.598760955905749,0.660345121044089,0.723486558477574,0.788750576823461,
0.856253270266247,0.92674137455359,1.),.UNSPECIFIED.);
#203=B_SPLINE_CURVE_WITH_KNOTS('',3,(#5315,#5316,#5317,#5318,#5319,#5320,
#5321,#5322,#5323,#5324,#5325,#5326,#5327,#5328,#5329,#5330,#5331,#5332,
#5333),.UNSPECIFIED.,.F.,.F.,(4,1,1,1,1,1,1,1,1,1,1,1,1,1,1,1,4),(0.,0.0657229497349055,
0.128714841475978,0.189478071272203,0.248530626754726,0.306852467194177,
0.364913557402035,0.422776379391957,0.481768247105167,0.541158502928172,
0.600527813500721,0.660976654504487,0.722856209129978,0.787399836674474,
0.854527795536362,0.925461648939605,1.),.UNSPECIFIED.);
#204=B_SPLINE_CURVE_WITH_KNOTS('',3,(#5335,#5336,#5337,#5338,#5339,#5340,
#5341,#5342,#5343,#5344,#5345,#5346,#5347,#5348,#5349,#5350,#5351,#5352,
#5353),.UNSPECIFIED.,.F.,.F.,(4,1,1,1,1,1,1,1,1,1,1,1,1,1,1,1,4),(0.,0.0739125442413849,
0.144088131538367,0.210922472581752,0.274680443293475,0.336886516828659,
0.39730268225658,0.456759267988136,0.516165154330757,0.575329401907983,
0.633539768016204,0.691537245211745,0.74990631563114,0.809543112254467,
0.870592927546285,0.933914123458586,1.),.UNSPECIFIED.);
#205=B_SPLINE_CURVE_WITH_KNOTS('',3,(#5355,#5356,#5357,#5358,#5359,#5360,
#5361,#5362,#5363,#5364,#5365,#5366,#5367,#5368,#5369,#5370,#5371,#5372,
#5373),.UNSPECIFIED.,.F.,.F.,(4,1,1,1,1,1,1,1,1,1,1,1,1,1,1,1,4),(0.,0.0577158044607536,
0.114523747031758,0.170285814337005,0.226119895448522,0.281805346041823,
0.338372283059372,0.395865742317135,0.455076443746669,0.514925856432341,
0.5755623344558,0.637584537482356,0.702112768557521,0.769966952989371,0.841853299995826,
0.918366450687406,1.),.UNSPECIFIED.);
#206=B_SPLINE_CURVE_WITH_KNOTS('',3,(#5428,#5429,#5430,#5431,#5432,#5433,
#5434,#5435,#5436,#5437,#5438,#5439,#5440,#5441,#5442,#5443,#5444,#5445,
#5446),.UNSPECIFIED.,.F.,.F.,(4,1,1,1,1,1,1,1,1,1,1,1,1,1,1,1,4),(0.,0.0648046956765641,
0.127801213151681,0.188352266773273,0.247865107719889,0.306585582594797,
0.364597132388488,0.422370440724687,0.480381990518378,0.538646441922967,
0.596812549085985,0.656242250109063,0.717615045391199,0.782039143724283,
0.850225154812658,0.922685292436685,1.),.UNSPECIFIED.);
#207=B_SPLINE_CURVE_WITH_KNOTS('',3,(#5452,#5453,#5454,#5455,#5456,#5457,
#5458,#5459,#5460,#5461,#5462,#5463,#5464,#5465,#5466,#5467,#5468,#5469,
#5470),.UNSPECIFIED.,.F.,.F.,(4,1,1,1,1,1,1,1,1,1,1,1,1,1,1,1,4),(0.,0.0647215696628665,
0.127925914070828,0.189150833604427,0.249221980061715,0.308225264244209,
0.366991542422027,0.425546343259715,0.48447073136151,0.543200716064918,
0.601719092268733,0.660853636005049,0.72179613614289,0.785158732866367,
0.852292171130854,0.923625196301793,1.),.UNSPECIFIED.);
#208=B_SPLINE_CURVE_WITH_KNOTS('',3,(#5472,#5473,#5474,#5475,#5476,#5477,
#5478,#5479,#5480,#5481,#5482,#5483,#5484,#5485,#5486,#5487,#5488,#5489,
#5490),.UNSPECIFIED.,.F.,.F.,(4,1,1,1,1,1,1,1,1,1,1,1,1,1,1,1,4),(0.,0.0703713515699725,
0.137479542092496,0.201234119711303,0.262581426766753,0.322368703121091,
0.380980618164624,0.439756079868588,0.499244061245766,0.559033941140877,
0.618654354404754,0.678441630759091,0.739107672120615,0.801190640129648,
0.865189720921474,0.931322793977201,1.),.UNSPECIFIED.);
#209=B_SPLINE_CURVE_WITH_KNOTS('',3,(#5492,#5493,#5494,#5495,#5496,#5497,
#5498,#5499,#5500,#5501,#5502,#5503,#5504,#5505,#5506,#5507,#5508,#5509,
#5510),.UNSPECIFIED.,.F.,.F.,(4,1,1,1,1,1,1,1,1,1,1,1,1,1,1,1,4),(0.,0.0681657574563135,
0.13351411060701,0.195889041763816,0.256140672196006,0.314731976786357,
0.372393842822343,0.429530714613746,0.487130801500196,0.544892806062838,
0.603187452854554,0.662440807307388,0.723774637290727,0.787592162032881,
0.854501106405499,0.925386913979747,1.),.UNSPECIFIED.);
#210=B_SPLINE_CURVE_WITH_KNOTS('',3,(#5511,#5512,#5513,#5514,#5515,#5516,
#5517,#5518,#5519,#5520,#5521,#5522,#5523,#5524,#5525),.UNSPECIFIED.,.F.,
 .F.,(4,1,1,1,1,1,1,1,1,1,1,1,4),(0.,0.0795854417201053,0.153443647516303,
0.222388124087915,0.287705673955525,0.350043030090564,0.410259150276045,
0.470031384976449,0.530646314941164,0.650742890550081,0.767123213210904,
0.882906336282115,1.),.UNSPECIFIED.);
#211=B_SPLINE_CURVE_WITH_KNOTS('',3,(#5530,#5531,#5532,#5533,#5534,#5535,
#5536,#5537,#5538,#5539,#5540,#5541,#5542,#5543,#5544),.UNSPECIFIED.,.F.,
 .F.,(4,1,1,1,1,1,1,1,1,1,1,1,4),(0.,0.11432167463774,0.228978049962678,
0.347745633050102,0.471859059526158,0.534939045087287,0.596767345069238,
0.658278744043123,0.721122698178835,0.786060057489467,0.853724010428779,
0.92443623522783,1.),.UNSPECIFIED.);
#212=B_SPLINE_CURVE_WITH_KNOTS('',3,(#5556,#5557,#5558,#5559,#5560,#5561,
#5562,#5563,#5564,#5565,#5566,#5567,#5568,#5569,#5570,#5571,#5572,#5573,
#5574),.UNSPECIFIED.,.F.,.F.,(4,1,1,1,1,1,1,1,1,1,1,1,1,1,1,1,4),(0.,0.0590316357289597,
0.116421874938364,0.172292038750135,0.227673227356152,0.283171229398445,
0.33938805732539,0.396627061183937,0.455660384664266,0.516346484617528,
0.578675103438804,0.6434401668673,0.709590329003865,0.778312691382241,0.849591312071353,
0.923562911900828,1.),.UNSPECIFIED.);
#213=B_SPLINE_CURVE_WITH_KNOTS('',3,(#5576,#5577,#5578,#5579,#5580,#5581,
#5582,#5583,#5584,#5585,#5586,#5587,#5588,#5589,#5590,#5591,#5592,#5593,
#5594),.UNSPECIFIED.,.F.,.F.,(4,1,1,1,1,1,1,1,1,1,1,1,1,1,1,1,4),(0.,0.0893136763678257,
0.173342889513407,0.25219375145785,0.326894650085887,0.396714714735101,
0.461845602118826,0.523049878017132,0.58050618348441,0.635103251686376,
0.687790549667066,0.739477257511943,0.790357153640249,0.841058439196242,
0.893014139200518,0.945415091050225,1.),.UNSPECIFIED.);
#214=B_SPLINE_CURVE_WITH_KNOTS('',3,(#5596,#5597,#5598,#5599,#5600,#5601,
#5602,#5603,#5604,#5605,#5606,#5607,#5608,#5609,#5610,#5611,#5612,#5613,
#5614),.UNSPECIFIED.,.F.,.F.,(4,1,1,1,1,1,1,1,1,1,1,1,1,1,1,1,4),(0.,0.0588820650069675,
0.115134023774131,0.169303532434602,0.222910299350357,0.276419303083992,
0.329793590058148,0.38494100265986,0.442047470482138,0.500870223396483,
0.561759604693262,0.625683413355237,0.692320904726701,0.762824090276017,
0.837103452966434,0.916044569808617,1.),.UNSPECIFIED.);
#215=B_SPLINE_CURVE_WITH_KNOTS('',3,(#5620,#5621,#5622,#5623,#5624,#5625,
#5626,#5627,#5628,#5629,#5630),.UNSPECIFIED.,.F.,.F.,(4,1,1,1,1,1,1,1,4),
(0.,0.0938461157614379,0.198024028013351,0.314526055156138,0.443048490554629,
0.579029763159866,0.716507905231752,0.857108070184163,1.),.UNSPECIFIED.);
#216=B_SPLINE_CURVE_WITH_KNOTS('',3,(#5632,#5633,#5634,#5635,#5636,#5637,
#5638,#5639,#5640,#5641,#5642,#5643,#5644,#5645,#5646,#5647,#5648,#5649,
#5650),.UNSPECIFIED.,.F.,.F.,(4,1,1,1,1,1,1,1,1,1,1,1,1,1,1,1,4),(0.,0.0833676112845661,
0.162174245243453,0.236396240782603,0.306423664405212,0.372720661834583,
0.436297794099198,0.497161304755146,0.556447780318847,0.613894921265443,
0.669469410815374,0.723743797543651,0.777290017212639,0.831165755189749,
0.885834763633089,0.941818778652489,1.),.UNSPECIFIED.);
#217=B_SPLINE_CURVE_WITH_KNOTS('',3,(#5652,#5653,#5654,#5655,#5656,#5657,
#5658,#5659,#5660,#5661,#5662,#5663,#5664,#5665,#5666,#5667,#5668,#5669,
#5670),.UNSPECIFIED.,.F.,.F.,(4,1,1,1,1,1,1,1,1,1,1,1,1,1,1,1,4),(0.,0.0593522681996567,
0.117312312696163,0.173359890117485,0.228362135957332,0.282936944453882,
0.337228023961873,0.392309128737941,0.448170893636509,0.505998425975367,
0.566447734403598,0.629895250738297,0.696566866916049,0.76668898599455,
0.840644844470597,0.918224456879105,1.),.UNSPECIFIED.);
#218=B_SPLINE_CURVE_WITH_KNOTS('',3,(#5672,#5673,#5674,#5675,#5676,#5677,
#5678,#5679,#5680,#5681,#5682,#5683,#5684,#5685,#5686,#5687,#5688,#5689,
#5690),.UNSPECIFIED.,.F.,.F.,(4,1,1,1,1,1,1,1,1,1,1,1,1,1,1,1,4),(0.,0.0929594179516597,
0.180742229977294,0.262899706676017,0.340045759082532,0.411428854856397,
0.478300314860436,0.53968739578751,0.596324465524421,0.649790257537416,
0.700984684737531,0.750474605149257,0.799413472389697,0.847886886736528,
0.897157985499781,0.947886772373842,1.),.UNSPECIFIED.);
#219=B_SPLINE_CURVE_WITH_KNOTS('',3,(#5692,#5693,#5694,#5695,#5696,#5697,
#5698,#5699,#5700,#5701,#5702,#5703,#5704,#5705,#5706,#5707,#5708,#5709,
#5710),.UNSPECIFIED.,.F.,.F.,(4,1,1,1,1,1,1,1,1,1,1,1,1,1,1,1,4),(0.,0.0488983440275344,
0.0975721250128448,0.145354296525673,0.194146101978549,0.24447424894716,
0.296012315235181,0.350600855050507,0.407647722816101,0.467175628477987,
0.529627006323439,0.595846018189302,0.665845076921382,0.741417072066328,
0.821722629250628,0.907378508020234,1.),.UNSPECIFIED.);
#220=B_SPLINE_CURVE_WITH_KNOTS('',3,(#5717,#5718,#5719,#5720,#5721,#5722,
#5723,#5724,#5725,#5726,#5727,#5728,#5729,#5730,#5731,#5732,#5733,#5734,
#5735),.UNSPECIFIED.,.F.,.F.,(4,1,1,1,1,1,1,1,1,1,1,1,1,1,1,1,4),(0.,0.0657229497349051,
0.128714841475979,0.189478071272203,0.248530626754726,0.306852467194177,
0.364913557402034,0.422776379391956,0.481768247105167,0.541158502928173,
0.600527813500721,0.660976654504487,0.722856209129977,0.787399836674473,
0.854527795536362,0.925461648939605,1.),.UNSPECIFIED.);
#221=B_SPLINE_CURVE_WITH_KNOTS('',3,(#5737,#5738,#5739,#5740,#5741,#5742,
#5743,#5744,#5745,#5746,#5747,#5748,#5749,#5750,#5751,#5752,#5753,#5754,
#5755),.UNSPECIFIED.,.F.,.F.,(4,1,1,1,1,1,1,1,1,1,1,1,1,1,1,1,4),(0.,0.0739125442413849,
0.144088131538367,0.210922472581752,0.274680443293475,0.336886516828659,
0.39730268225658,0.456759267988136,0.516165154330758,0.575329401907982,
0.633539768016204,0.691537245211746,0.749906315631139,0.809543112254467,
0.870592927546285,0.933914123458586,1.),.UNSPECIFIED.);
#222=B_SPLINE_CURVE_WITH_KNOTS('',3,(#5757,#5758,#5759,#5760,#5761,#5762,
#5763,#5764,#5765,#5766,#5767,#5768,#5769,#5770,#5771,#5772,#5773,#5774,
#5775),.UNSPECIFIED.,.F.,.F.,(4,1,1,1,1,1,1,1,1,1,1,1,1,1,1,1,4),(0.,0.0577158044607533,
0.114523747031757,0.170285814337004,0.226119895448521,0.281805346041822,
0.338372283059372,0.395865742317134,0.455076443746669,0.514925856432341,
0.5755623344558,0.637584537482356,0.702112768557521,0.769966952989371,0.841853299995826,
0.918366450687406,1.),.UNSPECIFIED.);
#223=B_SPLINE_CURVE_WITH_KNOTS('',3,(#5809,#5810,#5811,#5812,#5813,#5814,
#5815,#5816,#5817,#5818,#5819,#5820,#5821,#5822,#5823,#5824,#5825,#5826,
#5827),.UNSPECIFIED.,.F.,.F.,(4,1,1,1,1,1,1,1,1,1,1,1,1,1,1,1,4),(0.,0.0652133205821515,
0.127982721440818,0.188837618989809,0.247875657382822,0.305727080568003,
0.363475832067078,0.421465874665122,0.480201582567114,0.539654038332807,
0.599212090096957,0.659658335561346,0.722372097997916,0.78660560353401,
0.854160728401216,0.925126369815764,1.),.UNSPECIFIED.);
#224=B_SPLINE_CURVE_WITH_KNOTS('',3,(#5829,#5830,#5831,#5832,#5833,#5834,
#5835,#5836,#5837,#5838,#5839,#5840,#5841,#5842,#5843,#5844,#5845,#5846,
#5847),.UNSPECIFIED.,.F.,.F.,(4,1,1,1,1,1,1,1,1,1,1,1,1,1,1,1,4),(0.,0.0678967118469586,
0.132785735998996,0.196119176291663,0.257802378079433,0.317860300943855,
0.377253355470217,0.437159088231627,0.496782245206352,0.556596478036148,
0.615621436039754,0.674320715226145,0.734568335097582,0.796524717761836,
0.861061081562681,0.928690048236939,1.),.UNSPECIFIED.);
#225=B_SPLINE_CURVE_WITH_KNOTS('',3,(#5855,#5856,#5857,#5858,#5859,#5860,
#5861,#5862,#5863,#5864,#5865,#5866,#5867,#5868,#5869,#5870,#5871,#5872,
#5873),.UNSPECIFIED.,.F.,.F.,(4,1,1,1,1,1,1,1,1,1,1,1,1,1,1,1,4),(0.,0.0741755457124318,
0.144862427554625,0.21198966867864,0.276250693705253,0.338299507701786,
0.398791604797731,0.458259629480641,0.517789103960036,0.576644537619028,
0.634815764154396,0.692682144692382,0.750731467476322,0.810103349527271,
0.871196864175911,0.934309714653084,1.),.UNSPECIFIED.);
#226=B_SPLINE_CURVE_WITH_KNOTS('',3,(#5886,#5887,#5888,#5889,#5890,#5891,
#5892,#5893,#5894,#5895,#5896),.UNSPECIFIED.,.F.,.F.,(4,1,1,1,1,1,1,1,4),
(0.,0.146618819208591,0.280053137592488,0.404812714086241,0.526232480049052,
0.644457985450532,0.760612881298662,0.876638484661896,1.),.UNSPECIFIED.);
#227=B_SPLINE_CURVE_WITH_KNOTS('',3,(#5901,#5902,#5903,#5904,#5905,#5906,
#5907,#5908,#5909,#5910,#5911),.UNSPECIFIED.,.F.,.F.,(4,1,1,1,1,1,1,1,4),
(0.,0.127929515851965,0.24935625693729,0.366726832083156,0.485869698326794,
0.606579156010811,0.729101210660482,0.858549295432675,1.),.UNSPECIFIED.);
#228=B_SPLINE_CURVE_WITH_KNOTS('',3,(#5913,#5914,#5915,#5916,#5917,#5918,
#5919,#5920,#5921,#5922,#5923),.UNSPECIFIED.,.F.,.F.,(4,1,1,1,1,1,1,1,4),
(0.,0.140524715814964,0.270368980386167,0.393241260777623,0.515204734947612,
0.634407136223663,0.751622633562313,0.872254470183751,1.),.UNSPECIFIED.);
#229=B_SPLINE_CURVE_WITH_KNOTS('',3,(#5925,#5926,#5927,#5928,#5929,#5930,
#5931,#5932,#5933,#5934,#5935),.UNSPECIFIED.,.F.,.F.,(4,1,1,1,1,1,1,1,4),
(0.,0.124654276826289,0.241895765315936,0.359267901205298,0.479577480966764,
0.602269659941939,0.725991519010443,0.857039006315982,1.),.UNSPECIFIED.);
#230=ORIENTED_EDGE('',*,*,#1036,.F.);
#231=ORIENTED_EDGE('',*,*,#1037,.F.);
#232=ORIENTED_EDGE('',*,*,#1038,.F.);
#233=ORIENTED_EDGE('',*,*,#1039,.F.);
#234=ORIENTED_EDGE('',*,*,#1040,.F.);
#235=ORIENTED_EDGE('',*,*,#1041,.F.);
#236=ORIENTED_EDGE('',*,*,#1042,.F.);
#237=ORIENTED_EDGE('',*,*,#1043,.F.);
#238=ORIENTED_EDGE('',*,*,#1044,.F.);
#239=ORIENTED_EDGE('',*,*,#1045,.F.);
#240=ORIENTED_EDGE('',*,*,#1046,.F.);
#241=ORIENTED_EDGE('',*,*,#1047,.F.);
#242=ORIENTED_EDGE('',*,*,#1048,.F.);
#243=ORIENTED_EDGE('',*,*,#1049,.F.);
#244=ORIENTED_EDGE('',*,*,#1050,.F.);
#245=ORIENTED_EDGE('',*,*,#1051,.F.);
#246=ORIENTED_EDGE('',*,*,#1052,.F.);
#247=ORIENTED_EDGE('',*,*,#1053,.F.);
#248=ORIENTED_EDGE('',*,*,#1054,.F.);
#249=ORIENTED_EDGE('',*,*,#1055,.F.);
#250=ORIENTED_EDGE('',*,*,#1056,.F.);
#251=ORIENTED_EDGE('',*,*,#1057,.F.);
#252=ORIENTED_EDGE('',*,*,#1058,.F.);
#253=ORIENTED_EDGE('',*,*,#1059,.F.);
#254=ORIENTED_EDGE('',*,*,#1060,.F.);
#255=ORIENTED_EDGE('',*,*,#1061,.F.);
#256=ORIENTED_EDGE('',*,*,#1062,.F.);
#257=ORIENTED_EDGE('',*,*,#1063,.F.);
#258=ORIENTED_EDGE('',*,*,#1064,.F.);
#259=ORIENTED_EDGE('',*,*,#1065,.F.);
#260=ORIENTED_EDGE('',*,*,#1066,.F.);
#261=ORIENTED_EDGE('',*,*,#1067,.F.);
#262=ORIENTED_EDGE('',*,*,#1068,.F.);
#263=ORIENTED_EDGE('',*,*,#1069,.F.);
#264=ORIENTED_EDGE('',*,*,#1070,.F.);
#265=ORIENTED_EDGE('',*,*,#1071,.F.);
#266=ORIENTED_EDGE('',*,*,#1072,.F.);
#267=ORIENTED_EDGE('',*,*,#1073,.F.);
#268=ORIENTED_EDGE('',*,*,#1074,.F.);
#269=ORIENTED_EDGE('',*,*,#1075,.F.);
#270=ORIENTED_EDGE('',*,*,#1076,.F.);
#271=ORIENTED_EDGE('',*,*,#1077,.F.);
#272=ORIENTED_EDGE('',*,*,#1078,.F.);
#273=ORIENTED_EDGE('',*,*,#1079,.F.);
#274=ORIENTED_EDGE('',*,*,#1080,.F.);
#275=ORIENTED_EDGE('',*,*,#1081,.F.);
#276=ORIENTED_EDGE('',*,*,#1082,.F.);
#277=ORIENTED_EDGE('',*,*,#1083,.F.);
#278=ORIENTED_EDGE('',*,*,#1084,.F.);
#279=ORIENTED_EDGE('',*,*,#1085,.F.);
#280=ORIENTED_EDGE('',*,*,#1086,.F.);
#281=ORIENTED_EDGE('',*,*,#1087,.F.);
#282=ORIENTED_EDGE('',*,*,#1088,.F.);
#283=ORIENTED_EDGE('',*,*,#1089,.F.);
#284=ORIENTED_EDGE('',*,*,#1090,.F.);
#285=ORIENTED_EDGE('',*,*,#1091,.F.);
#286=ORIENTED_EDGE('',*,*,#1092,.F.);
#287=ORIENTED_EDGE('',*,*,#1093,.F.);
#288=ORIENTED_EDGE('',*,*,#1094,.F.);
#289=ORIENTED_EDGE('',*,*,#1095,.F.);
#290=ORIENTED_EDGE('',*,*,#1096,.F.);
#291=ORIENTED_EDGE('',*,*,#1097,.F.);
#292=ORIENTED_EDGE('',*,*,#1098,.F.);
#293=ORIENTED_EDGE('',*,*,#1099,.F.);
#294=ORIENTED_EDGE('',*,*,#1100,.F.);
#295=ORIENTED_EDGE('',*,*,#1101,.F.);
#296=ORIENTED_EDGE('',*,*,#1102,.F.);
#297=ORIENTED_EDGE('',*,*,#1103,.F.);
#298=ORIENTED_EDGE('',*,*,#1104,.F.);
#299=ORIENTED_EDGE('',*,*,#1105,.F.);
#300=ORIENTED_EDGE('',*,*,#1106,.F.);
#301=ORIENTED_EDGE('',*,*,#1107,.F.);
#302=ORIENTED_EDGE('',*,*,#1108,.T.);
#303=ORIENTED_EDGE('',*,*,#1109,.T.);
#304=ORIENTED_EDGE('',*,*,#1110,.T.);
#305=ORIENTED_EDGE('',*,*,#1111,.T.);
#306=ORIENTED_EDGE('',*,*,#1112,.T.);
#307=ORIENTED_EDGE('',*,*,#1113,.T.);
#308=ORIENTED_EDGE('',*,*,#1114,.T.);
#309=ORIENTED_EDGE('',*,*,#1115,.T.);
#310=ORIENTED_EDGE('',*,*,#1116,.T.);
#311=ORIENTED_EDGE('',*,*,#1117,.T.);
#312=ORIENTED_EDGE('',*,*,#1118,.T.);
#313=ORIENTED_EDGE('',*,*,#1119,.T.);
#314=ORIENTED_EDGE('',*,*,#1120,.T.);
#315=ORIENTED_EDGE('',*,*,#1121,.T.);
#316=ORIENTED_EDGE('',*,*,#1122,.T.);
#317=ORIENTED_EDGE('',*,*,#1123,.T.);
#318=ORIENTED_EDGE('',*,*,#1124,.T.);
#319=ORIENTED_EDGE('',*,*,#1125,.T.);
#320=ORIENTED_EDGE('',*,*,#1126,.T.);
#321=ORIENTED_EDGE('',*,*,#1127,.T.);
#322=ORIENTED_EDGE('',*,*,#1128,.T.);
#323=ORIENTED_EDGE('',*,*,#1129,.T.);
#324=ORIENTED_EDGE('',*,*,#1130,.T.);
#325=ORIENTED_EDGE('',*,*,#1131,.T.);
#326=ORIENTED_EDGE('',*,*,#1132,.T.);
#327=ORIENTED_EDGE('',*,*,#1133,.T.);
#328=ORIENTED_EDGE('',*,*,#1134,.T.);
#329=ORIENTED_EDGE('',*,*,#1135,.T.);
#330=ORIENTED_EDGE('',*,*,#1136,.T.);
#331=ORIENTED_EDGE('',*,*,#1137,.T.);
#332=ORIENTED_EDGE('',*,*,#1138,.T.);
#333=ORIENTED_EDGE('',*,*,#1139,.T.);
#334=ORIENTED_EDGE('',*,*,#1140,.T.);
#335=ORIENTED_EDGE('',*,*,#1141,.T.);
#336=ORIENTED_EDGE('',*,*,#1142,.T.);
#337=ORIENTED_EDGE('',*,*,#1143,.T.);
#338=ORIENTED_EDGE('',*,*,#1144,.T.);
#339=ORIENTED_EDGE('',*,*,#1145,.T.);
#340=ORIENTED_EDGE('',*,*,#1146,.T.);
#341=ORIENTED_EDGE('',*,*,#1147,.T.);
#342=ORIENTED_EDGE('',*,*,#1148,.T.);
#343=ORIENTED_EDGE('',*,*,#1149,.T.);
#344=ORIENTED_EDGE('',*,*,#1136,.F.);
#345=ORIENTED_EDGE('',*,*,#1135,.F.);
#346=ORIENTED_EDGE('',*,*,#1149,.F.);
#347=ORIENTED_EDGE('',*,*,#1148,.F.);
#348=ORIENTED_EDGE('',*,*,#1147,.F.);
#349=ORIENTED_EDGE('',*,*,#1146,.F.);
#350=ORIENTED_EDGE('',*,*,#1145,.F.);
#351=ORIENTED_EDGE('',*,*,#1144,.F.);
#352=ORIENTED_EDGE('',*,*,#1143,.F.);
#353=ORIENTED_EDGE('',*,*,#1142,.F.);
#354=ORIENTED_EDGE('',*,*,#1141,.F.);
#355=ORIENTED_EDGE('',*,*,#1140,.F.);
#356=ORIENTED_EDGE('',*,*,#1139,.F.);
#357=ORIENTED_EDGE('',*,*,#1138,.F.);
#358=ORIENTED_EDGE('',*,*,#1137,.F.);
#359=ORIENTED_EDGE('',*,*,#1150,.T.);
#360=ORIENTED_EDGE('',*,*,#1151,.T.);
#361=ORIENTED_EDGE('',*,*,#1152,.T.);
#362=ORIENTED_EDGE('',*,*,#1153,.T.);
#363=ORIENTED_EDGE('',*,*,#1154,.T.);
#364=ORIENTED_EDGE('',*,*,#1128,.F.);
#365=ORIENTED_EDGE('',*,*,#1127,.F.);
#366=ORIENTED_EDGE('',*,*,#1134,.F.);
#367=ORIENTED_EDGE('',*,*,#1133,.F.);
#368=ORIENTED_EDGE('',*,*,#1132,.F.);
#369=ORIENTED_EDGE('',*,*,#1131,.F.);
#370=ORIENTED_EDGE('',*,*,#1130,.F.);
#371=ORIENTED_EDGE('',*,*,#1129,.F.);
#372=ORIENTED_EDGE('',*,*,#1151,.F.);
#373=ORIENTED_EDGE('',*,*,#1150,.F.);
#374=ORIENTED_EDGE('',*,*,#1154,.F.);
#375=ORIENTED_EDGE('',*,*,#1153,.F.);
#376=ORIENTED_EDGE('',*,*,#1152,.F.);
#377=ORIENTED_EDGE('',*,*,#1121,.F.);
#378=ORIENTED_EDGE('',*,*,#1120,.F.);
#379=ORIENTED_EDGE('',*,*,#1126,.F.);
#380=ORIENTED_EDGE('',*,*,#1125,.F.);
#381=ORIENTED_EDGE('',*,*,#1124,.F.);
#382=ORIENTED_EDGE('',*,*,#1123,.F.);
#383=ORIENTED_EDGE('',*,*,#1122,.F.);
#384=ORIENTED_EDGE('',*,*,#1037,.T.);
#385=ORIENTED_EDGE('',*,*,#1036,.T.);
#386=ORIENTED_EDGE('',*,*,#1040,.T.);
#387=ORIENTED_EDGE('',*,*,#1039,.T.);
#388=ORIENTED_EDGE('',*,*,#1038,.T.);
#389=ORIENTED_EDGE('',*,*,#1155,.T.);
#390=ORIENTED_EDGE('',*,*,#1156,.T.);
#391=ORIENTED_EDGE('',*,*,#1157,.T.);
#392=ORIENTED_EDGE('',*,*,#1158,.T.);
#393=ORIENTED_EDGE('',*,*,#1159,.T.);
#394=ORIENTED_EDGE('',*,*,#1156,.F.);
#395=ORIENTED_EDGE('',*,*,#1155,.F.);
#396=ORIENTED_EDGE('',*,*,#1159,.F.);
#397=ORIENTED_EDGE('',*,*,#1158,.F.);
#398=ORIENTED_EDGE('',*,*,#1157,.F.);
#399=ORIENTED_EDGE('',*,*,#1042,.T.);
#400=ORIENTED_EDGE('',*,*,#1041,.T.);
#401=ORIENTED_EDGE('',*,*,#1054,.T.);
#402=ORIENTED_EDGE('',*,*,#1053,.T.);
#403=ORIENTED_EDGE('',*,*,#1052,.T.);
#404=ORIENTED_EDGE('',*,*,#1051,.T.);
#405=ORIENTED_EDGE('',*,*,#1050,.T.);
#406=ORIENTED_EDGE('',*,*,#1049,.T.);
#407=ORIENTED_EDGE('',*,*,#1048,.T.);
#408=ORIENTED_EDGE('',*,*,#1047,.T.);
#409=ORIENTED_EDGE('',*,*,#1046,.T.);
#410=ORIENTED_EDGE('',*,*,#1045,.T.);
#411=ORIENTED_EDGE('',*,*,#1044,.T.);
#412=ORIENTED_EDGE('',*,*,#1043,.T.);
#413=ORIENTED_EDGE('',*,*,#1160,.T.);
#414=ORIENTED_EDGE('',*,*,#1161,.T.);
#415=ORIENTED_EDGE('',*,*,#1162,.T.);
#416=ORIENTED_EDGE('',*,*,#1163,.T.);
#417=ORIENTED_EDGE('',*,*,#1164,.T.);
#418=ORIENTED_EDGE('',*,*,#1161,.F.);
#419=ORIENTED_EDGE('',*,*,#1160,.F.);
#420=ORIENTED_EDGE('',*,*,#1164,.F.);
#421=ORIENTED_EDGE('',*,*,#1163,.F.);
#422=ORIENTED_EDGE('',*,*,#1162,.F.);
#423=ORIENTED_EDGE('',*,*,#1056,.T.);
#424=ORIENTED_EDGE('',*,*,#1055,.T.);
#425=ORIENTED_EDGE('',*,*,#1068,.T.);
#426=ORIENTED_EDGE('',*,*,#1067,.T.);
#427=ORIENTED_EDGE('',*,*,#1066,.T.);
#428=ORIENTED_EDGE('',*,*,#1065,.T.);
#429=ORIENTED_EDGE('',*,*,#1064,.T.);
#430=ORIENTED_EDGE('',*,*,#1063,.T.);
#431=ORIENTED_EDGE('',*,*,#1062,.T.);
#432=ORIENTED_EDGE('',*,*,#1061,.T.);
#433=ORIENTED_EDGE('',*,*,#1060,.T.);
#434=ORIENTED_EDGE('',*,*,#1059,.T.);
#435=ORIENTED_EDGE('',*,*,#1058,.T.);
#436=ORIENTED_EDGE('',*,*,#1057,.T.);
#437=ORIENTED_EDGE('',*,*,#1165,.T.);
#438=ORIENTED_EDGE('',*,*,#1166,.T.);
#439=ORIENTED_EDGE('',*,*,#1167,.T.);
#440=ORIENTED_EDGE('',*,*,#1168,.T.);
#441=ORIENTED_EDGE('',*,*,#1169,.T.);
#442=ORIENTED_EDGE('',*,*,#1166,.F.);
#443=ORIENTED_EDGE('',*,*,#1165,.F.);
#444=ORIENTED_EDGE('',*,*,#1169,.F.);
#445=ORIENTED_EDGE('',*,*,#1168,.F.);
#446=ORIENTED_EDGE('',*,*,#1167,.F.);
#447=ORIENTED_EDGE('',*,*,#1070,.T.);
#448=ORIENTED_EDGE('',*,*,#1069,.T.);
#449=ORIENTED_EDGE('',*,*,#1080,.T.);
#450=ORIENTED_EDGE('',*,*,#1079,.T.);
#451=ORIENTED_EDGE('',*,*,#1078,.T.);
#452=ORIENTED_EDGE('',*,*,#1077,.T.);
#453=ORIENTED_EDGE('',*,*,#1076,.T.);
#454=ORIENTED_EDGE('',*,*,#1075,.T.);
#455=ORIENTED_EDGE('',*,*,#1074,.T.);
#456=ORIENTED_EDGE('',*,*,#1073,.T.);
#457=ORIENTED_EDGE('',*,*,#1072,.T.);
#458=ORIENTED_EDGE('',*,*,#1071,.T.);
#459=ORIENTED_EDGE('',*,*,#1082,.T.);
#460=ORIENTED_EDGE('',*,*,#1081,.T.);
#461=ORIENTED_EDGE('',*,*,#1102,.T.);
#462=ORIENTED_EDGE('',*,*,#1101,.T.);
#463=ORIENTED_EDGE('',*,*,#1100,.T.);
#464=ORIENTED_EDGE('',*,*,#1099,.T.);
#465=ORIENTED_EDGE('',*,*,#1098,.T.);
#466=ORIENTED_EDGE('',*,*,#1097,.T.);
#467=ORIENTED_EDGE('',*,*,#1096,.T.);
#468=ORIENTED_EDGE('',*,*,#1095,.T.);
#469=ORIENTED_EDGE('',*,*,#1094,.T.);
#470=ORIENTED_EDGE('',*,*,#1093,.T.);
#471=ORIENTED_EDGE('',*,*,#1092,.T.);
#472=ORIENTED_EDGE('',*,*,#1091,.T.);
#473=ORIENTED_EDGE('',*,*,#1090,.T.);
#474=ORIENTED_EDGE('',*,*,#1089,.T.);
#475=ORIENTED_EDGE('',*,*,#1088,.T.);
#476=ORIENTED_EDGE('',*,*,#1087,.T.);
#477=ORIENTED_EDGE('',*,*,#1086,.T.);
#478=ORIENTED_EDGE('',*,*,#1085,.T.);
#479=ORIENTED_EDGE('',*,*,#1084,.T.);
#480=ORIENTED_EDGE('',*,*,#1083,.T.);
#481=ORIENTED_EDGE('',*,*,#1104,.T.);
#482=ORIENTED_EDGE('',*,*,#1103,.T.);
#483=ORIENTED_EDGE('',*,*,#1107,.T.);
#484=ORIENTED_EDGE('',*,*,#1106,.T.);
#485=ORIENTED_EDGE('',*,*,#1105,.T.);
#486=ORIENTED_EDGE('',*,*,#1170,.T.);
#487=ORIENTED_EDGE('',*,*,#1171,.T.);
#488=ORIENTED_EDGE('',*,*,#1172,.T.);
#489=ORIENTED_EDGE('',*,*,#1173,.T.);
#490=ORIENTED_EDGE('',*,*,#1174,.T.);
#491=ORIENTED_EDGE('',*,*,#1171,.F.);
#492=ORIENTED_EDGE('',*,*,#1170,.F.);
#493=ORIENTED_EDGE('',*,*,#1174,.F.);
#494=ORIENTED_EDGE('',*,*,#1173,.F.);
#495=ORIENTED_EDGE('',*,*,#1172,.F.);
#496=ORIENTED_EDGE('',*,*,#1175,.T.);
#497=ORIENTED_EDGE('',*,*,#1176,.T.);
#498=ORIENTED_EDGE('',*,*,#1177,.T.);
#499=ORIENTED_EDGE('',*,*,#1178,.T.);
#500=ORIENTED_EDGE('',*,*,#1179,.T.);
#501=ORIENTED_EDGE('',*,*,#1180,.T.);
#502=ORIENTED_EDGE('',*,*,#1181,.T.);
#503=ORIENTED_EDGE('',*,*,#1182,.T.);
#504=ORIENTED_EDGE('',*,*,#1183,.T.);
#505=ORIENTED_EDGE('',*,*,#1184,.T.);
#506=ORIENTED_EDGE('',*,*,#1185,.T.);
#507=ORIENTED_EDGE('',*,*,#1186,.T.);
#508=ORIENTED_EDGE('',*,*,#1187,.T.);
#509=ORIENTED_EDGE('',*,*,#1188,.T.);
#510=ORIENTED_EDGE('',*,*,#1189,.T.);
#511=ORIENTED_EDGE('',*,*,#1190,.T.);
#512=ORIENTED_EDGE('',*,*,#1191,.T.);
#513=ORIENTED_EDGE('',*,*,#1192,.T.);
#514=ORIENTED_EDGE('',*,*,#1193,.T.);
#515=ORIENTED_EDGE('',*,*,#1194,.T.);
#516=ORIENTED_EDGE('',*,*,#1195,.T.);
#517=ORIENTED_EDGE('',*,*,#1196,.T.);
#518=ORIENTED_EDGE('',*,*,#1197,.T.);
#519=ORIENTED_EDGE('',*,*,#1198,.T.);
#520=ORIENTED_EDGE('',*,*,#1199,.T.);
#521=ORIENTED_EDGE('',*,*,#1200,.T.);
#522=ORIENTED_EDGE('',*,*,#1201,.T.);
#523=ORIENTED_EDGE('',*,*,#1202,.T.);
#524=ORIENTED_EDGE('',*,*,#1203,.T.);
#525=ORIENTED_EDGE('',*,*,#1204,.T.);
#526=ORIENTED_EDGE('',*,*,#1205,.T.);
#527=ORIENTED_EDGE('',*,*,#1206,.T.);
#528=ORIENTED_EDGE('',*,*,#1207,.T.);
#529=ORIENTED_EDGE('',*,*,#1208,.T.);
#530=ORIENTED_EDGE('',*,*,#1209,.T.);
#531=ORIENTED_EDGE('',*,*,#1210,.T.);
#532=ORIENTED_EDGE('',*,*,#1211,.T.);
#533=ORIENTED_EDGE('',*,*,#1212,.T.);
#534=ORIENTED_EDGE('',*,*,#1213,.T.);
#535=ORIENTED_EDGE('',*,*,#1214,.T.);
#536=ORIENTED_EDGE('',*,*,#1215,.T.);
#537=ORIENTED_EDGE('',*,*,#1216,.T.);
#538=ORIENTED_EDGE('',*,*,#1217,.T.);
#539=ORIENTED_EDGE('',*,*,#1218,.T.);
#540=ORIENTED_EDGE('',*,*,#1219,.T.);
#541=ORIENTED_EDGE('',*,*,#1220,.T.);
#542=ORIENTED_EDGE('',*,*,#1221,.T.);
#543=ORIENTED_EDGE('',*,*,#1222,.T.);
#544=ORIENTED_EDGE('',*,*,#1223,.T.);
#545=ORIENTED_EDGE('',*,*,#1224,.T.);
#546=ORIENTED_EDGE('',*,*,#1225,.T.);
#547=ORIENTED_EDGE('',*,*,#1226,.T.);
#548=ORIENTED_EDGE('',*,*,#1227,.T.);
#549=ORIENTED_EDGE('',*,*,#1228,.T.);
#550=ORIENTED_EDGE('',*,*,#1229,.T.);
#551=ORIENTED_EDGE('',*,*,#1230,.T.);
#552=ORIENTED_EDGE('',*,*,#1231,.T.);
#553=ORIENTED_EDGE('',*,*,#1232,.T.);
#554=ORIENTED_EDGE('',*,*,#1233,.T.);
#555=ORIENTED_EDGE('',*,*,#1234,.T.);
#556=ORIENTED_EDGE('',*,*,#1235,.T.);
#557=ORIENTED_EDGE('',*,*,#1236,.T.);
#558=ORIENTED_EDGE('',*,*,#1237,.T.);
#559=ORIENTED_EDGE('',*,*,#1238,.T.);
#560=ORIENTED_EDGE('',*,*,#1239,.T.);
#561=ORIENTED_EDGE('',*,*,#1240,.T.);
#562=ORIENTED_EDGE('',*,*,#1241,.T.);
#563=ORIENTED_EDGE('',*,*,#1242,.T.);
#564=ORIENTED_EDGE('',*,*,#1243,.T.);
#565=ORIENTED_EDGE('',*,*,#1244,.T.);
#566=ORIENTED_EDGE('',*,*,#1245,.T.);
#567=ORIENTED_EDGE('',*,*,#1246,.T.);
#568=ORIENTED_EDGE('',*,*,#1247,.T.);
#569=ORIENTED_EDGE('',*,*,#1248,.T.);
#570=ORIENTED_EDGE('',*,*,#1249,.T.);
#571=ORIENTED_EDGE('',*,*,#1250,.T.);
#572=ORIENTED_EDGE('',*,*,#1251,.T.);
#573=ORIENTED_EDGE('',*,*,#1252,.T.);
#574=ORIENTED_EDGE('',*,*,#1253,.T.);
#575=ORIENTED_EDGE('',*,*,#1254,.T.);
#576=ORIENTED_EDGE('',*,*,#1255,.T.);
#577=ORIENTED_EDGE('',*,*,#1256,.T.);
#578=ORIENTED_EDGE('',*,*,#1257,.T.);
#579=ORIENTED_EDGE('',*,*,#1258,.T.);
#580=ORIENTED_EDGE('',*,*,#1176,.F.);
#581=ORIENTED_EDGE('',*,*,#1175,.F.);
#582=ORIENTED_EDGE('',*,*,#1181,.F.);
#583=ORIENTED_EDGE('',*,*,#1180,.F.);
#584=ORIENTED_EDGE('',*,*,#1179,.F.);
#585=ORIENTED_EDGE('',*,*,#1178,.F.);
#586=ORIENTED_EDGE('',*,*,#1177,.F.);
#587=ORIENTED_EDGE('',*,*,#1250,.F.);
#588=ORIENTED_EDGE('',*,*,#1249,.F.);
#589=ORIENTED_EDGE('',*,*,#1253,.F.);
#590=ORIENTED_EDGE('',*,*,#1252,.F.);
#591=ORIENTED_EDGE('',*,*,#1251,.F.);
#592=ORIENTED_EDGE('',*,*,#1255,.F.);
#593=ORIENTED_EDGE('',*,*,#1254,.F.);
#594=ORIENTED_EDGE('',*,*,#1258,.F.);
#595=ORIENTED_EDGE('',*,*,#1257,.F.);
#596=ORIENTED_EDGE('',*,*,#1256,.F.);
#597=ORIENTED_EDGE('',*,*,#1233,.F.);
#598=ORIENTED_EDGE('',*,*,#1232,.F.);
#599=ORIENTED_EDGE('',*,*,#1248,.F.);
#600=ORIENTED_EDGE('',*,*,#1247,.F.);
#601=ORIENTED_EDGE('',*,*,#1246,.F.);
#602=ORIENTED_EDGE('',*,*,#1245,.F.);
#603=ORIENTED_EDGE('',*,*,#1244,.F.);
#604=ORIENTED_EDGE('',*,*,#1243,.F.);
#605=ORIENTED_EDGE('',*,*,#1242,.F.);
#606=ORIENTED_EDGE('',*,*,#1241,.F.);
#607=ORIENTED_EDGE('',*,*,#1240,.F.);
#608=ORIENTED_EDGE('',*,*,#1239,.F.);
#609=ORIENTED_EDGE('',*,*,#1238,.F.);
#610=ORIENTED_EDGE('',*,*,#1237,.F.);
#611=ORIENTED_EDGE('',*,*,#1236,.F.);
#612=ORIENTED_EDGE('',*,*,#1235,.F.);
#613=ORIENTED_EDGE('',*,*,#1234,.F.);
#614=ORIENTED_EDGE('',*,*,#1210,.F.);
#615=ORIENTED_EDGE('',*,*,#1209,.F.);
#616=ORIENTED_EDGE('',*,*,#1231,.F.);
#617=ORIENTED_EDGE('',*,*,#1230,.F.);
#618=ORIENTED_EDGE('',*,*,#1229,.F.);
#619=ORIENTED_EDGE('',*,*,#1228,.F.);
#620=ORIENTED_EDGE('',*,*,#1227,.F.);
#621=ORIENTED_EDGE('',*,*,#1226,.F.);
#622=ORIENTED_EDGE('',*,*,#1225,.F.);
#623=ORIENTED_EDGE('',*,*,#1224,.F.);
#624=ORIENTED_EDGE('',*,*,#1223,.F.);
#625=ORIENTED_EDGE('',*,*,#1222,.F.);
#626=ORIENTED_EDGE('',*,*,#1221,.F.);
#627=ORIENTED_EDGE('',*,*,#1220,.F.);
#628=ORIENTED_EDGE('',*,*,#1219,.F.);
#629=ORIENTED_EDGE('',*,*,#1218,.F.);
#630=ORIENTED_EDGE('',*,*,#1217,.F.);
#631=ORIENTED_EDGE('',*,*,#1216,.F.);
#632=ORIENTED_EDGE('',*,*,#1215,.F.);
#633=ORIENTED_EDGE('',*,*,#1214,.F.);
#634=ORIENTED_EDGE('',*,*,#1213,.F.);
#635=ORIENTED_EDGE('',*,*,#1212,.F.);
#636=ORIENTED_EDGE('',*,*,#1211,.F.);
#637=ORIENTED_EDGE('',*,*,#1259,.T.);
#638=ORIENTED_EDGE('',*,*,#1260,.T.);
#639=ORIENTED_EDGE('',*,*,#1261,.T.);
#640=ORIENTED_EDGE('',*,*,#1262,.T.);
#641=ORIENTED_EDGE('',*,*,#1263,.T.);
#642=ORIENTED_EDGE('',*,*,#1264,.T.);
#643=ORIENTED_EDGE('',*,*,#1265,.T.);
#644=ORIENTED_EDGE('',*,*,#1266,.T.);
#645=ORIENTED_EDGE('',*,*,#1267,.T.);
#646=ORIENTED_EDGE('',*,*,#1268,.T.);
#647=ORIENTED_EDGE('',*,*,#1269,.T.);
#648=ORIENTED_EDGE('',*,*,#1270,.T.);
#649=ORIENTED_EDGE('',*,*,#1271,.T.);
#650=ORIENTED_EDGE('',*,*,#1272,.T.);
#651=ORIENTED_EDGE('',*,*,#1273,.T.);
#652=ORIENTED_EDGE('',*,*,#1274,.T.);
#653=ORIENTED_EDGE('',*,*,#1275,.T.);
#654=ORIENTED_EDGE('',*,*,#1276,.T.);
#655=ORIENTED_EDGE('',*,*,#1277,.T.);
#656=ORIENTED_EDGE('',*,*,#1278,.T.);
#657=ORIENTED_EDGE('',*,*,#1279,.T.);
#658=ORIENTED_EDGE('',*,*,#1280,.T.);
#659=ORIENTED_EDGE('',*,*,#1281,.T.);
#660=ORIENTED_EDGE('',*,*,#1282,.T.);
#661=ORIENTED_EDGE('',*,*,#1283,.T.);
#662=ORIENTED_EDGE('',*,*,#1284,.T.);
#663=ORIENTED_EDGE('',*,*,#1285,.T.);
#664=ORIENTED_EDGE('',*,*,#1286,.T.);
#665=ORIENTED_EDGE('',*,*,#1287,.T.);
#666=ORIENTED_EDGE('',*,*,#1284,.F.);
#667=ORIENTED_EDGE('',*,*,#1283,.F.);
#668=ORIENTED_EDGE('',*,*,#1287,.F.);
#669=ORIENTED_EDGE('',*,*,#1286,.F.);
#670=ORIENTED_EDGE('',*,*,#1285,.F.);
#671=ORIENTED_EDGE('',*,*,#1288,.T.);
#672=ORIENTED_EDGE('',*,*,#1289,.T.);
#673=ORIENTED_EDGE('',*,*,#1290,.T.);
#674=ORIENTED_EDGE('',*,*,#1291,.T.);
#675=ORIENTED_EDGE('',*,*,#1292,.T.);
#676=ORIENTED_EDGE('',*,*,#1293,.T.);
#677=ORIENTED_EDGE('',*,*,#1294,.T.);
#678=ORIENTED_EDGE('',*,*,#1295,.T.);
#679=ORIENTED_EDGE('',*,*,#1296,.T.);
#680=ORIENTED_EDGE('',*,*,#1297,.T.);
#681=ORIENTED_EDGE('',*,*,#1298,.T.);
#682=ORIENTED_EDGE('',*,*,#1299,.T.);
#683=ORIENTED_EDGE('',*,*,#1300,.T.);
#684=ORIENTED_EDGE('',*,*,#1301,.T.);
#685=ORIENTED_EDGE('',*,*,#1302,.T.);
#686=ORIENTED_EDGE('',*,*,#1303,.T.);
#687=ORIENTED_EDGE('',*,*,#1299,.F.);
#688=ORIENTED_EDGE('',*,*,#1298,.F.);
#689=ORIENTED_EDGE('',*,*,#1303,.F.);
#690=ORIENTED_EDGE('',*,*,#1302,.F.);
#691=ORIENTED_EDGE('',*,*,#1301,.F.);
#692=ORIENTED_EDGE('',*,*,#1300,.F.);
#693=ORIENTED_EDGE('',*,*,#1260,.F.);
#694=ORIENTED_EDGE('',*,*,#1259,.F.);
#695=ORIENTED_EDGE('',*,*,#1262,.F.);
#696=ORIENTED_EDGE('',*,*,#1261,.F.);
#697=ORIENTED_EDGE('',*,*,#1304,.T.);
#698=ORIENTED_EDGE('',*,*,#1305,.T.);
#699=ORIENTED_EDGE('',*,*,#1306,.T.);
#700=ORIENTED_EDGE('',*,*,#1307,.T.);
#701=ORIENTED_EDGE('',*,*,#1308,.T.);
#702=ORIENTED_EDGE('',*,*,#1309,.T.);
#703=ORIENTED_EDGE('',*,*,#1310,.T.);
#704=ORIENTED_EDGE('',*,*,#1311,.T.);
#705=ORIENTED_EDGE('',*,*,#1312,.T.);
#706=ORIENTED_EDGE('',*,*,#1313,.T.);
#707=ORIENTED_EDGE('',*,*,#1314,.T.);
#708=ORIENTED_EDGE('',*,*,#1315,.T.);
#709=ORIENTED_EDGE('',*,*,#1316,.T.);
#710=ORIENTED_EDGE('',*,*,#1317,.T.);
#711=ORIENTED_EDGE('',*,*,#1318,.T.);
#712=ORIENTED_EDGE('',*,*,#1319,.T.);
#713=ORIENTED_EDGE('',*,*,#1320,.T.);
#714=ORIENTED_EDGE('',*,*,#1321,.T.);
#715=ORIENTED_EDGE('',*,*,#1322,.T.);
#716=ORIENTED_EDGE('',*,*,#1323,.T.);
#717=ORIENTED_EDGE('',*,*,#1324,.T.);
#718=ORIENTED_EDGE('',*,*,#1325,.T.);
#719=ORIENTED_EDGE('',*,*,#1326,.T.);
#720=ORIENTED_EDGE('',*,*,#1327,.T.);
#721=ORIENTED_EDGE('',*,*,#1328,.T.);
#722=ORIENTED_EDGE('',*,*,#1329,.T.);
#723=ORIENTED_EDGE('',*,*,#1330,.T.);
#724=ORIENTED_EDGE('',*,*,#1331,.T.);
#725=ORIENTED_EDGE('',*,*,#1332,.T.);
#726=ORIENTED_EDGE('',*,*,#1333,.T.);
#727=ORIENTED_EDGE('',*,*,#1334,.T.);
#728=ORIENTED_EDGE('',*,*,#1335,.T.);
#729=ORIENTED_EDGE('',*,*,#1336,.T.);
#730=ORIENTED_EDGE('',*,*,#1337,.T.);
#731=ORIENTED_EDGE('',*,*,#1338,.T.);
#732=ORIENTED_EDGE('',*,*,#1339,.T.);
#733=ORIENTED_EDGE('',*,*,#1340,.T.);
#734=ORIENTED_EDGE('',*,*,#1341,.T.);
#735=ORIENTED_EDGE('',*,*,#1342,.T.);
#736=ORIENTED_EDGE('',*,*,#1341,.F.);
#737=ORIENTED_EDGE('',*,*,#1340,.F.);
#738=ORIENTED_EDGE('',*,*,#1342,.F.);
#739=ORIENTED_EDGE('',*,*,#1343,.T.);
#740=ORIENTED_EDGE('',*,*,#1344,.T.);
#741=ORIENTED_EDGE('',*,*,#1345,.T.);
#742=ORIENTED_EDGE('',*,*,#1346,.T.);
#743=ORIENTED_EDGE('',*,*,#1347,.T.);
#744=ORIENTED_EDGE('',*,*,#1348,.T.);
#745=ORIENTED_EDGE('',*,*,#1349,.T.);
#746=ORIENTED_EDGE('',*,*,#1350,.T.);
#747=ORIENTED_EDGE('',*,*,#1351,.T.);
#748=ORIENTED_EDGE('',*,*,#1352,.T.);
#749=ORIENTED_EDGE('',*,*,#1353,.T.);
#750=ORIENTED_EDGE('',*,*,#1354,.T.);
#751=ORIENTED_EDGE('',*,*,#1355,.T.);
#752=ORIENTED_EDGE('',*,*,#1356,.T.);
#753=ORIENTED_EDGE('',*,*,#1264,.F.);
#754=ORIENTED_EDGE('',*,*,#1263,.F.);
#755=ORIENTED_EDGE('',*,*,#1266,.F.);
#756=ORIENTED_EDGE('',*,*,#1265,.F.);
#757=ORIENTED_EDGE('',*,*,#1357,.T.);
#758=ORIENTED_EDGE('',*,*,#1358,.T.);
#759=ORIENTED_EDGE('',*,*,#1359,.T.);
#760=ORIENTED_EDGE('',*,*,#1360,.T.);
#761=ORIENTED_EDGE('',*,*,#1361,.T.);
#762=ORIENTED_EDGE('',*,*,#1362,.T.);
#763=ORIENTED_EDGE('',*,*,#1363,.T.);
#764=ORIENTED_EDGE('',*,*,#1364,.T.);
#765=ORIENTED_EDGE('',*,*,#1365,.T.);
#766=ORIENTED_EDGE('',*,*,#1366,.T.);
#767=ORIENTED_EDGE('',*,*,#1367,.T.);
#768=ORIENTED_EDGE('',*,*,#1368,.T.);
#769=ORIENTED_EDGE('',*,*,#1369,.T.);
#770=ORIENTED_EDGE('',*,*,#1370,.T.);
#771=ORIENTED_EDGE('',*,*,#1371,.T.);
#772=ORIENTED_EDGE('',*,*,#1372,.T.);
#773=ORIENTED_EDGE('',*,*,#1373,.T.);
#774=ORIENTED_EDGE('',*,*,#1374,.T.);
#775=ORIENTED_EDGE('',*,*,#1375,.T.);
#776=ORIENTED_EDGE('',*,*,#1376,.T.);
#777=ORIENTED_EDGE('',*,*,#1377,.T.);
#778=ORIENTED_EDGE('',*,*,#1378,.T.);
#779=ORIENTED_EDGE('',*,*,#1379,.T.);
#780=ORIENTED_EDGE('',*,*,#1380,.T.);
#781=ORIENTED_EDGE('',*,*,#1381,.T.);
#782=ORIENTED_EDGE('',*,*,#1382,.T.);
#783=ORIENTED_EDGE('',*,*,#1383,.T.);
#784=ORIENTED_EDGE('',*,*,#1384,.T.);
#785=ORIENTED_EDGE('',*,*,#1385,.T.);
#786=ORIENTED_EDGE('',*,*,#1386,.T.);
#787=ORIENTED_EDGE('',*,*,#1387,.T.);
#788=ORIENTED_EDGE('',*,*,#1388,.T.);
#789=ORIENTED_EDGE('',*,*,#1389,.T.);
#790=ORIENTED_EDGE('',*,*,#1390,.T.);
#791=ORIENTED_EDGE('',*,*,#1391,.T.);
#792=ORIENTED_EDGE('',*,*,#1392,.T.);
#793=ORIENTED_EDGE('',*,*,#1393,.T.);
#794=ORIENTED_EDGE('',*,*,#1394,.T.);
#795=ORIENTED_EDGE('',*,*,#1395,.T.);
#796=ORIENTED_EDGE('',*,*,#1396,.T.);
#797=ORIENTED_EDGE('',*,*,#1397,.T.);
#798=ORIENTED_EDGE('',*,*,#1398,.T.);
#799=ORIENTED_EDGE('',*,*,#1399,.T.);
#800=ORIENTED_EDGE('',*,*,#1400,.T.);
#801=ORIENTED_EDGE('',*,*,#1401,.T.);
#802=ORIENTED_EDGE('',*,*,#1402,.T.);
#803=ORIENTED_EDGE('',*,*,#1403,.T.);
#804=ORIENTED_EDGE('',*,*,#1404,.T.);
#805=ORIENTED_EDGE('',*,*,#1405,.T.);
#806=ORIENTED_EDGE('',*,*,#1406,.T.);
#807=ORIENTED_EDGE('',*,*,#1407,.T.);
#808=ORIENTED_EDGE('',*,*,#1408,.T.);
#809=ORIENTED_EDGE('',*,*,#1409,.T.);
#810=ORIENTED_EDGE('',*,*,#1410,.T.);
#811=ORIENTED_EDGE('',*,*,#1411,.T.);
#812=ORIENTED_EDGE('',*,*,#1412,.T.);
#813=ORIENTED_EDGE('',*,*,#1413,.T.);
#814=ORIENTED_EDGE('',*,*,#1414,.T.);
#815=ORIENTED_EDGE('',*,*,#1268,.F.);
#816=ORIENTED_EDGE('',*,*,#1267,.F.);
#817=ORIENTED_EDGE('',*,*,#1282,.F.);
#818=ORIENTED_EDGE('',*,*,#1281,.F.);
#819=ORIENTED_EDGE('',*,*,#1280,.F.);
#820=ORIENTED_EDGE('',*,*,#1279,.F.);
#821=ORIENTED_EDGE('',*,*,#1278,.F.);
#822=ORIENTED_EDGE('',*,*,#1277,.F.);
#823=ORIENTED_EDGE('',*,*,#1276,.F.);
#824=ORIENTED_EDGE('',*,*,#1275,.F.);
#825=ORIENTED_EDGE('',*,*,#1274,.F.);
#826=ORIENTED_EDGE('',*,*,#1273,.F.);
#827=ORIENTED_EDGE('',*,*,#1272,.F.);
#828=ORIENTED_EDGE('',*,*,#1271,.F.);
#829=ORIENTED_EDGE('',*,*,#1270,.F.);
#830=ORIENTED_EDGE('',*,*,#1269,.F.);
#831=ORIENTED_EDGE('',*,*,#1289,.F.);
#832=ORIENTED_EDGE('',*,*,#1288,.F.);
#833=ORIENTED_EDGE('',*,*,#1297,.F.);
#834=ORIENTED_EDGE('',*,*,#1296,.F.);
#835=ORIENTED_EDGE('',*,*,#1295,.F.);
#836=ORIENTED_EDGE('',*,*,#1294,.F.);
#837=ORIENTED_EDGE('',*,*,#1293,.F.);
#838=ORIENTED_EDGE('',*,*,#1292,.F.);
#839=ORIENTED_EDGE('',*,*,#1291,.F.);
#840=ORIENTED_EDGE('',*,*,#1290,.F.);
#841=ORIENTED_EDGE('',*,*,#1305,.F.);
#842=ORIENTED_EDGE('',*,*,#1304,.F.);
#843=ORIENTED_EDGE('',*,*,#1308,.F.);
#844=ORIENTED_EDGE('',*,*,#1307,.F.);
#845=ORIENTED_EDGE('',*,*,#1306,.F.);
#846=ORIENTED_EDGE('',*,*,#1310,.F.);
#847=ORIENTED_EDGE('',*,*,#1309,.F.);
#848=ORIENTED_EDGE('',*,*,#1318,.F.);
#849=ORIENTED_EDGE('',*,*,#1317,.F.);
#850=ORIENTED_EDGE('',*,*,#1316,.F.);
#851=ORIENTED_EDGE('',*,*,#1315,.F.);
#852=ORIENTED_EDGE('',*,*,#1314,.F.);
#853=ORIENTED_EDGE('',*,*,#1313,.F.);
#854=ORIENTED_EDGE('',*,*,#1312,.F.);
#855=ORIENTED_EDGE('',*,*,#1311,.F.);
#856=ORIENTED_EDGE('',*,*,#1320,.F.);
#857=ORIENTED_EDGE('',*,*,#1319,.F.);
#858=ORIENTED_EDGE('',*,*,#1330,.F.);
#859=ORIENTED_EDGE('',*,*,#1329,.F.);
#860=ORIENTED_EDGE('',*,*,#1328,.F.);
#861=ORIENTED_EDGE('',*,*,#1327,.F.);
#862=ORIENTED_EDGE('',*,*,#1326,.F.);
#863=ORIENTED_EDGE('',*,*,#1325,.F.);
#864=ORIENTED_EDGE('',*,*,#1324,.F.);
#865=ORIENTED_EDGE('',*,*,#1323,.F.);
#866=ORIENTED_EDGE('',*,*,#1322,.F.);
#867=ORIENTED_EDGE('',*,*,#1321,.F.);
#868=ORIENTED_EDGE('',*,*,#1332,.F.);
#869=ORIENTED_EDGE('',*,*,#1331,.F.);
#870=ORIENTED_EDGE('',*,*,#1339,.F.);
#871=ORIENTED_EDGE('',*,*,#1338,.F.);
#872=ORIENTED_EDGE('',*,*,#1337,.F.);
#873=ORIENTED_EDGE('',*,*,#1336,.F.);
#874=ORIENTED_EDGE('',*,*,#1335,.F.);
#875=ORIENTED_EDGE('',*,*,#1334,.F.);
#876=ORIENTED_EDGE('',*,*,#1333,.F.);
#877=ORIENTED_EDGE('',*,*,#1344,.F.);
#878=ORIENTED_EDGE('',*,*,#1343,.F.);
#879=ORIENTED_EDGE('',*,*,#1356,.F.);
#880=ORIENTED_EDGE('',*,*,#1355,.F.);
#881=ORIENTED_EDGE('',*,*,#1354,.F.);
#882=ORIENTED_EDGE('',*,*,#1353,.F.);
#883=ORIENTED_EDGE('',*,*,#1352,.F.);
#884=ORIENTED_EDGE('',*,*,#1351,.F.);
#885=ORIENTED_EDGE('',*,*,#1350,.F.);
#886=ORIENTED_EDGE('',*,*,#1349,.F.);
#887=ORIENTED_EDGE('',*,*,#1348,.F.);
#888=ORIENTED_EDGE('',*,*,#1347,.F.);
#889=ORIENTED_EDGE('',*,*,#1346,.F.);
#890=ORIENTED_EDGE('',*,*,#1345,.F.);
#891=ORIENTED_EDGE('',*,*,#1358,.F.);
#892=ORIENTED_EDGE('',*,*,#1357,.F.);
#893=ORIENTED_EDGE('',*,*,#1361,.F.);
#894=ORIENTED_EDGE('',*,*,#1360,.F.);
#895=ORIENTED_EDGE('',*,*,#1359,.F.);
#896=ORIENTED_EDGE('',*,*,#1363,.F.);
#897=ORIENTED_EDGE('',*,*,#1362,.F.);
#898=ORIENTED_EDGE('',*,*,#1373,.F.);
#899=ORIENTED_EDGE('',*,*,#1372,.F.);
#900=ORIENTED_EDGE('',*,*,#1371,.F.);
#901=ORIENTED_EDGE('',*,*,#1370,.F.);
#902=ORIENTED_EDGE('',*,*,#1369,.F.);
#903=ORIENTED_EDGE('',*,*,#1368,.F.);
#904=ORIENTED_EDGE('',*,*,#1367,.F.);
#905=ORIENTED_EDGE('',*,*,#1366,.F.);
#906=ORIENTED_EDGE('',*,*,#1365,.F.);
#907=ORIENTED_EDGE('',*,*,#1364,.F.);
#908=ORIENTED_EDGE('',*,*,#1375,.F.);
#909=ORIENTED_EDGE('',*,*,#1374,.F.);
#910=ORIENTED_EDGE('',*,*,#1383,.F.);
#911=ORIENTED_EDGE('',*,*,#1382,.F.);
#912=ORIENTED_EDGE('',*,*,#1381,.F.);
#913=ORIENTED_EDGE('',*,*,#1380,.F.);
#914=ORIENTED_EDGE('',*,*,#1379,.F.);
#915=ORIENTED_EDGE('',*,*,#1378,.F.);
#916=ORIENTED_EDGE('',*,*,#1377,.F.);
#917=ORIENTED_EDGE('',*,*,#1376,.F.);
#918=ORIENTED_EDGE('',*,*,#1385,.F.);
#919=ORIENTED_EDGE('',*,*,#1384,.F.);
#920=ORIENTED_EDGE('',*,*,#1387,.F.);
#921=ORIENTED_EDGE('',*,*,#1386,.F.);
#922=ORIENTED_EDGE('',*,*,#1389,.F.);
#923=ORIENTED_EDGE('',*,*,#1388,.F.);
#924=ORIENTED_EDGE('',*,*,#1392,.F.);
#925=ORIENTED_EDGE('',*,*,#1391,.F.);
#926=ORIENTED_EDGE('',*,*,#1390,.F.);
#927=ORIENTED_EDGE('',*,*,#1394,.F.);
#928=ORIENTED_EDGE('',*,*,#1393,.F.);
#929=ORIENTED_EDGE('',*,*,#1414,.F.);
#930=ORIENTED_EDGE('',*,*,#1413,.F.);
#931=ORIENTED_EDGE('',*,*,#1412,.F.);
#932=ORIENTED_EDGE('',*,*,#1411,.F.);
#933=ORIENTED_EDGE('',*,*,#1410,.F.);
#934=ORIENTED_EDGE('',*,*,#1409,.F.);
#935=ORIENTED_EDGE('',*,*,#1408,.F.);
#936=ORIENTED_EDGE('',*,*,#1407,.F.);
#937=ORIENTED_EDGE('',*,*,#1406,.F.);
#938=ORIENTED_EDGE('',*,*,#1405,.F.);
#939=ORIENTED_EDGE('',*,*,#1404,.F.);
#940=ORIENTED_EDGE('',*,*,#1403,.F.);
#941=ORIENTED_EDGE('',*,*,#1402,.F.);
#942=ORIENTED_EDGE('',*,*,#1401,.F.);
#943=ORIENTED_EDGE('',*,*,#1400,.F.);
#944=ORIENTED_EDGE('',*,*,#1399,.F.);
#945=ORIENTED_EDGE('',*,*,#1398,.F.);
#946=ORIENTED_EDGE('',*,*,#1397,.F.);
#947=ORIENTED_EDGE('',*,*,#1396,.F.);
#948=ORIENTED_EDGE('',*,*,#1395,.F.);
#949=ORIENTED_EDGE('',*,*,#1415,.T.);
#950=ORIENTED_EDGE('',*,*,#1416,.T.);
#951=ORIENTED_EDGE('',*,*,#1417,.T.);
#952=ORIENTED_EDGE('',*,*,#1418,.T.);
#953=ORIENTED_EDGE('',*,*,#1187,.F.);
#954=ORIENTED_EDGE('',*,*,#1186,.F.);
#955=ORIENTED_EDGE('',*,*,#1208,.F.);
#956=ORIENTED_EDGE('',*,*,#1207,.F.);
#957=ORIENTED_EDGE('',*,*,#1206,.F.);
#958=ORIENTED_EDGE('',*,*,#1205,.F.);
#959=ORIENTED_EDGE('',*,*,#1204,.F.);
#960=ORIENTED_EDGE('',*,*,#1203,.F.);
#961=ORIENTED_EDGE('',*,*,#1202,.F.);
#962=ORIENTED_EDGE('',*,*,#1201,.F.);
#963=ORIENTED_EDGE('',*,*,#1200,.F.);
#964=ORIENTED_EDGE('',*,*,#1199,.F.);
#965=ORIENTED_EDGE('',*,*,#1198,.F.);
#966=ORIENTED_EDGE('',*,*,#1197,.F.);
#967=ORIENTED_EDGE('',*,*,#1196,.F.);
#968=ORIENTED_EDGE('',*,*,#1195,.F.);
#969=ORIENTED_EDGE('',*,*,#1194,.F.);
#970=ORIENTED_EDGE('',*,*,#1193,.F.);
#971=ORIENTED_EDGE('',*,*,#1192,.F.);
#972=ORIENTED_EDGE('',*,*,#1191,.F.);
#973=ORIENTED_EDGE('',*,*,#1190,.F.);
#974=ORIENTED_EDGE('',*,*,#1189,.F.);
#975=ORIENTED_EDGE('',*,*,#1188,.F.);
#976=ORIENTED_EDGE('',*,*,#1416,.F.);
#977=ORIENTED_EDGE('',*,*,#1415,.F.);
#978=ORIENTED_EDGE('',*,*,#1418,.F.);
#979=ORIENTED_EDGE('',*,*,#1417,.F.);
#980=ORIENTED_EDGE('',*,*,#1419,.T.);
#981=ORIENTED_EDGE('',*,*,#1420,.T.);
#982=ORIENTED_EDGE('',*,*,#1421,.T.);
#983=ORIENTED_EDGE('',*,*,#1422,.T.);
#984=ORIENTED_EDGE('',*,*,#1113,.F.);
#985=ORIENTED_EDGE('',*,*,#1112,.F.);
#986=ORIENTED_EDGE('',*,*,#1119,.F.);
#987=ORIENTED_EDGE('',*,*,#1118,.F.);
#988=ORIENTED_EDGE('',*,*,#1117,.F.);
#989=ORIENTED_EDGE('',*,*,#1116,.F.);
#990=ORIENTED_EDGE('',*,*,#1115,.F.);
#991=ORIENTED_EDGE('',*,*,#1114,.F.);
#992=ORIENTED_EDGE('',*,*,#1183,.F.);
#993=ORIENTED_EDGE('',*,*,#1182,.F.);
#994=ORIENTED_EDGE('',*,*,#1185,.F.);
#995=ORIENTED_EDGE('',*,*,#1184,.F.);
#996=ORIENTED_EDGE('',*,*,#1420,.F.);
#997=ORIENTED_EDGE('',*,*,#1419,.F.);
#998=ORIENTED_EDGE('',*,*,#1422,.F.);
#999=ORIENTED_EDGE('',*,*,#1421,.F.);
#1000=ORIENTED_EDGE('',*,*,#1109,.F.);
#1001=ORIENTED_EDGE('',*,*,#1108,.F.);
#1002=ORIENTED_EDGE('',*,*,#1111,.F.);
#1003=ORIENTED_EDGE('',*,*,#1110,.F.);
#1004=ORIENTED_EDGE('',*,*,#1423,.T.);
#1005=ORIENTED_EDGE('',*,*,#1424,.T.);
#1006=ORIENTED_EDGE('',*,*,#1425,.T.);
#1007=ORIENTED_EDGE('',*,*,#1426,.T.);
#1008=ORIENTED_EDGE('',*,*,#1427,.T.);
#1009=ORIENTED_EDGE('',*,*,#1428,.F.);
#1010=ORIENTED_EDGE('',*,*,#1429,.F.);
#1011=ORIENTED_EDGE('',*,*,#1430,.T.);
#1012=ORIENTED_EDGE('',*,*,#1431,.T.);
#1013=ORIENTED_EDGE('',*,*,#1432,.F.);
#1014=ORIENTED_EDGE('',*,*,#1433,.F.);
#1015=ORIENTED_EDGE('',*,*,#1428,.T.);
#1016=ORIENTED_EDGE('',*,*,#1434,.T.);
#1017=ORIENTED_EDGE('',*,*,#1435,.F.);
#1018=ORIENTED_EDGE('',*,*,#1436,.F.);
#1019=ORIENTED_EDGE('',*,*,#1432,.T.);
#1020=ORIENTED_EDGE('',*,*,#1437,.T.);
#1021=ORIENTED_EDGE('',*,*,#1430,.F.);
#1022=ORIENTED_EDGE('',*,*,#1438,.F.);
#1023=ORIENTED_EDGE('',*,*,#1435,.T.);
#1024=ORIENTED_EDGE('',*,*,#1424,.F.);
#1025=ORIENTED_EDGE('',*,*,#1423,.F.);
#1026=ORIENTED_EDGE('',*,*,#1426,.F.);
#1027=ORIENTED_EDGE('',*,*,#1425,.F.);
#1028=ORIENTED_EDGE('',*,*,#1429,.T.);
#1029=ORIENTED_EDGE('',*,*,#1433,.T.);
#1030=ORIENTED_EDGE('',*,*,#1436,.T.);
#1031=ORIENTED_EDGE('',*,*,#1438,.T.);
#1032=ORIENTED_EDGE('',*,*,#1427,.F.);
#1033=ORIENTED_EDGE('',*,*,#1437,.F.);
#1034=ORIENTED_EDGE('',*,*,#1434,.F.);
#1035=ORIENTED_EDGE('',*,*,#1431,.F.);
#1036=EDGE_CURVE('',#1439,#1440,#1838,.T.);
#1037=EDGE_CURVE('',#1441,#1439,#108,.T.);
#1038=EDGE_CURVE('',#1442,#1441,#109,.T.);
#1039=EDGE_CURVE('',#1443,#1442,#86,.T.);
#1040=EDGE_CURVE('',#1440,#1443,#110,.T.);
#1041=EDGE_CURVE('',#1444,#1445,#1839,.T.);
#1042=EDGE_CURVE('',#1446,#1444,#111,.T.);
#1043=EDGE_CURVE('',#1447,#1446,#112,.T.);
#1044=EDGE_CURVE('',#1448,#1447,#1840,.T.);
#1045=EDGE_CURVE('',#1449,#1448,#113,.T.);
#1046=EDGE_CURVE('',#1450,#1449,#114,.T.);
#1047=EDGE_CURVE('',#1451,#1450,#1841,.T.);
#1048=EDGE_CURVE('',#1452,#1451,#1842,.T.);
#1049=EDGE_CURVE('',#1453,#1452,#1843,.T.);
#1050=EDGE_CURVE('',#1454,#1453,#1844,.T.);
#1051=EDGE_CURVE('',#1455,#1454,#33,.T.);
#1052=EDGE_CURVE('',#1456,#1455,#115,.T.);
#1053=EDGE_CURVE('',#1457,#1456,#87,.T.);
#1054=EDGE_CURVE('',#1445,#1457,#116,.T.);
#1055=EDGE_CURVE('',#1458,#1459,#1845,.T.);
#1056=EDGE_CURVE('',#1460,#1458,#117,.T.);
#1057=EDGE_CURVE('',#1461,#1460,#118,.T.);
#1058=EDGE_CURVE('',#1462,#1461,#1846,.T.);
#1059=EDGE_CURVE('',#1463,#1462,#119,.T.);
#1060=EDGE_CURVE('',#1464,#1463,#120,.T.);
#1061=EDGE_CURVE('',#1465,#1464,#1847,.T.);
#1062=EDGE_CURVE('',#1466,#1465,#1848,.T.);
#1063=EDGE_CURVE('',#1467,#1466,#1849,.T.);
#1064=EDGE_CURVE('',#1468,#1467,#1850,.T.);
#1065=EDGE_CURVE('',#1469,#1468,#34,.T.);
#1066=EDGE_CURVE('',#1470,#1469,#121,.T.);
#1067=EDGE_CURVE('',#1471,#1470,#88,.T.);
#1068=EDGE_CURVE('',#1459,#1471,#122,.T.);
#1069=EDGE_CURVE('',#1472,#1473,#1851,.T.);
#1070=EDGE_CURVE('',#1474,#1472,#1852,.T.);
#1071=EDGE_CURVE('',#1475,#1474,#1853,.T.);
#1072=EDGE_CURVE('',#1476,#1475,#1854,.T.);
#1073=EDGE_CURVE('',#1477,#1476,#1855,.T.);
#1074=EDGE_CURVE('',#1478,#1477,#1856,.T.);
#1075=EDGE_CURVE('',#1479,#1478,#1857,.T.);
#1076=EDGE_CURVE('',#1480,#1479,#1858,.T.);
#1077=EDGE_CURVE('',#1481,#1480,#1859,.T.);
#1078=EDGE_CURVE('',#1482,#1481,#1860,.T.);
#1079=EDGE_CURVE('',#1483,#1482,#1861,.T.);
#1080=EDGE_CURVE('',#1473,#1483,#1862,.T.);
#1081=EDGE_CURVE('',#1484,#1485,#1863,.T.);
#1082=EDGE_CURVE('',#1486,#1484,#1864,.T.);
#1083=EDGE_CURVE('',#1487,#1486,#1865,.T.);
#1084=EDGE_CURVE('',#1488,#1487,#1866,.T.);
#1085=EDGE_CURVE('',#1489,#1488,#35,.T.);
#1086=EDGE_CURVE('',#1490,#1489,#1867,.T.);
#1087=EDGE_CURVE('',#1491,#1490,#36,.T.);
#1088=EDGE_CURVE('',#1492,#1491,#1868,.T.);
#1089=EDGE_CURVE('',#1493,#1492,#1869,.T.);
#1090=EDGE_CURVE('',#1494,#1493,#1870,.T.);
#1091=EDGE_CURVE('',#1495,#1494,#1871,.T.);
#1092=EDGE_CURVE('',#1496,#1495,#1872,.T.);
#1093=EDGE_CURVE('',#1497,#1496,#37,.T.);
#1094=EDGE_CURVE('',#1498,#1497,#1873,.T.);
#1095=EDGE_CURVE('',#1499,#1498,#123,.T.);
#1096=EDGE_CURVE('',#1500,#1499,#1874,.T.);
#1097=EDGE_CURVE('',#1501,#1500,#1875,.T.);
#1098=EDGE_CURVE('',#1502,#1501,#1876,.T.);
#1099=EDGE_CURVE('',#1503,#1502,#38,.T.);
#1100=EDGE_CURVE('',#1504,#1503,#1877,.T.);
#1101=EDGE_CURVE('',#1505,#1504,#39,.T.);
#1102=EDGE_CURVE('',#1485,#1505,#1878,.T.);
#1103=EDGE_CURVE('',#1506,#1507,#1879,.T.);
#1104=EDGE_CURVE('',#1508,#1506,#124,.T.);
#1105=EDGE_CURVE('',#1509,#1508,#125,.T.);
#1106=EDGE_CURVE('',#1510,#1509,#89,.T.);
#1107=EDGE_CURVE('',#1507,#1510,#126,.T.);
#1108=EDGE_CURVE('',#1511,#1512,#1880,.T.);
#1109=EDGE_CURVE('',#1512,#1513,#1881,.T.);
#1110=EDGE_CURVE('',#1513,#1514,#1882,.T.);
#1111=EDGE_CURVE('',#1514,#1511,#1883,.T.);
#1112=EDGE_CURVE('',#1515,#1516,#1884,.T.);
#1113=EDGE_CURVE('',#1516,#1517,#1885,.T.);
#1114=EDGE_CURVE('',#1517,#1518,#1886,.T.);
#1115=EDGE_CURVE('',#1518,#1519,#1887,.T.);
#1116=EDGE_CURVE('',#1519,#1520,#1888,.T.);
#1117=EDGE_CURVE('',#1520,#1521,#1889,.T.);
#1118=EDGE_CURVE('',#1521,#1522,#1890,.T.);
#1119=EDGE_CURVE('',#1522,#1515,#1891,.T.);
#1120=EDGE_CURVE('',#1523,#1524,#1892,.T.);
#1121=EDGE_CURVE('',#1524,#1525,#1893,.T.);
#1122=EDGE_CURVE('',#1525,#1526,#1894,.T.);
#1123=EDGE_CURVE('',#1526,#1527,#127,.T.);
#1124=EDGE_CURVE('',#1527,#1528,#128,.T.);
#1125=EDGE_CURVE('',#1528,#1529,#1895,.T.);
#1126=EDGE_CURVE('',#1529,#1523,#1896,.T.);
#1127=EDGE_CURVE('',#1530,#1531,#1897,.T.);
#1128=EDGE_CURVE('',#1531,#1532,#1898,.T.);
#1129=EDGE_CURVE('',#1532,#1533,#1899,.T.);
#1130=EDGE_CURVE('',#1533,#1534,#1900,.T.);
#1131=EDGE_CURVE('',#1534,#1535,#1901,.T.);
#1132=EDGE_CURVE('',#1535,#1536,#1902,.T.);
#1133=EDGE_CURVE('',#1536,#1537,#1903,.T.);
#1134=EDGE_CURVE('',#1537,#1530,#1904,.T.);
#1135=EDGE_CURVE('',#1538,#1539,#1905,.T.);
#1136=EDGE_CURVE('',#1539,#1540,#1906,.T.);
#1137=EDGE_CURVE('',#1540,#1541,#1907,.T.);
#1138=EDGE_CURVE('',#1541,#1542,#1908,.T.);
#1139=EDGE_CURVE('',#1542,#1543,#1909,.T.);
#1140=EDGE_CURVE('',#1543,#1544,#1910,.T.);
#1141=EDGE_CURVE('',#1544,#1545,#1911,.T.);
#1142=EDGE_CURVE('',#1545,#1546,#1912,.T.);
#1143=EDGE_CURVE('',#1546,#1547,#1913,.T.);
#1144=EDGE_CURVE('',#1547,#1548,#1914,.T.);
#1145=EDGE_CURVE('',#1548,#1549,#1915,.T.);
#1146=EDGE_CURVE('',#1549,#1550,#1916,.T.);
#1147=EDGE_CURVE('',#1550,#1551,#1917,.T.);
#1148=EDGE_CURVE('',#1551,#1552,#1918,.T.);
#1149=EDGE_CURVE('',#1552,#1538,#1919,.T.);
#1150=EDGE_CURVE('',#1553,#1554,#129,.T.);
#1151=EDGE_CURVE('',#1554,#1555,#1920,.T.);
#1152=EDGE_CURVE('',#1555,#1556,#1921,.T.);
#1153=EDGE_CURVE('',#1556,#1557,#1922,.T.);
#1154=EDGE_CURVE('',#1557,#1553,#130,.T.);
#1155=EDGE_CURVE('',#1558,#1559,#131,.T.);
#1156=EDGE_CURVE('',#1559,#1560,#1923,.T.);
#1157=EDGE_CURVE('',#1560,#1561,#132,.T.);
#1158=EDGE_CURVE('',#1561,#1562,#133,.T.);
#1159=EDGE_CURVE('',#1562,#1558,#134,.T.);
#1160=EDGE_CURVE('',#1563,#1564,#90,.T.);
#1161=EDGE_CURVE('',#1564,#1565,#1924,.T.);
#1162=EDGE_CURVE('',#1565,#1566,#1925,.T.);
#1163=EDGE_CURVE('',#1566,#1567,#40,.T.);
#1164=EDGE_CURVE('',#1567,#1563,#135,.T.);
#1165=EDGE_CURVE('',#1568,#1569,#91,.T.);
#1166=EDGE_CURVE('',#1569,#1570,#1926,.T.);
#1167=EDGE_CURVE('',#1570,#1571,#1927,.T.);
#1168=EDGE_CURVE('',#1571,#1572,#41,.T.);
#1169=EDGE_CURVE('',#1572,#1568,#136,.T.);
#1170=EDGE_CURVE('',#1573,#1574,#137,.T.);
#1171=EDGE_CURVE('',#1574,#1575,#1928,.T.);
#1172=EDGE_CURVE('',#1575,#1576,#138,.T.);
#1173=EDGE_CURVE('',#1576,#1577,#139,.T.);
#1174=EDGE_CURVE('',#1577,#1573,#140,.T.);
#1175=EDGE_CURVE('',#1578,#1579,#141,.T.);
#1176=EDGE_CURVE('',#1579,#1580,#42,.T.);
#1177=EDGE_CURVE('',#1580,#1581,#92,.T.);
#1178=EDGE_CURVE('',#1581,#1582,#142,.T.);
#1179=EDGE_CURVE('',#1582,#1583,#143,.T.);
#1180=EDGE_CURVE('',#1583,#1584,#144,.T.);
#1181=EDGE_CURVE('',#1584,#1578,#145,.T.);
#1182=EDGE_CURVE('',#1585,#1586,#1929,.T.);
#1183=EDGE_CURVE('',#1586,#1587,#1930,.T.);
#1184=EDGE_CURVE('',#1587,#1588,#1931,.T.);
#1185=EDGE_CURVE('',#1588,#1585,#1932,.T.);
#1186=EDGE_CURVE('',#1589,#1590,#146,.T.);
#1187=EDGE_CURVE('',#1590,#1591,#43,.T.);
#1188=EDGE_CURVE('',#1591,#1592,#1933,.T.);
#1189=EDGE_CURVE('',#1592,#1593,#1934,.T.);
#1190=EDGE_CURVE('',#1593,#1594,#1935,.T.);
#1191=EDGE_CURVE('',#1594,#1595,#1936,.T.);
#1192=EDGE_CURVE('',#1595,#1596,#147,.T.);
#1193=EDGE_CURVE('',#1596,#1597,#148,.T.);
#1194=EDGE_CURVE('',#1597,#1598,#149,.T.);
#1195=EDGE_CURVE('',#1598,#1599,#150,.T.);
#1196=EDGE_CURVE('',#1599,#1600,#151,.T.);
#1197=EDGE_CURVE('',#1600,#1601,#93,.T.);
#1198=EDGE_CURVE('',#1601,#1602,#152,.T.);
#1199=EDGE_CURVE('',#1602,#1603,#44,.T.);
#1200=EDGE_CURVE('',#1603,#1604,#1937,.T.);
#1201=EDGE_CURVE('',#1604,#1605,#1938,.T.);
#1202=EDGE_CURVE('',#1605,#1606,#1939,.T.);
#1203=EDGE_CURVE('',#1606,#1607,#1940,.T.);
#1204=EDGE_CURVE('',#1607,#1608,#94,.T.);
#1205=EDGE_CURVE('',#1608,#1609,#153,.T.);
#1206=EDGE_CURVE('',#1609,#1610,#154,.T.);
#1207=EDGE_CURVE('',#1610,#1611,#45,.T.);
#1208=EDGE_CURVE('',#1611,#1589,#155,.T.);
#1209=EDGE_CURVE('',#1612,#1613,#156,.T.);
#1210=EDGE_CURVE('',#1613,#1614,#1941,.T.);
#1211=EDGE_CURVE('',#1614,#1615,#1942,.T.);
#1212=EDGE_CURVE('',#1615,#1616,#1943,.T.);
#1213=EDGE_CURVE('',#1616,#1617,#1944,.T.);
#1214=EDGE_CURVE('',#1617,#1618,#157,.T.);
#1215=EDGE_CURVE('',#1618,#1619,#158,.T.);
#1216=EDGE_CURVE('',#1619,#1620,#159,.T.);
#1217=EDGE_CURVE('',#1620,#1621,#95,.T.);
#1218=EDGE_CURVE('',#1621,#1622,#1945,.T.);
#1219=EDGE_CURVE('',#1622,#1623,#46,.T.);
#1220=EDGE_CURVE('',#1623,#1624,#1946,.T.);
#1221=EDGE_CURVE('',#1624,#1625,#1947,.T.);
#1222=EDGE_CURVE('',#1625,#1626,#1948,.T.);
#1223=EDGE_CURVE('',#1626,#1627,#1949,.T.);
#1224=EDGE_CURVE('',#1627,#1628,#1950,.T.);
#1225=EDGE_CURVE('',#1628,#1629,#160,.T.);
#1226=EDGE_CURVE('',#1629,#1630,#1951,.T.);
#1227=EDGE_CURVE('',#1630,#1631,#1952,.T.);
#1228=EDGE_CURVE('',#1631,#1632,#1953,.T.);
#1229=EDGE_CURVE('',#1632,#1633,#161,.T.);
#1230=EDGE_CURVE('',#1633,#1634,#162,.T.);
#1231=EDGE_CURVE('',#1634,#1612,#163,.T.);
#1232=EDGE_CURVE('',#1635,#1636,#47,.T.);
#1233=EDGE_CURVE('',#1636,#1637,#96,.T.);
#1234=EDGE_CURVE('',#1637,#1638,#1954,.T.);
#1235=EDGE_CURVE('',#1638,#1639,#164,.T.);
#1236=EDGE_CURVE('',#1639,#1640,#48,.T.);
#1237=EDGE_CURVE('',#1640,#1641,#165,.T.);
#1238=EDGE_CURVE('',#1641,#1642,#97,.T.);
#1239=EDGE_CURVE('',#1642,#1643,#166,.T.);
#1240=EDGE_CURVE('',#1643,#1644,#167,.T.);
#1241=EDGE_CURVE('',#1644,#1645,#168,.T.);
#1242=EDGE_CURVE('',#1645,#1646,#169,.T.);
#1243=EDGE_CURVE('',#1646,#1647,#170,.T.);
#1244=EDGE_CURVE('',#1647,#1648,#49,.T.);
#1245=EDGE_CURVE('',#1648,#1649,#50,.T.);
#1246=EDGE_CURVE('',#1649,#1650,#51,.T.);
#1247=EDGE_CURVE('',#1650,#1651,#52,.T.);
#1248=EDGE_CURVE('',#1651,#1635,#53,.T.);
#1249=EDGE_CURVE('',#1652,#1653,#171,.T.);
#1250=EDGE_CURVE('',#1653,#1654,#172,.T.);
#1251=EDGE_CURVE('',#1654,#1655,#173,.T.);
#1252=EDGE_CURVE('',#1655,#1656,#174,.T.);
#1253=EDGE_CURVE('',#1656,#1652,#175,.T.);
#1254=EDGE_CURVE('',#1657,#1658,#98,.T.);
#1255=EDGE_CURVE('',#1658,#1659,#54,.T.);
#1256=EDGE_CURVE('',#1659,#1660,#176,.T.);
#1257=EDGE_CURVE('',#1660,#1661,#177,.T.);
#1258=EDGE_CURVE('',#1661,#1657,#178,.T.);
#1259=EDGE_CURVE('',#1662,#1663,#179,.T.);
#1260=EDGE_CURVE('',#1663,#1664,#180,.T.);
#1261=EDGE_CURVE('',#1664,#1665,#181,.T.);
#1262=EDGE_CURVE('',#1665,#1662,#182,.T.);
#1263=EDGE_CURVE('',#1666,#1667,#183,.T.);
#1264=EDGE_CURVE('',#1667,#1668,#184,.T.);
#1265=EDGE_CURVE('',#1668,#1669,#185,.T.);
#1266=EDGE_CURVE('',#1669,#1666,#186,.T.);
#1267=EDGE_CURVE('',#1670,#1671,#55,.T.);
#1268=EDGE_CURVE('',#1671,#1672,#1955,.T.);
#1269=EDGE_CURVE('',#1672,#1673,#1956,.T.);
#1270=EDGE_CURVE('',#1673,#1674,#1957,.T.);
#1271=EDGE_CURVE('',#1674,#1675,#187,.T.);
#1272=EDGE_CURVE('',#1675,#1676,#188,.T.);
#1273=EDGE_CURVE('',#1676,#1677,#189,.T.);
#1274=EDGE_CURVE('',#1677,#1678,#190,.T.);
#1275=EDGE_CURVE('',#1678,#1679,#1958,.T.);
#1276=EDGE_CURVE('',#1679,#1680,#1959,.T.);
#1277=EDGE_CURVE('',#1680,#1681,#191,.T.);
#1278=EDGE_CURVE('',#1681,#1682,#56,.T.);
#1279=EDGE_CURVE('',#1682,#1683,#1960,.T.);
#1280=EDGE_CURVE('',#1683,#1684,#192,.T.);
#1281=EDGE_CURVE('',#1684,#1685,#193,.T.);
#1282=EDGE_CURVE('',#1685,#1670,#1961,.T.);
#1283=EDGE_CURVE('',#1686,#1687,#194,.T.);
#1284=EDGE_CURVE('',#1687,#1688,#1962,.T.);
#1285=EDGE_CURVE('',#1688,#1689,#195,.T.);
#1286=EDGE_CURVE('',#1689,#1690,#196,.T.);
#1287=EDGE_CURVE('',#1690,#1686,#99,.T.);
#1288=EDGE_CURVE('',#1691,#1692,#57,.T.);
#1289=EDGE_CURVE('',#1692,#1693,#1963,.T.);
#1290=EDGE_CURVE('',#1693,#1694,#197,.T.);
#1291=EDGE_CURVE('',#1694,#1695,#58,.T.);
#1292=EDGE_CURVE('',#1695,#1696,#1964,.T.);
#1293=EDGE_CURVE('',#1696,#1697,#59,.T.);
#1294=EDGE_CURVE('',#1697,#1698,#198,.T.);
#1295=EDGE_CURVE('',#1698,#1699,#199,.T.);
#1296=EDGE_CURVE('',#1699,#1700,#200,.T.);
#1297=EDGE_CURVE('',#1700,#1691,#100,.T.);
#1298=EDGE_CURVE('',#1701,#1702,#101,.T.);
#1299=EDGE_CURVE('',#1702,#1703,#1965,.T.);
#1300=EDGE_CURVE('',#1703,#1704,#201,.T.);
#1301=EDGE_CURVE('',#1704,#1705,#60,.T.);
#1302=EDGE_CURVE('',#1705,#1706,#61,.T.);
#1303=EDGE_CURVE('',#1706,#1701,#202,.T.);
#1304=EDGE_CURVE('',#1707,#1708,#102,.T.);
#1305=EDGE_CURVE('',#1708,#1709,#1966,.T.);
#1306=EDGE_CURVE('',#1709,#1710,#203,.T.);
#1307=EDGE_CURVE('',#1710,#1711,#204,.T.);
#1308=EDGE_CURVE('',#1711,#1707,#205,.T.);
#1309=EDGE_CURVE('',#1712,#1713,#1967,.T.);
#1310=EDGE_CURVE('',#1713,#1714,#1968,.T.);
#1311=EDGE_CURVE('',#1714,#1715,#1969,.T.);
#1312=EDGE_CURVE('',#1715,#1716,#62,.T.);
#1313=EDGE_CURVE('',#1716,#1717,#1970,.T.);
#1314=EDGE_CURVE('',#1717,#1718,#63,.T.);
#1315=EDGE_CURVE('',#1718,#1719,#1971,.T.);
#1316=EDGE_CURVE('',#1719,#1720,#1972,.T.);
#1317=EDGE_CURVE('',#1720,#1721,#1973,.T.);
#1318=EDGE_CURVE('',#1721,#1712,#1974,.T.);
#1319=EDGE_CURVE('',#1722,#1723,#64,.T.);
#1320=EDGE_CURVE('',#1723,#1724,#1975,.T.);
#1321=EDGE_CURVE('',#1724,#1725,#1976,.T.);
#1322=EDGE_CURVE('',#1725,#1726,#65,.T.);
#1323=EDGE_CURVE('',#1726,#1727,#1977,.T.);
#1324=EDGE_CURVE('',#1727,#1728,#1978,.T.);
#1325=EDGE_CURVE('',#1728,#1729,#1979,.T.);
#1326=EDGE_CURVE('',#1729,#1730,#66,.T.);
#1327=EDGE_CURVE('',#1730,#1731,#1980,.T.);
#1328=EDGE_CURVE('',#1731,#1732,#1981,.T.);
#1329=EDGE_CURVE('',#1732,#1733,#1982,.T.);
#1330=EDGE_CURVE('',#1733,#1722,#103,.T.);
#1331=EDGE_CURVE('',#1734,#1735,#67,.T.);
#1332=EDGE_CURVE('',#1735,#1736,#1983,.T.);
#1333=EDGE_CURVE('',#1736,#1737,#68,.T.);
#1334=EDGE_CURVE('',#1737,#1738,#206,.T.);
#1335=EDGE_CURVE('',#1738,#1739,#1984,.T.);
#1336=EDGE_CURVE('',#1739,#1740,#69,.T.);
#1337=EDGE_CURVE('',#1740,#1741,#207,.T.);
#1338=EDGE_CURVE('',#1741,#1742,#208,.T.);
#1339=EDGE_CURVE('',#1742,#1734,#209,.T.);
#1340=EDGE_CURVE('',#1743,#1744,#210,.T.);
#1341=EDGE_CURVE('',#1744,#1745,#1985,.T.);
#1342=EDGE_CURVE('',#1745,#1743,#211,.T.);
#1343=EDGE_CURVE('',#1746,#1747,#70,.T.);
#1344=EDGE_CURVE('',#1747,#1748,#1986,.T.);
#1345=EDGE_CURVE('',#1748,#1749,#71,.T.);
#1346=EDGE_CURVE('',#1749,#1750,#104,.T.);
#1347=EDGE_CURVE('',#1750,#1751,#212,.T.);
#1348=EDGE_CURVE('',#1751,#1752,#213,.T.);
#1349=EDGE_CURVE('',#1752,#1753,#214,.T.);
#1350=EDGE_CURVE('',#1753,#1754,#72,.T.);
#1351=EDGE_CURVE('',#1754,#1755,#1987,.T.);
#1352=EDGE_CURVE('',#1755,#1756,#215,.T.);
#1353=EDGE_CURVE('',#1756,#1757,#216,.T.);
#1354=EDGE_CURVE('',#1757,#1758,#217,.T.);
#1355=EDGE_CURVE('',#1758,#1759,#218,.T.);
#1356=EDGE_CURVE('',#1759,#1746,#219,.T.);
#1357=EDGE_CURVE('',#1760,#1761,#105,.T.);
#1358=EDGE_CURVE('',#1761,#1762,#1988,.T.);
#1359=EDGE_CURVE('',#1762,#1763,#220,.T.);
#1360=EDGE_CURVE('',#1763,#1764,#221,.T.);
#1361=EDGE_CURVE('',#1764,#1760,#222,.T.);
#1362=EDGE_CURVE('',#1765,#1766,#73,.T.);
#1363=EDGE_CURVE('',#1766,#1767,#1989,.T.);
#1364=EDGE_CURVE('',#1767,#1768,#1990,.T.);
#1365=EDGE_CURVE('',#1768,#1769,#74,.T.);
#1366=EDGE_CURVE('',#1769,#1770,#1991,.T.);
#1367=EDGE_CURVE('',#1770,#1771,#1992,.T.);
#1368=EDGE_CURVE('',#1771,#1772,#1993,.T.);
#1369=EDGE_CURVE('',#1772,#1773,#75,.T.);
#1370=EDGE_CURVE('',#1773,#1774,#1994,.T.);
#1371=EDGE_CURVE('',#1774,#1775,#1995,.T.);
#1372=EDGE_CURVE('',#1775,#1776,#1996,.T.);
#1373=EDGE_CURVE('',#1776,#1765,#106,.T.);
#1374=EDGE_CURVE('',#1777,#1778,#76,.T.);
#1375=EDGE_CURVE('',#1778,#1779,#1997,.T.);
#1376=EDGE_CURVE('',#1779,#1780,#77,.T.);
#1377=EDGE_CURVE('',#1780,#1781,#223,.T.);
#1378=EDGE_CURVE('',#1781,#1782,#224,.T.);
#1379=EDGE_CURVE('',#1782,#1783,#78,.T.);
#1380=EDGE_CURVE('',#1783,#1784,#1998,.T.);
#1381=EDGE_CURVE('',#1784,#1785,#79,.T.);
#1382=EDGE_CURVE('',#1785,#1786,#225,.T.);
#1383=EDGE_CURVE('',#1786,#1777,#107,.T.);
#1384=EDGE_CURVE('',#1787,#1788,#1999,.T.);
#1385=EDGE_CURVE('',#1788,#1789,#2000,.T.);
#1386=EDGE_CURVE('',#1789,#1790,#2001,.T.);
#1387=EDGE_CURVE('',#1790,#1787,#2002,.T.);
#1388=EDGE_CURVE('',#1791,#1792,#226,.T.);
#1389=EDGE_CURVE('',#1792,#1793,#2003,.T.);
#1390=EDGE_CURVE('',#1793,#1794,#227,.T.);
#1391=EDGE_CURVE('',#1794,#1795,#228,.T.);
#1392=EDGE_CURVE('',#1795,#1791,#229,.T.);
#1393=EDGE_CURVE('',#1796,#1797,#2004,.T.);
#1394=EDGE_CURVE('',#1797,#1798,#2005,.T.);
#1395=EDGE_CURVE('',#1798,#1799,#2006,.T.);
#1396=EDGE_CURVE('',#1799,#1800,#2007,.T.);
#1397=EDGE_CURVE('',#1800,#1801,#80,.T.);
#1398=EDGE_CURVE('',#1801,#1802,#2008,.T.);
#1399=EDGE_CURVE('',#1802,#1803,#81,.T.);
#1400=EDGE_CURVE('',#1803,#1804,#2009,.T.);
#1401=EDGE_CURVE('',#1804,#1805,#2010,.T.);
#1402=EDGE_CURVE('',#1805,#1806,#2011,.T.);
#1403=EDGE_CURVE('',#1806,#1807,#2012,.T.);
#1404=EDGE_CURVE('',#1807,#1808,#2013,.T.);
#1405=EDGE_CURVE('',#1808,#1809,#82,.T.);
#1406=EDGE_CURVE('',#1809,#1810,#2014,.T.);
#1407=EDGE_CURVE('',#1810,#1811,#83,.T.);
#1408=EDGE_CURVE('',#1811,#1812,#2015,.T.);
#1409=EDGE_CURVE('',#1812,#1813,#2016,.T.);
#1410=EDGE_CURVE('',#1813,#1814,#2017,.T.);
#1411=EDGE_CURVE('',#1814,#1815,#84,.T.);
#1412=EDGE_CURVE('',#1815,#1816,#2018,.T.);
#1413=EDGE_CURVE('',#1816,#1817,#85,.T.);
#1414=EDGE_CURVE('',#1817,#1796,#2019,.T.);
#1415=EDGE_CURVE('',#1818,#1819,#2020,.T.);
#1416=EDGE_CURVE('',#1819,#1820,#2021,.T.);
#1417=EDGE_CURVE('',#1820,#1821,#2022,.T.);
#1418=EDGE_CURVE('',#1821,#1818,#2023,.T.);
#1419=EDGE_CURVE('',#1822,#1823,#2024,.T.);
#1420=EDGE_CURVE('',#1823,#1824,#2025,.T.);
#1421=EDGE_CURVE('',#1824,#1825,#2026,.T.);
#1422=EDGE_CURVE('',#1825,#1822,#2027,.T.);
#1423=EDGE_CURVE('',#1826,#1827,#2028,.T.);
#1424=EDGE_CURVE('',#1827,#1828,#2029,.T.);
#1425=EDGE_CURVE('',#1828,#1829,#2030,.T.);
#1426=EDGE_CURVE('',#1829,#1826,#2031,.T.);
#1427=EDGE_CURVE('',#1830,#1831,#2032,.T.);
#1428=EDGE_CURVE('',#1832,#1831,#2033,.T.);
#1429=EDGE_CURVE('',#1833,#1832,#2034,.T.);
#1430=EDGE_CURVE('',#1833,#1830,#2035,.T.);
#1431=EDGE_CURVE('',#1831,#1834,#2036,.T.);
#1432=EDGE_CURVE('',#1835,#1834,#2037,.T.);
#1433=EDGE_CURVE('',#1832,#1835,#2038,.T.);
#1434=EDGE_CURVE('',#1834,#1836,#2039,.T.);
#1435=EDGE_CURVE('',#1837,#1836,#2040,.T.);
#1436=EDGE_CURVE('',#1835,#1837,#2041,.T.);
#1437=EDGE_CURVE('',#1836,#1830,#2042,.T.);
#1438=EDGE_CURVE('',#1837,#1833,#2043,.T.);
#1439=VERTEX_POINT('',#3264);
#1440=VERTEX_POINT('',#3265);
#1441=VERTEX_POINT('',#3285);
#1442=VERTEX_POINT('',#3313);
#1443=VERTEX_POINT('',#3315);
#1444=VERTEX_POINT('',#3336);
#1445=VERTEX_POINT('',#3337);
#1446=VERTEX_POINT('',#3349);
#1447=VERTEX_POINT('',#3361);
#1448=VERTEX_POINT('',#3363);
#1449=VERTEX_POINT('',#3375);
#1450=VERTEX_POINT('',#3395);
#1451=VERTEX_POINT('',#3397);
#1452=VERTEX_POINT('',#3399);
#1453=VERTEX_POINT('',#3401);
#1454=VERTEX_POINT('',#3403);
#1455=VERTEX_POINT('',#3405);
#1456=VERTEX_POINT('',#3417);
#1457=VERTEX_POINT('',#3419);
#1458=VERTEX_POINT('',#3440);
#1459=VERTEX_POINT('',#3441);
#1460=VERTEX_POINT('',#3453);
#1461=VERTEX_POINT('',#3465);
#1462=VERTEX_POINT('',#3467);
#1463=VERTEX_POINT('',#3479);
#1464=VERTEX_POINT('',#3499);
#1465=VERTEX_POINT('',#3501);
#1466=VERTEX_POINT('',#3503);
#1467=VERTEX_POINT('',#3505);
#1468=VERTEX_POINT('',#3507);
#1469=VERTEX_POINT('',#3509);
#1470=VERTEX_POINT('',#3521);
#1471=VERTEX_POINT('',#3523);
#1472=VERTEX_POINT('',#3544);
#1473=VERTEX_POINT('',#3545);
#1474=VERTEX_POINT('',#3547);
#1475=VERTEX_POINT('',#3549);
#1476=VERTEX_POINT('',#3551);
#1477=VERTEX_POINT('',#3553);
#1478=VERTEX_POINT('',#3555);
#1479=VERTEX_POINT('',#3557);
#1480=VERTEX_POINT('',#3559);
#1481=VERTEX_POINT('',#3561);
#1482=VERTEX_POINT('',#3563);
#1483=VERTEX_POINT('',#3565);
#1484=VERTEX_POINT('',#3568);
#1485=VERTEX_POINT('',#3569);
#1486=VERTEX_POINT('',#3571);
#1487=VERTEX_POINT('',#3573);
#1488=VERTEX_POINT('',#3575);
#1489=VERTEX_POINT('',#3577);
#1490=VERTEX_POINT('',#3579);
#1491=VERTEX_POINT('',#3581);
#1492=VERTEX_POINT('',#3583);
#1493=VERTEX_POINT('',#3585);
#1494=VERTEX_POINT('',#3587);
#1495=VERTEX_POINT('',#3589);
#1496=VERTEX_POINT('',#3591);
#1497=VERTEX_POINT('',#3593);
#1498=VERTEX_POINT('',#3595);
#1499=VERTEX_POINT('',#3605);
#1500=VERTEX_POINT('',#3607);
#1501=VERTEX_POINT('',#3609);
#1502=VERTEX_POINT('',#3611);
#1503=VERTEX_POINT('',#3613);
#1504=VERTEX_POINT('',#3615);
#1505=VERTEX_POINT('',#3617);
#1506=VERTEX_POINT('',#3620);
#1507=VERTEX_POINT('',#3621);
#1508=VERTEX_POINT('',#3641);
#1509=VERTEX_POINT('',#3669);
#1510=VERTEX_POINT('',#3671);
#1511=VERTEX_POINT('',#3692);
#1512=VERTEX_POINT('',#3693);
#1513=VERTEX_POINT('',#3695);
#1514=VERTEX_POINT('',#3697);
#1515=VERTEX_POINT('',#3700);
#1516=VERTEX_POINT('',#3701);
#1517=VERTEX_POINT('',#3703);
#1518=VERTEX_POINT('',#3705);
#1519=VERTEX_POINT('',#3707);
#1520=VERTEX_POINT('',#3709);
#1521=VERTEX_POINT('',#3711);
#1522=VERTEX_POINT('',#3713);
#1523=VERTEX_POINT('',#3716);
#1524=VERTEX_POINT('',#3717);
#1525=VERTEX_POINT('',#3719);
#1526=VERTEX_POINT('',#3721);
#1527=VERTEX_POINT('',#3745);
#1528=VERTEX_POINT('',#3765);
#1529=VERTEX_POINT('',#3767);
#1530=VERTEX_POINT('',#3770);
#1531=VERTEX_POINT('',#3771);
#1532=VERTEX_POINT('',#3773);
#1533=VERTEX_POINT('',#3775);
#1534=VERTEX_POINT('',#3777);
#1535=VERTEX_POINT('',#3779);
#1536=VERTEX_POINT('',#3781);
#1537=VERTEX_POINT('',#3783);
#1538=VERTEX_POINT('',#3786);
#1539=VERTEX_POINT('',#3787);
#1540=VERTEX_POINT('',#3789);
#1541=VERTEX_POINT('',#3791);
#1542=VERTEX_POINT('',#3793);
#1543=VERTEX_POINT('',#3795);
#1544=VERTEX_POINT('',#3797);
#1545=VERTEX_POINT('',#3799);
#1546=VERTEX_POINT('',#3801);
#1547=VERTEX_POINT('',#3803);
#1548=VERTEX_POINT('',#3805);
#1549=VERTEX_POINT('',#3807);
#1550=VERTEX_POINT('',#3809);
#1551=VERTEX_POINT('',#3811);
#1552=VERTEX_POINT('',#3813);
#1553=VERTEX_POINT('',#3832);
#1554=VERTEX_POINT('',#3833);
#1555=VERTEX_POINT('',#3835);
#1556=VERTEX_POINT('',#3837);
#1557=VERTEX_POINT('',#3839);
#1558=VERTEX_POINT('',#3881);
#1559=VERTEX_POINT('',#3882);
#1560=VERTEX_POINT('',#3884);
#1561=VERTEX_POINT('',#3904);
#1562=VERTEX_POINT('',#3924);
#1563=VERTEX_POINT('',#3947);
#1564=VERTEX_POINT('',#3948);
#1565=VERTEX_POINT('',#3950);
#1566=VERTEX_POINT('',#3952);
#1567=VERTEX_POINT('',#3954);
#1568=VERTEX_POINT('',#3977);
#1569=VERTEX_POINT('',#3978);
#1570=VERTEX_POINT('',#3980);
#1571=VERTEX_POINT('',#3982);
#1572=VERTEX_POINT('',#3984);
#1573=VERTEX_POINT('',#4027);
#1574=VERTEX_POINT('',#4028);
#1575=VERTEX_POINT('',#4030);
#1576=VERTEX_POINT('',#4050);
#1577=VERTEX_POINT('',#4070);
#1578=VERTEX_POINT('',#4107);
#1579=VERTEX_POINT('',#4108);
#1580=VERTEX_POINT('',#4110);
#1581=VERTEX_POINT('',#4112);
#1582=VERTEX_POINT('',#4124);
#1583=VERTEX_POINT('',#4144);
#1584=VERTEX_POINT('',#4156);
#1585=VERTEX_POINT('',#4170);
#1586=VERTEX_POINT('',#4171);
#1587=VERTEX_POINT('',#4173);
#1588=VERTEX_POINT('',#4175);
#1589=VERTEX_POINT('',#4196);
#1590=VERTEX_POINT('',#4197);
#1591=VERTEX_POINT('',#4199);
#1592=VERTEX_POINT('',#4201);
#1593=VERTEX_POINT('',#4203);
#1594=VERTEX_POINT('',#4205);
#1595=VERTEX_POINT('',#4207);
#1596=VERTEX_POINT('',#4227);
#1597=VERTEX_POINT('',#4247);
#1598=VERTEX_POINT('',#4267);
#1599=VERTEX_POINT('',#4279);
#1600=VERTEX_POINT('',#4299);
#1601=VERTEX_POINT('',#4301);
#1602=VERTEX_POINT('',#4313);
#1603=VERTEX_POINT('',#4315);
#1604=VERTEX_POINT('',#4317);
#1605=VERTEX_POINT('',#4319);
#1606=VERTEX_POINT('',#4321);
#1607=VERTEX_POINT('',#4323);
#1608=VERTEX_POINT('',#4325);
#1609=VERTEX_POINT('',#4345);
#1610=VERTEX_POINT('',#4357);
#1611=VERTEX_POINT('',#4359);
#1612=VERTEX_POINT('',#4390);
#1613=VERTEX_POINT('',#4391);
#1614=VERTEX_POINT('',#4393);
#1615=VERTEX_POINT('',#4395);
#1616=VERTEX_POINT('',#4397);
#1617=VERTEX_POINT('',#4399);
#1618=VERTEX_POINT('',#4419);
#1619=VERTEX_POINT('',#4447);
#1620=VERTEX_POINT('',#4475);
#1621=VERTEX_POINT('',#4477);
#1622=VERTEX_POINT('',#4479);
#1623=VERTEX_POINT('',#4481);
#1624=VERTEX_POINT('',#4483);
#1625=VERTEX_POINT('',#4485);
#1626=VERTEX_POINT('',#4487);
#1627=VERTEX_POINT('',#4489);
#1628=VERTEX_POINT('',#4491);
#1629=VERTEX_POINT('',#4503);
#1630=VERTEX_POINT('',#4505);
#1631=VERTEX_POINT('',#4507);
#1632=VERTEX_POINT('',#4509);
#1633=VERTEX_POINT('',#4529);
#1634=VERTEX_POINT('',#4557);
#1635=VERTEX_POINT('',#4578);
#1636=VERTEX_POINT('',#4579);
#1637=VERTEX_POINT('',#4581);
#1638=VERTEX_POINT('',#4583);
#1639=VERTEX_POINT('',#4595);
#1640=VERTEX_POINT('',#4597);
#1641=VERTEX_POINT('',#4609);
#1642=VERTEX_POINT('',#4611);
#1643=VERTEX_POINT('',#4623);
#1644=VERTEX_POINT('',#4635);
#1645=VERTEX_POINT('',#4647);
#1646=VERTEX_POINT('',#4659);
#1647=VERTEX_POINT('',#4679);
#1648=VERTEX_POINT('',#4681);
#1649=VERTEX_POINT('',#4683);
#1650=VERTEX_POINT('',#4685);
#1651=VERTEX_POINT('',#4687);
#1652=VERTEX_POINT('',#4700);
#1653=VERTEX_POINT('',#4701);
#1654=VERTEX_POINT('',#4729);
#1655=VERTEX_POINT('',#4757);
#1656=VERTEX_POINT('',#4785);
#1657=VERTEX_POINT('',#4799);
#1658=VERTEX_POINT('',#4800);
#1659=VERTEX_POINT('',#4802);
#1660=VERTEX_POINT('',#4822);
#1661=VERTEX_POINT('',#4842);
#1662=VERTEX_POINT('',#4876);
#1663=VERTEX_POINT('',#4877);
#1664=VERTEX_POINT('',#4888);
#1665=VERTEX_POINT('',#4899);
#1666=VERTEX_POINT('',#4921);
#1667=VERTEX_POINT('',#4922);
#1668=VERTEX_POINT('',#4933);
#1669=VERTEX_POINT('',#4944);
#1670=VERTEX_POINT('',#4957);
#1671=VERTEX_POINT('',#4958);
#1672=VERTEX_POINT('',#4960);
#1673=VERTEX_POINT('',#4962);
#1674=VERTEX_POINT('',#4964);
#1675=VERTEX_POINT('',#4980);
#1676=VERTEX_POINT('',#5000);
#1677=VERTEX_POINT('',#5020);
#1678=VERTEX_POINT('',#5032);
#1679=VERTEX_POINT('',#5034);
#1680=VERTEX_POINT('',#5036);
#1681=VERTEX_POINT('',#5056);
#1682=VERTEX_POINT('',#5058);
#1683=VERTEX_POINT('',#5060);
#1684=VERTEX_POINT('',#5072);
#1685=VERTEX_POINT('',#5100);
#1686=VERTEX_POINT('',#5121);
#1687=VERTEX_POINT('',#5122);
#1688=VERTEX_POINT('',#5124);
#1689=VERTEX_POINT('',#5144);
#1690=VERTEX_POINT('',#5164);
#1691=VERTEX_POINT('',#5169);
#1692=VERTEX_POINT('',#5170);
#1693=VERTEX_POINT('',#5172);
#1694=VERTEX_POINT('',#5192);
#1695=VERTEX_POINT('',#5194);
#1696=VERTEX_POINT('',#5196);
#1697=VERTEX_POINT('',#5198);
#1698=VERTEX_POINT('',#5218);
#1699=VERTEX_POINT('',#5238);
#1700=VERTEX_POINT('',#5258);
#1701=VERTEX_POINT('',#5261);
#1702=VERTEX_POINT('',#5262);
#1703=VERTEX_POINT('',#5264);
#1704=VERTEX_POINT('',#5284);
#1705=VERTEX_POINT('',#5286);
#1706=VERTEX_POINT('',#5288);
#1707=VERTEX_POINT('',#5311);
#1708=VERTEX_POINT('',#5312);
#1709=VERTEX_POINT('',#5314);
#1710=VERTEX_POINT('',#5334);
#1711=VERTEX_POINT('',#5354);
#1712=VERTEX_POINT('',#5376);
#1713=VERTEX_POINT('',#5377);
#1714=VERTEX_POINT('',#5379);
#1715=VERTEX_POINT('',#5381);
#1716=VERTEX_POINT('',#5383);
#1717=VERTEX_POINT('',#5385);
#1718=VERTEX_POINT('',#5387);
#1719=VERTEX_POINT('',#5389);
#1720=VERTEX_POINT('',#5391);
#1721=VERTEX_POINT('',#5393);
#1722=VERTEX_POINT('',#5397);
#1723=VERTEX_POINT('',#5398);
#1724=VERTEX_POINT('',#5400);
#1725=VERTEX_POINT('',#5402);
#1726=VERTEX_POINT('',#5404);
#1727=VERTEX_POINT('',#5406);
#1728=VERTEX_POINT('',#5408);
#1729=VERTEX_POINT('',#5410);
#1730=VERTEX_POINT('',#5412);
#1731=VERTEX_POINT('',#5414);
#1732=VERTEX_POINT('',#5416);
#1733=VERTEX_POINT('',#5418);
#1734=VERTEX_POINT('',#5422);
#1735=VERTEX_POINT('',#5423);
#1736=VERTEX_POINT('',#5425);
#1737=VERTEX_POINT('',#5427);
#1738=VERTEX_POINT('',#5447);
#1739=VERTEX_POINT('',#5449);
#1740=VERTEX_POINT('',#5451);
#1741=VERTEX_POINT('',#5471);
#1742=VERTEX_POINT('',#5491);
#1743=VERTEX_POINT('',#5526);
#1744=VERTEX_POINT('',#5527);
#1745=VERTEX_POINT('',#5529);
#1746=VERTEX_POINT('',#5548);
#1747=VERTEX_POINT('',#5549);
#1748=VERTEX_POINT('',#5551);
#1749=VERTEX_POINT('',#5553);
#1750=VERTEX_POINT('',#5555);
#1751=VERTEX_POINT('',#5575);
#1752=VERTEX_POINT('',#5595);
#1753=VERTEX_POINT('',#5615);
#1754=VERTEX_POINT('',#5617);
#1755=VERTEX_POINT('',#5619);
#1756=VERTEX_POINT('',#5631);
#1757=VERTEX_POINT('',#5651);
#1758=VERTEX_POINT('',#5671);
#1759=VERTEX_POINT('',#5691);
#1760=VERTEX_POINT('',#5713);
#1761=VERTEX_POINT('',#5714);
#1762=VERTEX_POINT('',#5716);
#1763=VERTEX_POINT('',#5736);
#1764=VERTEX_POINT('',#5756);
#1765=VERTEX_POINT('',#5778);
#1766=VERTEX_POINT('',#5779);
#1767=VERTEX_POINT('',#5781);
#1768=VERTEX_POINT('',#5783);
#1769=VERTEX_POINT('',#5785);
#1770=VERTEX_POINT('',#5787);
#1771=VERTEX_POINT('',#5789);
#1772=VERTEX_POINT('',#5791);
#1773=VERTEX_POINT('',#5793);
#1774=VERTEX_POINT('',#5795);
#1775=VERTEX_POINT('',#5797);
#1776=VERTEX_POINT('',#5799);
#1777=VERTEX_POINT('',#5803);
#1778=VERTEX_POINT('',#5804);
#1779=VERTEX_POINT('',#5806);
#1780=VERTEX_POINT('',#5808);
#1781=VERTEX_POINT('',#5828);
#1782=VERTEX_POINT('',#5848);
#1783=VERTEX_POINT('',#5850);
#1784=VERTEX_POINT('',#5852);
#1785=VERTEX_POINT('',#5854);
#1786=VERTEX_POINT('',#5874);
#1787=VERTEX_POINT('',#5878);
#1788=VERTEX_POINT('',#5879);
#1789=VERTEX_POINT('',#5881);
#1790=VERTEX_POINT('',#5883);
#1791=VERTEX_POINT('',#5897);
#1792=VERTEX_POINT('',#5898);
#1793=VERTEX_POINT('',#5900);
#1794=VERTEX_POINT('',#5912);
#1795=VERTEX_POINT('',#5924);
#1796=VERTEX_POINT('',#5938);
#1797=VERTEX_POINT('',#5939);
#1798=VERTEX_POINT('',#5941);
#1799=VERTEX_POINT('',#5943);
#1800=VERTEX_POINT('',#5945);
#1801=VERTEX_POINT('',#5947);
#1802=VERTEX_POINT('',#5949);
#1803=VERTEX_POINT('',#5951);
#1804=VERTEX_POINT('',#5953);
#1805=VERTEX_POINT('',#5955);
#1806=VERTEX_POINT('',#5957);
#1807=VERTEX_POINT('',#5959);
#1808=VERTEX_POINT('',#5961);
#1809=VERTEX_POINT('',#5963);
#1810=VERTEX_POINT('',#5965);
#1811=VERTEX_POINT('',#5967);
#1812=VERTEX_POINT('',#5969);
#1813=VERTEX_POINT('',#5971);
#1814=VERTEX_POINT('',#5973);
#1815=VERTEX_POINT('',#5975);
#1816=VERTEX_POINT('',#5977);
#1817=VERTEX_POINT('',#5979);
#1818=VERTEX_POINT('',#5983);
#1819=VERTEX_POINT('',#5984);
#1820=VERTEX_POINT('',#5986);
#1821=VERTEX_POINT('',#5988);
#1822=VERTEX_POINT('',#5993);
#1823=VERTEX_POINT('',#5994);
#1824=VERTEX_POINT('',#5996);
#1825=VERTEX_POINT('',#5998);
#1826=VERTEX_POINT('',#6003);
#1827=VERTEX_POINT('',#6004);
#1828=VERTEX_POINT('',#6006);
#1829=VERTEX_POINT('',#6008);
#1830=VERTEX_POINT('',#6012);
#1831=VERTEX_POINT('',#6013);
#1832=VERTEX_POINT('',#6015);
#1833=VERTEX_POINT('',#6017);
#1834=VERTEX_POINT('',#6021);
#1835=VERTEX_POINT('',#6023);
#1836=VERTEX_POINT('',#6027);
#1837=VERTEX_POINT('',#6029);
#1838=LINE('',#3263,#2044);
#1839=LINE('',#3335,#2045);
#1840=LINE('',#3362,#2046);
#1841=LINE('',#3396,#2047);
#1842=LINE('',#3398,#2048);
#1843=LINE('',#3400,#2049);
#1844=LINE('',#3402,#2050);
#1845=LINE('',#3439,#2051);
#1846=LINE('',#3466,#2052);
#1847=LINE('',#3500,#2053);
#1848=LINE('',#3502,#2054);
#1849=LINE('',#3504,#2055);
#1850=LINE('',#3506,#2056);
#1851=LINE('',#3543,#2057);
#1852=LINE('',#3546,#2058);
#1853=LINE('',#3548,#2059);
#1854=LINE('',#3550,#2060);
#1855=LINE('',#3552,#2061);
#1856=LINE('',#3554,#2062);
#1857=LINE('',#3556,#2063);
#1858=LINE('',#3558,#2064);
#1859=LINE('',#3560,#2065);
#1860=LINE('',#3562,#2066);
#1861=LINE('',#3564,#2067);
#1862=LINE('',#3566,#2068);
#1863=LINE('',#3567,#2069);
#1864=LINE('',#3570,#2070);
#1865=LINE('',#3572,#2071);
#1866=LINE('',#3574,#2072);
#1867=LINE('',#3578,#2073);
#1868=LINE('',#3582,#2074);
#1869=LINE('',#3584,#2075);
#1870=LINE('',#3586,#2076);
#1871=LINE('',#3588,#2077);
#1872=LINE('',#3590,#2078);
#1873=LINE('',#3594,#2079);
#1874=LINE('',#3606,#2080);
#1875=LINE('',#3608,#2081);
#1876=LINE('',#3610,#2082);
#1877=LINE('',#3614,#2083);
#1878=LINE('',#3618,#2084);
#1879=LINE('',#3619,#2085);
#1880=LINE('',#3691,#2086);
#1881=LINE('',#3694,#2087);
#1882=LINE('',#3696,#2088);
#1883=LINE('',#3698,#2089);
#1884=LINE('',#3699,#2090);
#1885=LINE('',#3702,#2091);
#1886=LINE('',#3704,#2092);
#1887=LINE('',#3706,#2093);
#1888=LINE('',#3708,#2094);
#1889=LINE('',#3710,#2095);
#1890=LINE('',#3712,#2096);
#1891=LINE('',#3714,#2097);
#1892=LINE('',#3715,#2098);
#1893=LINE('',#3718,#2099);
#1894=LINE('',#3720,#2100);
#1895=LINE('',#3766,#2101);
#1896=LINE('',#3768,#2102);
#1897=LINE('',#3769,#2103);
#1898=LINE('',#3772,#2104);
#1899=LINE('',#3774,#2105);
#1900=LINE('',#3776,#2106);
#1901=LINE('',#3778,#2107);
#1902=LINE('',#3780,#2108);
#1903=LINE('',#3782,#2109);
#1904=LINE('',#3784,#2110);
#1905=LINE('',#3785,#2111);
#1906=LINE('',#3788,#2112);
#1907=LINE('',#3790,#2113);
#1908=LINE('',#3792,#2114);
#1909=LINE('',#3794,#2115);
#1910=LINE('',#3796,#2116);
#1911=LINE('',#3798,#2117);
#1912=LINE('',#3800,#2118);
#1913=LINE('',#3802,#2119);
#1914=LINE('',#3804,#2120);
#1915=LINE('',#3806,#2121);
#1916=LINE('',#3808,#2122);
#1917=LINE('',#3810,#2123);
#1918=LINE('',#3812,#2124);
#1919=LINE('',#3814,#2125);
#1920=LINE('',#3834,#2126);
#1921=LINE('',#3836,#2127);
#1922=LINE('',#3838,#2128);
#1923=LINE('',#3883,#2129);
#1924=LINE('',#3949,#2130);
#1925=LINE('',#3951,#2131);
#1926=LINE('',#3979,#2132);
#1927=LINE('',#3981,#2133);
#1928=LINE('',#4029,#2134);
#1929=LINE('',#4169,#2135);
#1930=LINE('',#4172,#2136);
#1931=LINE('',#4174,#2137);
#1932=LINE('',#4176,#2138);
#1933=LINE('',#4200,#2139);
#1934=LINE('',#4202,#2140);
#1935=LINE('',#4204,#2141);
#1936=LINE('',#4206,#2142);
#1937=LINE('',#4316,#2143);
#1938=LINE('',#4318,#2144);
#1939=LINE('',#4320,#2145);
#1940=LINE('',#4322,#2146);
#1941=LINE('',#4392,#2147);
#1942=LINE('',#4394,#2148);
#1943=LINE('',#4396,#2149);
#1944=LINE('',#4398,#2150);
#1945=LINE('',#4478,#2151);
#1946=LINE('',#4482,#2152);
#1947=LINE('',#4484,#2153);
#1948=LINE('',#4486,#2154);
#1949=LINE('',#4488,#2155);
#1950=LINE('',#4490,#2156);
#1951=LINE('',#4504,#2157);
#1952=LINE('',#4506,#2158);
#1953=LINE('',#4508,#2159);
#1954=LINE('',#4582,#2160);
#1955=LINE('',#4959,#2161);
#1956=LINE('',#4961,#2162);
#1957=LINE('',#4963,#2163);
#1958=LINE('',#5033,#2164);
#1959=LINE('',#5035,#2165);
#1960=LINE('',#5059,#2166);
#1961=LINE('',#5101,#2167);
#1962=LINE('',#5123,#2168);
#1963=LINE('',#5171,#2169);
#1964=LINE('',#5195,#2170);
#1965=LINE('',#5263,#2171);
#1966=LINE('',#5313,#2172);
#1967=LINE('',#5375,#2173);
#1968=LINE('',#5378,#2174);
#1969=LINE('',#5380,#2175);
#1970=LINE('',#5384,#2176);
#1971=LINE('',#5388,#2177);
#1972=LINE('',#5390,#2178);
#1973=LINE('',#5392,#2179);
#1974=LINE('',#5394,#2180);
#1975=LINE('',#5399,#2181);
#1976=LINE('',#5401,#2182);
#1977=LINE('',#5405,#2183);
#1978=LINE('',#5407,#2184);
#1979=LINE('',#5409,#2185);
#1980=LINE('',#5413,#2186);
#1981=LINE('',#5415,#2187);
#1982=LINE('',#5417,#2188);
#1983=LINE('',#5424,#2189);
#1984=LINE('',#5448,#2190);
#1985=LINE('',#5528,#2191);
#1986=LINE('',#5550,#2192);
#1987=LINE('',#5618,#2193);
#1988=LINE('',#5715,#2194);
#1989=LINE('',#5780,#2195);
#1990=LINE('',#5782,#2196);
#1991=LINE('',#5786,#2197);
#1992=LINE('',#5788,#2198);
#1993=LINE('',#5790,#2199);
#1994=LINE('',#5794,#2200);
#1995=LINE('',#5796,#2201);
#1996=LINE('',#5798,#2202);
#1997=LINE('',#5805,#2203);
#1998=LINE('',#5851,#2204);
#1999=LINE('',#5877,#2205);
#2000=LINE('',#5880,#2206);
#2001=LINE('',#5882,#2207);
#2002=LINE('',#5884,#2208);
#2003=LINE('',#5899,#2209);
#2004=LINE('',#5937,#2210);
#2005=LINE('',#5940,#2211);
#2006=LINE('',#5942,#2212);
#2007=LINE('',#5944,#2213);
#2008=LINE('',#5948,#2214);
#2009=LINE('',#5952,#2215);
#2010=LINE('',#5954,#2216);
#2011=LINE('',#5956,#2217);
#2012=LINE('',#5958,#2218);
#2013=LINE('',#5960,#2219);
#2014=LINE('',#5964,#2220);
#2015=LINE('',#5968,#2221);
#2016=LINE('',#5970,#2222);
#2017=LINE('',#5972,#2223);
#2018=LINE('',#5976,#2224);
#2019=LINE('',#5980,#2225);
#2020=LINE('',#5982,#2226);
#2021=LINE('',#5985,#2227);
#2022=LINE('',#5987,#2228);
#2023=LINE('',#5989,#2229);
#2024=LINE('',#5992,#2230);
#2025=LINE('',#5995,#2231);
#2026=LINE('',#5997,#2232);
#2027=LINE('',#5999,#2233);
#2028=LINE('',#6002,#2234);
#2029=LINE('',#6005,#2235);
#2030=LINE('',#6007,#2236);
#2031=LINE('',#6009,#2237);
#2032=LINE('',#6011,#2238);
#2033=LINE('',#6014,#2239);
#2034=LINE('',#6016,#2240);
#2035=LINE('',#6018,#2241);
#2036=LINE('',#6020,#2242);
#2037=LINE('',#6022,#2243);
#2038=LINE('',#6024,#2244);
#2039=LINE('',#6026,#2245);
#2040=LINE('',#6028,#2246);
#2041=LINE('',#6030,#2247);
#2042=LINE('',#6032,#2248);
#2043=LINE('',#6033,#2249);
#2044=VECTOR('',#2807,1.);
#2045=VECTOR('',#2810,1.);
#2046=VECTOR('',#2811,1.);
#2047=VECTOR('',#2812,1.);
#2048=VECTOR('',#2813,1.);
#2049=VECTOR('',#2814,1.);
#2050=VECTOR('',#2815,1.);
#2051=VECTOR('',#2820,1.);
#2052=VECTOR('',#2821,1.);
#2053=VECTOR('',#2822,1.);
#2054=VECTOR('',#2823,1.);
#2055=VECTOR('',#2824,1.);
#2056=VECTOR('',#2825,1.);
#2057=VECTOR('',#2830,1.);
#2058=VECTOR('',#2831,1.);
#2059=VECTOR('',#2832,1.);
#2060=VECTOR('',#2833,1.);
#2061=VECTOR('',#2834,1.);
#2062=VECTOR('',#2835,1.);
#2063=VECTOR('',#2836,1.);
#2064=VECTOR('',#2837,1.);
#2065=VECTOR('',#2838,1.);
#2066=VECTOR('',#2839,1.);
#2067=VECTOR('',#2840,1.);
#2068=VECTOR('',#2841,1.);
#2069=VECTOR('',#2842,1.);
#2070=VECTOR('',#2843,1.);
#2071=VECTOR('',#2844,1.);
#2072=VECTOR('',#2845,1.);
#2073=VECTOR('',#2848,1.);
#2074=VECTOR('',#2851,1.);
#2075=VECTOR('',#2852,1.);
#2076=VECTOR('',#2853,1.);
#2077=VECTOR('',#2854,1.);
#2078=VECTOR('',#2855,1.);
#2079=VECTOR('',#2858,1.);
#2080=VECTOR('',#2859,1.);
#2081=VECTOR('',#2860,1.);
#2082=VECTOR('',#2861,1.);
#2083=VECTOR('',#2864,1.);
#2084=VECTOR('',#2867,1.);
#2085=VECTOR('',#2868,1.);
#2086=VECTOR('',#2871,1.);
#2087=VECTOR('',#2872,1.);
#2088=VECTOR('',#2873,1.);
#2089=VECTOR('',#2874,1.);
#2090=VECTOR('',#2875,1.);
#2091=VECTOR('',#2876,1.);
#2092=VECTOR('',#2877,1.);
#2093=VECTOR('',#2878,1.);
#2094=VECTOR('',#2879,1.);
#2095=VECTOR('',#2880,1.);
#2096=VECTOR('',#2881,1.);
#2097=VECTOR('',#2882,1.);
#2098=VECTOR('',#2883,1.);
#2099=VECTOR('',#2884,1.);
#2100=VECTOR('',#2885,1.);
#2101=VECTOR('',#2886,1.);
#2102=VECTOR('',#2887,1.);
#2103=VECTOR('',#2888,1.);
#2104=VECTOR('',#2889,1.);
#2105=VECTOR('',#2890,1.);
#2106=VECTOR('',#2891,1.);
#2107=VECTOR('',#2892,1.);
#2108=VECTOR('',#2893,1.);
#2109=VECTOR('',#2894,1.);
#2110=VECTOR('',#2895,1.);
#2111=VECTOR('',#2896,1.);
#2112=VECTOR('',#2897,1.);
#2113=VECTOR('',#2898,1.);
#2114=VECTOR('',#2899,1.);
#2115=VECTOR('',#2900,1.);
#2116=VECTOR('',#2901,1.);
#2117=VECTOR('',#2902,1.);
#2118=VECTOR('',#2903,1.);
#2119=VECTOR('',#2904,1.);
#2120=VECTOR('',#2905,1.);
#2121=VECTOR('',#2906,1.);
#2122=VECTOR('',#2907,1.);
#2123=VECTOR('',#2908,1.);
#2124=VECTOR('',#2909,1.);
#2125=VECTOR('',#2910,1.);
#2126=VECTOR('',#2915,1.);
#2127=VECTOR('',#2916,1.);
#2128=VECTOR('',#2917,1.);
#2129=VECTOR('',#2924,1.);
#2130=VECTOR('',#2931,1.);
#2131=VECTOR('',#2932,1.);
#2132=VECTOR('',#2941,1.);
#2133=VECTOR('',#2942,1.);
#2134=VECTOR('',#2953,1.);
#2135=VECTOR('',#2964,1.);
#2136=VECTOR('',#2965,1.);
#2137=VECTOR('',#2966,1.);
#2138=VECTOR('',#2967,1.);
#2139=VECTOR('',#2970,1.);
#2140=VECTOR('',#2971,1.);
#2141=VECTOR('',#2972,1.);
#2142=VECTOR('',#2973,1.);
#2143=VECTOR('',#2978,1.);
#2144=VECTOR('',#2979,1.);
#2145=VECTOR('',#2980,1.);
#2146=VECTOR('',#2981,1.);
#2147=VECTOR('',#2986,1.);
#2148=VECTOR('',#2987,1.);
#2149=VECTOR('',#2988,1.);
#2150=VECTOR('',#2989,1.);
#2151=VECTOR('',#2992,1.);
#2152=VECTOR('',#2995,1.);
#2153=VECTOR('',#2996,1.);
#2154=VECTOR('',#2997,1.);
#2155=VECTOR('',#2998,1.);
#2156=VECTOR('',#2999,1.);
#2157=VECTOR('',#3000,1.);
#2158=VECTOR('',#3001,1.);
#2159=VECTOR('',#3002,1.);
#2160=VECTOR('',#3007,1.);
#2161=VECTOR('',#3042,1.);
#2162=VECTOR('',#3043,1.);
#2163=VECTOR('',#3044,1.);
#2164=VECTOR('',#3045,1.);
#2165=VECTOR('',#3046,1.);
#2166=VECTOR('',#3049,1.);
#2167=VECTOR('',#3050,1.);
#2168=VECTOR('',#3051,1.);
#2169=VECTOR('',#3060,1.);
#2170=VECTOR('',#3063,1.);
#2171=VECTOR('',#3070,1.);
#2172=VECTOR('',#3081,1.);
#2173=VECTOR('',#3084,1.);
#2174=VECTOR('',#3085,1.);
#2175=VECTOR('',#3086,1.);
#2176=VECTOR('',#3089,1.);
#2177=VECTOR('',#3092,1.);
#2178=VECTOR('',#3093,1.);
#2179=VECTOR('',#3094,1.);
#2180=VECTOR('',#3095,1.);
#2181=VECTOR('',#3100,1.);
#2182=VECTOR('',#3101,1.);
#2183=VECTOR('',#3104,1.);
#2184=VECTOR('',#3105,1.);
#2185=VECTOR('',#3106,1.);
#2186=VECTOR('',#3109,1.);
#2187=VECTOR('',#3110,1.);
#2188=VECTOR('',#3111,1.);
#2189=VECTOR('',#3118,1.);
#2190=VECTOR('',#3121,1.);
#2191=VECTOR('',#3124,1.);
#2192=VECTOR('',#3131,1.);
#2193=VECTOR('',#3138,1.);
#2194=VECTOR('',#3143,1.);
#2195=VECTOR('',#3148,1.);
#2196=VECTOR('',#3149,1.);
#2197=VECTOR('',#3152,1.);
#2198=VECTOR('',#3153,1.);
#2199=VECTOR('',#3154,1.);
#2200=VECTOR('',#3157,1.);
#2201=VECTOR('',#3158,1.);
#2202=VECTOR('',#3159,1.);
#2203=VECTOR('',#3166,1.);
#2204=VECTOR('',#3171,1.);
#2205=VECTOR('',#3178,1.);
#2206=VECTOR('',#3179,1.);
#2207=VECTOR('',#3180,1.);
#2208=VECTOR('',#3181,1.);
#2209=VECTOR('',#3184,1.);
#2210=VECTOR('',#3187,1.);
#2211=VECTOR('',#3188,1.);
#2212=VECTOR('',#3189,1.);
#2213=VECTOR('',#3190,1.);
#2214=VECTOR('',#3193,1.);
#2215=VECTOR('',#3196,1.);
#2216=VECTOR('',#3197,1.);
#2217=VECTOR('',#3198,1.);
#2218=VECTOR('',#3199,1.);
#2219=VECTOR('',#3200,1.);
#2220=VECTOR('',#3203,1.);
#2221=VECTOR('',#3206,1.);
#2222=VECTOR('',#3207,1.);
#2223=VECTOR('',#3208,1.);
#2224=VECTOR('',#3211,1.);
#2225=VECTOR('',#3214,1.);
#2226=VECTOR('',#3217,1.);
#2227=VECTOR('',#3218,1.);
#2228=VECTOR('',#3219,1.);
#2229=VECTOR('',#3220,1.);
#2230=VECTOR('',#3225,1.);
#2231=VECTOR('',#3226,1.);
#2232=VECTOR('',#3227,1.);
#2233=VECTOR('',#3228,1.);
#2234=VECTOR('',#3233,1.);
#2235=VECTOR('',#3234,1.);
#2236=VECTOR('',#3235,1.);
#2237=VECTOR('',#3236,1.);
#2238=VECTOR('',#3239,1.);
#2239=VECTOR('',#3240,1.);
#2240=VECTOR('',#3241,1.);
#2241=VECTOR('',#3242,1.);
#2242=VECTOR('',#3245,1.);
#2243=VECTOR('',#3246,1.);
#2244=VECTOR('',#3247,1.);
#2245=VECTOR('',#3250,1.);
#2246=VECTOR('',#3251,1.);
#2247=VECTOR('',#3252,1.);
#2248=VECTOR('',#3255,1.);
#2249=VECTOR('',#3256,1.);
#2250=EDGE_LOOP('',(#230,#231,#232,#233,#234));
#2251=EDGE_LOOP('',(#235,#236,#237,#238,#239,#240,#241,#242,#243,#244,#245,
#246,#247,#248));
#2252=EDGE_LOOP('',(#249,#250,#251,#252,#253,#254,#255,#256,#257,#258,#259,
#260,#261,#262));
#2253=EDGE_LOOP('',(#263,#264,#265,#266,#267,#268,#269,#270,#271,#272,#273,
#274));
#2254=EDGE_LOOP('',(#275,#276,#277,#278,#279,#280,#281,#282,#283,#284,#285,
#286,#287,#288,#289,#290,#291,#292,#293,#294,#295,#296));
#2255=EDGE_LOOP('',(#297,#298,#299,#300,#301));
#2256=EDGE_LOOP('',(#302,#303,#304,#305));
#2257=EDGE_LOOP('',(#306,#307,#308,#309,#310,#311,#312,#313));
#2258=EDGE_LOOP('',(#314,#315,#316,#317,#318,#319,#320));
#2259=EDGE_LOOP('',(#321,#322,#323,#324,#325,#326,#327,#328));
#2260=EDGE_LOOP('',(#329,#330,#331,#332,#333,#334,#335,#336,#337,#338,#339,
#340,#341,#342,#343));
#2261=EDGE_LOOP('',(#344,#345,#346,#347,#348,#349,#350,#351,#352,#353,#354,
#355,#356,#357,#358));
#2262=EDGE_LOOP('',(#359,#360,#361,#362,#363));
#2263=EDGE_LOOP('',(#364,#365,#366,#367,#368,#369,#370,#371));
#2264=EDGE_LOOP('',(#372,#373,#374,#375,#376));
#2265=EDGE_LOOP('',(#377,#378,#379,#380,#381,#382,#383));
#2266=EDGE_LOOP('',(#384,#385,#386,#387,#388));
#2267=EDGE_LOOP('',(#389,#390,#391,#392,#393));
#2268=EDGE_LOOP('',(#394,#395,#396,#397,#398));
#2269=EDGE_LOOP('',(#399,#400,#401,#402,#403,#404,#405,#406,#407,#408,#409,
#410,#411,#412));
#2270=EDGE_LOOP('',(#413,#414,#415,#416,#417));
#2271=EDGE_LOOP('',(#418,#419,#420,#421,#422));
#2272=EDGE_LOOP('',(#423,#424,#425,#426,#427,#428,#429,#430,#431,#432,#433,
#434,#435,#436));
#2273=EDGE_LOOP('',(#437,#438,#439,#440,#441));
#2274=EDGE_LOOP('',(#442,#443,#444,#445,#446));
#2275=EDGE_LOOP('',(#447,#448,#449,#450,#451,#452,#453,#454,#455,#456,#457,
#458));
#2276=EDGE_LOOP('',(#459,#460,#461,#462,#463,#464,#465,#466,#467,#468,#469,
#470,#471,#472,#473,#474,#475,#476,#477,#478,#479,#480));
#2277=EDGE_LOOP('',(#481,#482,#483,#484,#485));
#2278=EDGE_LOOP('',(#486,#487,#488,#489,#490));
#2279=EDGE_LOOP('',(#491,#492,#493,#494,#495));
#2280=EDGE_LOOP('',(#496,#497,#498,#499,#500,#501,#502));
#2281=EDGE_LOOP('',(#503,#504,#505,#506));
#2282=EDGE_LOOP('',(#507,#508,#509,#510,#511,#512,#513,#514,#515,#516,#517,
#518,#519,#520,#521,#522,#523,#524,#525,#526,#527,#528,#529));
#2283=EDGE_LOOP('',(#530,#531,#532,#533,#534,#535,#536,#537,#538,#539,#540,
#541,#542,#543,#544,#545,#546,#547,#548,#549,#550,#551,#552));
#2284=EDGE_LOOP('',(#553,#554,#555,#556,#557,#558,#559,#560,#561,#562,#563,
#564,#565,#566,#567,#568,#569));
#2285=EDGE_LOOP('',(#570,#571,#572,#573,#574));
#2286=EDGE_LOOP('',(#575,#576,#577,#578,#579));
#2287=EDGE_LOOP('',(#580,#581,#582,#583,#584,#585,#586));
#2288=EDGE_LOOP('',(#587,#588,#589,#590,#591));
#2289=EDGE_LOOP('',(#592,#593,#594,#595,#596));
#2290=EDGE_LOOP('',(#597,#598,#599,#600,#601,#602,#603,#604,#605,#606,#607,
#608,#609,#610,#611,#612,#613));
#2291=EDGE_LOOP('',(#614,#615,#616,#617,#618,#619,#620,#621,#622,#623,#624,
#625,#626,#627,#628,#629,#630,#631,#632,#633,#634,#635,#636));
#2292=EDGE_LOOP('',(#637,#638,#639,#640));
#2293=EDGE_LOOP('',(#641,#642,#643,#644));
#2294=EDGE_LOOP('',(#645,#646,#647,#648,#649,#650,#651,#652,#653,#654,#655,
#656,#657,#658,#659,#660));
#2295=EDGE_LOOP('',(#661,#662,#663,#664,#665));
#2296=EDGE_LOOP('',(#666,#667,#668,#669,#670));
#2297=EDGE_LOOP('',(#671,#672,#673,#674,#675,#676,#677,#678,#679,#680));
#2298=EDGE_LOOP('',(#681,#682,#683,#684,#685,#686));
#2299=EDGE_LOOP('',(#687,#688,#689,#690,#691,#692));
#2300=EDGE_LOOP('',(#693,#694,#695,#696));
#2301=EDGE_LOOP('',(#697,#698,#699,#700,#701));
#2302=EDGE_LOOP('',(#702,#703,#704,#705,#706,#707,#708,#709,#710,#711));
#2303=EDGE_LOOP('',(#712,#713,#714,#715,#716,#717,#718,#719,#720,#721,#722,
#723));
#2304=EDGE_LOOP('',(#724,#725,#726,#727,#728,#729,#730,#731,#732));
#2305=EDGE_LOOP('',(#733,#734,#735));
#2306=EDGE_LOOP('',(#736,#737,#738));
#2307=EDGE_LOOP('',(#739,#740,#741,#742,#743,#744,#745,#746,#747,#748,#749,
#750,#751,#752));
#2308=EDGE_LOOP('',(#753,#754,#755,#756));
#2309=EDGE_LOOP('',(#757,#758,#759,#760,#761));
#2310=EDGE_LOOP('',(#762,#763,#764,#765,#766,#767,#768,#769,#770,#771,#772,
#773));
#2311=EDGE_LOOP('',(#774,#775,#776,#777,#778,#779,#780,#781,#782,#783));
#2312=EDGE_LOOP('',(#784,#785,#786,#787));
#2313=EDGE_LOOP('',(#788,#789,#790,#791,#792));
#2314=EDGE_LOOP('',(#793,#794,#795,#796,#797,#798,#799,#800,#801,#802,#803,
#804,#805,#806,#807,#808,#809,#810,#811,#812,#813,#814));
#2315=EDGE_LOOP('',(#815,#816,#817,#818,#819,#820,#821,#822,#823,#824,#825,
#826,#827,#828,#829,#830));
#2316=EDGE_LOOP('',(#831,#832,#833,#834,#835,#836,#837,#838,#839,#840));
#2317=EDGE_LOOP('',(#841,#842,#843,#844,#845));
#2318=EDGE_LOOP('',(#846,#847,#848,#849,#850,#851,#852,#853,#854,#855));
#2319=EDGE_LOOP('',(#856,#857,#858,#859,#860,#861,#862,#863,#864,#865,#866,
#867));
#2320=EDGE_LOOP('',(#868,#869,#870,#871,#872,#873,#874,#875,#876));
#2321=EDGE_LOOP('',(#877,#878,#879,#880,#881,#882,#883,#884,#885,#886,#887,
#888,#889,#890));
#2322=EDGE_LOOP('',(#891,#892,#893,#894,#895));
#2323=EDGE_LOOP('',(#896,#897,#898,#899,#900,#901,#902,#903,#904,#905,#906,
#907));
#2324=EDGE_LOOP('',(#908,#909,#910,#911,#912,#913,#914,#915,#916,#917));
#2325=EDGE_LOOP('',(#918,#919,#920,#921));
#2326=EDGE_LOOP('',(#922,#923,#924,#925,#926));
#2327=EDGE_LOOP('',(#927,#928,#929,#930,#931,#932,#933,#934,#935,#936,#937,
#938,#939,#940,#941,#942,#943,#944,#945,#946,#947,#948));
#2328=EDGE_LOOP('',(#949,#950,#951,#952));
#2329=EDGE_LOOP('',(#953,#954,#955,#956,#957,#958,#959,#960,#961,#962,#963,
#964,#965,#966,#967,#968,#969,#970,#971,#972,#973,#974,#975));
#2330=EDGE_LOOP('',(#976,#977,#978,#979));
#2331=EDGE_LOOP('',(#980,#981,#982,#983));
#2332=EDGE_LOOP('',(#984,#985,#986,#987,#988,#989,#990,#991));
#2333=EDGE_LOOP('',(#992,#993,#994,#995));
#2334=EDGE_LOOP('',(#996,#997,#998,#999));
#2335=EDGE_LOOP('',(#1000,#1001,#1002,#1003));
#2336=EDGE_LOOP('',(#1004,#1005,#1006,#1007));
#2337=EDGE_LOOP('',(#1008,#1009,#1010,#1011));
#2338=EDGE_LOOP('',(#1012,#1013,#1014,#1015));
#2339=EDGE_LOOP('',(#1016,#1017,#1018,#1019));
#2340=EDGE_LOOP('',(#1020,#1021,#1022,#1023));
#2341=EDGE_LOOP('',(#1024,#1025,#1026,#1027));
#2342=EDGE_LOOP('',(#1028,#1029,#1030,#1031));
#2343=EDGE_LOOP('',(#1032,#1033,#1034,#1035));
#2344=FACE_BOUND('',#2250,.T.);
#2345=FACE_BOUND('',#2251,.T.);
#2346=FACE_BOUND('',#2252,.T.);
#2347=FACE_BOUND('',#2253,.T.);
#2348=FACE_BOUND('',#2254,.T.);
#2349=FACE_BOUND('',#2255,.T.);
#2350=FACE_BOUND('',#2256,.T.);
#2351=FACE_BOUND('',#2257,.T.);
#2352=FACE_BOUND('',#2258,.T.);
#2353=FACE_BOUND('',#2259,.T.);
#2354=FACE_BOUND('',#2260,.T.);
#2355=FACE_BOUND('',#2261,.T.);
#2356=FACE_BOUND('',#2262,.T.);
#2357=FACE_BOUND('',#2263,.T.);
#2358=FACE_BOUND('',#2264,.T.);
#2359=FACE_BOUND('',#2265,.T.);
#2360=FACE_BOUND('',#2266,.T.);
#2361=FACE_BOUND('',#2267,.T.);
#2362=FACE_BOUND('',#2268,.T.);
#2363=FACE_BOUND('',#2269,.T.);
#2364=FACE_BOUND('',#2270,.T.);
#2365=FACE_BOUND('',#2271,.T.);
#2366=FACE_BOUND('',#2272,.T.);
#2367=FACE_BOUND('',#2273,.T.);
#2368=FACE_BOUND('',#2274,.T.);
#2369=FACE_BOUND('',#2275,.T.);
#2370=FACE_BOUND('',#2276,.T.);
#2371=FACE_BOUND('',#2277,.T.);
#2372=FACE_BOUND('',#2278,.T.);
#2373=FACE_BOUND('',#2279,.T.);
#2374=FACE_BOUND('',#2280,.T.);
#2375=FACE_BOUND('',#2281,.T.);
#2376=FACE_BOUND('',#2282,.T.);
#2377=FACE_BOUND('',#2283,.T.);
#2378=FACE_BOUND('',#2284,.T.);
#2379=FACE_BOUND('',#2285,.T.);
#2380=FACE_BOUND('',#2286,.T.);
#2381=FACE_BOUND('',#2287,.T.);
#2382=FACE_BOUND('',#2288,.T.);
#2383=FACE_BOUND('',#2289,.T.);
#2384=FACE_BOUND('',#2290,.T.);
#2385=FACE_BOUND('',#2291,.T.);
#2386=FACE_BOUND('',#2292,.T.);
#2387=FACE_BOUND('',#2293,.T.);
#2388=FACE_BOUND('',#2294,.T.);
#2389=FACE_BOUND('',#2295,.T.);
#2390=FACE_BOUND('',#2296,.T.);
#2391=FACE_BOUND('',#2297,.T.);
#2392=FACE_BOUND('',#2298,.T.);
#2393=FACE_BOUND('',#2299,.T.);
#2394=FACE_BOUND('',#2300,.T.);
#2395=FACE_BOUND('',#2301,.T.);
#2396=FACE_BOUND('',#2302,.T.);
#2397=FACE_BOUND('',#2303,.T.);
#2398=FACE_BOUND('',#2304,.T.);
#2399=FACE_BOUND('',#2305,.T.);
#2400=FACE_BOUND('',#2306,.T.);
#2401=FACE_BOUND('',#2307,.T.);
#2402=FACE_BOUND('',#2308,.T.);
#2403=FACE_BOUND('',#2309,.T.);
#2404=FACE_BOUND('',#2310,.T.);
#2405=FACE_BOUND('',#2311,.T.);
#2406=FACE_BOUND('',#2312,.T.);
#2407=FACE_BOUND('',#2313,.T.);
#2408=FACE_BOUND('',#2314,.T.);
#2409=FACE_BOUND('',#2315,.T.);
#2410=FACE_BOUND('',#2316,.T.);
#2411=FACE_BOUND('',#2317,.T.);
#2412=FACE_BOUND('',#2318,.T.);
#2413=FACE_BOUND('',#2319,.T.);
#2414=FACE_BOUND('',#2320,.T.);
#2415=FACE_BOUND('',#2321,.T.);
#2416=FACE_BOUND('',#2322,.T.);
#2417=FACE_BOUND('',#2323,.T.);
#2418=FACE_BOUND('',#2324,.T.);
#2419=FACE_BOUND('',#2325,.T.);
#2420=FACE_BOUND('',#2326,.T.);
#2421=FACE_BOUND('',#2327,.T.);
#2422=FACE_BOUND('',#2328,.T.);
#2423=FACE_BOUND('',#2329,.T.);
#2424=FACE_BOUND('',#2330,.T.);
#2425=FACE_BOUND('',#2331,.T.);
#2426=FACE_BOUND('',#2332,.T.);
#2427=FACE_BOUND('',#2333,.T.);
#2428=FACE_BOUND('',#2334,.T.);
#2429=FACE_BOUND('',#2335,.T.);
#2430=FACE_BOUND('',#2336,.T.);
#2431=FACE_BOUND('',#2337,.T.);
#2432=FACE_BOUND('',#2338,.T.);
#2433=FACE_BOUND('',#2339,.T.);
#2434=FACE_BOUND('',#2340,.T.);
#2435=FACE_BOUND('',#2341,.T.);
#2436=FACE_BOUND('',#2342,.T.);
#2437=FACE_BOUND('',#2343,.T.);
#2438=PLANE('',#2678);
#2439=PLANE('',#2690);
#2440=PLANE('',#2691);
#2441=PLANE('',#2692);
#2442=PLANE('',#2693);
#2443=PLANE('',#2694);
#2444=PLANE('',#2695);
#2445=PLANE('',#2696);
#2446=PLANE('',#2699);
#2447=PLANE('',#2700);
#2448=PLANE('',#2703);
#2449=PLANE('',#2704);
#2450=PLANE('',#2705);
#2451=PLANE('',#2706);
#2452=PLANE('',#2707);
#2453=PLANE('',#2708);
#2454=PLANE('',#2711);
#2455=PLANE('',#2728);
#2456=PLANE('',#2731);
#2457=PLANE('',#2732);
#2458=PLANE('',#2733);
#2459=PLANE('',#2734);
#2460=PLANE('',#2735);
#2461=PLANE('',#2736);
#2462=PLANE('',#2740);
#2463=PLANE('',#2741);
#2464=PLANE('',#2749);
#2465=PLANE('',#2750);
#2466=PLANE('',#2752);
#2467=PLANE('',#2755);
#2468=PLANE('',#2760);
#2469=PLANE('',#2764);
#2470=PLANE('',#2765);
#2471=PLANE('',#2770);
#2472=PLANE('',#2772);
#2473=PLANE('',#2777);
#2474=PLANE('',#2783);
#2475=PLANE('',#2784);
#2476=PLANE('',#2785);
#2477=PLANE('',#2792);
#2478=PLANE('',#2793);
#2479=PLANE('',#2794);
#2480=PLANE('',#2795);
#2481=PLANE('',#2796);
#2482=PLANE('',#2797);
#2483=PLANE('',#2798);
#2484=PLANE('',#2799);
#2485=PLANE('',#2800);
#2486=PLANE('',#2801);
#2487=PLANE('',#2802);
#2488=ADVANCED_FACE('',(#2344,#2345,#2346,#2347,#2348,#2349,#2350,#2351,
#2352,#2353,#2354),#2438,.T.);
#2489=ADVANCED_FACE('',(#2355),#2439,.T.);
#2490=ADVANCED_FACE('',(#2356),#2440,.T.);
#2491=ADVANCED_FACE('',(#2357),#2441,.T.);
#2492=ADVANCED_FACE('',(#2358,#2359),#2442,.T.);
#2493=ADVANCED_FACE('',(#2360,#2361),#2443,.T.);
#2494=ADVANCED_FACE('',(#2362),#2444,.T.);
#2495=ADVANCED_FACE('',(#2363,#2364),#2445,.T.);
#2496=ADVANCED_FACE('',(#2365),#2446,.T.);
#2497=ADVANCED_FACE('',(#2366,#2367),#2447,.T.);
#2498=ADVANCED_FACE('',(#2368),#2448,.T.);
#2499=ADVANCED_FACE('',(#2369),#2449,.T.);
#2500=ADVANCED_FACE('',(#2370),#2450,.T.);
#2501=ADVANCED_FACE('',(#2371,#2372),#2451,.T.);
#2502=ADVANCED_FACE('',(#2373),#2452,.T.);
#2503=ADVANCED_FACE('',(#2374),#2453,.T.);
#2504=ADVANCED_FACE('',(#2375,#2376,#2377,#2378,#2379),#2454,.T.);
#2505=ADVANCED_FACE('',(#2380),#2455,.T.);
#2506=ADVANCED_FACE('',(#2381,#2382),#2456,.T.);
#2507=ADVANCED_FACE('',(#2383,#2384),#2457,.T.);
#2508=ADVANCED_FACE('',(#2385),#2458,.T.);
#2509=ADVANCED_FACE('',(#2386),#2459,.T.);
#2510=ADVANCED_FACE('',(#2387),#2460,.T.);
#2511=ADVANCED_FACE('',(#2388,#2389),#2461,.T.);
#2512=ADVANCED_FACE('',(#2390),#2462,.T.);
#2513=ADVANCED_FACE('',(#2391,#2392),#2463,.T.);
#2514=ADVANCED_FACE('',(#2393),#2464,.T.);
#2515=ADVANCED_FACE('',(#2394,#2395),#2465,.T.);
#2516=ADVANCED_FACE('',(#2396),#2466,.T.);
#2517=ADVANCED_FACE('',(#2397),#2467,.T.);
#2518=ADVANCED_FACE('',(#2398,#2399),#2468,.T.);
#2519=ADVANCED_FACE('',(#2400),#2469,.T.);
#2520=ADVANCED_FACE('',(#2401),#2470,.T.);
#2521=ADVANCED_FACE('',(#2402,#2403),#2471,.T.);
#2522=ADVANCED_FACE('',(#2404),#2472,.T.);
#2523=ADVANCED_FACE('',(#2405),#2473,.T.);
#2524=ADVANCED_FACE('',(#2406),#2474,.T.);
#2525=ADVANCED_FACE('',(#2407),#2475,.T.);
#2526=ADVANCED_FACE('',(#2408),#2476,.T.);
#2527=ADVANCED_FACE('',(#2409,#2410,#2411,#2412,#2413,#2414,#2415,#2416,
#2417,#2418,#2419,#2420,#2421,#2422),#2477,.T.);
#2528=ADVANCED_FACE('',(#2423),#2478,.T.);
#2529=ADVANCED_FACE('',(#2424,#2425),#2479,.T.);
#2530=ADVANCED_FACE('',(#2426),#2480,.T.);
#2531=ADVANCED_FACE('',(#2427,#2428,#2429,#2430),#2481,.T.);
#2532=ADVANCED_FACE('',(#2431),#2482,.F.);
#2533=ADVANCED_FACE('',(#2432),#2483,.F.);
#2534=ADVANCED_FACE('',(#2433),#2484,.F.);
#2535=ADVANCED_FACE('',(#2434),#2485,.F.);
#2536=ADVANCED_FACE('',(#2435,#2436),#2486,.T.);
#2537=ADVANCED_FACE('',(#2437),#2487,.F.);
#2538=CLOSED_SHELL('',(#2488,#2489,#2490,#2491,#2492,#2493,#2494,#2495,
#2496,#2497,#2498,#2499,#2500,#2501,#2502,#2503,#2504,#2505,#2506,#2507,
#2508,#2509,#2510,#2511,#2512,#2513,#2514,#2515,#2516,#2517,#2518,#2519,
#2520,#2521,#2522,#2523,#2524,#2525,#2526,#2527,#2528,#2529,#2530,#2531,
#2532,#2533,#2534,#2535,#2536,#2537));
#2539=STYLED_ITEM('',(#2540),#2674);
#2540=PRESENTATION_STYLE_ASSIGNMENT((#2562));
#2541=PRESENTATION_STYLE_ASSIGNMENT((#2563));
#2542=PRESENTATION_STYLE_ASSIGNMENT((#2564));
#2543=PRESENTATION_STYLE_ASSIGNMENT((#2565));
#2544=PRESENTATION_STYLE_ASSIGNMENT((#2566));
#2545=PRESENTATION_STYLE_ASSIGNMENT((#2567));
#2546=PRESENTATION_STYLE_ASSIGNMENT((#2568));
#2547=PRESENTATION_STYLE_ASSIGNMENT((#2569));
#2548=PRESENTATION_STYLE_ASSIGNMENT((#2570));
#2549=PRESENTATION_STYLE_ASSIGNMENT((#2571));
#2550=PRESENTATION_STYLE_ASSIGNMENT((#2572));
#2551=PRESENTATION_STYLE_ASSIGNMENT((#2573));
#2552=PRESENTATION_STYLE_ASSIGNMENT((#2574));
#2553=PRESENTATION_STYLE_ASSIGNMENT((#2575));
#2554=PRESENTATION_STYLE_ASSIGNMENT((#2576));
#2555=PRESENTATION_STYLE_ASSIGNMENT((#2577));
#2556=PRESENTATION_STYLE_ASSIGNMENT((#2578));
#2557=PRESENTATION_STYLE_ASSIGNMENT((#2579));
#2558=PRESENTATION_STYLE_ASSIGNMENT((#2580));
#2559=PRESENTATION_STYLE_ASSIGNMENT((#2581));
#2560=PRESENTATION_STYLE_ASSIGNMENT((#2582));
#2561=PRESENTATION_STYLE_ASSIGNMENT((#2583));
#2562=SURFACE_STYLE_USAGE(.BOTH.,#2584);
#2563=SURFACE_STYLE_USAGE(.BOTH.,#2585);
#2564=SURFACE_STYLE_USAGE(.BOTH.,#2586);
#2565=SURFACE_STYLE_USAGE(.BOTH.,#2587);
#2566=SURFACE_STYLE_USAGE(.BOTH.,#2588);
#2567=SURFACE_STYLE_USAGE(.BOTH.,#2589);
#2568=SURFACE_STYLE_USAGE(.BOTH.,#2590);
#2569=SURFACE_STYLE_USAGE(.BOTH.,#2591);
#2570=SURFACE_STYLE_USAGE(.BOTH.,#2592);
#2571=SURFACE_STYLE_USAGE(.BOTH.,#2593);
#2572=SURFACE_STYLE_USAGE(.BOTH.,#2594);
#2573=SURFACE_STYLE_USAGE(.BOTH.,#2595);
#2574=SURFACE_STYLE_USAGE(.BOTH.,#2596);
#2575=SURFACE_STYLE_USAGE(.BOTH.,#2597);
#2576=SURFACE_STYLE_USAGE(.BOTH.,#2598);
#2577=SURFACE_STYLE_USAGE(.BOTH.,#2599);
#2578=SURFACE_STYLE_USAGE(.BOTH.,#2600);
#2579=SURFACE_STYLE_USAGE(.BOTH.,#2601);
#2580=SURFACE_STYLE_USAGE(.BOTH.,#2602);
#2581=SURFACE_STYLE_USAGE(.BOTH.,#2603);
#2582=SURFACE_STYLE_USAGE(.BOTH.,#2604);
#2583=SURFACE_STYLE_USAGE(.BOTH.,#2605);
#2584=SURFACE_SIDE_STYLE('',(#2606));
#2585=SURFACE_SIDE_STYLE('',(#2607));
#2586=SURFACE_SIDE_STYLE('',(#2608));
#2587=SURFACE_SIDE_STYLE('',(#2609));
#2588=SURFACE_SIDE_STYLE('',(#2610));
#2589=SURFACE_SIDE_STYLE('',(#2611));
#2590=SURFACE_SIDE_STYLE('',(#2612));
#2591=SURFACE_SIDE_STYLE('',(#2613));
#2592=SURFACE_SIDE_STYLE('',(#2614));
#2593=SURFACE_SIDE_STYLE('',(#2615));
#2594=SURFACE_SIDE_STYLE('',(#2616));
#2595=SURFACE_SIDE_STYLE('',(#2617));
#2596=SURFACE_SIDE_STYLE('',(#2618));
#2597=SURFACE_SIDE_STYLE('',(#2619));
#2598=SURFACE_SIDE_STYLE('',(#2620));
#2599=SURFACE_SIDE_STYLE('',(#2621));
#2600=SURFACE_SIDE_STYLE('',(#2622));
#2601=SURFACE_SIDE_STYLE('',(#2623));
#2602=SURFACE_SIDE_STYLE('',(#2624));
#2603=SURFACE_SIDE_STYLE('',(#2625));
#2604=SURFACE_SIDE_STYLE('',(#2626));
#2605=SURFACE_SIDE_STYLE('',(#2627));
#2606=SURFACE_STYLE_FILL_AREA(#2628);
#2607=SURFACE_STYLE_FILL_AREA(#2629);
#2608=SURFACE_STYLE_FILL_AREA(#2630);
#2609=SURFACE_STYLE_FILL_AREA(#2631);
#2610=SURFACE_STYLE_FILL_AREA(#2632);
#2611=SURFACE_STYLE_FILL_AREA(#2633);
#2612=SURFACE_STYLE_FILL_AREA(#2634);
#2613=SURFACE_STYLE_FILL_AREA(#2635);
#2614=SURFACE_STYLE_FILL_AREA(#2636);
#2615=SURFACE_STYLE_FILL_AREA(#2637);
#2616=SURFACE_STYLE_FILL_AREA(#2638);
#2617=SURFACE_STYLE_FILL_AREA(#2639);
#2618=SURFACE_STYLE_FILL_AREA(#2640);
#2619=SURFACE_STYLE_FILL_AREA(#2641);
#2620=SURFACE_STYLE_FILL_AREA(#2642);
#2621=SURFACE_STYLE_FILL_AREA(#2643);
#2622=SURFACE_STYLE_FILL_AREA(#2644);
#2623=SURFACE_STYLE_FILL_AREA(#2645);
#2624=SURFACE_STYLE_FILL_AREA(#2646);
#2625=SURFACE_STYLE_FILL_AREA(#2647);
#2626=SURFACE_STYLE_FILL_AREA(#2648);
#2627=SURFACE_STYLE_FILL_AREA(#2649);
#2628=FILL_AREA_STYLE('',(#2650));
#2629=FILL_AREA_STYLE('',(#2651));
#2630=FILL_AREA_STYLE('',(#2652));
#2631=FILL_AREA_STYLE('',(#2653));
#2632=FILL_AREA_STYLE('',(#2654));
#2633=FILL_AREA_STYLE('',(#2655));
#2634=FILL_AREA_STYLE('',(#2656));
#2635=FILL_AREA_STYLE('',(#2657));
#2636=FILL_AREA_STYLE('',(#2658));
#2637=FILL_AREA_STYLE('',(#2659));
#2638=FILL_AREA_STYLE('',(#2660));
#2639=FILL_AREA_STYLE('',(#2661));
#2640=FILL_AREA_STYLE('',(#2662));
#2641=FILL_AREA_STYLE('',(#2663));
#2642=FILL_AREA_STYLE('',(#2664));
#2643=FILL_AREA_STYLE('',(#2665));
#2644=FILL_AREA_STYLE('',(#2666));
#2645=FILL_AREA_STYLE('',(#2667));
#2646=FILL_AREA_STYLE('',(#2668));
#2647=FILL_AREA_STYLE('',(#2669));
#2648=FILL_AREA_STYLE('',(#2670));
#2649=FILL_AREA_STYLE('',(#2671));
#2650=FILL_AREA_STYLE_COLOUR('',#2672);
#2651=FILL_AREA_STYLE_COLOUR('',#2673);
#2652=FILL_AREA_STYLE_COLOUR('',#2673);
#2653=FILL_AREA_STYLE_COLOUR('',#2673);
#2654=FILL_AREA_STYLE_COLOUR('',#2673);
#2655=FILL_AREA_STYLE_COLOUR('',#2673);
#2656=FILL_AREA_STYLE_COLOUR('',#2673);
#2657=FILL_AREA_STYLE_COLOUR('',#2673);
#2658=FILL_AREA_STYLE_COLOUR('',#2673);
#2659=FILL_AREA_STYLE_COLOUR('',#2673);
#2660=FILL_AREA_STYLE_COLOUR('',#2673);
#2661=FILL_AREA_STYLE_COLOUR('',#2673);
#2662=FILL_AREA_STYLE_COLOUR('',#2673);
#2663=FILL_AREA_STYLE_COLOUR('',#2673);
#2664=FILL_AREA_STYLE_COLOUR('',#2673);
#2665=FILL_AREA_STYLE_COLOUR('',#2673);
#2666=FILL_AREA_STYLE_COLOUR('',#2673);
#2667=FILL_AREA_STYLE_COLOUR('',#2673);
#2668=FILL_AREA_STYLE_COLOUR('',#2673);
#2669=FILL_AREA_STYLE_COLOUR('',#2673);
#2670=FILL_AREA_STYLE_COLOUR('',#2673);
#2671=FILL_AREA_STYLE_COLOUR('',#2673);
#2672=COLOUR_RGB('',0.250980392156863,0.250980392156863,0.250980392156863);
#2673=COLOUR_RGB('',0.647058823529412,0.51764705882353,0.);
#2674=MANIFOLD_SOLID_BREP('Label',#2538);
#2675=SHAPE_DEFINITION_REPRESENTATION(#6042,#2676);
#2676=SHAPE_REPRESENTATION('Label',(#2677),#6037);
#2677=AXIS2_PLACEMENT_3D('',#3261,#2803,#2804);
#2678=AXIS2_PLACEMENT_3D('',#3262,#2805,#2806);
#2679=AXIS2_PLACEMENT_3D('',#3314,#2808,#2809);
#2680=AXIS2_PLACEMENT_3D('',#3404,#2816,#2817);
#2681=AXIS2_PLACEMENT_3D('',#3418,#2818,#2819);
#2682=AXIS2_PLACEMENT_3D('',#3508,#2826,#2827);
#2683=AXIS2_PLACEMENT_3D('',#3522,#2828,#2829);
#2684=AXIS2_PLACEMENT_3D('',#3576,#2846,#2847);
#2685=AXIS2_PLACEMENT_3D('',#3580,#2849,#2850);
#2686=AXIS2_PLACEMENT_3D('',#3592,#2856,#2857);
#2687=AXIS2_PLACEMENT_3D('',#3612,#2862,#2863);
#2688=AXIS2_PLACEMENT_3D('',#3616,#2865,#2866);
#2689=AXIS2_PLACEMENT_3D('',#3670,#2869,#2870);
#2690=AXIS2_PLACEMENT_3D('',#3815,#2911,#2912);
#2691=AXIS2_PLACEMENT_3D('',#3816,#2913,#2914);
#2692=AXIS2_PLACEMENT_3D('',#3859,#2918,#2919);
#2693=AXIS2_PLACEMENT_3D('',#3860,#2920,#2921);
#2694=AXIS2_PLACEMENT_3D('',#3861,#2922,#2923);
#2695=AXIS2_PLACEMENT_3D('',#3944,#2925,#2926);
#2696=AXIS2_PLACEMENT_3D('',#3945,#2927,#2928);
#2697=AXIS2_PLACEMENT_3D('',#3946,#2929,#2930);
#2698=AXIS2_PLACEMENT_3D('',#3953,#2933,#2934);
#2699=AXIS2_PLACEMENT_3D('',#3974,#2935,#2936);
#2700=AXIS2_PLACEMENT_3D('',#3975,#2937,#2938);
#2701=AXIS2_PLACEMENT_3D('',#3976,#2939,#2940);
#2702=AXIS2_PLACEMENT_3D('',#3983,#2943,#2944);
#2703=AXIS2_PLACEMENT_3D('',#4004,#2945,#2946);
#2704=AXIS2_PLACEMENT_3D('',#4005,#2947,#2948);
#2705=AXIS2_PLACEMENT_3D('',#4006,#2949,#2950);
#2706=AXIS2_PLACEMENT_3D('',#4007,#2951,#2952);
#2707=AXIS2_PLACEMENT_3D('',#4090,#2954,#2955);
#2708=AXIS2_PLACEMENT_3D('',#4091,#2956,#2957);
#2709=AXIS2_PLACEMENT_3D('',#4109,#2958,#2959);
#2710=AXIS2_PLACEMENT_3D('',#4111,#2960,#2961);
#2711=AXIS2_PLACEMENT_3D('',#4168,#2962,#2963);
#2712=AXIS2_PLACEMENT_3D('',#4198,#2968,#2969);
#2713=AXIS2_PLACEMENT_3D('',#4300,#2974,#2975);
#2714=AXIS2_PLACEMENT_3D('',#4314,#2976,#2977);
#2715=AXIS2_PLACEMENT_3D('',#4324,#2982,#2983);
#2716=AXIS2_PLACEMENT_3D('',#4358,#2984,#2985);
#2717=AXIS2_PLACEMENT_3D('',#4476,#2990,#2991);
#2718=AXIS2_PLACEMENT_3D('',#4480,#2993,#2994);
#2719=AXIS2_PLACEMENT_3D('',#4577,#3003,#3004);
#2720=AXIS2_PLACEMENT_3D('',#4580,#3005,#3006);
#2721=AXIS2_PLACEMENT_3D('',#4596,#3008,#3009);
#2722=AXIS2_PLACEMENT_3D('',#4610,#3010,#3011);
#2723=AXIS2_PLACEMENT_3D('',#4680,#3012,#3013);
#2724=AXIS2_PLACEMENT_3D('',#4682,#3014,#3015);
#2725=AXIS2_PLACEMENT_3D('',#4684,#3016,#3017);
#2726=AXIS2_PLACEMENT_3D('',#4686,#3018,#3019);
#2727=AXIS2_PLACEMENT_3D('',#4688,#3020,#3021);
#2728=AXIS2_PLACEMENT_3D('',#4797,#3022,#3023);
#2729=AXIS2_PLACEMENT_3D('',#4798,#3024,#3025);
#2730=AXIS2_PLACEMENT_3D('',#4801,#3026,#3027);
#2731=AXIS2_PLACEMENT_3D('',#4862,#3028,#3029);
#2732=AXIS2_PLACEMENT_3D('',#4863,#3030,#3031);
#2733=AXIS2_PLACEMENT_3D('',#4864,#3032,#3033);
#2734=AXIS2_PLACEMENT_3D('',#4865,#3034,#3035);
#2735=AXIS2_PLACEMENT_3D('',#4910,#3036,#3037);
#2736=AXIS2_PLACEMENT_3D('',#4955,#3038,#3039);
#2737=AXIS2_PLACEMENT_3D('',#4956,#3040,#3041);
#2738=AXIS2_PLACEMENT_3D('',#5057,#3047,#3048);
#2739=AXIS2_PLACEMENT_3D('',#5165,#3052,#3053);
#2740=AXIS2_PLACEMENT_3D('',#5166,#3054,#3055);
#2741=AXIS2_PLACEMENT_3D('',#5167,#3056,#3057);
#2742=AXIS2_PLACEMENT_3D('',#5168,#3058,#3059);
#2743=AXIS2_PLACEMENT_3D('',#5193,#3061,#3062);
#2744=AXIS2_PLACEMENT_3D('',#5197,#3064,#3065);
#2745=AXIS2_PLACEMENT_3D('',#5259,#3066,#3067);
#2746=AXIS2_PLACEMENT_3D('',#5260,#3068,#3069);
#2747=AXIS2_PLACEMENT_3D('',#5285,#3071,#3072);
#2748=AXIS2_PLACEMENT_3D('',#5287,#3073,#3074);
#2749=AXIS2_PLACEMENT_3D('',#5308,#3075,#3076);
#2750=AXIS2_PLACEMENT_3D('',#5309,#3077,#3078);
#2751=AXIS2_PLACEMENT_3D('',#5310,#3079,#3080);
#2752=AXIS2_PLACEMENT_3D('',#5374,#3082,#3083);
#2753=AXIS2_PLACEMENT_3D('',#5382,#3087,#3088);
#2754=AXIS2_PLACEMENT_3D('',#5386,#3090,#3091);
#2755=AXIS2_PLACEMENT_3D('',#5395,#3096,#3097);
#2756=AXIS2_PLACEMENT_3D('',#5396,#3098,#3099);
#2757=AXIS2_PLACEMENT_3D('',#5403,#3102,#3103);
#2758=AXIS2_PLACEMENT_3D('',#5411,#3107,#3108);
#2759=AXIS2_PLACEMENT_3D('',#5419,#3112,#3113);
#2760=AXIS2_PLACEMENT_3D('',#5420,#3114,#3115);
#2761=AXIS2_PLACEMENT_3D('',#5421,#3116,#3117);
#2762=AXIS2_PLACEMENT_3D('',#5426,#3119,#3120);
#2763=AXIS2_PLACEMENT_3D('',#5450,#3122,#3123);
#2764=AXIS2_PLACEMENT_3D('',#5545,#3125,#3126);
#2765=AXIS2_PLACEMENT_3D('',#5546,#3127,#3128);
#2766=AXIS2_PLACEMENT_3D('',#5547,#3129,#3130);
#2767=AXIS2_PLACEMENT_3D('',#5552,#3132,#3133);
#2768=AXIS2_PLACEMENT_3D('',#5554,#3134,#3135);
#2769=AXIS2_PLACEMENT_3D('',#5616,#3136,#3137);
#2770=AXIS2_PLACEMENT_3D('',#5711,#3139,#3140);
#2771=AXIS2_PLACEMENT_3D('',#5712,#3141,#3142);
#2772=AXIS2_PLACEMENT_3D('',#5776,#3144,#3145);
#2773=AXIS2_PLACEMENT_3D('',#5777,#3146,#3147);
#2774=AXIS2_PLACEMENT_3D('',#5784,#3150,#3151);
#2775=AXIS2_PLACEMENT_3D('',#5792,#3155,#3156);
#2776=AXIS2_PLACEMENT_3D('',#5800,#3160,#3161);
#2777=AXIS2_PLACEMENT_3D('',#5801,#3162,#3163);
#2778=AXIS2_PLACEMENT_3D('',#5802,#3164,#3165);
#2779=AXIS2_PLACEMENT_3D('',#5807,#3167,#3168);
#2780=AXIS2_PLACEMENT_3D('',#5849,#3169,#3170);
#2781=AXIS2_PLACEMENT_3D('',#5853,#3172,#3173);
#2782=AXIS2_PLACEMENT_3D('',#5875,#3174,#3175);
#2783=AXIS2_PLACEMENT_3D('',#5876,#3176,#3177);
#2784=AXIS2_PLACEMENT_3D('',#5885,#3182,#3183);
#2785=AXIS2_PLACEMENT_3D('',#5936,#3185,#3186);
#2786=AXIS2_PLACEMENT_3D('',#5946,#3191,#3192);
#2787=AXIS2_PLACEMENT_3D('',#5950,#3194,#3195);
#2788=AXIS2_PLACEMENT_3D('',#5962,#3201,#3202);
#2789=AXIS2_PLACEMENT_3D('',#5966,#3204,#3205);
#2790=AXIS2_PLACEMENT_3D('',#5974,#3209,#3210);
#2791=AXIS2_PLACEMENT_3D('',#5978,#3212,#3213);
#2792=AXIS2_PLACEMENT_3D('',#5981,#3215,#3216);
#2793=AXIS2_PLACEMENT_3D('',#5990,#3221,#3222);
#2794=AXIS2_PLACEMENT_3D('',#5991,#3223,#3224);
#2795=AXIS2_PLACEMENT_3D('',#6000,#3229,#3230);
#2796=AXIS2_PLACEMENT_3D('',#6001,#3231,#3232);
#2797=AXIS2_PLACEMENT_3D('',#6010,#3237,#3238);
#2798=AXIS2_PLACEMENT_3D('',#6019,#3243,#3244);
#2799=AXIS2_PLACEMENT_3D('',#6025,#3248,#3249);
#2800=AXIS2_PLACEMENT_3D('',#6031,#3253,#3254);
#2801=AXIS2_PLACEMENT_3D('',#6034,#3257,#3258);
#2802=AXIS2_PLACEMENT_3D('',#6035,#3259,#3260);
#2803=DIRECTION('',(0.,0.,1.));
#2804=DIRECTION('',(1.,0.,0.));
#2805=DIRECTION('',(0.,0.,1.));
#2806=DIRECTION('',(1.,0.,0.));
#2807=DIRECTION('',(0.801541926340597,0.59793857570674,0.));
#2808=DIRECTION('',(-2.73842856034226E-15,-2.54224263363118E-15,1.));
#2809=DIRECTION('',(-0.646562858551863,-0.762860714640126,0.));
#2810=DIRECTION('',(0.0361111970142326,0.99934777802835,0.));
#2811=DIRECTION('',(0.999999413288544,0.00108324630980689,0.));
#2812=DIRECTION('',(1.,0.,0.));
#2813=DIRECTION('',(0.,1.,0.));
#2814=DIRECTION('',(1.,0.,0.));
#2815=DIRECTION('',(0.000190217675869576,-0.999999981908618,0.));
#2816=DIRECTION('',(-8.5379303234704E-15,1.10377747875485E-13,1.));
#2817=DIRECTION('',(0.000716457009925814,0.999999743344644,-1.10131850251512E-13));
#2818=DIRECTION('',(0.,0.,1.));
#2819=DIRECTION('',(0.76072314992779,0.64907648945555,0.));
#2820=DIRECTION('',(0.0361111970142616,0.999347778028349,0.));
#2821=DIRECTION('',(0.999999413288544,0.00108324630980689,0.));
#2822=DIRECTION('',(1.,0.,0.));
#2823=DIRECTION('',(0.,1.,0.));
#2824=DIRECTION('',(1.,0.,0.));
#2825=DIRECTION('',(0.00019021767586943,-0.999999981908618,0.));
#2826=DIRECTION('',(-8.53793032346983E-15,1.10377747875477E-13,1.));
#2827=DIRECTION('',(0.000716457009930595,0.999999743344644,-1.1013185025152E-13));
#2828=DIRECTION('',(-2.08260536960122E-14,-9.09553985224147E-15,1.));
#2829=DIRECTION('',(0.760723149927897,0.649076489455425,0.));
#2830=DIRECTION('',(0.,1.,0.));
#2831=DIRECTION('',(1.,0.,0.));
#2832=DIRECTION('',(0.,-1.,0.));
#2833=DIRECTION('',(-1.,0.,0.));
#2834=DIRECTION('',(0.,1.,0.));
#2835=DIRECTION('',(1.,0.,0.));
#2836=DIRECTION('',(0.,1.,0.));
#2837=DIRECTION('',(-1.,0.,0.));
#2838=DIRECTION('',(0.,1.,0.));
#2839=DIRECTION('',(1.,0.,0.));
#2840=DIRECTION('',(0.,1.,0.));
#2841=DIRECTION('',(-1.,0.,0.));
#2842=DIRECTION('',(-1.,0.,0.));
#2843=DIRECTION('',(0.275223187366427,0.961380360281957,0.));
#2844=DIRECTION('',(1.,0.,0.));
#2845=DIRECTION('',(0.243581545535454,-0.96988042081205,0.));
#2846=DIRECTION('',(-1.60603821679895E-14,-3.16911104898082E-15,1.));
#2847=DIRECTION('',(-0.991272446379518,-0.13182919649594,-1.63801299563311E-14));
#2848=DIRECTION('',(0.999122817072484,0.0418759645279173,0.));
#2849=DIRECTION('',(1.13601411452863E-13,-2.65424984329423E-14,1.));
#2850=DIRECTION('',(0.958325620209831,-0.285678150458593,-1.16408180606974E-13));
#2851=DIRECTION('',(0.26567829641935,0.964061742219715,0.));
#2852=DIRECTION('',(1.,0.,0.));
#2853=DIRECTION('',(0.253274640633074,-0.96739441615723,0.));
#2854=DIRECTION('',(-1.,0.,0.));
#2855=DIRECTION('',(-0.22772028000592,0.973726591027494,0.));
#2856=DIRECTION('',(3.43430746821391E-13,7.06129423926314E-14,1.));
#2857=DIRECTION('',(0.98312031472285,0.182960232780911,-3.50547695216756E-13));
#2858=DIRECTION('',(-0.999998391078491,0.00179383400285461,0.));
#2859=DIRECTION('',(-0.259979105197207,-0.965614242262851,0.));
#2860=DIRECTION('',(-1.,0.,0.));
#2861=DIRECTION('',(-0.2389946503974,0.971020883957407,0.));
#2862=DIRECTION('',(1.41384236924417E-13,2.85939594057533E-14,1.));
#2863=DIRECTION('',(0.988213213007549,0.153083786330547,-1.43964363843772E-13));
#2864=DIRECTION('',(-1.,0.,0.));
#2865=DIRECTION('',(0.,0.,1.));
#2866=DIRECTION('',(-0.967856150992921,0.251504415438712,0.));
#2867=DIRECTION('',(-0.246074185687638,-0.969250996975585,0.));
#2868=DIRECTION('',(0.801541926340597,0.59793857570674,0.));
#2869=DIRECTION('',(2.73842856034228E-15,2.54224263363118E-15,1.));
#2870=DIRECTION('',(-0.646562858551892,-0.762860714640101,0.));
#2871=DIRECTION('',(-1.,0.,0.));
#2872=DIRECTION('',(2.28253088944317E-16,-1.,0.));
#2873=DIRECTION('',(1.,0.,0.));
#2874=DIRECTION('',(0.,1.,0.));
#2875=DIRECTION('',(-1.,0.,0.));
#2876=DIRECTION('',(0.,1.,0.));
#2877=DIRECTION('',(1.,0.,0.));
#2878=DIRECTION('',(0.,-1.,0.));
#2879=DIRECTION('',(-1.,0.,0.));
#2880=DIRECTION('',(0.,-1.,0.));
#2881=DIRECTION('',(-1.,0.,0.));
#2882=DIRECTION('',(0.,1.,0.));
#2883=DIRECTION('',(-1.,0.,0.));
#2884=DIRECTION('',(0.,1.,0.));
#2885=DIRECTION('',(1.,0.,0.));
#2886=DIRECTION('',(-1.,0.,0.));
#2887=DIRECTION('',(0.,-1.,0.));
#2888=DIRECTION('',(0.,-1.,0.));
#2889=DIRECTION('',(-1.,0.,0.));
#2890=DIRECTION('',(0.,1.,0.));
#2891=DIRECTION('',(-1.,0.,0.));
#2892=DIRECTION('',(0.,1.,0.));
#2893=DIRECTION('',(1.,0.,0.));
#2894=DIRECTION('',(0.,-1.,0.));
#2895=DIRECTION('',(-1.,0.,0.));
#2896=DIRECTION('',(0.,-1.,0.));
#2897=DIRECTION('',(-1.,0.,0.));
#2898=DIRECTION('',(0.,1.,0.));
#2899=DIRECTION('',(1.,0.,0.));
#2900=DIRECTION('',(0.303551674204234,-0.95281497736329,0.));
#2901=DIRECTION('',(0.293444258807282,-0.955976185358738,0.));
#2902=DIRECTION('',(0.295186293305273,0.955439716698386,0.));
#2903=DIRECTION('',(0.305588409967658,0.952163706351717,0.));
#2904=DIRECTION('',(1.,0.,0.));
#2905=DIRECTION('',(0.,-1.,0.));
#2906=DIRECTION('',(-1.,0.,0.));
#2907=DIRECTION('',(0.,1.,0.));
#2908=DIRECTION('',(-0.300742337202368,-0.953705429686786,0.));
#2909=DIRECTION('',(-1.,0.,0.));
#2910=DIRECTION('',(-0.299098108650077,0.954222364756741,0.));
#2911=DIRECTION('',(0.,0.,1.));
#2912=DIRECTION('',(1.,0.,0.));
#2913=DIRECTION('',(0.,0.,1.));
#2914=DIRECTION('',(1.,0.,0.));
#2915=DIRECTION('',(-1.,0.,0.));
#2916=DIRECTION('',(0.,-1.,0.));
#2917=DIRECTION('',(1.,0.,0.));
#2918=DIRECTION('',(0.,0.,1.));
#2919=DIRECTION('',(1.,0.,0.));
#2920=DIRECTION('',(0.,0.,1.));
#2921=DIRECTION('',(1.,0.,0.));
#2922=DIRECTION('',(0.,0.,1.));
#2923=DIRECTION('',(1.,0.,0.));
#2924=DIRECTION('',(0.769351690775374,0.638825465914653,0.));
#2925=DIRECTION('',(0.,0.,1.));
#2926=DIRECTION('',(1.,0.,0.));
#2927=DIRECTION('',(0.,0.,1.));
#2928=DIRECTION('',(1.,0.,0.));
#2929=DIRECTION('',(5.63275963593961E-15,-6.89150898315467E-15,-1.));
#2930=DIRECTION('',(0.843803811259754,-0.536651775459202,0.));
#2931=DIRECTION('',(-1.,0.,0.));
#2932=DIRECTION('',(0.,1.,0.));
#2933=DIRECTION('',(-7.49443389976996E-15,9.50232850970901E-14,-1.));
#2934=DIRECTION('',(-0.181493512779807,0.983392141934664,9.45803512741002E-14));
#2935=DIRECTION('',(0.,0.,1.));
#2936=DIRECTION('',(1.,0.,0.));
#2937=DIRECTION('',(0.,0.,1.));
#2938=DIRECTION('',(1.,0.,0.));
#2939=DIRECTION('',(5.63275963593951E-15,-6.89150898315453E-15,-1.));
#2940=DIRECTION('',(0.84380381125985,-0.53665177545905,0.));
#2941=DIRECTION('',(-1.,0.,0.));
#2942=DIRECTION('',(0.,1.,0.));
#2943=DIRECTION('',(5.25014005680705E-15,-6.65674768888064E-14,-1.));
#2944=DIRECTION('',(-0.181493512779806,0.983392141934664,-6.61045465894247E-14));
#2945=DIRECTION('',(0.,0.,1.));
#2946=DIRECTION('',(1.,0.,0.));
#2947=DIRECTION('',(0.,0.,1.));
#2948=DIRECTION('',(1.,0.,0.));
#2949=DIRECTION('',(0.,0.,1.));
#2950=DIRECTION('',(1.,0.,0.));
#2951=DIRECTION('',(0.,0.,1.));
#2952=DIRECTION('',(1.,0.,0.));
#2953=DIRECTION('',(0.769351690775374,0.638825465914653,0.));
#2954=DIRECTION('',(0.,0.,1.));
#2955=DIRECTION('',(1.,0.,0.));
#2956=DIRECTION('',(0.,0.,1.));
#2957=DIRECTION('',(1.,0.,0.));
#2958=DIRECTION('',(9.46114729192257E-14,-8.26844272225322E-15,1.));
#2959=DIRECTION('',(0.983493931823545,-0.18094111215051,-9.42836690179522E-14));
#2960=DIRECTION('',(4.28549298412489E-14,4.38239005056981E-15,1.));
#2961=DIRECTION('',(-0.174739281123099,-0.984614738683401,0.));
#2962=DIRECTION('',(0.,0.,1.));
#2963=DIRECTION('',(1.,0.,0.));
#2964=DIRECTION('',(-1.,0.,0.));
#2965=DIRECTION('',(3.21245088143853E-16,-1.,0.));
#2966=DIRECTION('',(1.,0.,0.));
#2967=DIRECTION('',(-3.21245088143853E-16,1.,0.));
#2968=DIRECTION('',(-4.12395077014161E-15,-1.07191537031088E-14,-1.));
#2969=DIRECTION('',(0.00702701379627613,0.999975310233761,-1.10506960002226E-14));
#2970=DIRECTION('',(0.501938289067196,0.864903436210249,0.));
#2971=DIRECTION('',(1.,0.,0.));
#2972=DIRECTION('',(0.,-1.,0.));
#2973=DIRECTION('',(-1.,0.,0.));
#2974=DIRECTION('',(-1.94739287406577E-14,8.44224961798993E-15,-1.));
#2975=DIRECTION('',(0.864439285477538,-0.502737229298849,0.));
#2976=DIRECTION('',(7.48596268903034E-15,2.15789693708081E-14,-1.));
#2977=DIRECTION('',(0.00251711395615032,-0.999996832063648,-2.14958919228618E-14));
#2978=DIRECTION('',(-0.621596086494102,-0.78333792532675,0.));
#2979=DIRECTION('',(-1.,0.,0.));
#2980=DIRECTION('',(0.,1.,0.));
#2981=DIRECTION('',(1.,0.,0.));
#2982=DIRECTION('',(0.,0.,1.));
#2983=DIRECTION('',(-0.498106405866824,-0.867115914070567,0.));
#2984=DIRECTION('',(-6.24188552520371E-15,-2.34474974392365E-14,1.));
#2985=DIRECTION('',(0.31021107411432,0.950667707191551,2.42175923379685E-14));
#2986=DIRECTION('',(0.492841044969437,0.870119362152937,0.));
#2987=DIRECTION('',(1.,0.,0.));
#2988=DIRECTION('',(0.0643822779979651,-0.997925308968458,0.));
#2989=DIRECTION('',(-1.,0.,0.));
#2990=DIRECTION('',(-5.66484043843514E-15,5.86397451490191E-15,1.));
#2991=DIRECTION('',(0.730925488503692,-0.682457273575159,0.));
#2992=DIRECTION('',(0.,1.,0.));
#2993=DIRECTION('',(1.36707028338267E-15,1.37249516545947E-15,1.));
#2994=DIRECTION('',(0.99427649754602,-0.106837476699982,0.));
#2995=DIRECTION('',(-1.,0.,0.));
#2996=DIRECTION('',(0.,1.,0.));
#2997=DIRECTION('',(1.,0.,0.));
#2998=DIRECTION('',(0.,-1.,0.));
#2999=DIRECTION('',(-1.,0.,0.));
#3000=DIRECTION('',(0.,-1.,0.));
#3001=DIRECTION('',(-1.,0.,0.));
#3002=DIRECTION('',(-0.415330764286735,0.909670465738554,0.));
#3003=DIRECTION('',(4.17913790614047E-14,1.58110717449035E-13,1.));
#3004=DIRECTION('',(-0.531731377815309,-0.846913066286401,1.53693977365981E-13));
#3005=DIRECTION('',(-7.60314515534168E-15,3.47026861595365E-15,1.));
#3006=DIRECTION('',(0.422653724448682,-0.906291249659654,0.));
#3007=DIRECTION('',(-0.780868809443034,-0.624695047554419,0.));
#3008=DIRECTION('',(-1.28465842083559E-14,-3.57392861713437E-14,-1.));
#3009=DIRECTION('',(0.0114519325710786,-0.999934424470119,3.5376120331922E-14));
#3010=DIRECTION('',(4.00988359089793E-15,-3.86047687056399E-15,-1.));
#3011=DIRECTION('',(0.666148753043218,-0.745818904841494,0.));
#3012=DIRECTION('',(1.24475317195867E-14,-1.19628490685589E-14,-1.));
#3013=DIRECTION('',(-0.998700317740531,-0.0509673949203012,-1.07381152763557E-14));
#3014=DIRECTION('',(0.,0.,-1.));
#3015=DIRECTION('',(-0.0291372238765218,0.999575420958704,0.));
#3016=DIRECTION('',(1.86420932779561E-13,-5.37369948581646E-14,-1.));
#3017=DIRECTION('',(0.998630550717537,-0.052316566913244,1.87657124058094E-13));
#3018=DIRECTION('',(3.4321741861151E-13,-1.01454205501518E-13,1.));
#3019=DIRECTION('',(-0.874800314343347,0.484483653000574,3.46976593363507E-13));
#3020=DIRECTION('',(1.53238218291257E-13,8.26153872526763E-14,1.));
#3021=DIRECTION('',(-0.999960832238999,0.00885064900947347,1.49193604460342E-13));
#3022=DIRECTION('',(0.,0.,1.));
#3023=DIRECTION('',(1.,0.,0.));
#3024=DIRECTION('',(4.05699383421387E-14,1.01424845855349E-14,1.));
#3025=DIRECTION('',(-0.350758331895522,-0.936466012520407,0.));
#3026=DIRECTION('',(0.,0.,1.));
#3027=DIRECTION('',(0.821963824328905,0.569539701420895,0.));
#3028=DIRECTION('',(0.,0.,1.));
#3029=DIRECTION('',(1.,0.,0.));
#3030=DIRECTION('',(0.,0.,1.));
#3031=DIRECTION('',(1.,0.,0.));
#3032=DIRECTION('',(0.,0.,1.));
#3033=DIRECTION('',(1.,0.,0.));
#3034=DIRECTION('',(0.,0.,1.));
#3035=DIRECTION('',(1.,0.,0.));
#3036=DIRECTION('',(0.,0.,1.));
#3037=DIRECTION('',(1.,0.,0.));
#3038=DIRECTION('',(0.,0.,1.));
#3039=DIRECTION('',(1.,0.,0.));
#3040=DIRECTION('',(-3.1508786682835E-13,1.04737721125604E-14,-1.));
#3041=DIRECTION('',(-0.999926503036911,-0.0121238823969152,3.14932934111068E-13));
#3042=DIRECTION('',(-1.,0.,0.));
#3043=DIRECTION('',(-0.0722060093040149,-0.997389739379942,0.));
#3044=DIRECTION('',(-1.,0.,0.));
#3045=DIRECTION('',(0.999800687054908,0.0199646228247208,0.));
#3046=DIRECTION('',(0.,-1.,0.));
#3047=DIRECTION('',(-2.38102893841954E-14,-1.0333114003025E-13,-1.));
#3048=DIRECTION('',(0.0068548162595372,-0.999976505471028,1.03569858093324E-13));
#3049=DIRECTION('',(-0.301096064137254,-0.953593812983838,0.));
#3050=DIRECTION('',(8.91443567990595E-7,0.999999999999603,0.));
#3051=DIRECTION('',(0.,-1.,0.));
#3052=DIRECTION('',(-7.63015911152171E-15,5.8398108966051E-15,-1.));
#3053=DIRECTION('',(0.466407359236502,-0.884570051070029,0.));
#3054=DIRECTION('',(0.,0.,1.));
#3055=DIRECTION('',(1.,0.,0.));
#3056=DIRECTION('',(0.,0.,1.));
#3057=DIRECTION('',(1.,0.,0.));
#3058=DIRECTION('',(-4.94635958556628E-15,1.19571089155217E-14,1.));
#3059=DIRECTION('',(-0.0304423242357988,-0.999536525043043,1.14651804862912E-14));
#3060=DIRECTION('',(0.999815355702968,0.0192159959551264,0.));
#3061=DIRECTION('',(1.29897506382123E-14,-2.68454846523201E-13,-1.));
#3062=DIRECTION('',(0.153739206169511,-0.988111459546123,2.6674839839722E-13));
#3063=DIRECTION('',(0.000174328509748103,-0.999999984804785,0.));
#3064=DIRECTION('',(-1.35301975966341E-14,2.61257346927952E-13,1.));
#3065=DIRECTION('',(-0.0367409970753821,-0.999324821634041,2.59814694847569E-13));
#3066=DIRECTION('',(0.,0.,1.));
#3067=DIRECTION('',(-0.677958848744408,-0.735099856760398,0.));
#3068=DIRECTION('',(-8.77684609487871E-15,6.56648747082094E-15,-1.));
#3069=DIRECTION('',(0.386885072526796,-0.922127941587248,0.));
#3070=DIRECTION('',(0.431611650474937,0.90205952307722,0.));
#3071=DIRECTION('',(4.51639031333085E-14,-8.85851476248132E-15,-1.));
#3072=DIRECTION('',(0.998801369630944,0.0489471554163259,4.29271265459143E-14));
#3073=DIRECTION('',(-1.27905308195345E-14,2.29312305529505E-14,-1.));
#3074=DIRECTION('',(0.855589463895578,-0.517654971260663,-2.03999214105003E-14));
#3075=DIRECTION('',(0.,0.,1.));
#3076=DIRECTION('',(1.,0.,0.));
#3077=DIRECTION('',(0.,0.,1.));
#3078=DIRECTION('',(1.,0.,0.));
#3079=DIRECTION('',(-4.18016610954209E-15,-3.95615316332799E-15,1.));
#3080=DIRECTION('',(-0.659266576201236,-0.751909290741842,0.));
#3081=DIRECTION('',(0.0672957788874578,0.997733069585212,0.));
#3082=DIRECTION('',(0.,0.,1.));
#3083=DIRECTION('',(1.,0.,0.));
#3084=DIRECTION('',(0.361931237830616,0.932204794603846,0.));
#3085=DIRECTION('',(-1.,0.,0.));
#3086=DIRECTION('',(-0.315328731540468,-0.948982503034213,0.));
#3087=DIRECTION('',(0.,0.,1.));
#3088=DIRECTION('',(-0.956533613411161,0.29162209520986,0.));
#3089=DIRECTION('',(-0.999343336366588,0.0362339075962792,0.));
#3090=DIRECTION('',(0.,0.,1.));
#3091=DIRECTION('',(0.973129180579396,0.230259848659885,0.));
#3092=DIRECTION('',(-0.314148687846617,0.949373794626884,0.));
#3093=DIRECTION('',(-1.,0.,0.));
#3094=DIRECTION('',(0.353962453013971,-0.935259633394029,0.));
#3095=DIRECTION('',(1.,0.,0.));
#3096=DIRECTION('',(0.,0.,1.));
#3097=DIRECTION('',(1.,0.,0.));
#3098=DIRECTION('',(0.,0.,-1.));
#3099=DIRECTION('',(-0.026391243585121,0.999651690471252,0.));
#3100=DIRECTION('',(0.000939050082122048,0.999999559092374,0.));
#3101=DIRECTION('',(-0.999989644499046,-0.00455092239782453,0.));
#3102=DIRECTION('',(1.01126155833603E-14,-1.41157984662948E-14,1.));
#3103=DIRECTION('',(-0.0251724480248042,0.999683123724932,1.18367197742073E-14));
#3104=DIRECTION('',(-0.999795068575395,0.0202440325113473,0.));
#3105=DIRECTION('',(-0.0425421153343402,0.999094674404223,0.));
#3106=DIRECTION('',(-1.,0.,0.));
#3107=DIRECTION('',(0.,0.,-1.));
#3108=DIRECTION('',(0.998332451615922,0.0577262163192954,0.));
#3109=DIRECTION('',(0.,-1.,0.));
#3110=DIRECTION('',(1.,0.,0.));
#3111=DIRECTION('',(0.,1.,0.));
#3112=DIRECTION('',(1.6172080484807E-14,-1.44246654769708E-14,-1.));
#3113=DIRECTION('',(0.612195238577041,-0.790706639572225,0.));
#3114=DIRECTION('',(0.,0.,1.));
#3115=DIRECTION('',(1.,0.,0.));
#3116=DIRECTION('',(-3.11129006426008E-15,1.80020058303256E-14,1.));
#3117=DIRECTION('',(-0.0230639060400516,-0.999733992739156,1.80639075858774E-14));
#3118=DIRECTION('',(-0.240354334911024,0.970685218641697,0.));
#3119=DIRECTION('',(-1.13997450015553E-14,6.77311844046641E-14,-1.));
#3120=DIRECTION('',(0.351511752988003,-0.936183468937206,-6.63578008516883E-14));
#3121=DIRECTION('',(0.999999929800469,0.000374698621484664,0.));
#3122=DIRECTION('',(0.,0.,1.));
#3123=DIRECTION('',(0.989495817704999,-0.144561498139426,0.));
#3124=DIRECTION('',(-1.,0.,0.));
#3125=DIRECTION('',(0.,0.,1.));
#3126=DIRECTION('',(1.,0.,0.));
#3127=DIRECTION('',(0.,0.,1.));
#3128=DIRECTION('',(1.,0.,0.));
#3129=DIRECTION('',(-1.25695182545756E-14,-5.47175198911951E-14,-1.));
#3130=DIRECTION('',(-0.013318466022294,0.999911305298031,-5.36439182466776E-14));
#3131=DIRECTION('',(0.310054351892483,0.950718832711613,0.));
#3132=DIRECTION('',(-1.02138852519674E-14,-5.44230471979668E-14,1.));
#3133=DIRECTION('',(0.382555665905511,0.92393244476184,5.37194375562235E-14));
#3134=DIRECTION('',(0.,0.,1.));
#3135=DIRECTION('',(0.885404738646357,-0.464820878169835,0.));
#3136=DIRECTION('',(-1.07306983506908E-14,-4.3371343494593E-14,-1.));
#3137=DIRECTION('',(0.00101742741689546,-0.999999482420592,4.29735330964412E-14));
#3138=DIRECTION('',(-0.278548558373018,-0.960422147093825,0.));
#3139=DIRECTION('',(0.,0.,1.));
#3140=DIRECTION('',(1.,0.,0.));
#3141=DIRECTION('',(-4.18016610954218E-15,-3.95615316332808E-15,1.));
#3142=DIRECTION('',(-0.659266576201223,-0.751909290741853,0.));
#3143=DIRECTION('',(0.0672957788870233,0.997733069585242,0.));
#3144=DIRECTION('',(0.,0.,1.));
#3145=DIRECTION('',(1.,0.,0.));
#3146=DIRECTION('',(-4.11169602656319E-14,-5.26297091400128E-13,-1.));
#3147=DIRECTION('',(-0.026391243585104,0.999651690471252,-5.24780866719569E-13));
#3148=DIRECTION('',(0.000939050082124286,0.999999559092374,0.));
#3149=DIRECTION('',(-0.999989644499046,-0.00455092239782412,0.));
#3150=DIRECTION('',(1.01126155833602E-14,-1.41157984662945E-14,1.));
#3151=DIRECTION('',(-0.0251724480247977,0.999683123724933,1.18367197742077E-14));
#3152=DIRECTION('',(-0.999795068575395,0.0202440325113479,0.));
#3153=DIRECTION('',(-0.0425421153343402,0.999094674404223,0.));
#3154=DIRECTION('',(-1.,0.,0.));
#3155=DIRECTION('',(0.,0.,-1.));
#3156=DIRECTION('',(0.998332451615922,0.0577262163192954,0.));
#3157=DIRECTION('',(0.,-1.,0.));
#3158=DIRECTION('',(1.,0.,0.));
#3159=DIRECTION('',(0.,1.,0.));
#3160=DIRECTION('',(1.61720804848069E-14,-1.44246654769707E-14,-1.));
#3161=DIRECTION('',(0.612195238577051,-0.790706639572217,0.));
#3162=DIRECTION('',(0.,0.,1.));
#3163=DIRECTION('',(1.,0.,0.));
#3164=DIRECTION('',(-1.22017897195816E-14,7.02586924175908E-14,1.));
#3165=DIRECTION('',(-0.0102254146054203,-0.999947719081427,6.99234793618834E-14));
#3166=DIRECTION('',(-0.200754711007889,0.979641539548083,0.));
#3167=DIRECTION('',(0.,0.,-1.));
#3168=DIRECTION('',(0.387062220256505,-0.922053598035442,0.));
#3169=DIRECTION('',(0.,0.,-1.));
#3170=DIRECTION('',(-0.0200154209681641,0.999799671395959,0.));
#3171=DIRECTION('',(0.276639864830362,0.960973665188927,0.));
#3172=DIRECTION('',(1.37498990212358E-14,7.61937523822204E-14,1.));
#3173=DIRECTION('',(0.363382773820231,0.931639930279244,-7.55139114483785E-14));
#3174=DIRECTION('',(0.,0.,1.));
#3175=DIRECTION('',(0.720316368841941,0.693645679564402,0.));
#3176=DIRECTION('',(0.,0.,1.));
#3177=DIRECTION('',(1.,0.,0.));
#3178=DIRECTION('',(1.,0.,0.));
#3179=DIRECTION('',(0.,1.,0.));
#3180=DIRECTION('',(-1.,0.,0.));
#3181=DIRECTION('',(0.,-1.,0.));
#3182=DIRECTION('',(0.,0.,1.));
#3183=DIRECTION('',(1.,0.,0.));
#3184=DIRECTION('',(0.00190839347300087,0.999998179015518,0.));
#3185=DIRECTION('',(0.,0.,1.));
#3186=DIRECTION('',(1.,0.,0.));
#3187=DIRECTION('',(1.,0.,0.));
#3188=DIRECTION('',(-0.0661786937525029,0.997807787348451,0.));
#3189=DIRECTION('',(-1.,0.,0.));
#3190=DIRECTION('',(-0.341868641273279,-0.939747749193347,0.));
#3191=DIRECTION('',(1.62689920380109E-13,-4.98262390098427E-14,1.));
#3192=DIRECTION('',(-0.942296585528915,0.334779248013594,1.69851666918561E-13));
#3193=DIRECTION('',(-0.999265996310609,0.038307553006775,0.));
#3194=DIRECTION('',(-1.95993829254071E-13,-5.78109474975827E-14,1.));
#3195=DIRECTION('',(0.968969410004109,0.247180667683153,2.04123199111264E-13));
#3196=DIRECTION('',(-0.332580021265891,0.943075039143111,0.));
#3197=DIRECTION('',(-1.,0.,0.));
#3198=DIRECTION('',(-0.0747685454473106,-0.997200914867056,0.));
#3199=DIRECTION('',(1.,0.,0.));
#3200=DIRECTION('',(0.0594479020150596,0.998231409516855,0.));
#3201=DIRECTION('',(-3.6828511180301E-13,1.76418676378903E-14,1.));
#3202=DIRECTION('',(0.99774173910128,-0.0671671203428655,3.68613441592616E-13));
#3203=DIRECTION('',(0.999993988394834,0.00346744490841704,0.));
#3204=DIRECTION('',(0.,0.,1.));
#3205=DIRECTION('',(-0.973315540137483,-0.229470824565737,0.));
#3206=DIRECTION('',(0.323969232225545,-0.94606761733567,0.));
#3207=DIRECTION('',(1.,0.,0.));
#3208=DIRECTION('',(0.341778879658287,0.939780398507825,0.));
#3209=DIRECTION('',(-1.77079151334321E-13,5.84425688381056E-14,1.));
#3210=DIRECTION('',(0.937339760857423,-0.348416665381766,1.86307466782367E-13));
#3211=DIRECTION('',(0.999994008417494,0.00346166565590222,0.));
#3212=DIRECTION('',(-5.36411694993592E-14,-1.86445651067553E-15,1.));
#3213=DIRECTION('',(-0.999991809294048,-0.00404738740632449,-5.36664799545197E-14));
#3214=DIRECTION('',(0.0585066781138231,-0.998287017152926,0.));
#3215=DIRECTION('',(0.,0.,1.));
#3216=DIRECTION('',(1.,0.,0.));
#3217=DIRECTION('',(0.,1.,0.));
#3218=DIRECTION('',(-1.,0.,0.));
#3219=DIRECTION('',(0.,-1.,0.));
#3220=DIRECTION('',(1.,0.,0.));
#3221=DIRECTION('',(0.,0.,1.));
#3222=DIRECTION('',(1.,0.,0.));
#3223=DIRECTION('',(0.,0.,1.));
#3224=DIRECTION('',(1.,0.,0.));
#3225=DIRECTION('',(-1.,0.,0.));
#3226=DIRECTION('',(0.,-1.,0.));
#3227=DIRECTION('',(1.,0.,0.));
#3228=DIRECTION('',(0.,1.,0.));
#3229=DIRECTION('',(0.,0.,1.));
#3230=DIRECTION('',(1.,0.,0.));
#3231=DIRECTION('',(0.,0.,1.));
#3232=DIRECTION('',(1.,0.,0.));
#3233=DIRECTION('',(-1.,0.,0.));
#3234=DIRECTION('',(1.52168725962878E-16,-1.,0.));
#3235=DIRECTION('',(1.,0.,0.));
#3236=DIRECTION('',(-3.04337451925756E-16,1.,0.));
#3237=DIRECTION('',(-1.,-1.33440267382831E-16,0.));
#3238=DIRECTION('',(1.33440267382831E-16,-1.,0.));
#3239=DIRECTION('',(-1.33440267382831E-16,1.,0.));
#3240=DIRECTION('',(0.,0.,-1.));
#3241=DIRECTION('',(-1.33440267382831E-16,1.,0.));
#3242=DIRECTION('',(0.,0.,-1.));
#3243=DIRECTION('',(0.,-1.,0.));
#3244=DIRECTION('',(0.,0.,-1.));
#3245=DIRECTION('',(-1.,0.,0.));
#3246=DIRECTION('',(0.,0.,-1.));
#3247=DIRECTION('',(-1.,0.,0.));
#3248=DIRECTION('',(1.,1.33440267382831E-16,0.));
#3249=DIRECTION('',(-1.33440267382831E-16,1.,0.));
#3250=DIRECTION('',(1.33440267382831E-16,-1.,0.));
#3251=DIRECTION('',(0.,0.,-1.));
#3252=DIRECTION('',(1.33440267382831E-16,-1.,0.));
#3253=DIRECTION('',(0.,1.,0.));
#3254=DIRECTION('',(0.,0.,1.));
#3255=DIRECTION('',(1.,0.,0.));
#3256=DIRECTION('',(1.,0.,0.));
#3257=DIRECTION('',(0.,0.,1.));
#3258=DIRECTION('',(1.,0.,0.));
#3259=DIRECTION('',(0.,0.,1.));
#3260=DIRECTION('',(1.,0.,0.));
#3261=CARTESIAN_POINT('',(0.,0.,0.));
#3262=CARTESIAN_POINT('',(0.,0.,0.0062));
#3263=CARTESIAN_POINT('',(0.00457522624434389,0.00361866515837104,0.0062));
#3264=CARTESIAN_POINT('',(0.00457522624434389,0.00361866515837104,0.0062));
#3265=CARTESIAN_POINT('',(0.00457541542571055,0.0036188062849088,0.0062));
#3266=CARTESIAN_POINT('',(0.0052768665158371,0.00286470588235294,0.0062));
#3267=CARTESIAN_POINT('',(0.00527616996230305,0.00289178866100293,0.0062));
#3268=CARTESIAN_POINT('',(0.00527480687958753,0.00294478683797209,0.0062));
#3269=CARTESIAN_POINT('',(0.00526546506271275,0.00302220504535601,0.0062));
#3270=CARTESIAN_POINT('',(0.00525128472092418,0.00309576349267798,0.0062));
#3271=CARTESIAN_POINT('',(0.00523111961781605,0.00316543409263761,0.0062));
#3272=CARTESIAN_POINT('',(0.00520539833193124,0.00323128603845169,0.0062));
#3273=CARTESIAN_POINT('',(0.0051739307424886,0.00329329402762097,0.0062));
#3274=CARTESIAN_POINT('',(0.00513653871359141,0.00335117082693499,0.0062));
#3275=CARTESIAN_POINT('',(0.00509444583805089,0.00340534003625129,0.0062));
#3276=CARTESIAN_POINT('',(0.00504646280578177,0.00345402683259085,0.0062));
#3277=CARTESIAN_POINT('',(0.00499367534203646,0.00349716335382263,0.0062));
#3278=CARTESIAN_POINT('',(0.00493561956302799,0.00353342221195947,0.0062));
#3279=CARTESIAN_POINT('',(0.00487273277931963,0.00356325167977618,0.0062));
#3280=CARTESIAN_POINT('',(0.00480527549258976,0.00358706626231524,0.0062));
#3281=CARTESIAN_POINT('',(0.00473283403730534,0.00360415410529207,0.0062));
#3282=CARTESIAN_POINT('',(0.0046556866024794,0.00361535343318399,0.0062));
#3283=CARTESIAN_POINT('',(0.00460250870031365,0.00361754222033431,0.0062));
#3284=CARTESIAN_POINT('',(0.00457522624434389,0.00361866515837104,0.0062));
#3285=CARTESIAN_POINT('',(0.0052768665158371,0.00286470588235294,0.0062));
#3286=CARTESIAN_POINT('',(0.00455316742081448,0.00208331447963801,0.0062));
#3287=CARTESIAN_POINT('',(0.00457874271698479,0.00208390260067402,0.0062));
#3288=CARTESIAN_POINT('',(0.00462883283295459,0.00208505445638283,0.0062));
#3289=CARTESIAN_POINT('',(0.00470216806769491,0.00209436374558397,0.0062));
#3290=CARTESIAN_POINT('',(0.00477209926573285,0.00210917313742442,0.0062));
#3291=CARTESIAN_POINT('',(0.00483862798480323,0.00213046165160921,0.0062));
#3292=CARTESIAN_POINT('',(0.00490163310149388,0.00215796375773548,0.0062));
#3293=CARTESIAN_POINT('',(0.00496110297088552,0.00219157604391576,0.0062));
#3294=CARTESIAN_POINT('',(0.00501708332141515,0.00223106133153179,0.0062));
#3295=CARTESIAN_POINT('',(0.00506052302030848,0.00226885579582077,0.0062));
#3296=CARTESIAN_POINT('',(0.00509271065442242,0.00230239429113016,0.0062));
#3297=CARTESIAN_POINT('',(0.00511601991307142,0.00232872235501616,0.0062));
#3298=CARTESIAN_POINT('',(0.00513719511388777,0.00235713705417863,0.0062));
#3299=CARTESIAN_POINT('',(0.00515749109027118,0.00238658491162805,0.0062));
#3300=CARTESIAN_POINT('',(0.00517531433624897,0.00241828345635723,0.0062));
#3301=CARTESIAN_POINT('',(0.00519255840294444,0.00245099818433218,0.0062));
#3302=CARTESIAN_POINT('',(0.00520761708623465,0.00248560915658459,0.0062));
#3303=CARTESIAN_POINT('',(0.00522163252032145,0.00252148165182276,0.0062));
#3304=CARTESIAN_POINT('',(0.00523359503157285,0.00255907466659601,0.0062));
#3305=CARTESIAN_POINT('',(0.00524494136627802,0.00259798734499778,0.0062));
#3306=CARTESIAN_POINT('',(0.00525356383048556,0.0026388220111836,0.0062));
#3307=CARTESIAN_POINT('',(0.00526185584630266,0.0026808747663328,0.0062));
#3308=CARTESIAN_POINT('',(0.00526742931344762,0.0027246532325968,0.0062));
#3309=CARTESIAN_POINT('',(0.00527246451975662,0.00276987928679637,0.0062));
#3310=CARTESIAN_POINT('',(0.00527546648428865,0.00281678283288744,0.0062));
#3311=CARTESIAN_POINT('',(0.00527639548806892,0.00284858261208846,0.0062));
#3312=CARTESIAN_POINT('',(0.0052768665158371,0.00286470588235294,0.0062));
#3313=CARTESIAN_POINT('',(0.00455316742081448,0.00208331447963801,0.0062));
#3314=CARTESIAN_POINT('',(0.00517183811077794,0.00351094371832819,0.0062));
#3315=CARTESIAN_POINT('',(0.00384954751131222,0.00284123303167421,0.0062));
#3316=CARTESIAN_POINT('',(0.00457541542571055,0.0036188062849088,0.0062));
#3317=CARTESIAN_POINT('',(0.00454873278084997,0.00361780845620664,0.0062));
#3318=CARTESIAN_POINT('',(0.00449655051702785,0.00361585703943902,0.0062));
#3319=CARTESIAN_POINT('',(0.00442039589141686,0.00360516791186013,0.0062));
#3320=CARTESIAN_POINT('',(0.00434823446640731,0.00358873031472352,0.0062));
#3321=CARTESIAN_POINT('',(0.00428031330961702,0.00356539739958441,0.0062));
#3322=CARTESIAN_POINT('',(0.00421642704538927,0.00353589727265727,0.0062));
#3323=CARTESIAN_POINT('',(0.00415677802269283,0.00349971313162397,0.0062));
#3324=CARTESIAN_POINT('',(0.00410108059931901,0.00345740719529983,0.0062));
#3325=CARTESIAN_POINT('',(0.00404984457943903,0.00340898888279136,0.0062));
#3326=CARTESIAN_POINT('',(0.00400377994515975,0.00335494643393342,0.0062));
#3327=CARTESIAN_POINT('',(0.00396323619986164,0.00329581895387483,0.0062));
#3328=CARTESIAN_POINT('',(0.00392949581193871,0.00323145105398453,0.0062));
#3329=CARTESIAN_POINT('',(0.00390089250918994,0.00316274799235796,0.0062));
#3330=CARTESIAN_POINT('',(0.00387909204446128,0.0030890110082113,0.0062));
#3331=CARTESIAN_POINT('',(0.00386262359175874,0.00301073836678091,0.0062));
#3332=CARTESIAN_POINT('',(0.00385240842314207,0.00292755940921901,0.0062));
#3333=CARTESIAN_POINT('',(0.00385051693206797,0.00287048474830789,0.0062));
#3334=CARTESIAN_POINT('',(0.00384954751131222,0.00284123303167421,0.0062));
#3335=CARTESIAN_POINT('',(0.00342002262443439,0.00280842760180995,0.0062));
#3336=CARTESIAN_POINT('',(0.00342002262443439,0.00280842760180995,0.0062));
#3337=CARTESIAN_POINT('',(0.00342015739889706,0.00281215737459346,0.0062));
#3338=CARTESIAN_POINT('',(0.00365192307692308,0.00250780542986425,0.0062));
#3339=CARTESIAN_POINT('',(0.00364701659931921,0.00252686866064052,0.0062));
#3340=CARTESIAN_POINT('',(0.00363753319228091,0.00256371472242096,0.0062));
#3341=CARTESIAN_POINT('',(0.00361772478484993,0.00261527629547829,0.0062));
#3342=CARTESIAN_POINT('',(0.00359531720072061,0.00266187834038527,0.0062));
#3343=CARTESIAN_POINT('',(0.00356892808008653,0.00270289707303569,0.0062));
#3344=CARTESIAN_POINT('',(0.00353874991884501,0.00273881840570082,0.0062));
#3345=CARTESIAN_POINT('',(0.00350355861574604,0.00276832115260524,0.0062));
#3346=CARTESIAN_POINT('',(0.00346401522556879,0.00279257513624214,0.0062));
#3347=CARTESIAN_POINT('',(0.003434861723707,0.00280308042287053,0.0062));
#3348=CARTESIAN_POINT('',(0.00342002262443439,0.00280842760180995,0.0062));
#3349=CARTESIAN_POINT('',(0.00365192307692308,0.00250780542986425,0.0062));
#3350=CARTESIAN_POINT('',(0.00377642789124364,0.00210113094554228,0.0062));
#3351=CARTESIAN_POINT('',(0.00377201686519761,0.002109642837386,0.0062));
#3352=CARTESIAN_POINT('',(0.00376199628889479,0.00212897939554993,0.0062));
#3353=CARTESIAN_POINT('',(0.00374896061225265,0.00216315787378277,0.0062));
#3354=CARTESIAN_POINT('',(0.00373460603226216,0.00220495646765337,0.0062));
#3355=CARTESIAN_POINT('',(0.00371949391433823,0.002254215191727,0.0062));
#3356=CARTESIAN_POINT('',(0.00370403328903627,0.00231006682835915,0.0062));
#3357=CARTESIAN_POINT('',(0.00368730588125002,0.00237142594229461,0.0062));
#3358=CARTESIAN_POINT('',(0.00366978839866506,0.00243789174119918,0.0062));
#3359=CARTESIAN_POINT('',(0.00365801958086667,0.00248394752879684,0.0062));
#3360=CARTESIAN_POINT('',(0.00365192307692308,0.00250780542986425,0.0062));
#3361=CARTESIAN_POINT('',(0.00377642789124364,0.00210113094554228,0.0062));
#3362=CARTESIAN_POINT('',(0.0035156108597285,0.0021008484162896,0.0062));
#3363=CARTESIAN_POINT('',(0.0035156108597285,0.0021008484162896,0.0062));
#3364=CARTESIAN_POINT('',(0.0034112556561086,0.00245888009049774,0.0062));
#3365=CARTESIAN_POINT('',(0.00341637871359214,0.00243661807882396,0.0062));
#3366=CARTESIAN_POINT('',(0.00342618322947901,0.00239401300405555,0.0062));
#3367=CARTESIAN_POINT('',(0.00344122171427553,0.00233312192156167,0.0062));
#3368=CARTESIAN_POINT('',(0.00345553358258102,0.00227803187862946,0.0062));
#3369=CARTESIAN_POINT('',(0.00346933099494962,0.00222901294104108,0.0062));
#3370=CARTESIAN_POINT('',(0.00348211647264226,0.00218662942292017,0.0062));
#3371=CARTESIAN_POINT('',(0.00349396900188893,0.00215131371514298,0.0062));
#3372=CARTESIAN_POINT('',(0.00350462411491746,0.00212336308738523,0.0062));
#3373=CARTESIAN_POINT('',(0.00351231780655292,0.00210759673077435,0.0062));
#3374=CARTESIAN_POINT('',(0.0035156108597285,0.0021008484162896,0.0062));
#3375=CARTESIAN_POINT('',(0.0034112556561086,0.00245888009049774,0.0062));
#3376=CARTESIAN_POINT('',(0.00310906838809743,0.00273461510843821,0.0062));
#3377=CARTESIAN_POINT('',(0.00311959082883365,0.0027344932272053,0.0062));
#3378=CARTESIAN_POINT('',(0.0031400604862453,0.00273425612754893,0.0062));
#3379=CARTESIAN_POINT('',(0.00316985035568721,0.00273123991668221,0.0062));
#3380=CARTESIAN_POINT('',(0.0031979126000773,0.00272698019328246,0.0062));
#3381=CARTESIAN_POINT('',(0.00322407994313125,0.00272019017467484,0.0062));
#3382=CARTESIAN_POINT('',(0.00324822186244179,0.00271111272438875,0.0062));
#3383=CARTESIAN_POINT('',(0.00327047743750446,0.00269999261182679,0.0062));
#3384=CARTESIAN_POINT('',(0.00329093360014759,0.00268700827188733,0.0062));
#3385=CARTESIAN_POINT('',(0.00330966576411119,0.00267175736006042,0.0062));
#3386=CARTESIAN_POINT('',(0.0033266151045178,0.00265408988651652,0.0062));
#3387=CARTESIAN_POINT('',(0.00334242759222742,0.00263390837309256,0.0062));
#3388=CARTESIAN_POINT('',(0.00335693146988248,0.0026111454741566,0.0062));
#3389=CARTESIAN_POINT('',(0.00337033956368964,0.00258569139222721,0.0062));
#3390=CARTESIAN_POINT('',(0.00338229361996619,0.00255772034922566,0.0062));
#3391=CARTESIAN_POINT('',(0.00339356538049443,0.00252722591577918,0.0062));
#3392=CARTESIAN_POINT('',(0.00340287271088059,0.00249393025670696,0.0062));
#3393=CARTESIAN_POINT('',(0.00340841049421191,0.00247077607629494,0.0062));
#3394=CARTESIAN_POINT('',(0.0034112556561086,0.00245888009049774,0.0062));
#3395=CARTESIAN_POINT('',(0.00310906838809743,0.00273461510843821,0.0062));
#3396=CARTESIAN_POINT('',(0.00295678705413957,0.00273461510843821,0.0062));
#3397=CARTESIAN_POINT('',(0.00295678705413957,0.00273461510843821,0.0062));
#3398=CARTESIAN_POINT('',(0.00295678705413957,0.00210113094554228,0.0062));
#3399=CARTESIAN_POINT('',(0.00295678705413957,0.00210113094554228,0.0062));
#3400=CARTESIAN_POINT('',(0.00270565583242011,0.00210113094554228,0.0062));
#3401=CARTESIAN_POINT('',(0.00270565583242011,0.00210113094554228,0.0062));
#3402=CARTESIAN_POINT('',(0.00270537330316742,0.00358642533936651,0.0062));
#3403=CARTESIAN_POINT('',(0.00270537330316742,0.00358642533936651,0.0062));
#3404=CARTESIAN_POINT('',(0.00310932575960295,0.00100309609181553,0.00620000000000029));
#3405=CARTESIAN_POINT('',(0.00311119909502263,0.00361781674208145,0.0062));
#3406=CARTESIAN_POINT('',(0.00358489819004525,0.00349847285067873,0.0062));
#3407=CARTESIAN_POINT('',(0.00357156438179477,0.00350845981015873,0.0062));
#3408=CARTESIAN_POINT('',(0.00354433627092847,0.00352885353675433,0.0062));
#3409=CARTESIAN_POINT('',(0.00349768484397315,0.00355314320832834,0.0062));
#3410=CARTESIAN_POINT('',(0.00344631519482644,0.0035741551381658,0.0062));
#3411=CARTESIAN_POINT('',(0.00338947712136414,0.00359106897858393,0.0062));
#3412=CARTESIAN_POINT('',(0.00332724722070756,0.00360350082442263,0.0062));
#3413=CARTESIAN_POINT('',(0.00325989925893682,0.00361247741859493,0.0062));
#3414=CARTESIAN_POINT('',(0.00318726051513604,0.00361759475344187,0.0062));
#3415=CARTESIAN_POINT('',(0.00313713111058923,0.00361774105833996,0.0062));
#3416=CARTESIAN_POINT('',(0.00311119909502263,0.00361781674208145,0.0062));
#3417=CARTESIAN_POINT('',(0.00358489819004525,0.00349847285067873,0.0062));
#3418=CARTESIAN_POINT('',(0.0029416804299675,0.00286733126480209,0.0062));
#3419=CARTESIAN_POINT('',(0.00371668552036199,0.00319671945701358,0.0062));
#3420=CARTESIAN_POINT('',(0.00342015739889706,0.00281215737459346,0.0062));
#3421=CARTESIAN_POINT('',(0.00343062317595297,0.00281568631626593,0.0062));
#3422=CARTESIAN_POINT('',(0.00345137751395326,0.0028226844443421,0.0062));
#3423=CARTESIAN_POINT('',(0.00348138022235521,0.0028353517987907,0.0062));
#3424=CARTESIAN_POINT('',(0.0035097732295278,0.00285027969682837,0.0062));
#3425=CARTESIAN_POINT('',(0.00353696364479787,0.00286659325654058,0.0062));
#3426=CARTESIAN_POINT('',(0.00356272478162844,0.00288478320418774,0.0062));
#3427=CARTESIAN_POINT('',(0.00358722531890968,0.00290449556931412,0.0062));
#3428=CARTESIAN_POINT('',(0.00360978886629909,0.00292656275025162,0.0062));
#3429=CARTESIAN_POINT('',(0.00363133974568181,0.0029498209839777,0.0062));
#3430=CARTESIAN_POINT('',(0.00365093891321539,0.00297495511119931,0.0062));
#3431=CARTESIAN_POINT('',(0.00366786193235978,0.00300191555209886,0.0062));
#3432=CARTESIAN_POINT('',(0.00368254644477515,0.00303042319935056,0.0062));
#3433=CARTESIAN_POINT('',(0.00369411474792674,0.00306068495693866,0.0062));
#3434=CARTESIAN_POINT('',(0.00370412698869435,0.00309231647180723,0.0062));
#3435=CARTESIAN_POINT('',(0.00371053796564508,0.00312574208707489,0.0062));
#3436=CARTESIAN_POINT('',(0.00371533876705029,0.0031606721419471,0.0062));
#3437=CARTESIAN_POINT('',(0.00371623055290293,0.00318454175884181,0.0062));
#3438=CARTESIAN_POINT('',(0.00371668552036199,0.00319671945701358,0.0062));
#3439=CARTESIAN_POINT('',(-0.000333823529411765,0.00280842760180995,0.0062));
#3440=CARTESIAN_POINT('',(-0.000333823529411765,0.00280842760180995,0.0062));
#3441=CARTESIAN_POINT('',(-0.000333688754949095,0.00281215737459346,0.0062));
#3442=CARTESIAN_POINT('',(-0.000101923076923077,0.00250780542986425,0.0062));
#3443=CARTESIAN_POINT('',(-0.000106829554526944,0.00252686866064052,0.0062));
#3444=CARTESIAN_POINT('',(-0.000116312961565242,0.00256371472242096,0.0062));
#3445=CARTESIAN_POINT('',(-0.000136121368996226,0.00261527629547829,0.0062));
#3446=CARTESIAN_POINT('',(-0.000158528953125545,0.00266187834038527,0.0062));
#3447=CARTESIAN_POINT('',(-0.000184918073759621,0.00270289707303569,0.0062));
#3448=CARTESIAN_POINT('',(-0.000215096235001143,0.00273881840570082,0.0062));
#3449=CARTESIAN_POINT('',(-0.000250287538100116,0.00276832115260524,0.0062));
#3450=CARTESIAN_POINT('',(-0.000289830928277358,0.00279257513624214,0.0062));
#3451=CARTESIAN_POINT('',(-0.000318984430139156,0.00280308042287053,0.0062));
#3452=CARTESIAN_POINT('',(-0.000333823529411765,0.00280842760180995,0.0062));
#3453=CARTESIAN_POINT('',(-0.000101923076923077,0.00250780542986425,0.0062));
#3454=CARTESIAN_POINT('',(2.25817373974827E-5,0.00210113094554228,0.0062));
#3455=CARTESIAN_POINT('',(1.81707113514619E-5,0.002109642837386,0.0062));
#3456=CARTESIAN_POINT('',(8.15013504863577E-6,0.00212897939554993,0.0062));
#3457=CARTESIAN_POINT('',(-4.88554159350586E-6,0.00216315787378277,0.0062));
#3458=CARTESIAN_POINT('',(-1.92401215839936E-5,0.00220495646765337,0.0062));
#3459=CARTESIAN_POINT('',(-3.43522395079237E-5,0.002254215191727,0.0062));
#3460=CARTESIAN_POINT('',(-4.98128648098833E-5,0.00231006682835915,0.0062));
#3461=CARTESIAN_POINT('',(-6.65402725961274E-5,0.00237142594229461,0.0062));
#3462=CARTESIAN_POINT('',(-8.4057755181092E-5,0.00243789174119918,0.0062));
#3463=CARTESIAN_POINT('',(-9.58265729794835E-5,0.00248394752879684,0.0062));
#3464=CARTESIAN_POINT('',(-0.000101923076923077,0.00250780542986425,0.0062));
#3465=CARTESIAN_POINT('',(2.25817373974827E-5,0.00210113094554228,0.0062));
#3466=CARTESIAN_POINT('',(-0.000238235294117647,0.00210084841628959,0.0062));
#3467=CARTESIAN_POINT('',(-0.000238235294117647,0.00210084841628959,0.0062));
#3468=CARTESIAN_POINT('',(-0.000342590497737557,0.00245888009049774,0.0062));
#3469=CARTESIAN_POINT('',(-0.000337467440254011,0.00243661807882396,0.0062));
#3470=CARTESIAN_POINT('',(-0.000327662924367137,0.00239401300405555,0.0062));
#3471=CARTESIAN_POINT('',(-0.00031262443957062,0.00233312192156167,0.0062));
#3472=CARTESIAN_POINT('',(-0.000298312571265134,0.00227803187862946,0.0062));
#3473=CARTESIAN_POINT('',(-0.000284515158896536,0.00222901294104107,0.0062));
#3474=CARTESIAN_POINT('',(-0.000271729681203895,0.00218662942292017,0.0062));
#3475=CARTESIAN_POINT('',(-0.000259877151957232,0.00215131371514298,0.0062));
#3476=CARTESIAN_POINT('',(-0.000249222038928688,0.00212336308738523,0.0062));
#3477=CARTESIAN_POINT('',(-0.000241528347293232,0.00210759673077435,0.0062));
#3478=CARTESIAN_POINT('',(-0.000238235294117647,0.0021008484162896,0.0062));
#3479=CARTESIAN_POINT('',(-0.000342590497737557,0.00245888009049774,0.0062));
#3480=CARTESIAN_POINT('',(-0.000644777765748728,0.00273461510843821,0.0062));
#3481=CARTESIAN_POINT('',(-0.000634255325012509,0.0027344932272053,0.0062));
#3482=CARTESIAN_POINT('',(-0.000613785667600849,0.00273425612754893,0.0062));
#3483=CARTESIAN_POINT('',(-0.00058399579815895,0.00273123991668221,0.0062));
#3484=CARTESIAN_POINT('',(-0.000555933553768848,0.00272698019328246,0.0062));
#3485=CARTESIAN_POINT('',(-0.0005297662107149,0.00272019017467484,0.0062));
#3486=CARTESIAN_POINT('',(-0.00050562429140437,0.00271111272438875,0.0062));
#3487=CARTESIAN_POINT('',(-0.000483368716341692,0.00269999261182679,0.0062));
#3488=CARTESIAN_POINT('',(-0.000462912553698573,0.00268700827188733,0.0062));
#3489=CARTESIAN_POINT('',(-0.000444180389734958,0.00267175736006042,0.0062));
#3490=CARTESIAN_POINT('',(-0.000427231049328351,0.00265408988651653,0.0062));
#3491=CARTESIAN_POINT('',(-0.000411418561618728,0.00263390837309256,0.0062));
#3492=CARTESIAN_POINT('',(-0.000396914683963679,0.0026111454741566,0.0062));
#3493=CARTESIAN_POINT('',(-0.00038350659015651,0.00258569139222721,0.0062));
#3494=CARTESIAN_POINT('',(-0.000371552533879959,0.00255772034922565,0.0062));
#3495=CARTESIAN_POINT('',(-0.000360280773351723,0.00252722591577918,0.0062));
#3496=CARTESIAN_POINT('',(-0.000350973442965564,0.00249393025670696,0.0062));
#3497=CARTESIAN_POINT('',(-0.000345435659634245,0.00247077607629494,0.0062));
#3498=CARTESIAN_POINT('',(-0.000342590497737557,0.00245888009049774,0.0062));
#3499=CARTESIAN_POINT('',(-0.000644777765748728,0.00273461510843821,0.0062));
#3500=CARTESIAN_POINT('',(-0.00079705909970659,0.00273461510843821,0.0062));
#3501=CARTESIAN_POINT('',(-0.00079705909970659,0.00273461510843821,0.0062));
#3502=CARTESIAN_POINT('',(-0.00079705909970659,0.00210113094554228,0.0062));
#3503=CARTESIAN_POINT('',(-0.00079705909970659,0.00210113094554228,0.0062));
#3504=CARTESIAN_POINT('',(-0.00104819032142605,0.00210113094554228,0.0062));
#3505=CARTESIAN_POINT('',(-0.00104819032142605,0.00210113094554228,0.0062));
#3506=CARTESIAN_POINT('',(-0.00104847285067873,0.00358642533936651,0.0062));
#3507=CARTESIAN_POINT('',(-0.00104847285067873,0.00358642533936651,0.0062));
#3508=CARTESIAN_POINT('',(-0.000644520394243225,0.00100309609181572,0.00620000000000029));
#3509=CARTESIAN_POINT('',(-0.00064264705882353,0.00361781674208145,0.0062));
#3510=CARTESIAN_POINT('',(-0.000168947963800905,0.00349847285067873,0.0062));
#3511=CARTESIAN_POINT('',(-0.00018228177205138,0.00350845981015873,0.0062));
#3512=CARTESIAN_POINT('',(-0.000209509882917688,0.00352885353675434,0.0062));
#3513=CARTESIAN_POINT('',(-0.000256161309873006,0.00355314320832834,0.0062));
#3514=CARTESIAN_POINT('',(-0.000307530959019707,0.0035741551381658,0.0062));
#3515=CARTESIAN_POINT('',(-0.000364369032482015,0.00359106897858392,0.0062));
#3516=CARTESIAN_POINT('',(-0.000426598933138591,0.00360350082442263,0.0062));
#3517=CARTESIAN_POINT('',(-0.000493946894909328,0.00361247741859493,0.0062));
#3518=CARTESIAN_POINT('',(-0.000566585638710112,0.00361759475344187,0.0062));
#3519=CARTESIAN_POINT('',(-0.000616715043256923,0.00361774105833996,0.0062));
#3520=CARTESIAN_POINT('',(-0.00064264705882353,0.00361781674208145,0.0062));
#3521=CARTESIAN_POINT('',(-0.000168947963800905,0.00349847285067873,0.0062));
#3522=CARTESIAN_POINT('',(-0.00081216572387998,0.00286733126480109,0.0062));
#3523=CARTESIAN_POINT('',(-3.71606334841632E-5,0.00319671945701358,0.0062));
#3524=CARTESIAN_POINT('',(-0.000333688754949095,0.00281215737459346,0.0062));
#3525=CARTESIAN_POINT('',(-0.000323222977893191,0.00281568631626593,0.0062));
#3526=CARTESIAN_POINT('',(-0.00030246863989289,0.0028226844443421,0.0062));
#3527=CARTESIAN_POINT('',(-0.000272465931490948,0.00283535179879069,0.0062));
#3528=CARTESIAN_POINT('',(-0.000244072924318356,0.00285027969682837,0.0062));
#3529=CARTESIAN_POINT('',(-0.000216882509048282,0.00286659325654058,0.0062));
#3530=CARTESIAN_POINT('',(-0.000191121372217716,0.00288478320418774,0.0062));
#3531=CARTESIAN_POINT('',(-0.00016662083493647,0.00290449556931412,0.0062));
#3532=CARTESIAN_POINT('',(-0.000144057287547063,0.00292656275025162,0.0062));
#3533=CARTESIAN_POINT('',(-0.000122506408164343,0.0029498209839777,0.0062));
#3534=CARTESIAN_POINT('',(-0.000102907240630769,0.00297495511119931,0.0062));
#3535=CARTESIAN_POINT('',(-8.59842214863709E-5,0.00300191555209886,0.0062));
#3536=CARTESIAN_POINT('',(-7.12997090710059E-5,0.00303042319935056,0.0062));
#3537=CARTESIAN_POINT('',(-5.97314059194134E-5,0.00306068495693866,0.0062));
#3538=CARTESIAN_POINT('',(-4.97191651518111E-5,0.00309231647180723,0.0062));
#3539=CARTESIAN_POINT('',(-4.3308188201075E-5,0.00312574208707489,0.0062));
#3540=CARTESIAN_POINT('',(-3.85073867958566E-5,0.0031606721419471,0.0062));
#3541=CARTESIAN_POINT('',(-3.76156009432201E-5,0.00318454175884181,0.0062));
#3542=CARTESIAN_POINT('',(-3.71606334841632E-5,0.00319671945701358,0.0062));
#3543=CARTESIAN_POINT('',(-0.00124187812632565,0.00210155515368707,0.0062));
#3544=CARTESIAN_POINT('',(-0.00124187812632565,0.00210155515368707,0.0062));
#3545=CARTESIAN_POINT('',(-0.00124187812632565,0.00227944032142604,0.0062));
#3546=CARTESIAN_POINT('',(-0.00215588262911836,0.00210155515368707,0.0062));
#3547=CARTESIAN_POINT('',(-0.00215588262911836,0.00210155515368707,0.0062));
#3548=CARTESIAN_POINT('',(-0.00215588262911836,0.00360070673739749,0.0062));
#3549=CARTESIAN_POINT('',(-0.00215588262911836,0.00360070673739749,0.0062));
#3550=CARTESIAN_POINT('',(-0.001279316152167,0.00360070673739749,0.0062));
#3551=CARTESIAN_POINT('',(-0.001279316152167,0.00360070673739749,0.0062));
#3552=CARTESIAN_POINT('',(-0.001279316152167,0.00342282156965851,0.0062));
#3553=CARTESIAN_POINT('',(-0.001279316152167,0.00342282156965851,0.0062));
#3554=CARTESIAN_POINT('',(-0.0019047514073989,0.00342282156965851,0.0062));
#3555=CARTESIAN_POINT('',(-0.0019047514073989,0.00342282156965851,0.0062));
#3556=CARTESIAN_POINT('',(-0.0019047514073989,0.00296722285067873,0.0062));
#3557=CARTESIAN_POINT('',(-0.0019047514073989,0.00296722285067873,0.0062));
#3558=CARTESIAN_POINT('',(-0.00131455194119415,0.00296722285067873,0.0062));
#3559=CARTESIAN_POINT('',(-0.00131455194119415,0.00296722285067873,0.0062));
#3560=CARTESIAN_POINT('',(-0.00131455194119415,0.00278933768293977,0.0062));
#3561=CARTESIAN_POINT('',(-0.00131455194119415,0.00278933768293977,0.0062));
#3562=CARTESIAN_POINT('',(-0.0019047514073989,0.00278933768293977,0.0062));
#3563=CARTESIAN_POINT('',(-0.0019047514073989,0.00278933768293977,0.0062));
#3564=CARTESIAN_POINT('',(-0.0019047514073989,0.00227944032142604,0.0062));
#3565=CARTESIAN_POINT('',(-0.0019047514073989,0.00227944032142604,0.0062));
#3566=CARTESIAN_POINT('',(-0.00124187812632565,0.00227944032142604,0.0062));
#3567=CARTESIAN_POINT('',(-0.00230656246685874,0.00360113094554228,0.0062));
#3568=CARTESIAN_POINT('',(-0.00230656246685874,0.00360113094554228,0.0062));
#3569=CARTESIAN_POINT('',(-0.00256504690593184,0.00360113094554228,0.0062));
#3570=CARTESIAN_POINT('',(-0.00273598124646494,0.00210113094554228,0.0062));
#3571=CARTESIAN_POINT('',(-0.00273598124646494,0.00210113094554228,0.0062));
#3572=CARTESIAN_POINT('',(-0.00300114862088165,0.00210113094554228,0.0062));
#3573=CARTESIAN_POINT('',(-0.00300114862088165,0.00210113094554228,0.0062));
#3574=CARTESIAN_POINT('',(-0.00318325791855204,0.0028262443438914,0.0062));
#3575=CARTESIAN_POINT('',(-0.00318325791855204,0.0028262443438914,0.0062));
#3576=CARTESIAN_POINT('',(0.000657279579759955,0.00383734748546859,0.00620000000000006));
#3577=CARTESIAN_POINT('',(-0.00327946479072399,0.00331380035262302,0.0062));
#3578=CARTESIAN_POINT('',(-0.00328619909502263,0.00331351809954751,0.0062));
#3579=CARTESIAN_POINT('',(-0.00328619909502263,0.00331351809954751,0.0062));
#3580=CARTESIAN_POINT('',(-0.0073844057370772,0.00401422996537019,0.00620000000000048));
#3581=CARTESIAN_POINT('',(-0.00339999541545886,0.00282647191388574,0.0062));
#3582=CARTESIAN_POINT('',(-0.00359941881274746,0.00210282805429864,0.0062));
#3583=CARTESIAN_POINT('',(-0.00359941881274746,0.00210282805429864,0.0062));
#3584=CARTESIAN_POINT('',(-0.00386677765306844,0.00210282805429864,0.0062));
#3585=CARTESIAN_POINT('',(-0.00386677765306844,0.00210282805429864,0.0062));
#3586=CARTESIAN_POINT('',(-0.00425905004993284,0.00360113094554228,0.0062));
#3587=CARTESIAN_POINT('',(-0.00425905004993284,0.00360113094554228,0.0062));
#3588=CARTESIAN_POINT('',(-0.00398949974370758,0.00360113094554228,0.0062));
#3589=CARTESIAN_POINT('',(-0.00398949974370758,0.00360113094554228,0.0062));
#3590=CARTESIAN_POINT('',(-0.00382296380090498,0.00288902714932127,0.0062));
#3591=CARTESIAN_POINT('',(-0.00382296380090498,0.00288902714932127,0.0062));
#3592=CARTESIAN_POINT('',(-0.0176686102891134,-0.000229990082775146,0.00620000000000498));
#3593=CARTESIAN_POINT('',(-0.00371556650567378,0.00236669325332297,0.0062));
#3594=CARTESIAN_POINT('',(-0.0037112556561086,0.00236668552036199,0.0062));
#3595=CARTESIAN_POINT('',(-0.0037112556561086,0.00236668552036199,0.0062));
#3596=CARTESIAN_POINT('',(-0.00358846148322611,0.00289299084417421,0.0062));
#3597=CARTESIAN_POINT('',(-0.00360051256997491,0.00284643613085817,0.0062));
#3598=CARTESIAN_POINT('',(-0.00362415457506615,0.00275510438690998,0.0062));
#3599=CARTESIAN_POINT('',(-0.00365252504657054,0.00264197123946086,0.0062));
#3600=CARTESIAN_POINT('',(-0.00367373899239277,0.00255412842195529,0.0062));
#3601=CARTESIAN_POINT('',(-0.00368785755478952,0.00249040672403472,0.0062));
#3602=CARTESIAN_POINT('',(-0.00370034902397538,0.00242807224688162,0.0062));
#3603=CARTESIAN_POINT('',(-0.00370765225978981,0.0023869668227532,0.0062));
#3604=CARTESIAN_POINT('',(-0.0037112556561086,0.00236668552036199,0.0062));
#3605=CARTESIAN_POINT('',(-0.00358846148322611,0.00289299084417421,0.0062));
#3606=CARTESIAN_POINT('',(-0.00339780394955459,0.00360113094554228,0.0062));
#3607=CARTESIAN_POINT('',(-0.00339780394955459,0.00360113094554228,0.0062));
#3608=CARTESIAN_POINT('',(-0.00314359390465922,0.00360113094554228,0.0062));
#3609=CARTESIAN_POINT('',(-0.00314359390465922,0.00360113094554228,0.0062));
#3610=CARTESIAN_POINT('',(-0.0029683257918552,0.00288902714932127,0.0062));
#3611=CARTESIAN_POINT('',(-0.0029683257918552,0.00288902714932127,0.0062));
#3612=CARTESIAN_POINT('',(-0.00858471010051344,0.00148233027782957,0.00620000000000083));
#3613=CARTESIAN_POINT('',(-0.00286308626891262,0.00236866515837104,0.0062));
#3614=CARTESIAN_POINT('',(-0.00285661764705883,0.00236866515837104,0.0062));
#3615=CARTESIAN_POINT('',(-0.00285661764705883,0.00236866515837104,0.0062));
#3616=CARTESIAN_POINT('',(0.00313681405224553,0.00136495138826835,0.0062));
#3617=CARTESIAN_POINT('',(-0.00274474711008202,0.00289331756177531,0.0062));
#3618=CARTESIAN_POINT('',(-0.00256504690593184,0.00360113094554228,0.0062));
#3619=CARTESIAN_POINT('',(-0.00500305429864254,0.00361866515837104,0.0062));
#3620=CARTESIAN_POINT('',(-0.00500305429864254,0.00361866515837104,0.0062));
#3621=CARTESIAN_POINT('',(-0.00500286511727588,0.0036188062849088,0.0062));
#3622=CARTESIAN_POINT('',(-0.00430141402714933,0.00286470588235294,0.0062));
#3623=CARTESIAN_POINT('',(-0.00430211058068338,0.00289178866100293,0.0062));
#3624=CARTESIAN_POINT('',(-0.0043034736633989,0.00294478683797209,0.0062));
#3625=CARTESIAN_POINT('',(-0.00431281548027368,0.00302220504535601,0.0062));
#3626=CARTESIAN_POINT('',(-0.00432699582206224,0.00309576349267798,0.0062));
#3627=CARTESIAN_POINT('',(-0.00434716092517037,0.00316543409263761,0.0062));
#3628=CARTESIAN_POINT('',(-0.00437288221105519,0.00323128603845169,0.0062));
#3629=CARTESIAN_POINT('',(-0.00440434980049783,0.00329329402762097,0.0062));
#3630=CARTESIAN_POINT('',(-0.00444174182939502,0.00335117082693499,0.0062));
#3631=CARTESIAN_POINT('',(-0.00448383470493554,0.00340534003625129,0.0062));
#3632=CARTESIAN_POINT('',(-0.00453181773720466,0.00345402683259085,0.0062));
#3633=CARTESIAN_POINT('',(-0.00458460520094996,0.00349716335382263,0.0062));
#3634=CARTESIAN_POINT('',(-0.00464266097995844,0.00353342221195947,0.0062));
#3635=CARTESIAN_POINT('',(-0.0047055477636668,0.00356325167977618,0.0062));
#3636=CARTESIAN_POINT('',(-0.00477300505039667,0.00358706626231524,0.0062));
#3637=CARTESIAN_POINT('',(-0.00484544650568108,0.00360415410529207,0.0062));
#3638=CARTESIAN_POINT('',(-0.00492259394050703,0.00361535343318399,0.0062));
#3639=CARTESIAN_POINT('',(-0.00497577184267278,0.00361754222033431,0.0062));
#3640=CARTESIAN_POINT('',(-0.00500305429864254,0.00361866515837104,0.0062));
#3641=CARTESIAN_POINT('',(-0.00430141402714933,0.00286470588235294,0.0062));
#3642=CARTESIAN_POINT('',(-0.00502511312217195,0.00208331447963801,0.0062));
#3643=CARTESIAN_POINT('',(-0.00499953782600164,0.00208390260067402,0.0062));
#3644=CARTESIAN_POINT('',(-0.00494944771003183,0.00208505445638283,0.0062));
#3645=CARTESIAN_POINT('',(-0.00487611247529151,0.00209436374558397,0.0062));
#3646=CARTESIAN_POINT('',(-0.00480618127725357,0.00210917313742442,0.0062));
#3647=CARTESIAN_POINT('',(-0.00473965255818319,0.00213046165160921,0.0062));
#3648=CARTESIAN_POINT('',(-0.00467664744149255,0.00215796375773548,0.0062));
#3649=CARTESIAN_POINT('',(-0.0046171775721009,0.00219157604391576,0.0062));
#3650=CARTESIAN_POINT('',(-0.00456119722157128,0.0022310613315318,0.0062));
#3651=CARTESIAN_POINT('',(-0.00451775752267795,0.00226885579582077,0.0062));
#3652=CARTESIAN_POINT('',(-0.00448556988856401,0.00230239429113016,0.0062));
#3653=CARTESIAN_POINT('',(-0.004462260629915,0.00232872235501616,0.0062));
#3654=CARTESIAN_POINT('',(-0.00444108542909865,0.00235713705417863,0.0062));
#3655=CARTESIAN_POINT('',(-0.00442078945271525,0.00238658491162806,0.0062));
#3656=CARTESIAN_POINT('',(-0.00440296620673746,0.00241828345635723,0.0062));
#3657=CARTESIAN_POINT('',(-0.00438572214004199,0.00245099818433218,0.0062));
#3658=CARTESIAN_POINT('',(-0.00437066345675178,0.00248560915658459,0.0062));
#3659=CARTESIAN_POINT('',(-0.00435664802266498,0.00252148165182276,0.0062));
#3660=CARTESIAN_POINT('',(-0.00434468551141358,0.00255907466659601,0.0062));
#3661=CARTESIAN_POINT('',(-0.0043333391767084,0.00259798734499778,0.0062));
#3662=CARTESIAN_POINT('',(-0.00432471671250086,0.0026388220111836,0.0062));
#3663=CARTESIAN_POINT('',(-0.00431642469668376,0.0026808747663328,0.0062));
#3664=CARTESIAN_POINT('',(-0.0043108512295388,0.0027246532325968,0.0062));
#3665=CARTESIAN_POINT('',(-0.00430581602322981,0.00276987928679637,0.0062));
#3666=CARTESIAN_POINT('',(-0.00430281405869778,0.00281678283288744,0.0062));
#3667=CARTESIAN_POINT('',(-0.00430188505491751,0.00284858261208846,0.0062));
#3668=CARTESIAN_POINT('',(-0.00430141402714933,0.00286470588235294,0.0062));
#3669=CARTESIAN_POINT('',(-0.00502511312217195,0.00208331447963801,0.0062));
#3670=CARTESIAN_POINT('',(-0.00440644243220794,0.00351094371832878,0.0062));
#3671=CARTESIAN_POINT('',(-0.00572873303167421,0.00284123303167421,0.0062));
#3672=CARTESIAN_POINT('',(-0.00500286511727588,0.0036188062849088,0.0062));
#3673=CARTESIAN_POINT('',(-0.00502954776213646,0.00361780845620664,0.0062));
#3674=CARTESIAN_POINT('',(-0.00508173002595857,0.00361585703943902,0.0062));
#3675=CARTESIAN_POINT('',(-0.00515788465156956,0.00360516791186013,0.0062));
#3676=CARTESIAN_POINT('',(-0.00523004607657911,0.00358873031472352,0.0062));
#3677=CARTESIAN_POINT('',(-0.0052979672333694,0.00356539739958441,0.0062));
#3678=CARTESIAN_POINT('',(-0.00536185349759716,0.00353589727265727,0.0062));
#3679=CARTESIAN_POINT('',(-0.00542150252029359,0.00349971313162397,0.0062));
#3680=CARTESIAN_POINT('',(-0.00547719994366742,0.00345740719529983,0.0062));
#3681=CARTESIAN_POINT('',(-0.0055284359635474,0.00340898888279136,0.0062));
#3682=CARTESIAN_POINT('',(-0.00557450059782668,0.00335494643393342,0.0062));
#3683=CARTESIAN_POINT('',(-0.00561504434312479,0.00329581895387483,0.0062));
#3684=CARTESIAN_POINT('',(-0.00564878473104771,0.00323145105398453,0.0062));
#3685=CARTESIAN_POINT('',(-0.00567738803379649,0.00316274799235796,0.0062));
#3686=CARTESIAN_POINT('',(-0.00569918849852514,0.0030890110082113,0.0062));
#3687=CARTESIAN_POINT('',(-0.00571565695122769,0.00301073836678091,0.0062));
#3688=CARTESIAN_POINT('',(-0.00572587211984436,0.00292755940921901,0.0062));
#3689=CARTESIAN_POINT('',(-0.00572776361091846,0.00287048474830789,0.0062));
#3690=CARTESIAN_POINT('',(-0.00572873303167421,0.00284123303167421,0.0062));
#3691=CARTESIAN_POINT('',(-0.0075,0.00515,0.0062));
#3692=CARTESIAN_POINT('',(0.0075,0.00515,0.0062));
#3693=CARTESIAN_POINT('',(-0.0075,0.00515,0.0062));
#3694=CARTESIAN_POINT('',(-0.0075,0.00515,0.0062));
#3695=CARTESIAN_POINT('',(-0.0075,0.00135,0.0062));
#3696=CARTESIAN_POINT('',(-0.0075,0.00135,0.0062));
#3697=CARTESIAN_POINT('',(0.0075,0.00135,0.0062));
#3698=CARTESIAN_POINT('',(0.0075,0.00515,0.0062));
#3699=CARTESIAN_POINT('',(-0.00654166666666667,0.00398472222222223,0.0062));
#3700=CARTESIAN_POINT('',(-0.00654166666666667,0.00398472222222223,0.0062));
#3701=CARTESIAN_POINT('',(-0.00695694444444445,0.00398472222222223,0.0062));
#3702=CARTESIAN_POINT('',(-0.00695694444444445,0.00398472222222223,0.0062));
#3703=CARTESIAN_POINT('',(-0.00695694444444445,0.0044,0.0062));
#3704=CARTESIAN_POINT('',(-0.00695694444444445,0.0044,0.0062));
#3705=CARTESIAN_POINT('',(-0.00567916666666667,0.0044,0.0062));
#3706=CARTESIAN_POINT('',(-0.00567916666666667,0.0044,0.0062));
#3707=CARTESIAN_POINT('',(-0.00567916666666667,0.00398472222222223,0.0062));
#3708=CARTESIAN_POINT('',(-0.00567916666666667,0.00398472222222223,0.0062));
#3709=CARTESIAN_POINT('',(-0.00609444444444445,0.00398472222222223,0.0062));
#3710=CARTESIAN_POINT('',(-0.00609444444444445,0.00398472222222223,0.0062));
#3711=CARTESIAN_POINT('',(-0.00609444444444445,0.0021,0.0062));
#3712=CARTESIAN_POINT('',(-0.00609444444444445,0.0021,0.0062));
#3713=CARTESIAN_POINT('',(-0.00654166666666667,0.0021,0.0062));
#3714=CARTESIAN_POINT('',(-0.00654166666666667,0.0021,0.0062));
#3715=CARTESIAN_POINT('',(0.00145083333333333,0.0021,0.0062));
#3716=CARTESIAN_POINT('',(0.00145083333333333,0.0021,0.0062));
#3717=CARTESIAN_POINT('',(0.00109944444444444,0.0021,0.0062));
#3718=CARTESIAN_POINT('',(0.00109944444444444,0.0021,0.0062));
#3719=CARTESIAN_POINT('',(0.00109944444444444,0.0044,0.0062));
#3720=CARTESIAN_POINT('',(0.00109944444444444,0.0044,0.0062));
#3721=CARTESIAN_POINT('',(0.00161355034722222,0.0044,0.0062));
#3722=CARTESIAN_POINT('',(0.00161355034722222,0.0044,0.0062));
#3723=CARTESIAN_POINT('',(0.00165267360015584,0.00439958381861208,0.0062));
#3724=CARTESIAN_POINT('',(0.0017272361830184,0.00439879064430024,0.0062));
#3725=CARTESIAN_POINT('',(0.00183331876582105,0.00438860152508464,0.0062));
#3726=CARTESIAN_POINT('',(0.00192785236927393,0.00437306039013952,0.0062));
#3727=CARTESIAN_POINT('',(0.00199959898023821,0.00435472992830371,0.0062));
#3728=CARTESIAN_POINT('',(0.00205115045274131,0.00433401659204162,0.0062));
#3729=CARTESIAN_POINT('',(0.00208788945952025,0.00431591359479206,0.0062));
#3730=CARTESIAN_POINT('',(0.00212224476936251,0.00429226003372672,0.0062));
#3731=CARTESIAN_POINT('',(0.00215593217146842,0.00426611672213466,0.0062));
#3732=CARTESIAN_POINT('',(0.00218743976550704,0.0042352485277745,0.0062));
#3733=CARTESIAN_POINT('',(0.00221727867543352,0.00420071485501634,0.0062));
#3734=CARTESIAN_POINT('',(0.00224604124031003,0.00416251153478977,0.0062));
#3735=CARTESIAN_POINT('',(0.00227263967855616,0.00412040188845393,0.0062));
#3736=CARTESIAN_POINT('',(0.00229697056335107,0.00407519214117401,0.0062));
#3737=CARTESIAN_POINT('',(0.00231850238286891,0.00402750972241164,0.0062));
#3738=CARTESIAN_POINT('',(0.00233715875726268,0.00397777733516191,0.0062));
#3739=CARTESIAN_POINT('',(0.00235134754451576,0.00392553914871981,0.0062));
#3740=CARTESIAN_POINT('',(0.00236292743442191,0.00387139291313871,0.0062));
#3741=CARTESIAN_POINT('',(0.0023714242194455,0.00381490555555171,0.0062));
#3742=CARTESIAN_POINT('',(0.00237649225227638,0.00375604770941677,0.0062));
#3743=CARTESIAN_POINT('',(0.00237697647309665,0.00371603291693562,0.0062));
#3744=CARTESIAN_POINT('',(0.00237722222222223,0.00369572482638889,0.0062));
#3745=CARTESIAN_POINT('',(0.00237722222222223,0.00369572482638889,0.0062));
#3746=CARTESIAN_POINT('',(0.00237722222222223,0.00369572482638889,0.0062));
#3747=CARTESIAN_POINT('',(0.00237611588456735,0.00365907535241375,0.0062));
#3748=CARTESIAN_POINT('',(0.002373968221805,0.00358793006492457,0.0062));
#3749=CARTESIAN_POINT('',(0.00235891218066002,0.00348500602558804,0.0062));
#3750=CARTESIAN_POINT('',(0.00233149980053511,0.00339029319274997,0.0062));
#3751=CARTESIAN_POINT('',(0.00229499330027482,0.00330389390053164,0.0062));
#3752=CARTESIAN_POINT('',(0.00224930203192022,0.00322738462244356,0.0062));
#3753=CARTESIAN_POINT('',(0.00219558724172174,0.00316182759948836,0.0062));
#3754=CARTESIAN_POINT('',(0.00213495570745432,0.00310700292291386,0.0062));
#3755=CARTESIAN_POINT('',(0.00207716537854401,0.00307151083580203,0.0062));
#3756=CARTESIAN_POINT('',(0.00202644828762009,0.00304867422195403,0.0062));
#3757=CARTESIAN_POINT('',(0.0019833362843559,0.0030345690967911,0.0062));
#3758=CARTESIAN_POINT('',(0.00193567207937487,0.00302206132956417,0.0062));
#3759=CARTESIAN_POINT('',(0.00188334878960771,0.00301166034624613,0.0062));
#3760=CARTESIAN_POINT('',(0.00182618572718597,0.00300371223907461,0.0062));
#3761=CARTESIAN_POINT('',(0.00176419764488561,0.00299852214720565,0.0062));
#3762=CARTESIAN_POINT('',(0.00169744927271657,0.00299482107796879,0.0062));
#3763=CARTESIAN_POINT('',(0.00165132362790127,0.0029945726274337,0.0062));
#3764=CARTESIAN_POINT('',(0.00162752604166667,0.00299444444444444,0.0062));
#3765=CARTESIAN_POINT('',(0.00162752604166667,0.00299444444444444,0.0062));
#3766=CARTESIAN_POINT('',(0.00162752604166667,0.00299444444444444,0.0062));
#3767=CARTESIAN_POINT('',(0.00145083333333333,0.00299444444444444,0.0062));
#3768=CARTESIAN_POINT('',(0.00145083333333333,0.00299444444444444,0.0062));
#3769=CARTESIAN_POINT('',(0.00594941250348542,0.00418461538461539,0.0062));
#3770=CARTESIAN_POINT('',(0.00594941250348542,0.00418461538461539,0.0062));
#3771=CARTESIAN_POINT('',(0.00594941250348542,0.0033,0.0062));
#3772=CARTESIAN_POINT('',(0.00594941250348542,0.0033,0.0062));
#3773=CARTESIAN_POINT('',(0.00580838686245978,0.0033,0.0062));
#3774=CARTESIAN_POINT('',(0.00580838686245978,0.0033,0.0062));
#3775=CARTESIAN_POINT('',(0.00580838686245978,0.00418461538461539,0.0062));
#3776=CARTESIAN_POINT('',(0.00580838686245978,0.00418461538461539,0.0062));
#3777=CARTESIAN_POINT('',(0.00548787404194696,0.00418461538461539,0.0062));
#3778=CARTESIAN_POINT('',(0.00548787404194696,0.00418461538461539,0.0062));
#3779=CARTESIAN_POINT('',(0.00548787404194696,0.0043,0.0062));
#3780=CARTESIAN_POINT('',(0.00548787404194696,0.0043,0.0062));
#3781=CARTESIAN_POINT('',(0.00626992532399824,0.0043,0.0062));
#3782=CARTESIAN_POINT('',(0.00626992532399824,0.0043,0.0062));
#3783=CARTESIAN_POINT('',(0.00626992532399824,0.00418461538461539,0.0062));
#3784=CARTESIAN_POINT('',(0.00626992532399824,0.00418461538461539,0.0062));
#3785=CARTESIAN_POINT('',(0.00653915609322901,0.00414615384615384,0.0062));
#3786=CARTESIAN_POINT('',(0.00653915609322901,0.00414615384615384,0.0062));
#3787=CARTESIAN_POINT('',(0.00653915609322901,0.0033,0.0062));
#3788=CARTESIAN_POINT('',(0.00653915609322901,0.0033,0.0062));
#3789=CARTESIAN_POINT('',(0.00639813045220336,0.0033,0.0062));
#3790=CARTESIAN_POINT('',(0.00639813045220336,0.0033,0.0062));
#3791=CARTESIAN_POINT('',(0.00639813045220336,0.0043,0.0062));
#3792=CARTESIAN_POINT('',(0.00639813045220336,0.0043,0.0062));
#3793=CARTESIAN_POINT('',(0.00661026987528029,0.0043,0.0062));
#3794=CARTESIAN_POINT('',(0.00661026987528029,0.0043,0.0062));
#3795=CARTESIAN_POINT('',(0.00683382756758798,0.00359827724358974,0.0062));
#3796=CARTESIAN_POINT('',(0.00685636362528029,0.00352485977564102,0.0062));
#3797=CARTESIAN_POINT('',(0.0068788996829726,0.00345144230769231,0.0062));
#3798=CARTESIAN_POINT('',(0.00690343894579311,0.00353086939102564,0.0062));
#3799=CARTESIAN_POINT('',(0.00692797820861362,0.00361029647435898,0.0062));
#3800=CARTESIAN_POINT('',(0.00692797820861362,0.00361029647435898,0.0062));
#3801=CARTESIAN_POINT('',(0.00714933237528029,0.0043,0.0062));
#3802=CARTESIAN_POINT('',(0.00714933237528029,0.0043,0.0062));
#3803=CARTESIAN_POINT('',(0.00735966891374183,0.0043,0.0062));
#3804=CARTESIAN_POINT('',(0.00735966891374183,0.0043,0.0062));
#3805=CARTESIAN_POINT('',(0.00735966891374183,0.0033,0.0062));
#3806=CARTESIAN_POINT('',(0.00735966891374183,0.0033,0.0062));
#3807=CARTESIAN_POINT('',(0.00721864327271619,0.0033,0.0062));
#3808=CARTESIAN_POINT('',(0.00721864327271619,0.0033,0.0062));
#3809=CARTESIAN_POINT('',(0.00721864327271619,0.00414615384615384,0.0062));
#3810=CARTESIAN_POINT('',(0.00721864327271619,0.00414615384615384,0.0062));
#3811=CARTESIAN_POINT('',(0.00695181634963926,0.0033,0.0062));
#3812=CARTESIAN_POINT('',(0.00695181634963926,0.0033,0.0062));
#3813=CARTESIAN_POINT('',(0.00680438045220337,0.0033,0.0062));
#3814=CARTESIAN_POINT('',(0.00680438045220337,0.0033,0.0062));
#3815=CARTESIAN_POINT('',(0.,0.,0.0062));
#3816=CARTESIAN_POINT('',(0.,0.,0.0062));
#3817=CARTESIAN_POINT('',(0.00202583333333333,0.00369722222222222,0.0062));
#3818=CARTESIAN_POINT('',(0.00202528921601174,0.00372339171064863,0.0062));
#3819=CARTESIAN_POINT('',(0.0020242510111914,0.00377332448792344,0.0062));
#3820=CARTESIAN_POINT('',(0.00201304503408444,0.00384416261339442,0.0062));
#3821=CARTESIAN_POINT('',(0.00199561021132188,0.00390761063682341,0.0062));
#3822=CARTESIAN_POINT('',(0.00196979354867929,0.00396217460696589,0.0062));
#3823=CARTESIAN_POINT('',(0.00194088095787002,0.00400860208931901,0.0062));
#3824=CARTESIAN_POINT('',(0.00190939702800965,0.00404545742917629,0.0062));
#3825=CARTESIAN_POINT('',(0.00187671757508721,0.00407328667704463,0.0062));
#3826=CARTESIAN_POINT('',(0.0018399534796367,0.00409074064630837,0.0062));
#3827=CARTESIAN_POINT('',(0.00179802384916192,0.004100866982999,0.0062));
#3828=CARTESIAN_POINT('',(0.00174799199776285,0.00410734901743283,0.0062));
#3829=CARTESIAN_POINT('',(0.00168816702232183,0.00411185460151875,0.0062));
#3830=CARTESIAN_POINT('',(0.00164483913065594,0.00411227428512644,0.0062));
#3831=CARTESIAN_POINT('',(0.00162153645833333,0.0041125,0.0062));
#3832=CARTESIAN_POINT('',(0.00202583333333333,0.00369722222222222,0.0062));
#3833=CARTESIAN_POINT('',(0.00162153645833333,0.0041125,0.0062));
#3834=CARTESIAN_POINT('',(0.00162153645833333,0.0041125,0.0062));
#3835=CARTESIAN_POINT('',(0.00145083333333333,0.0041125,0.0062));
#3836=CARTESIAN_POINT('',(0.00145083333333333,0.0041125,0.0062));
#3837=CARTESIAN_POINT('',(0.00145083333333333,0.00328194444444444,0.0062));
#3838=CARTESIAN_POINT('',(0.00145083333333333,0.00328194444444444,0.0062));
#3839=CARTESIAN_POINT('',(0.00162153645833333,0.00328194444444444,0.0062));
#3840=CARTESIAN_POINT('',(0.00162153645833333,0.00328194444444444,0.0062));
#3841=CARTESIAN_POINT('',(0.00163984332687147,0.00328223560486176,0.0062));
#3842=CARTESIAN_POINT('',(0.00167518527396772,0.00328279769859418,0.0062));
#3843=CARTESIAN_POINT('',(0.00172597613293208,0.00328695429496998,0.0062));
#3844=CARTESIAN_POINT('',(0.00177223353762926,0.0032953115024692,0.0062));
#3845=CARTESIAN_POINT('',(0.00181443260809754,0.00330519432178965,0.0062));
#3846=CARTESIAN_POINT('',(0.00185188886254919,0.00331946002281387,0.0062));
#3847=CARTESIAN_POINT('',(0.0018854680308084,0.00333564798083559,0.0062));
#3848=CARTESIAN_POINT('',(0.00191415940715523,0.00335582882458829,0.0062));
#3849=CARTESIAN_POINT('',(0.00193871676977361,0.00337924863158032,0.0062));
#3850=CARTESIAN_POINT('',(0.00195921460630094,0.00340630896044288,0.0062));
#3851=CARTESIAN_POINT('',(0.00197750170402932,0.00343643327683164,0.0062));
#3852=CARTESIAN_POINT('',(0.00199224817691659,0.00347081311674011,0.0062));
#3853=CARTESIAN_POINT('',(0.00200477187822312,0.00350869034842587,0.0062));
#3854=CARTESIAN_POINT('',(0.00201403253584751,0.00355052902014949,0.0062));
#3855=CARTESIAN_POINT('',(0.00202109391321863,0.00359602549187307,0.0062));
#3856=CARTESIAN_POINT('',(0.00202488888094745,0.00364541498141262,0.0062));
#3857=CARTESIAN_POINT('',(0.00202551172255327,0.00367958049948578,0.0062));
#3858=CARTESIAN_POINT('',(0.00202583333333333,0.00369722222222222,0.0062));
#3859=CARTESIAN_POINT('',(0.,0.,0.0062));
#3860=CARTESIAN_POINT('',(0.,0.,0.0062));
#3861=CARTESIAN_POINT('',(0.,0.,0.0062));
#3862=CARTESIAN_POINT('',(0.00411849547511312,0.00284688914027149,0.0062));
#3863=CARTESIAN_POINT('',(0.00411873211944315,0.00286584555236564,0.0062));
#3864=CARTESIAN_POINT('',(0.00411920031615539,0.00290335048568473,0.0062));
#3865=CARTESIAN_POINT('',(0.00412397570717335,0.00295875073952412,0.0062));
#3866=CARTESIAN_POINT('',(0.00413268487944529,0.00301243455823791,0.0062));
#3867=CARTESIAN_POINT('',(0.00414399169518588,0.00306452032321133,0.0062));
#3868=CARTESIAN_POINT('',(0.00415944219356849,0.00311475045267033,0.0062));
#3869=CARTESIAN_POINT('',(0.00417817483635064,0.00316331421368473,0.0062));
#3870=CARTESIAN_POINT('',(0.00420019895199557,0.00321024227310188,0.0062));
#3871=CARTESIAN_POINT('',(0.00422542300872544,0.00325511538751576,0.0062));
#3872=CARTESIAN_POINT('',(0.00425409552243105,0.00329682953752119,0.0062));
#3873=CARTESIAN_POINT('',(0.0042875619838182,0.0033332608974908,0.0062));
#3874=CARTESIAN_POINT('',(0.00432449427036265,0.00336471796272538,0.0062));
#3875=CARTESIAN_POINT('',(0.00436546236731443,0.00339069387100724,0.0062));
#3876=CARTESIAN_POINT('',(0.00441026514099043,0.00341143285917813,0.0062));
#3877=CARTESIAN_POINT('',(0.0044588942482217,0.00342692439669028,0.0062));
#3878=CARTESIAN_POINT('',(0.00451137773697248,0.00343730949509447,0.0062));
#3879=CARTESIAN_POINT('',(0.00454774596379089,0.00343960129483753,0.0062));
#3880=CARTESIAN_POINT('',(0.0045664592760181,0.00344078054298642,0.0062));
#3881=CARTESIAN_POINT('',(0.00411849547511312,0.00284688914027149,0.0062));
#3882=CARTESIAN_POINT('',(0.0045664592760181,0.00344078054298642,0.0062));
#3883=CARTESIAN_POINT('',(0.0045664592760181,0.00344078054298642,0.0062));
#3884=CARTESIAN_POINT('',(0.00456662857262797,0.00344092111716983,0.0062));
#3885=CARTESIAN_POINT('',(0.00456662857262797,0.00344092111716983,0.0062));
#3886=CARTESIAN_POINT('',(0.00458480716970194,0.00343953517926951,0.0062));
#3887=CARTESIAN_POINT('',(0.0046201393453241,0.00343684145097487,0.0062));
#3888=CARTESIAN_POINT('',(0.00467129312746458,0.00342694068840584,0.0062));
#3889=CARTESIAN_POINT('',(0.00471876131444927,0.00341163481291211,0.0062));
#3890=CARTESIAN_POINT('',(0.00476281357607963,0.00339125535986946,0.0062));
#3891=CARTESIAN_POINT('',(0.00480288253176099,0.00336522803809847,0.0062));
#3892=CARTESIAN_POINT('',(0.00483954392101821,0.00333434157592894,0.0062));
#3893=CARTESIAN_POINT('',(0.00487251986276255,0.00329826818825597,0.0062));
#3894=CARTESIAN_POINT('',(0.00490097641544414,0.00325704035151862,0.0062));
#3895=CARTESIAN_POINT('',(0.00492615853016399,0.00321286427125007,0.0062));
#3896=CARTESIAN_POINT('',(0.00494820525266045,0.00316671235382268,0.0062));
#3897=CARTESIAN_POINT('',(0.00496709073538018,0.00311906458025496,0.0062));
#3898=CARTESIAN_POINT('',(0.00498188273525911,0.00306960013711813,0.0062));
#3899=CARTESIAN_POINT('',(0.00499398142206698,0.00301874928608108,0.0062));
#3900=CARTESIAN_POINT('',(0.00500190089381967,0.00296614360192439,0.0062));
#3901=CARTESIAN_POINT('',(0.00500736062048983,0.00291205050647384,0.0062));
#3902=CARTESIAN_POINT('',(0.00500773091902631,0.00287537239894372,0.0062));
#3903=CARTESIAN_POINT('',(0.0050079185520362,0.00285678733031674,0.0062));
#3904=CARTESIAN_POINT('',(0.0050079185520362,0.00285678733031674,0.0062));
#3905=CARTESIAN_POINT('',(0.0050079185520362,0.00285678733031674,0.0062));
#3906=CARTESIAN_POINT('',(0.0050076335064635,0.00283650642720452,0.0062));
#3907=CARTESIAN_POINT('',(0.00500707429497965,0.00279671870548787,0.0062));
#3908=CARTESIAN_POINT('',(0.00500147134915218,0.00273825798488504,0.0062));
#3909=CARTESIAN_POINT('',(0.00499282897667702,0.00268222432647912,0.0062));
#3910=CARTESIAN_POINT('',(0.00498069620285744,0.00262850110563514,0.0062));
#3911=CARTESIAN_POINT('',(0.00496490522056033,0.00257721751179677,0.0062));
#3912=CARTESIAN_POINT('',(0.00494533504951888,0.00252844529773259,0.0062));
#3913=CARTESIAN_POINT('',(0.00492226822600454,0.00248216292421777,0.0062));
#3914=CARTESIAN_POINT('',(0.00489634424459307,0.00243843126606385,0.0062));
#3915=CARTESIAN_POINT('',(0.0048666986588881,0.00239845106543189,0.0062));
#3916=CARTESIAN_POINT('',(0.00483360914852214,0.00236292767716404,0.0062));
#3917=CARTESIAN_POINT('',(0.00479638453880567,0.00233322130023448,0.0062));
#3918=CARTESIAN_POINT('',(0.00475634320074256,0.00230792914076922,0.0062));
#3919=CARTESIAN_POINT('',(0.00471257876311054,0.00228837042423035,0.0062));
#3920=CARTESIAN_POINT('',(0.00466544251290014,0.00227404482399805,0.0062));
#3921=CARTESIAN_POINT('',(0.00461501827953634,0.00226413903491724,0.0062));
#3922=CARTESIAN_POINT('',(0.00458008062267571,0.0022621937224053,0.0062));
#3923=CARTESIAN_POINT('',(0.00456221719457013,0.00226119909502262,0.0062));
#3924=CARTESIAN_POINT('',(0.00456221719457013,0.00226119909502262,0.0062));
#3925=CARTESIAN_POINT('',(0.00456221719457013,0.00226119909502262,0.0062));
#3926=CARTESIAN_POINT('',(0.00454454313141059,0.00226230920645208,0.0062));
#3927=CARTESIAN_POINT('',(0.00451008123368282,0.00226447376511654,0.0062));
#3928=CARTESIAN_POINT('',(0.00446018672834864,0.00227433271749547,0.0062));
#3929=CARTESIAN_POINT('',(0.00441350391765119,0.00228891203312361,0.0062));
#3930=CARTESIAN_POINT('',(0.00437024002792189,0.00230889858855312,0.0062));
#3931=CARTESIAN_POINT('',(0.00433008108110358,0.00233367712503304,0.0062));
#3932=CARTESIAN_POINT('',(0.00429358414405155,0.00236393195799179,0.0062));
#3933=CARTESIAN_POINT('',(0.00426003100433193,0.00239898739438615,0.0062));
#3934=CARTESIAN_POINT('',(0.00423087714120035,0.00243931932263106,0.0062));
#3935=CARTESIAN_POINT('',(0.0042043545909817,0.00248261251849794,0.0062));
#3936=CARTESIAN_POINT('',(0.00418145200949831,0.00252854132006536,0.0062));
#3937=CARTESIAN_POINT('',(0.00416216290454716,0.00257661411392669,0.0062));
#3938=CARTESIAN_POINT('',(0.0041463608735542,0.00262673790404842,0.0062));
#3939=CARTESIAN_POINT('',(0.00413392710433884,0.00267891244628596,0.0062));
#3940=CARTESIAN_POINT('',(0.00412487734779141,0.00273303904624176,0.0062));
#3941=CARTESIAN_POINT('',(0.00411936604017844,0.0027892701138227,0.0062));
#3942=CARTESIAN_POINT('',(0.00411878907203839,0.00282745719925233,0.0062));
#3943=CARTESIAN_POINT('',(0.00411849547511312,0.00284688914027149,0.0062));
#3944=CARTESIAN_POINT('',(0.,0.,0.0062));
#3945=CARTESIAN_POINT('',(0.,0.,0.0062));
#3946=CARTESIAN_POINT('',(0.00283859226372967,0.00340345468939358,0.0062));
#3947=CARTESIAN_POINT('',(0.00346555429864254,0.00317239819004525,0.0062));
#3948=CARTESIAN_POINT('',(0.00312647058823529,0.00289524886877828,0.0062));
#3949=CARTESIAN_POINT('',(0.00312647058823529,0.00289524886877828,0.0062));
#3950=CARTESIAN_POINT('',(0.00295678705413957,0.00289524886877828,0.0062));
#3951=CARTESIAN_POINT('',(0.00295678705413957,0.00289524886877828,0.0062));
#3952=CARTESIAN_POINT('',(0.00295678705413957,0.00342773310458499,0.0062));
#3953=CARTESIAN_POINT('',(0.00311157722958156,0.00258902851483461,0.00619999999999992));
#3954=CARTESIAN_POINT('',(0.00313297511312217,0.00344162895927602,0.0062));
#3955=CARTESIAN_POINT('',(0.00313297511312217,0.00344162895927602,0.0062));
#3956=CARTESIAN_POINT('',(0.00314438404223236,0.00344155585855199,0.0062));
#3957=CARTESIAN_POINT('',(0.00316666088912716,0.00344141312353968,0.0062));
#3958=CARTESIAN_POINT('',(0.00319946929318185,0.00343925568264981,0.0062));
#3959=CARTESIAN_POINT('',(0.00323082655548704,0.00343467314033947,0.0062));
#3960=CARTESIAN_POINT('',(0.00326090601985341,0.00342824229110065,0.0062));
#3961=CARTESIAN_POINT('',(0.00328948500743161,0.00341964648103713,0.0062));
#3962=CARTESIAN_POINT('',(0.00331686642063214,0.00340961875123266,0.0062));
#3963=CARTESIAN_POINT('',(0.00334261778379113,0.00339702886953267,0.0062));
#3964=CARTESIAN_POINT('',(0.00336699419133191,0.00338271123919214,0.0062));
#3965=CARTESIAN_POINT('',(0.00338960560172508,0.00336617656455642,0.0062));
#3966=CARTESIAN_POINT('',(0.00340916359443938,0.00334641001680255,0.0062));
#3967=CARTESIAN_POINT('',(0.00342617051229511,0.00332420340035072,0.0062));
#3968=CARTESIAN_POINT('',(0.00343964566694723,0.00329886051605993,0.0062));
#3969=CARTESIAN_POINT('',(0.00345082262024296,0.0032711363952559,0.0062));
#3970=CARTESIAN_POINT('',(0.00345847724246252,0.00324047186829292,0.0062));
#3971=CARTESIAN_POINT('',(0.00346409568743819,0.00320737948621113,0.0062));
#3972=CARTESIAN_POINT('',(0.00346505797743787,0.00318430126538303,0.0062));
#3973=CARTESIAN_POINT('',(0.00346555429864254,0.00317239819004525,0.0062));
#3974=CARTESIAN_POINT('',(0.,0.,0.0062));
#3975=CARTESIAN_POINT('',(0.,0.,0.0062));
#3976=CARTESIAN_POINT('',(-0.000915253890116142,0.00340345468939327,0.0062));
#3977=CARTESIAN_POINT('',(-0.00028829185520362,0.00317239819004525,0.0062));
#3978=CARTESIAN_POINT('',(-0.00062737556561086,0.00289524886877828,0.0062));
#3979=CARTESIAN_POINT('',(-0.00062737556561086,0.00289524886877828,0.0062));
#3980=CARTESIAN_POINT('',(-0.00079705909970659,0.00289524886877828,0.0062));
#3981=CARTESIAN_POINT('',(-0.00079705909970659,0.00289524886877828,0.0062));
#3982=CARTESIAN_POINT('',(-0.00079705909970659,0.00342773310458499,0.0062));
#3983=CARTESIAN_POINT('',(-0.000642268924264598,0.00258902851483461,0.00620000000000006));
#3984=CARTESIAN_POINT('',(-0.000620871040723982,0.00344162895927602,0.0062));
#3985=CARTESIAN_POINT('',(-0.000620871040723982,0.00344162895927602,0.0062));
#3986=CARTESIAN_POINT('',(-0.000609462111613797,0.00344155585855199,0.0062));
#3987=CARTESIAN_POINT('',(-0.000587185264718999,0.00344141312353968,0.0062));
#3988=CARTESIAN_POINT('',(-0.000554376860664313,0.0034392556826498,0.0062));
#3989=CARTESIAN_POINT('',(-0.000523019598359107,0.00343467314033947,0.0062));
#3990=CARTESIAN_POINT('',(-0.00049294013399274,0.00342824229110065,0.0062));
#3991=CARTESIAN_POINT('',(-0.000464361146414544,0.00341964648103713,0.0062));
#3992=CARTESIAN_POINT('',(-0.000436979733214008,0.00340961875123267,0.0062));
#3993=CARTESIAN_POINT('',(-0.000411228370055025,0.00339702886953266,0.0062));
#3994=CARTESIAN_POINT('',(-0.000386851962514248,0.00338271123919214,0.0062));
#3995=CARTESIAN_POINT('',(-0.000364240552121076,0.00336617656455642,0.0062));
#3996=CARTESIAN_POINT('',(-0.000344682559406776,0.00334641001680255,0.0062));
#3997=CARTESIAN_POINT('',(-0.000327675641551045,0.00332420340035072,0.0062));
#3998=CARTESIAN_POINT('',(-0.000314200486898918,0.00329886051605993,0.0062));
#3999=CARTESIAN_POINT('',(-0.0003030235336032,0.0032711363952559,0.0062));
#4000=CARTESIAN_POINT('',(-0.000295368911383634,0.00324047186829292,0.0062));
#4001=CARTESIAN_POINT('',(-0.000289750466407965,0.00320737948621113,0.0062));
#4002=CARTESIAN_POINT('',(-0.000288788176408287,0.00318430126538303,0.0062));
#4003=CARTESIAN_POINT('',(-0.00028829185520362,0.00317239819004525,0.0062));
#4004=CARTESIAN_POINT('',(0.,0.,0.0062));
#4005=CARTESIAN_POINT('',(0.,0.,0.0062));
#4006=CARTESIAN_POINT('',(0.,0.,0.0062));
#4007=CARTESIAN_POINT('',(0.,0.,0.0062));
#4008=CARTESIAN_POINT('',(-0.00545978506787331,0.00284688914027149,0.0062));
#4009=CARTESIAN_POINT('',(-0.00545954842354327,0.00286584555236564,0.0062));
#4010=CARTESIAN_POINT('',(-0.00545908022683103,0.00290335048568473,0.0062));
#4011=CARTESIAN_POINT('',(-0.00545430483581308,0.00295875073952412,0.0062));
#4012=CARTESIAN_POINT('',(-0.00544559566354113,0.00301243455823791,0.0062));
#4013=CARTESIAN_POINT('',(-0.00543428884780055,0.00306452032321133,0.0062));
#4014=CARTESIAN_POINT('',(-0.00541883834941794,0.00311475045267033,0.0062));
#4015=CARTESIAN_POINT('',(-0.00540010570663579,0.00316331421368473,0.0062));
#4016=CARTESIAN_POINT('',(-0.00537808159099086,0.00321024227310188,0.0062));
#4017=CARTESIAN_POINT('',(-0.00535285753426099,0.00325511538751576,0.0062));
#4018=CARTESIAN_POINT('',(-0.00532418502055538,0.00329682953752119,0.0062));
#4019=CARTESIAN_POINT('',(-0.00529071855916822,0.0033332608974908,0.0062));
#4020=CARTESIAN_POINT('',(-0.00525378627262378,0.00336471796272538,0.0062));
#4021=CARTESIAN_POINT('',(-0.00521281817567199,0.00339069387100724,0.0062));
#4022=CARTESIAN_POINT('',(-0.00516801540199599,0.00341143285917813,0.0062));
#4023=CARTESIAN_POINT('',(-0.00511938629476472,0.00342692439669028,0.0062));
#4024=CARTESIAN_POINT('',(-0.00506690280601395,0.00343730949509447,0.0062));
#4025=CARTESIAN_POINT('',(-0.00503053457919554,0.00343960129483753,0.0062));
#4026=CARTESIAN_POINT('',(-0.00501182126696833,0.00344078054298642,0.0062));
#4027=CARTESIAN_POINT('',(-0.00545978506787331,0.00284688914027149,0.0062));
#4028=CARTESIAN_POINT('',(-0.00501182126696833,0.00344078054298642,0.0062));
#4029=CARTESIAN_POINT('',(-0.00501182126696833,0.00344078054298642,0.0062));
#4030=CARTESIAN_POINT('',(-0.00501165197035846,0.00344092111716983,0.0062));
#4031=CARTESIAN_POINT('',(-0.00501165197035846,0.00344092111716983,0.0062));
#4032=CARTESIAN_POINT('',(-0.00499347337328448,0.00343953517926951,0.0062));
#4033=CARTESIAN_POINT('',(-0.00495814119766233,0.00343684145097487,0.0062));
#4034=CARTESIAN_POINT('',(-0.00490698741552185,0.00342694068840584,0.0062));
#4035=CARTESIAN_POINT('',(-0.00485951922853715,0.00341163481291211,0.0062));
#4036=CARTESIAN_POINT('',(-0.00481546696690679,0.00339125535986945,0.0062));
#4037=CARTESIAN_POINT('',(-0.00477539801122544,0.00336522803809847,0.0062));
#4038=CARTESIAN_POINT('',(-0.00473873662196822,0.00333434157592894,0.0062));
#4039=CARTESIAN_POINT('',(-0.00470576068022388,0.00329826818825596,0.0062));
#4040=CARTESIAN_POINT('',(-0.00467730412754228,0.00325704035151862,0.0062));
#4041=CARTESIAN_POINT('',(-0.00465212201282244,0.00321286427125007,0.0062));
#4042=CARTESIAN_POINT('',(-0.00463007529032598,0.00316671235382268,0.0062));
#4043=CARTESIAN_POINT('',(-0.00461118980760625,0.00311906458025496,0.0062));
#4044=CARTESIAN_POINT('',(-0.00459639780772732,0.00306960013711813,0.0062));
#4045=CARTESIAN_POINT('',(-0.00458429912091945,0.00301874928608108,0.0062));
#4046=CARTESIAN_POINT('',(-0.00457637964916676,0.0029661436019244,0.0062));
#4047=CARTESIAN_POINT('',(-0.0045709199224966,0.00291205050647384,0.0062));
#4048=CARTESIAN_POINT('',(-0.00457054962396012,0.00287537239894372,0.0062));
#4049=CARTESIAN_POINT('',(-0.00457036199095023,0.00285678733031674,0.0062));
#4050=CARTESIAN_POINT('',(-0.00457036199095023,0.00285678733031674,0.0062));
#4051=CARTESIAN_POINT('',(-0.00457036199095023,0.00285678733031674,0.0062));
#4052=CARTESIAN_POINT('',(-0.00457064703652293,0.00283650642720452,0.0062));
#4053=CARTESIAN_POINT('',(-0.00457120624800677,0.00279671870548787,0.0062));
#4054=CARTESIAN_POINT('',(-0.00457680919383424,0.00273825798488503,0.0062));
#4055=CARTESIAN_POINT('',(-0.0045854515663094,0.00268222432647912,0.0062));
#4056=CARTESIAN_POINT('',(-0.00459758434012899,0.00262850110563514,0.0062));
#4057=CARTESIAN_POINT('',(-0.00461337532242609,0.00257721751179677,0.0062));
#4058=CARTESIAN_POINT('',(-0.00463294549346754,0.00252844529773259,0.0062));
#4059=CARTESIAN_POINT('',(-0.00465601231698189,0.00248216292421777,0.0062));
#4060=CARTESIAN_POINT('',(-0.00468193629839336,0.00243843126606385,0.0062));
#4061=CARTESIAN_POINT('',(-0.00471158188409832,0.00239845106543189,0.0062));
#4062=CARTESIAN_POINT('',(-0.00474467139446429,0.00236292767716404,0.0062));
#4063=CARTESIAN_POINT('',(-0.00478189600418075,0.00233322130023448,0.0062));
#4064=CARTESIAN_POINT('',(-0.00482193734224386,0.00230792914076922,0.0062));
#4065=CARTESIAN_POINT('',(-0.00486570177987589,0.00228837042423035,0.0062));
#4066=CARTESIAN_POINT('',(-0.00491283803008629,0.00227404482399805,0.0062));
#4067=CARTESIAN_POINT('',(-0.00496326226345008,0.00226413903491724,0.0062));
#4068=CARTESIAN_POINT('',(-0.00499819992031072,0.0022621937224053,0.0062));
#4069=CARTESIAN_POINT('',(-0.00501606334841629,0.00226119909502262,0.0062));
#4070=CARTESIAN_POINT('',(-0.00501606334841629,0.00226119909502262,0.0062));
#4071=CARTESIAN_POINT('',(-0.00501606334841629,0.00226119909502262,0.0062));
#4072=CARTESIAN_POINT('',(-0.00503373741157583,0.00226230920645208,0.0062));
#4073=CARTESIAN_POINT('',(-0.0050681993093036,0.00226447376511654,0.0062));
#4074=CARTESIAN_POINT('',(-0.00511809381463779,0.00227433271749547,0.0062));
#4075=CARTESIAN_POINT('',(-0.00516477662533524,0.00228891203312361,0.0062));
#4076=CARTESIAN_POINT('',(-0.00520804051506453,0.00230889858855312,0.0062));
#4077=CARTESIAN_POINT('',(-0.00524819946188285,0.00233367712503304,0.0062));
#4078=CARTESIAN_POINT('',(-0.00528469639893487,0.00236393195799178,0.0062));
#4079=CARTESIAN_POINT('',(-0.0053182495386545,0.00239898739438615,0.0062));
#4080=CARTESIAN_POINT('',(-0.00534740340178608,0.00243931932263106,0.0062));
#4081=CARTESIAN_POINT('',(-0.00537392595200473,0.00248261251849794,0.0062));
#4082=CARTESIAN_POINT('',(-0.00539682853348812,0.00252854132006536,0.0062));
#4083=CARTESIAN_POINT('',(-0.00541611763843927,0.00257661411392669,0.0062));
#4084=CARTESIAN_POINT('',(-0.00543191966943223,0.00262673790404842,0.0062));
#4085=CARTESIAN_POINT('',(-0.00544435343864759,0.00267891244628596,0.0062));
#4086=CARTESIAN_POINT('',(-0.00545340319519502,0.00273303904624176,0.0062));
#4087=CARTESIAN_POINT('',(-0.00545891450280799,0.0027892701138227,0.0062));
#4088=CARTESIAN_POINT('',(-0.00545949147094803,0.00282745719925233,0.0062));
#4089=CARTESIAN_POINT('',(-0.00545978506787331,0.00284688914027149,0.0062));
#4090=CARTESIAN_POINT('',(0.,0.,0.0062));
#4091=CARTESIAN_POINT('',(0.,0.,0.0062));
#4092=CARTESIAN_POINT('',(0.00227463942307692,-0.00519230769230769,0.0062));
#4093=CARTESIAN_POINT('',(0.00228261785317219,-0.00519189104667787,0.0062));
#4094=CARTESIAN_POINT('',(0.00229866718534479,-0.00519105292639212,0.0062));
#4095=CARTESIAN_POINT('',(0.00232179451057988,-0.00518270119208646,0.0062));
#4096=CARTESIAN_POINT('',(0.00234355268063342,-0.0051696150193842,0.0062));
#4097=CARTESIAN_POINT('',(0.0023607266240073,-0.00515505735871794,0.0062));
#4098=CARTESIAN_POINT('',(0.00237322676103277,-0.00513965329654829,0.0062));
#4099=CARTESIAN_POINT('',(0.00238262294589922,-0.0051251120749521,0.0062));
#4100=CARTESIAN_POINT('',(0.00239110411803357,-0.00510753138077469,0.0062));
#4101=CARTESIAN_POINT('',(0.00239963228971605,-0.00508734011004582,0.0062));
#4102=CARTESIAN_POINT('',(0.00240729411442681,-0.00506419546170309,0.0062));
#4103=CARTESIAN_POINT('',(0.0024144528857389,-0.00503818788689318,0.0062));
#4104=CARTESIAN_POINT('',(0.00242133053269403,-0.00500941588749221,0.0062));
#4105=CARTESIAN_POINT('',(0.00242544262110263,-0.00498919605081837,0.0062));
#4106=CARTESIAN_POINT('',(0.00242758413461538,-0.00497866586538462,0.0062));
#4107=CARTESIAN_POINT('',(0.00227463942307692,-0.00519230769230769,0.0062));
#4108=CARTESIAN_POINT('',(0.00242758413461538,-0.00497866586538462,0.0062));
#4109=CARTESIAN_POINT('',(0.000400912036085777,-0.00460580306307691,0.00620000000000019));
#4110=CARTESIAN_POINT('',(0.00246153846153847,-0.00459014423076923,0.0062));
#4111=CARTESIAN_POINT('',(0.000129531400209242,-0.0164497707150615,0.0062));
#4112=CARTESIAN_POINT('',(0.00240174278846154,-0.00400540865384616,0.0062));
#4113=CARTESIAN_POINT('',(0.00240174278846154,-0.00400540865384616,0.0062));
#4114=CARTESIAN_POINT('',(0.00239809877985187,-0.0039974137411124,0.0062));
#4115=CARTESIAN_POINT('',(0.00239109702620027,-0.00398205197460086,0.0062));
#4116=CARTESIAN_POINT('',(0.00237846623093204,-0.00396130333057288,0.0062));
#4117=CARTESIAN_POINT('',(0.00236484611778824,-0.00394359243665086,0.0062));
#4118=CARTESIAN_POINT('',(0.00235024403817048,-0.00392883940004341,0.0062));
#4119=CARTESIAN_POINT('',(0.00233388710182151,-0.00391802750515531,0.0062));
#4120=CARTESIAN_POINT('',(0.00231695287368683,-0.00390958718747443,0.0062));
#4121=CARTESIAN_POINT('',(0.00229865274987239,-0.0039046354070366,0.0062));
#4122=CARTESIAN_POINT('',(0.00228608613628256,-0.00390411077549874,0.0062));
#4123=CARTESIAN_POINT('',(0.00227974759615384,-0.00390384615384616,0.0062));
#4124=CARTESIAN_POINT('',(0.00227974759615384,-0.00390384615384616,0.0062));
#4125=CARTESIAN_POINT('',(0.00227974759615384,-0.00390384615384616,0.0062));
#4126=CARTESIAN_POINT('',(0.00227219274827781,-0.0039043547780709,0.0062));
#4127=CARTESIAN_POINT('',(0.00225719274275468,-0.00390536464171151,0.0062));
#4128=CARTESIAN_POINT('',(0.00223541234712461,-0.00391208345655175,0.0062));
#4129=CARTESIAN_POINT('',(0.00221549706963402,-0.00392395290651936,0.0062));
#4130=CARTESIAN_POINT('',(0.00219729752768305,-0.00394035003271101,0.0062));
#4131=CARTESIAN_POINT('',(0.00218039724932416,-0.00396095234145356,0.0062));
#4132=CARTESIAN_POINT('',(0.00216539010310062,-0.00398636996594335,0.0062));
#4133=CARTESIAN_POINT('',(0.00215211586003864,-0.00401619462456539,0.0062));
#4134=CARTESIAN_POINT('',(0.00213977595547516,-0.0040509799315053,0.0062));
#4135=CARTESIAN_POINT('',(0.002129305242315,-0.00409230560569326,0.0062));
#4136=CARTESIAN_POINT('',(0.00212058634741793,-0.00414153879166122,0.0062));
#4137=CARTESIAN_POINT('',(0.00211287434438882,-0.00419908031553972,0.0062));
#4138=CARTESIAN_POINT('',(0.00210667404995391,-0.004265139454872,0.0062));
#4139=CARTESIAN_POINT('',(0.00210209128494972,-0.00433950251444741,0.0062));
#4140=CARTESIAN_POINT('',(0.00209844988360959,-0.00442234514635523,0.0062));
#4141=CARTESIAN_POINT('',(0.00209640301419831,-0.00451361136727112,0.0062));
#4142=CARTESIAN_POINT('',(0.00209623929798897,-0.00457732272025501,0.0062));
#4143=CARTESIAN_POINT('',(0.00209615384615385,-0.00461057692307692,0.0062));
#4144=CARTESIAN_POINT('',(0.00209615384615385,-0.00461057692307692,0.0062));
#4145=CARTESIAN_POINT('',(0.00209615384615385,-0.00461057692307692,0.0062));
#4146=CARTESIAN_POINT('',(0.00209629329974883,-0.00463852428224573,0.0062));
#4147=CARTESIAN_POINT('',(0.00209656179980228,-0.00469233334634482,0.0062));
#4148=CARTESIAN_POINT('',(0.00209952812448693,-0.00476979994030826,0.0062));
#4149=CARTESIAN_POINT('',(0.00210462463793423,-0.00484084657189328,0.0062));
#4150=CARTESIAN_POINT('',(0.00211137504062661,-0.00490562473252185,0.0062));
#4151=CARTESIAN_POINT('',(0.00212015690685087,-0.00496414532947005,0.0062));
#4152=CARTESIAN_POINT('',(0.00213129404813989,-0.00501618425925213,0.0062));
#4153=CARTESIAN_POINT('',(0.002143764198755,-0.00506209670728684,0.0062));
#4154=CARTESIAN_POINT('',(0.00215490189948508,-0.0050897286882437,0.0062));
#4155=CARTESIAN_POINT('',(0.00216015625,-0.00510276442307692,0.0062));
#4156=CARTESIAN_POINT('',(0.00216015625,-0.00510276442307692,0.0062));
#4157=CARTESIAN_POINT('',(0.00216015625,-0.00510276442307692,0.0062));
#4158=CARTESIAN_POINT('',(0.00216348132041144,-0.00510987691584749,0.0062));
#4159=CARTESIAN_POINT('',(0.00216984675206584,-0.00512349289416413,0.0062));
#4160=CARTESIAN_POINT('',(0.00218192259048423,-0.00514157334687172,0.0062));
#4161=CARTESIAN_POINT('',(0.00219418599589858,-0.00515750741858654,0.0062));
#4162=CARTESIAN_POINT('',(0.00220847429852262,-0.00516995909169485,0.0062));
#4163=CARTESIAN_POINT('',(0.00222339480928923,-0.00518008631844598,0.0062));
#4164=CARTESIAN_POINT('',(0.00223963538035297,-0.00518700675902226,0.0062));
#4165=CARTESIAN_POINT('',(0.00225677591337515,-0.00519144483251299,0.0062));
#4166=CARTESIAN_POINT('',(0.00226860187293521,-0.00519201606096745,0.0062));
#4167=CARTESIAN_POINT('',(0.00227463942307692,-0.00519230769230769,0.0062));
#4168=CARTESIAN_POINT('',(0.,0.,0.0062));
#4169=CARTESIAN_POINT('',(-0.0075,-0.00315,0.0062));
#4170=CARTESIAN_POINT('',(0.0075,-0.00315,0.0062));
#4171=CARTESIAN_POINT('',(-0.0075,-0.00315,0.0062));
#4172=CARTESIAN_POINT('',(-0.0075,-0.00315,0.0062));
#4173=CARTESIAN_POINT('',(-0.0075,-0.00585,0.0062));
#4174=CARTESIAN_POINT('',(-0.0075,-0.00585,0.0062));
#4175=CARTESIAN_POINT('',(0.0075,-0.00585,0.0062));
#4176=CARTESIAN_POINT('',(0.0075,-0.00315,0.0062));
#4177=CARTESIAN_POINT('',(-0.0025,-0.00417788461538461,0.0062));
#4178=CARTESIAN_POINT('',(-0.00249965030291285,-0.0041610323862223,0.0062));
#4179=CARTESIAN_POINT('',(-0.00249896677907012,-0.00412809273399511,0.0062));
#4180=CARTESIAN_POINT('',(-0.00249201614616539,-0.00407992550507679,0.0062));
#4181=CARTESIAN_POINT('',(-0.00248142907441424,-0.004034036761762,0.0062));
#4182=CARTESIAN_POINT('',(-0.00246592403143411,-0.00399058160040119,0.0062));
#4183=CARTESIAN_POINT('',(-0.00244639235462473,-0.00394936935627591,0.0062));
#4184=CARTESIAN_POINT('',(-0.00242212156165805,-0.00391078834469173,0.0062));
#4185=CARTESIAN_POINT('',(-0.00239371853986105,-0.00387444873050926,0.0062));
#4186=CARTESIAN_POINT('',(-0.0023610174168335,-0.00384097258816134,0.0062));
#4187=CARTESIAN_POINT('',(-0.00232470395200619,-0.00381061835905885,0.0062));
#4188=CARTESIAN_POINT('',(-0.00228510719336255,-0.00378406712997764,0.0062));
#4189=CARTESIAN_POINT('',(-0.00224256764660884,-0.00376140509989548,0.0062));
#4190=CARTESIAN_POINT('',(-0.00219692738969967,-0.00374302529019881,0.0062));
#4191=CARTESIAN_POINT('',(-0.00214835208455334,-0.00372904996204609,0.0062));
#4192=CARTESIAN_POINT('',(-0.00209691686692631,-0.00371873567408414,0.0062));
#4193=CARTESIAN_POINT('',(-0.00204250841001829,-0.0037127776141237,0.0062));
#4194=CARTESIAN_POINT('',(-0.00200522275257199,-0.00371195740840954,0.0062));
#4195=CARTESIAN_POINT('',(-0.00198617788461538,-0.00371153846153846,0.0062));
#4196=CARTESIAN_POINT('',(-0.0025,-0.00417788461538461,0.0062));
#4197=CARTESIAN_POINT('',(-0.00198617788461538,-0.00371153846153846,0.0062));
#4198=CARTESIAN_POINT('',(-0.00199059024951915,-0.00433943760780934,0.00620000000000001));
#4199=CARTESIAN_POINT('',(-0.00157301682692307,-0.00387049278846154,0.0062));
#4200=CARTESIAN_POINT('',(-0.00157301682692307,-0.00387049278846154,0.0062));
#4201=CARTESIAN_POINT('',(-0.00148076923076923,-0.00371153846153846,0.0062));
#4202=CARTESIAN_POINT('',(-0.00148076923076923,-0.00371153846153846,0.0062));
#4203=CARTESIAN_POINT('',(-0.00140384615384615,-0.00371153846153846,0.0062));
#4204=CARTESIAN_POINT('',(-0.00140384615384615,-0.00371153846153846,0.0062));
#4205=CARTESIAN_POINT('',(-0.00140384615384615,-0.00426923076923077,0.0062));
#4206=CARTESIAN_POINT('',(-0.00140384615384615,-0.00426923076923077,0.0062));
#4207=CARTESIAN_POINT('',(-0.0015,-0.00426923076923077,0.0062));
#4208=CARTESIAN_POINT('',(-0.0015,-0.00426923076923077,0.0062));
#4209=CARTESIAN_POINT('',(-0.00150583366637132,-0.00425054312077804,0.0062));
#4210=CARTESIAN_POINT('',(-0.001517250090144,-0.00421397158917656,0.0062));
#4211=CARTESIAN_POINT('',(-0.00153693108149714,-0.00416138295309035,0.0062));
#4212=CARTESIAN_POINT('',(-0.00155903144101255,-0.00411266969594298,0.0062));
#4213=CARTESIAN_POINT('',(-0.00158235101556567,-0.0040673772191792,0.0062));
#4214=CARTESIAN_POINT('',(-0.00160764057983154,-0.00402580182957489,0.0062));
#4215=CARTESIAN_POINT('',(-0.00163465080381783,-0.00398766039774904,0.0062));
#4216=CARTESIAN_POINT('',(-0.00166389038358303,-0.00395345488440429,0.0062));
#4217=CARTESIAN_POINT('',(-0.00169453581739793,-0.00392258368950434,0.0062));
#4218=CARTESIAN_POINT('',(-0.00172672145222428,-0.00389572699776739,0.0062));
#4219=CARTESIAN_POINT('',(-0.00175945065443048,-0.00387195228648106,0.0062));
#4220=CARTESIAN_POINT('',(-0.00179342060771608,-0.00385243036381778,0.0062));
#4221=CARTESIAN_POINT('',(-0.00182800918515997,-0.0038360132505078,0.0062));
#4222=CARTESIAN_POINT('',(-0.00186356276358618,-0.00382338609331825,0.0062));
#4223=CARTESIAN_POINT('',(-0.00189987668855176,-0.00381431295892522,0.0062));
#4224=CARTESIAN_POINT('',(-0.00193702468765486,-0.00380871075293562,0.0062));
#4225=CARTESIAN_POINT('',(-0.00196212009455443,-0.00380803344150763,0.0062));
#4226=CARTESIAN_POINT('',(-0.00197475961538462,-0.00380769230769231,0.0062));
#4227=CARTESIAN_POINT('',(-0.00197475961538462,-0.00380769230769231,0.0062));
#4228=CARTESIAN_POINT('',(-0.00197475961538462,-0.00380769230769231,0.0062));
#4229=CARTESIAN_POINT('',(-0.00198538290807104,-0.00380794982256795,0.0062));
#4230=CARTESIAN_POINT('',(-0.00200618100852083,-0.00380845398078039,0.0062));
#4231=CARTESIAN_POINT('',(-0.00203669304609959,-0.00381161908690653,0.0062));
#4232=CARTESIAN_POINT('',(-0.0020655972558403,-0.00381776746247587,0.0062));
#4233=CARTESIAN_POINT('',(-0.00209303322660331,-0.00382588027988469,0.0062));
#4234=CARTESIAN_POINT('',(-0.00211916709945851,-0.00383597414959142,0.0062));
#4235=CARTESIAN_POINT('',(-0.00214345625042761,-0.00384910409321283,0.0062));
#4236=CARTESIAN_POINT('',(-0.0021665326534234,-0.00386410320997884,0.0062));
#4237=CARTESIAN_POINT('',(-0.00218760085224627,-0.00388151535320084,0.0062));
#4238=CARTESIAN_POINT('',(-0.00220691457246493,-0.00390025139269384,0.0062));
#4239=CARTESIAN_POINT('',(-0.0022233133982683,-0.00392053043442921,0.0062));
#4240=CARTESIAN_POINT('',(-0.0022377137719073,-0.00394125877363949,0.0062));
#4241=CARTESIAN_POINT('',(-0.00224918823267417,-0.00396319363546781,0.0062));
#4242=CARTESIAN_POINT('',(-0.0022583129334071,-0.00398602132866905,0.0062));
#4243=CARTESIAN_POINT('',(-0.00226446134534118,-0.00400986871954388,0.0062));
#4244=CARTESIAN_POINT('',(-0.0022686729789111,-0.00403450642465426,0.0062));
#4245=CARTESIAN_POINT('',(-0.00226904258526437,-0.00405126373749528,0.0062));
#4246=CARTESIAN_POINT('',(-0.00226923076923077,-0.00405979567307692,0.0062));
#4247=CARTESIAN_POINT('',(-0.00226923076923077,-0.00405979567307692,0.0062));
#4248=CARTESIAN_POINT('',(-0.00226923076923077,-0.00405979567307692,0.0062));
#4249=CARTESIAN_POINT('',(-0.0022687771012931,-0.0040698333857693,0.0062));
#4250=CARTESIAN_POINT('',(-0.00226788054791047,-0.00408967024114503,0.0062));
#4251=CARTESIAN_POINT('',(-0.00226222998394349,-0.00411882150778669,0.0062));
#4252=CARTESIAN_POINT('',(-0.00225188553130158,-0.0041464215688179,0.0062));
#4253=CARTESIAN_POINT('',(-0.00223858521235486,-0.00417315660599514,0.0062));
#4254=CARTESIAN_POINT('',(-0.00222016284837616,-0.00419818292307635,0.0062));
#4255=CARTESIAN_POINT('',(-0.00219679029804471,-0.00422099666784,0.0062));
#4256=CARTESIAN_POINT('',(-0.00216860044992137,-0.00424172519291501,0.0062));
#4257=CARTESIAN_POINT('',(-0.00214184799098633,-0.0042578827029613,0.0062));
#4258=CARTESIAN_POINT('',(-0.00211665996907717,-0.00426943062033197,0.0062));
#4259=CARTESIAN_POINT('',(-0.00209424187976509,-0.00427882372409829,0.0062));
#4260=CARTESIAN_POINT('',(-0.00206854677854249,-0.00428845492757708,0.0062));
#4261=CARTESIAN_POINT('',(-0.00203933238361273,-0.00429750735850886,0.0062));
#4262=CARTESIAN_POINT('',(-0.0020071007905902,-0.00430719667243918,0.0062));
#4263=CARTESIAN_POINT('',(-0.00197157842731923,-0.0043171730479953,0.0062));
#4264=CARTESIAN_POINT('',(-0.00193267808739828,-0.00432697795602185,0.0062));
#4265=CARTESIAN_POINT('',(-0.00190555955379787,-0.0043332782361083,0.0062));
#4266=CARTESIAN_POINT('',(-0.00189152644230769,-0.00433653846153846,0.0062));
#4267=CARTESIAN_POINT('',(-0.00189152644230769,-0.00433653846153846,0.0062));
#4268=CARTESIAN_POINT('',(-0.00189152644230769,-0.00433653846153846,0.0062));
#4269=CARTESIAN_POINT('',(-0.00187509140969013,-0.00434040787639714,0.0062));
#4270=CARTESIAN_POINT('',(-0.00184338108531506,-0.00434787366019966,0.0062));
#4271=CARTESIAN_POINT('',(-0.00179769409145599,-0.00435925785511422,0.0062));
#4272=CARTESIAN_POINT('',(-0.00175576983022558,-0.00437044217024718,0.0062));
#4273=CARTESIAN_POINT('',(-0.00171738758656142,-0.00438075620478993,0.0062));
#4274=CARTESIAN_POINT('',(-0.00168293593288846,-0.00439144665625209,0.0062));
#4275=CARTESIAN_POINT('',(-0.00165198932500319,-0.00440117718583263,0.0062));
#4276=CARTESIAN_POINT('',(-0.00162480668258118,-0.00441074900486794,0.0062));
#4277=CARTESIAN_POINT('',(-0.00160815085863882,-0.00441751055614541,0.0062));
#4278=CARTESIAN_POINT('',(-0.00160036057692307,-0.00442067307692307,0.0062));
#4279=CARTESIAN_POINT('',(-0.00160036057692307,-0.00442067307692307,0.0062));
#4280=CARTESIAN_POINT('',(-0.00160036057692307,-0.00442067307692307,0.0062));
#4281=CARTESIAN_POINT('',(-0.00158929644947963,-0.00442568117699649,0.0062));
#4282=CARTESIAN_POINT('',(-0.00156761995241596,-0.00443549289211735,0.0062));
#4283=CARTESIAN_POINT('',(-0.00153645049008345,-0.00445165782757941,0.0062));
#4284=CARTESIAN_POINT('',(-0.00150772967782268,-0.00446951131679474,0.0062));
#4285=CARTESIAN_POINT('',(-0.00148069788803524,-0.00448805393160261,0.0062));
#4286=CARTESIAN_POINT('',(-0.00145619768713096,-0.00450818287874775,0.0062));
#4287=CARTESIAN_POINT('',(-0.00143365600602707,-0.00452942379542262,0.0062));
#4288=CARTESIAN_POINT('',(-0.00141333546671581,-0.00455180752271454,0.0062));
#4289=CARTESIAN_POINT('',(-0.00139513429960959,-0.00457541810224861,0.0062));
#4290=CARTESIAN_POINT('',(-0.00137914036484178,-0.00460028590976006,0.0062));
#4291=CARTESIAN_POINT('',(-0.00136493704039818,-0.00462629940773687,0.0062));
#4292=CARTESIAN_POINT('',(-0.00135327374402266,-0.0046538316658934,0.0062));
#4293=CARTESIAN_POINT('',(-0.0013435581424732,-0.00468254380236206,0.0062));
#4294=CARTESIAN_POINT('',(-0.00133614019765828,-0.00471260876620966,0.0062));
#4295=CARTESIAN_POINT('',(-0.00133063539102879,-0.00474391828421325,0.0062));
#4296=CARTESIAN_POINT('',(-0.00132774567089912,-0.00477658857771441,0.0062));
#4297=CARTESIAN_POINT('',(-0.00132720105169402,-0.00479877311833708,0.0062));
#4298=CARTESIAN_POINT('',(-0.00132692307692307,-0.00481009615384615,0.0062));
#4299=CARTESIAN_POINT('',(-0.00132692307692307,-0.00481009615384615,0.0062));
#4300=CARTESIAN_POINT('',(-0.0116232257385638,0.000918939744264274,0.0062));
#4301=CARTESIAN_POINT('',(-0.00146995192307692,-0.00514002403846154,0.0062));
#4302=CARTESIAN_POINT('',(-0.00146995192307692,-0.00514002403846154,0.0062));
#4303=CARTESIAN_POINT('',(-0.00148454700598228,-0.00515195339163775,0.0062));
#4304=CARTESIAN_POINT('',(-0.00151352428771073,-0.00517563809627882,0.0062));
#4305=CARTESIAN_POINT('',(-0.00156088015170779,-0.00520554806050018,0.0062));
#4306=CARTESIAN_POINT('',(-0.00161029383660326,-0.00523145769540835,0.0062));
#4307=CARTESIAN_POINT('',(-0.00166269461210763,-0.0052519951079971,0.0062));
#4308=CARTESIAN_POINT('',(-0.00171744130378878,-0.00526886357888736,0.0062));
#4309=CARTESIAN_POINT('',(-0.00177508600846027,-0.00527992390614036,0.0062));
#4310=CARTESIAN_POINT('',(-0.0018350552397597,-0.0052870916474526,0.0062));
#4311=CARTESIAN_POINT('',(-0.0018758800673519,-0.00528799983406041,0.0062));
#4312=CARTESIAN_POINT('',(-0.00189663461538462,-0.00528846153846154,0.0062));
#4313=CARTESIAN_POINT('',(-0.00189663461538462,-0.00528846153846154,0.0062));
#4314=CARTESIAN_POINT('',(-0.00189836123467729,-0.00460251173526098,0.0062));
#4315=CARTESIAN_POINT('',(-0.00232451923076923,-0.00514002403846154,0.0062));
#4316=CARTESIAN_POINT('',(-0.00232451923076923,-0.00514002403846154,0.0062));
#4317=CARTESIAN_POINT('',(-0.00244230769230769,-0.00528846153846154,0.0062));
#4318=CARTESIAN_POINT('',(-0.00244230769230769,-0.00528846153846154,0.0062));
#4319=CARTESIAN_POINT('',(-0.00251923076923076,-0.00528846153846154,0.0062));
#4320=CARTESIAN_POINT('',(-0.00251923076923076,-0.00528846153846154,0.0062));
#4321=CARTESIAN_POINT('',(-0.00251923076923076,-0.00473076923076923,0.0062));
#4322=CARTESIAN_POINT('',(-0.00251923076923076,-0.00473076923076923,0.0062));
#4323=CARTESIAN_POINT('',(-0.00242307692307692,-0.00473076923076923,0.0062));
#4324=CARTESIAN_POINT('',(0.0108882429952139,0.0175758070577602,0.0062));
#4325=CARTESIAN_POINT('',(-0.00189873798076923,-0.00519230769230769,0.0062));
#4326=CARTESIAN_POINT('',(-0.00189873798076923,-0.00519230769230769,0.0062));
#4327=CARTESIAN_POINT('',(-0.00188560800797037,-0.00519209278810082,0.0062));
#4328=CARTESIAN_POINT('',(-0.0018600971315057,-0.00519167524004058,0.0062));
#4329=CARTESIAN_POINT('',(-0.00182294236595832,-0.00518798882032802,0.0062));
#4330=CARTESIAN_POINT('',(-0.00178806395162152,-0.00518209436726601,0.0062));
#4331=CARTESIAN_POINT('',(-0.00175537687364347,-0.00517368122495371,0.0062));
#4332=CARTESIAN_POINT('',(-0.00172503809626177,-0.00516285076776928,0.0062));
#4333=CARTESIAN_POINT('',(-0.00169671486794349,-0.00514995798658054,0.0062));
#4334=CARTESIAN_POINT('',(-0.00167082281946604,-0.00513429981913098,0.0062));
#4335=CARTESIAN_POINT('',(-0.00164738827966697,-0.00511619297545313,0.0062));
#4336=CARTESIAN_POINT('',(-0.00162642377159783,-0.00509640093219347,0.0062));
#4337=CARTESIAN_POINT('',(-0.00160792526182045,-0.005075394417137,0.0062));
#4338=CARTESIAN_POINT('',(-0.00159249249231447,-0.00505294626011522,0.0062));
#4339=CARTESIAN_POINT('',(-0.00157988700680307,-0.00502943977279696,0.0062));
#4340=CARTESIAN_POINT('',(-0.00156966866759439,-0.00500485643026413,0.0062));
#4341=CARTESIAN_POINT('',(-0.00156298249744798,-0.00497894499470386,0.0062));
#4342=CARTESIAN_POINT('',(-0.00155855037394832,-0.004951873777024,0.0062));
#4343=CARTESIAN_POINT('',(-0.00155798247942776,-0.00493341173949754,0.0062));
#4344=CARTESIAN_POINT('',(-0.0015576923076923,-0.00492397836538462,0.0062));
#4345=CARTESIAN_POINT('',(-0.0015576923076923,-0.00492397836538462,0.0062));
#4346=CARTESIAN_POINT('',(-0.0015576923076923,-0.00492397836538462,0.0062));
#4347=CARTESIAN_POINT('',(-0.00155811659815923,-0.00491111959121107,0.0062));
#4348=CARTESIAN_POINT('',(-0.00155893926238781,-0.00488618748841664,0.0062));
#4349=CARTESIAN_POINT('',(-0.00156631859039545,-0.00485055845142966,0.0062));
#4350=CARTESIAN_POINT('',(-0.00157798767489165,-0.00481793236897444,0.0062));
#4351=CARTESIAN_POINT('',(-0.00159515096085096,-0.00478873377577964,0.0062));
#4352=CARTESIAN_POINT('',(-0.00161729854531322,-0.00476234703668728,0.0062));
#4353=CARTESIAN_POINT('',(-0.00164469868479487,-0.00473893264284396,0.0062));
#4354=CARTESIAN_POINT('',(-0.00167720613873427,-0.0047178998599987,0.0062));
#4355=CARTESIAN_POINT('',(-0.00170155137422409,-0.00470700284043856,0.0062));
#4356=CARTESIAN_POINT('',(-0.00171424278846154,-0.00470132211538462,0.0062));
#4357=CARTESIAN_POINT('',(-0.00171424278846154,-0.00470132211538462,0.0062));
#4358=CARTESIAN_POINT('',(-0.00234753106584395,-0.00664208685555169,0.00619999999999995));
#4359=CARTESIAN_POINT('',(-0.00193209134615385,-0.00464332932692308,0.0062));
#4360=CARTESIAN_POINT('',(-0.00193209134615385,-0.00464332932692308,0.0062));
#4361=CARTESIAN_POINT('',(-0.00195093491696888,-0.00463877673270626,0.0062));
#4362=CARTESIAN_POINT('',(-0.0019874893957149,-0.00462994519487453,0.0062));
#4363=CARTESIAN_POINT('',(-0.00204043290695245,-0.00461620134206649,0.0062));
#4364=CARTESIAN_POINT('',(-0.00208960065397477,-0.00460208874159922,0.0062));
#4365=CARTESIAN_POINT('',(-0.0021349961888366,-0.00458799908324485,0.0062));
#4366=CARTESIAN_POINT('',(-0.00217664501478102,-0.00457394692899492,0.0062));
#4367=CARTESIAN_POINT('',(-0.002214401481776,-0.00455954218314901,0.0062));
#4368=CARTESIAN_POINT('',(-0.00224857107704497,-0.00454519597739955,0.0062));
#4369=CARTESIAN_POINT('',(-0.00228814259785249,-0.00452599998315424,0.0062));
#4370=CARTESIAN_POINT('',(-0.00233215787478227,-0.00450051883335092,0.0062));
#4371=CARTESIAN_POINT('',(-0.00237813315747931,-0.00446605502632103,0.0062));
#4372=CARTESIAN_POINT('',(-0.00241657265040325,-0.00442806346819833,0.0062));
#4373=CARTESIAN_POINT('',(-0.00244808104055309,-0.00438677265151248,0.0062));
#4374=CARTESIAN_POINT('',(-0.00247127320325075,-0.00434066931186547,0.0062));
#4375=CARTESIAN_POINT('',(-0.00248832188207199,-0.00429057245799745,0.0062));
#4376=CARTESIAN_POINT('',(-0.00249823312517717,-0.00423566462738012,0.0062));
#4377=CARTESIAN_POINT('',(-0.00249939845284581,-0.00419755629859381,0.0062));
#4378=CARTESIAN_POINT('',(-0.0025,-0.00417788461538461,0.0062));
#4379=CARTESIAN_POINT('',(-0.000390324519230768,-0.00371153846153846,0.0062));
#4380=CARTESIAN_POINT('',(-0.000371477934867004,-0.00371193255372517,0.0062));
#4381=CARTESIAN_POINT('',(-0.000334675931961804,-0.00371270210334332,0.0062));
#4382=CARTESIAN_POINT('',(-0.000281133041175159,-0.00371896360785826,0.0062));
#4383=CARTESIAN_POINT('',(-0.000230849162995356,-0.00372984118517468,0.0062));
#4384=CARTESIAN_POINT('',(-0.000182989126820625,-0.00374509190535,0.0062));
#4385=CARTESIAN_POINT('',(-0.00013591184121308,-0.00376573846831795,0.0062));
#4386=CARTESIAN_POINT('',(-8.848897480988E-5,-0.00379290837346725,0.0062));
#4387=CARTESIAN_POINT('',(-3.92762685837403E-5,-0.00382591366388412,0.0062));
#4388=CARTESIAN_POINT('',(-7.50208593354074E-6,-0.00385188465703466,0.0062));
#4389=CARTESIAN_POINT('',(9.01442307692365E-6,-0.00386538461538462,0.0062));
#4390=CARTESIAN_POINT('',(-0.000390324519230768,-0.00371153846153846,0.0062));
#4391=CARTESIAN_POINT('',(9.01442307692365E-6,-0.00386538461538462,0.0062));
#4392=CARTESIAN_POINT('',(9.01442307692365E-6,-0.00386538461538462,0.0062));
#4393=CARTESIAN_POINT('',(9.61538461538467E-5,-0.00371153846153846,0.0062));
#4394=CARTESIAN_POINT('',(9.61538461538467E-5,-0.00371153846153846,0.0062));
#4395=CARTESIAN_POINT('',(0.000153846153846154,-0.00371153846153846,0.0062));
#4396=CARTESIAN_POINT('',(0.000153846153846154,-0.00371153846153846,0.0062));
#4397=CARTESIAN_POINT('',(0.000192307692307693,-0.00430769230769231,0.0062));
#4398=CARTESIAN_POINT('',(0.000192307692307693,-0.00430769230769231,0.0062));
#4399=CARTESIAN_POINT('',(9.61538461538467E-5,-0.00430769230769231,0.0062));
#4400=CARTESIAN_POINT('',(9.61538461538467E-5,-0.00430769230769231,0.0062));
#4401=CARTESIAN_POINT('',(9.00486543933917E-5,-0.00428629450465026,0.0062));
#4402=CARTESIAN_POINT('',(7.82152589381142E-5,-0.00424482018652796,0.0062));
#4403=CARTESIAN_POINT('',(5.76308280209853E-5,-0.00418549977305712,0.0062));
#4404=CARTESIAN_POINT('',(3.58841887305228E-5,-0.00413060091113356,0.0062));
#4405=CARTESIAN_POINT('',(1.20724678325399E-5,-0.00408039050444361,0.0062));
#4406=CARTESIAN_POINT('',(-1.29449291471258E-5,-0.004034483064943,0.0062));
#4407=CARTESIAN_POINT('',(-4.01494053906929E-5,-0.00399350341828703,0.0062));
#4408=CARTESIAN_POINT('',(-6.85372256246339E-5,-0.00395688773378363,0.0062));
#4409=CARTESIAN_POINT('',(-9.89244291028999E-5,-0.00392519700879636,0.0062));
#4410=CARTESIAN_POINT('',(-0.000130163542487318,-0.00389742566639161,0.0062));
#4411=CARTESIAN_POINT('',(-0.000162492181615717,-0.00387355859795552,0.0062));
#4412=CARTESIAN_POINT('',(-0.000195647189564353,-0.00385328642901328,0.0062));
#4413=CARTESIAN_POINT('',(-0.00022974435680718,-0.00383664976191166,0.0062));
#4414=CARTESIAN_POINT('',(-0.000264769181114782,-0.00382365556249874,0.0062));
#4415=CARTESIAN_POINT('',(-0.000300580395470925,-0.00381428170320065,0.0062));
#4416=CARTESIAN_POINT('',(-0.000337364178830963,-0.0038087078120698,0.0062));
#4417=CARTESIAN_POINT('',(-0.000362160474406292,-0.00380803336404194,0.0062));
#4418=CARTESIAN_POINT('',(-0.000374699519230769,-0.00380769230769231,0.0062));
#4419=CARTESIAN_POINT('',(-0.000374699519230769,-0.00380769230769231,0.0062));
#4420=CARTESIAN_POINT('',(-0.000374699519230769,-0.00380769230769231,0.0062));
#4421=CARTESIAN_POINT('',(-0.000384220016296057,-0.00380797956955188,0.0062));
#4422=CARTESIAN_POINT('',(-0.000403205564591037,-0.0038085524203044,0.0062));
#4423=CARTESIAN_POINT('',(-0.000431385533042838,-0.00381141989539458,0.0062));
#4424=CARTESIAN_POINT('',(-0.000458788186856175,-0.00381694555949894,0.0062));
#4425=CARTESIAN_POINT('',(-0.000485570417279141,-0.00382444118239006,0.0062));
#4426=CARTESIAN_POINT('',(-0.000511550818863807,-0.00383453750783619,0.0062));
#4427=CARTESIAN_POINT('',(-0.000537278648706195,-0.00384604737573339,0.0062));
#4428=CARTESIAN_POINT('',(-0.000561926359574608,-0.00386043814431682,0.0062));
#4429=CARTESIAN_POINT('',(-0.000586080890942768,-0.00387658781569074,0.0062));
#4430=CARTESIAN_POINT('',(-0.000609128631375349,-0.00389516525935793,0.0062));
#4431=CARTESIAN_POINT('',(-0.000631006427156387,-0.00391620282152498,0.0062));
#4432=CARTESIAN_POINT('',(-0.000651709834514974,-0.00393954078957571,0.0062));
#4433=CARTESIAN_POINT('',(-0.000670906367408897,-0.00396560228027864,0.0062));
#4434=CARTESIAN_POINT('',(-0.00068903628310927,-0.00399382702794277,0.0062));
#4435=CARTESIAN_POINT('',(-0.000705408353064581,-0.00402474836683833,0.0062));
#4436=CARTESIAN_POINT('',(-0.000721159503924339,-0.00405770880140404,0.0062));
#4437=CARTESIAN_POINT('',(-0.00073530428820296,-0.00409344199661881,0.0062));
#4438=CARTESIAN_POINT('',(-0.000747960157492231,-0.00413194143506948,0.0062));
#4439=CARTESIAN_POINT('',(-0.0007586906158811,-0.00417372854796664,0.0062));
#4440=CARTESIAN_POINT('',(-0.000768025485365297,-0.00421873520509911,0.0062));
#4441=CARTESIAN_POINT('',(-0.000775351697977847,-0.00426720572626856,0.0062));
#4442=CARTESIAN_POINT('',(-0.000781442890153238,-0.00431900513655186,0.0062));
#4443=CARTESIAN_POINT('',(-0.000785527512996764,-0.0043741432518933,0.0062));
#4444=CARTESIAN_POINT('',(-0.000787904796363281,-0.00443267108656446,0.0062));
#4445=CARTESIAN_POINT('',(-0.000788272327948876,-0.00447275410985835,0.0062));
#4446=CARTESIAN_POINT('',(-0.000788461538461538,-0.00449338942307692,0.0062));
#4447=CARTESIAN_POINT('',(-0.000788461538461538,-0.00449338942307692,0.0062));
#4448=CARTESIAN_POINT('',(-0.000788461538461538,-0.00449338942307692,0.0062));
#4449=CARTESIAN_POINT('',(-0.000788376625010126,-0.00451642798814313,0.0062));
#4450=CARTESIAN_POINT('',(-0.000788212296884257,-0.00456101319999247,0.0062));
#4451=CARTESIAN_POINT('',(-0.000786096968692587,-0.00462553947864953,0.0062));
#4452=CARTESIAN_POINT('',(-0.000782583930931335,-0.00468546661128546,0.0062));
#4453=CARTESIAN_POINT('',(-0.000777473932706365,-0.0047407761991332,0.0062));
#4454=CARTESIAN_POINT('',(-0.000771183927679929,-0.00479158337535455,0.0062));
#4455=CARTESIAN_POINT('',(-0.000763965190134558,-0.0048379966379297,0.0062));
#4456=CARTESIAN_POINT('',(-0.000754605614843899,-0.00487968388640907,0.0062));
#4457=CARTESIAN_POINT('',(-0.000744087500999693,-0.00491725017659587,0.0062));
#4458=CARTESIAN_POINT('',(-0.000731845587982645,-0.00495130323095123,0.0062));
#4459=CARTESIAN_POINT('',(-0.000718454732502977,-0.00498289242230558,0.0062));
#4460=CARTESIAN_POINT('',(-0.000703366462827449,-0.00501204397525604,0.0062));
#4461=CARTESIAN_POINT('',(-0.000687069160573047,-0.00503917219065913,0.0062));
#4462=CARTESIAN_POINT('',(-0.000669085309879328,-0.00506391526189829,0.0062));
#4463=CARTESIAN_POINT('',(-0.000649868157278559,-0.00508680272023859,0.0062));
#4464=CARTESIAN_POINT('',(-0.000628658200443951,-0.00510683292625279,0.0062));
#4465=CARTESIAN_POINT('',(-0.000606388824950533,-0.00512495823078041,0.0062));
#4466=CARTESIAN_POINT('',(-0.000583009973499188,-0.00514093034841714,0.0062));
#4467=CARTESIAN_POINT('',(-0.000558430237424006,-0.00515441122072351,0.0062));
#4468=CARTESIAN_POINT('',(-0.000533195600813578,-0.00516621364808807,0.0062));
#4469=CARTESIAN_POINT('',(-0.000507011229745647,-0.00517596348222653,0.0062));
#4470=CARTESIAN_POINT('',(-0.000479860731892769,-0.00518292868090176,0.0062));
#4471=CARTESIAN_POINT('',(-0.000452026980365201,-0.0051886371790019,0.0062));
#4472=CARTESIAN_POINT('',(-0.000423234164420179,-0.0051914465670836,0.0062));
#4473=CARTESIAN_POINT('',(-0.000403750382828545,-0.00519201911850352,0.0062));
#4474=CARTESIAN_POINT('',(-0.000393930288461538,-0.00519230769230769,0.0062));
#4475=CARTESIAN_POINT('',(-0.000393930288461538,-0.00519230769230769,0.0062));
#4476=CARTESIAN_POINT('',(-0.000662298043305348,-0.00460594641160321,0.0062));
#4477=CARTESIAN_POINT('',(-5.7692307692307E-5,-0.00486748798076923,0.0062));
#4478=CARTESIAN_POINT('',(-5.7692307692307E-5,-0.00486748798076923,0.0062));
#4479=CARTESIAN_POINT('',(-5.7692307692307E-5,-0.00472956730769231,0.0062));
#4480=CARTESIAN_POINT('',(-0.000126093254695644,-0.00472221745621763,0.0062));
#4481=CARTESIAN_POINT('',(-0.000133713942307692,-0.00465384615384615,0.0062));
#4482=CARTESIAN_POINT('',(-0.000133713942307692,-0.00465384615384615,0.0062));
#4483=CARTESIAN_POINT('',(-0.000288461538461538,-0.00465384615384615,0.0062));
#4484=CARTESIAN_POINT('',(-0.000288461538461538,-0.00465384615384615,0.0062));
#4485=CARTESIAN_POINT('',(-0.000288461538461538,-0.00455769230769231,0.0062));
#4486=CARTESIAN_POINT('',(-0.000288461538461538,-0.00455769230769231,0.0062));
#4487=CARTESIAN_POINT('',(0.000442307692307693,-0.00455769230769231,0.0062));
#4488=CARTESIAN_POINT('',(0.000442307692307693,-0.00455769230769231,0.0062));
#4489=CARTESIAN_POINT('',(0.000442307692307693,-0.00465384615384615,0.0062));
#4490=CARTESIAN_POINT('',(0.000442307692307693,-0.00465384615384615,0.0062));
#4491=CARTESIAN_POINT('',(0.000346754807692308,-0.00465384615384615,0.0062));
#4492=CARTESIAN_POINT('',(0.000346754807692308,-0.00465384615384615,0.0062));
#4493=CARTESIAN_POINT('',(0.000338820329392814,-0.00465400382348416,0.0062));
#4494=CARTESIAN_POINT('',(0.000324039880310778,-0.00465429753253073,0.0062));
#4495=CARTESIAN_POINT('',(0.000303579531807157,-0.0046582664886608,0.0062));
#4496=CARTESIAN_POINT('',(0.00028641686152963,-0.00466434395843659,0.0062));
#4497=CARTESIAN_POINT('',(0.000272701028278312,-0.00467322643395901,0.0062));
#4498=CARTESIAN_POINT('',(0.000262439624710071,-0.00468450083295795,0.0062));
#4499=CARTESIAN_POINT('',(0.000255027166904265,-0.00469772425333179,0.0062));
#4500=CARTESIAN_POINT('',(0.000250858413960416,-0.00471309740371288,0.0062));
#4501=CARTESIAN_POINT('',(0.000250293623129631,-0.00472393372649006,0.0062));
#4502=CARTESIAN_POINT('',(0.00025,-0.00472956730769231,0.0062));
#4503=CARTESIAN_POINT('',(0.00025,-0.00472956730769231,0.0062));
#4504=CARTESIAN_POINT('',(0.00025,-0.00472956730769231,0.0062));
#4505=CARTESIAN_POINT('',(0.00025,-0.00528846153846154,0.0062));
#4506=CARTESIAN_POINT('',(0.00025,-0.00528846153846154,0.0062));
#4507=CARTESIAN_POINT('',(0.000153846153846154,-0.00528846153846154,0.0062));
#4508=CARTESIAN_POINT('',(0.000153846153846154,-0.00528846153846154,0.0062));
#4509=CARTESIAN_POINT('',(3.69591346153853E-5,-0.00503245192307692,0.0062));
#4510=CARTESIAN_POINT('',(3.69591346153853E-5,-0.00503245192307692,0.0062));
#4511=CARTESIAN_POINT('',(2.99828033940828E-5,-0.00504326273344326,0.0062));
#4512=CARTESIAN_POINT('',(1.62155809026701E-5,-0.0050645969887853,0.0062));
#4513=CARTESIAN_POINT('',(-6.39403444687398E-6,-0.00509441896576458,0.0062));
#4514=CARTESIAN_POINT('',(-2.94545384627587E-5,-0.00512229192871347,0.0062));
#4515=CARTESIAN_POINT('',(-5.37553394767945E-5,-0.00514757043621713,0.0062));
#4516=CARTESIAN_POINT('',(-7.85039850716489E-5,-0.0051711086754477,0.0062));
#4517=CARTESIAN_POINT('',(-0.000104395638487902,-0.00519209346449665,0.0062));
#4518=CARTESIAN_POINT('',(-0.000131037046689106,-0.00521097132115229,0.0062));
#4519=CARTESIAN_POINT('',(-0.00015871635348435,-0.0052274410542609,0.0062));
#4520=CARTESIAN_POINT('',(-0.000187387657887013,-0.0052420007756345,0.0062));
#4521=CARTESIAN_POINT('',(-0.000217361508505192,-0.00525434908646932,0.0062));
#4522=CARTESIAN_POINT('',(-0.000248519368661067,-0.00526473416522356,0.0062));
#4523=CARTESIAN_POINT('',(-0.000280865926705709,-0.00527365225527108,0.0062));
#4524=CARTESIAN_POINT('',(-0.000314453577380009,-0.00528006835962951,0.0062));
#4525=CARTESIAN_POINT('',(-0.000349248838552189,-0.0052849056501776,0.0062));
#4526=CARTESIAN_POINT('',(-0.000385259019163424,-0.00528803902004874,0.0062));
#4527=CARTESIAN_POINT('',(-0.00040974909417397,-0.00528831931526591,0.0062));
#4528=CARTESIAN_POINT('',(-0.00042217548076923,-0.00528846153846154,0.0062));
#4529=CARTESIAN_POINT('',(-0.00042217548076923,-0.00528846153846154,0.0062));
#4530=CARTESIAN_POINT('',(-0.00042217548076923,-0.00528846153846154,0.0062));
#4531=CARTESIAN_POINT('',(-0.00043881082741376,-0.00528816945687576,0.0062));
#4532=CARTESIAN_POINT('',(-0.000471742721973479,-0.00528759124229501,0.0062));
#4533=CARTESIAN_POINT('',(-0.000520561060723845,-0.00528308237185906,0.0062));
#4534=CARTESIAN_POINT('',(-0.000568071412505745,-0.00527509106121566,0.0062));
#4535=CARTESIAN_POINT('',(-0.000614634105576016,-0.00526472971846339,0.0062));
#4536=CARTESIAN_POINT('',(-0.000659972351226436,-0.00525080317966424,0.0062));
#4537=CARTESIAN_POINT('',(-0.000704259640554955,-0.00523398012868594,0.0062));
#4538=CARTESIAN_POINT('',(-0.000747383736249812,-0.00521400930942657,0.0062));
#4539=CARTESIAN_POINT('',(-0.000789269475138923,-0.00519128775899607,0.0062));
#4540=CARTESIAN_POINT('',(-0.000829456389740314,-0.00516595678085657,0.0062));
#4541=CARTESIAN_POINT('',(-0.000867059076190709,-0.00513771978212084,0.0062));
#4542=CARTESIAN_POINT('',(-0.000902739278184679,-0.00510778105392966,0.0062));
#4543=CARTESIAN_POINT('',(-0.000935707591161403,-0.00507508726766911,0.0062));
#4544=CARTESIAN_POINT('',(-0.000966911818784714,-0.00504067823331978,0.0062));
#4545=CARTESIAN_POINT('',(-0.00099502451792594,-0.00500341106732104,0.0062));
#4546=CARTESIAN_POINT('',(-0.00102136847262289,-0.00496433578500773,0.0062));
#4547=CARTESIAN_POINT('',(-0.00104504815809657,-0.004922853317729,0.0062));
#4548=CARTESIAN_POINT('',(-0.00106620943622033,-0.00487910952391823,0.0062));
#4549=CARTESIAN_POINT('',(-0.00108436767266108,-0.00483315320449561,0.0062));
#4550=CARTESIAN_POINT('',(-0.0011002312583912,-0.00478516621991784,0.0062));
#4551=CARTESIAN_POINT('',(-0.0011125911457318,-0.00473498574720922,0.0062));
#4552=CARTESIAN_POINT('',(-0.00112270926387777,-0.0046827635803246,0.0062));
#4553=CARTESIAN_POINT('',(-0.00112938623440036,-0.00462834296979701,0.0062));
#4554=CARTESIAN_POINT('',(-0.00113373366916004,-0.00457178541193233,0.0062));
#4555=CARTESIAN_POINT('',(-0.00113431815589467,-0.00453336170310201,0.0062));
#4556=CARTESIAN_POINT('',(-0.00113461538461538,-0.00451382211538462,0.0062));
#4557=CARTESIAN_POINT('',(-0.00113461538461538,-0.00451382211538462,0.0062));
#4558=CARTESIAN_POINT('',(-0.00113461538461538,-0.00451382211538462,0.0062));
#4559=CARTESIAN_POINT('',(-0.00113403864079338,-0.00448514267473439,0.0062));
#4560=CARTESIAN_POINT('',(-0.00113290752554289,-0.00442889629383369,0.0062));
#4561=CARTESIAN_POINT('',(-0.00112231179094644,-0.00434657104147123,0.0062));
#4562=CARTESIAN_POINT('',(-0.00110576106024815,-0.00426802292052574,0.0062));
#4563=CARTESIAN_POINT('',(-0.00108180754964126,-0.00419365337966132,0.0062));
#4564=CARTESIAN_POINT('',(-0.00105183903477616,-0.00412294441830076,0.0062));
#4565=CARTESIAN_POINT('',(-0.00101422354853854,-0.00405665813695061,0.0062));
#4566=CARTESIAN_POINT('',(-0.000970162990303634,-0.00399413425741444,0.0062));
#4567=CARTESIAN_POINT('',(-0.000919833366266506,-0.0039361576072052,0.0062));
#4568=CARTESIAN_POINT('',(-0.000864717631505019,-0.00388359187164589,0.0062));
#4569=CARTESIAN_POINT('',(-0.000805846079663278,-0.00383772321676632,0.0062));
#4570=CARTESIAN_POINT('',(-0.000744174904140643,-0.00379852669247211,0.0062));
#4571=CARTESIAN_POINT('',(-0.000679321261023217,-0.00376654134868367,0.0062));
#4572=CARTESIAN_POINT('',(-0.000611313272379246,-0.0037417274140998,0.0062));
#4573=CARTESIAN_POINT('',(-0.000540256899112467,-0.00372443770871555,0.0062));
#4574=CARTESIAN_POINT('',(-0.000466279565922735,-0.00371358416922666,0.0062));
#4575=CARTESIAN_POINT('',(-0.000415903209263733,-0.0037122273759047,0.0062));
#4576=CARTESIAN_POINT('',(-0.000390324519230768,-0.00371153846153846,0.0062));
#4577=CARTESIAN_POINT('',(0.00100472333466022,-0.00507390939749061,0.0062));
#4578=CARTESIAN_POINT('',(0.000941706730769231,-0.00517427884615385,0.0062));
#4579=CARTESIAN_POINT('',(0.00100991586538461,-0.00519230769230769,0.0062));
#4580=CARTESIAN_POINT('',(-0.0330057086514152,0.0679369050688024,0.0062));
#4581=CARTESIAN_POINT('',(0.00128846153846154,-0.00458203125,0.0062));
#4582=CARTESIAN_POINT('',(0.00128846153846154,-0.00458203125,0.0062));
#4583=CARTESIAN_POINT('',(0.00127193509615385,-0.00459525240384615,0.0062));
#4584=CARTESIAN_POINT('',(0.00127193509615385,-0.00459525240384615,0.0062));
#4585=CARTESIAN_POINT('',(0.00126087137136934,-0.0046045682062513,0.0062));
#4586=CARTESIAN_POINT('',(0.00123928078063369,-0.00462274776883272,0.0062));
#4587=CARTESIAN_POINT('',(0.00120496313846322,-0.00464608514210672,0.0062));
#4588=CARTESIAN_POINT('',(0.00117085589137479,-0.0046665344228789,0.0062));
#4589=CARTESIAN_POINT('',(0.00113599824700394,-0.00468267170948705,0.0062));
#4590=CARTESIAN_POINT('',(0.0011011549399189,-0.0046959003581488,0.0062));
#4591=CARTESIAN_POINT('',(0.00106566142183213,-0.00470485662070706,0.0062));
#4592=CARTESIAN_POINT('',(0.00102992892075936,-0.00471048341229711,0.0062));
#4593=CARTESIAN_POINT('',(0.0010059297324462,-0.00471118795756076,0.0062));
#4594=CARTESIAN_POINT('',(0.000993990384615385,-0.00471153846153846,0.0062));
#4595=CARTESIAN_POINT('',(0.000993990384615385,-0.00471153846153846,0.0062));
#4596=CARTESIAN_POINT('',(0.000989778658720214,-0.00434378833003229,0.0062));
#4597=CARTESIAN_POINT('',(0.000752403846153846,-0.00462469951923077,0.0062));
#4598=CARTESIAN_POINT('',(0.000752403846153846,-0.00462469951923077,0.0062));
#4599=CARTESIAN_POINT('',(0.000741405770522479,-0.00461516545789479,0.0062));
#4600=CARTESIAN_POINT('',(0.000719653942844646,-0.00459630913555248,0.0062));
#4601=CARTESIAN_POINT('',(0.000692119831730638,-0.0045632455433824,0.0062));
#4602=CARTESIAN_POINT('',(0.000667960453114326,-0.0045280660144156,0.0062));
#4603=CARTESIAN_POINT('',(0.00064876721387484,-0.00448945858759107,0.0062));
#4604=CARTESIAN_POINT('',(0.000633605132001977,-0.00444816390904966,0.0062));
#4605=CARTESIAN_POINT('',(0.000623349943016714,-0.00440383671222574,0.0062));
#4606=CARTESIAN_POINT('',(0.000616394032397875,-0.00435679004763421,0.0062));
#4607=CARTESIAN_POINT('',(0.000615726997765147,-0.00432434568370957,0.0062));
#4608=CARTESIAN_POINT('',(0.000615384615384615,-0.00430769230769231,0.0062));
#4609=CARTESIAN_POINT('',(0.000615384615384615,-0.00430769230769231,0.0062));
#4610=CARTESIAN_POINT('',(0.00138540442002243,-0.00461130379855354,0.0062));
#4611=CARTESIAN_POINT('',(0.00109675480769231,-0.00380769230769231,0.0062));
#4612=CARTESIAN_POINT('',(0.00109675480769231,-0.00380769230769231,0.0062));
#4613=CARTESIAN_POINT('',(0.00111481529755797,-0.00380808602335786,0.0062));
#4614=CARTESIAN_POINT('',(0.00115000020462526,-0.00380885304846108,0.0062));
#4615=CARTESIAN_POINT('',(0.00120118705470485,-0.00381680141865805,0.0062));
#4616=CARTESIAN_POINT('',(0.00124955458543885,-0.00382853146054247,0.0062));
#4617=CARTESIAN_POINT('',(0.0012949455949306,-0.00384566718248358,0.0062));
#4618=CARTESIAN_POINT('',(0.00133696920130056,-0.00386830269186285,0.0062));
#4619=CARTESIAN_POINT('',(0.00137640236023123,-0.0038950942127986,0.0062));
#4620=CARTESIAN_POINT('',(0.00141277019126343,-0.00392710223487449,0.0062));
#4621=CARTESIAN_POINT('',(0.00143397387648961,-0.00395175731916075,0.0062));
#4622=CARTESIAN_POINT('',(0.00144471153846154,-0.00396424278846154,0.0062));
#4623=CARTESIAN_POINT('',(0.00144471153846154,-0.00396424278846154,0.0062));
#4624=CARTESIAN_POINT('',(0.00144471153846154,-0.00396424278846154,0.0062));
#4625=CARTESIAN_POINT('',(0.0014568733299243,-0.00398043557942317,0.0062));
#4626=CARTESIAN_POINT('',(0.00148141439888464,-0.00401311073265747,0.0062));
#4627=CARTESIAN_POINT('',(0.00151222394904164,-0.00406689173536817,0.0062));
#4628=CARTESIAN_POINT('',(0.00153809688881761,-0.00412475113361412,0.0062));
#4629=CARTESIAN_POINT('',(0.00155952329778715,-0.00418656242834679,0.0062));
#4630=CARTESIAN_POINT('',(0.00157581092844489,-0.00425258307761096,0.0062));
#4631=CARTESIAN_POINT('',(0.00158793469941811,-0.00432244118238119,0.0062));
#4632=CARTESIAN_POINT('',(0.00159475433738651,-0.00439639813782176,0.0062));
#4633=CARTESIAN_POINT('',(0.00159567938046368,-0.00444700160530744,0.0062));
#4634=CARTESIAN_POINT('',(0.00159615384615385,-0.00447295673076923,0.0062));
#4635=CARTESIAN_POINT('',(0.00159615384615385,-0.00447295673076923,0.0062));
#4636=CARTESIAN_POINT('',(0.00159615384615385,-0.00447295673076923,0.0062));
#4637=CARTESIAN_POINT('',(0.00159558699165864,-0.00450362829947133,0.0062));
#4638=CARTESIAN_POINT('',(0.00159447868846901,-0.00456359677058807,0.0062));
#4639=CARTESIAN_POINT('',(0.00158552259060594,-0.00465134903970993,0.0062));
#4640=CARTESIAN_POINT('',(0.00157143849667048,-0.0047347087807855,0.0062));
#4641=CARTESIAN_POINT('',(0.00155088855695342,-0.00481348107120122,0.0062));
#4642=CARTESIAN_POINT('',(0.00152479892215357,-0.00488774245397954,0.0062));
#4643=CARTESIAN_POINT('',(0.00149274856663714,-0.00495754583100435,0.0062));
#4644=CARTESIAN_POINT('',(0.00145520062554769,-0.00502316267922692,0.0062));
#4645=CARTESIAN_POINT('',(0.00142510898912726,-0.00506309169324037,0.0062));
#4646=CARTESIAN_POINT('',(0.00141015625,-0.00508293269230769,0.0062));
#4647=CARTESIAN_POINT('',(0.00141015625,-0.00508293269230769,0.0062));
#4648=CARTESIAN_POINT('',(0.00141015625,-0.00508293269230769,0.0062));
#4649=CARTESIAN_POINT('',(0.00139624316953878,-0.00509924687754866,0.0062));
#4650=CARTESIAN_POINT('',(0.00136907750890182,-0.00513110075930114,0.0062));
#4651=CARTESIAN_POINT('',(0.00132393141247131,-0.00517308052766648,0.0062));
#4652=CARTESIAN_POINT('',(0.0012767121319894,-0.00520883174928124,0.0062));
#4653=CARTESIAN_POINT('',(0.00122697741279668,-0.00523794482606576,0.0062));
#4654=CARTESIAN_POINT('',(0.00117499665788644,-0.00526077975914501,0.0062));
#4655=CARTESIAN_POINT('',(0.0011204364649606,-0.00527661758668363,0.0062));
#4656=CARTESIAN_POINT('',(0.00106366381433382,-0.00528656119372012,0.0062));
#4657=CARTESIAN_POINT('',(0.00102498089993783,-0.00528782307116308,0.0062));
#4658=CARTESIAN_POINT('',(0.00100540865384615,-0.00528846153846154,0.0062));
#4659=CARTESIAN_POINT('',(0.00100540865384615,-0.00528846153846154,0.0062));
#4660=CARTESIAN_POINT('',(0.00100540865384615,-0.00528846153846154,0.0062));
#4661=CARTESIAN_POINT('',(0.000992981803673916,-0.00528822840092432,0.0062));
#4662=CARTESIAN_POINT('',(0.00096857493563084,-0.00528777050877725,0.0062));
#4663=CARTESIAN_POINT('',(0.000932774540422229,-0.0052842438951731,0.0062));
#4664=CARTESIAN_POINT('',(0.000898789896013209,-0.0052777705278759,0.0062));
#4665=CARTESIAN_POINT('',(0.000866321093964445,-0.00526953473108804,0.0062));
#4666=CARTESIAN_POINT('',(0.000835617439294736,-0.00525826882410139,0.0062));
#4667=CARTESIAN_POINT('',(0.000806396984254183,-0.00524482669448356,0.0062));
#4668=CARTESIAN_POINT('',(0.000778877345219231,-0.00522875397895008,0.0062));
#4669=CARTESIAN_POINT('',(0.000753304843794376,-0.0052105724265672,0.0062));
#4670=CARTESIAN_POINT('',(0.000730047875482195,-0.00519099951896876,0.0062));
#4671=CARTESIAN_POINT('',(0.000709781311001236,-0.00517043526833892,0.0062));
#4672=CARTESIAN_POINT('',(0.000692459315083353,-0.00514944751283278,0.0062));
#4673=CARTESIAN_POINT('',(0.00067852374378708,-0.0051276122019144,0.0062));
#4674=CARTESIAN_POINT('',(0.000667631307087966,-0.00510532231389545,0.0062));
#4675=CARTESIAN_POINT('',(0.000659678837450669,-0.00508245251703752,0.0062));
#4676=CARTESIAN_POINT('',(0.000654650273199235,-0.00505901414159787,0.0062));
#4677=CARTESIAN_POINT('',(0.00065411366862813,-0.00504309330392707,0.0062));
#4678=CARTESIAN_POINT('',(0.000653846153846154,-0.00503515625,0.0062));
#4679=CARTESIAN_POINT('',(0.000653846153846154,-0.00503515625,0.0062));
#4680=CARTESIAN_POINT('',(0.000815184418715103,-0.00502692255775493,0.0062));
#4681=CARTESIAN_POINT('',(0.000817007211538462,-0.00486538461538462,0.0062));
#4682=CARTESIAN_POINT('',(0.000821099525368038,-0.00500577466545352,0.0062));
#4683=CARTESIAN_POINT('',(0.000961538461538462,-0.00500751201923077,0.0062));
#4684=CARTESIAN_POINT('',(0.000767677955331181,-0.00499735599492574,0.0062));
#4685=CARTESIAN_POINT('',(0.000937199519230769,-0.00509194711538462,0.0062));
#4686=CARTESIAN_POINT('',(0.00103779230685823,-0.00514765761344479,0.0062));
#4687=CARTESIAN_POINT('',(0.000923076923076923,-0.00513972355769231,0.0062));
#4688=CARTESIAN_POINT('',(0.000963770988881948,-0.00514008374069308,0.0062));
#4689=CARTESIAN_POINT('',(0.00194921875,-0.00511448317307692,0.0062));
#4690=CARTESIAN_POINT('',(0.00193633852302181,-0.00509608200385125,0.0062));
#4691=CARTESIAN_POINT('',(0.0019104173666549,-0.0050590500799853,0.0062));
#4692=CARTESIAN_POINT('',(0.00187783261002324,-0.00499884058787629,0.0062));
#4693=CARTESIAN_POINT('',(0.00184998294516167,-0.00493483153352547,0.0062));
#4694=CARTESIAN_POINT('',(0.00182763653703317,-0.0048666570690773,0.0062));
#4695=CARTESIAN_POINT('',(0.00180982251658763,-0.00479466119437511,0.0062));
#4696=CARTESIAN_POINT('',(0.00179737798438886,-0.00471870287839937,0.0062));
#4697=CARTESIAN_POINT('',(0.00178968600536166,-0.00463878187692198,0.0062));
#4698=CARTESIAN_POINT('',(0.001788876099596,-0.00458415262137814,0.0062));
#4699=CARTESIAN_POINT('',(0.00178846153846154,-0.00455618990384616,0.0062));
#4700=CARTESIAN_POINT('',(0.00194921875,-0.00511448317307692,0.0062));
#4701=CARTESIAN_POINT('',(0.00178846153846154,-0.00455618990384616,0.0062));
#4702=CARTESIAN_POINT('',(0.00178846153846154,-0.00455618990384616,0.0062));
#4703=CARTESIAN_POINT('',(0.00178870420918862,-0.00453635343366669,0.0062));
#4704=CARTESIAN_POINT('',(0.00178918008811461,-0.00449745398239132,0.0062));
#4705=CARTESIAN_POINT('',(0.00179257253325407,-0.00444011712829248,0.0062));
#4706=CARTESIAN_POINT('',(0.00179793967747507,-0.0043848831915072,0.0062));
#4707=CARTESIAN_POINT('',(0.00180528838665798,-0.00433169649865026,0.0062));
#4708=CARTESIAN_POINT('',(0.00181529615723843,-0.00428078100348659,0.0062));
#4709=CARTESIAN_POINT('',(0.00182732961349657,-0.00423194618096873,0.0062));
#4710=CARTESIAN_POINT('',(0.00184132357326086,-0.00418515791435586,0.0062));
#4711=CARTESIAN_POINT('',(0.00185757655403433,-0.00414064865724837,0.0062));
#4712=CARTESIAN_POINT('',(0.00187557611141596,-0.00409879056517488,0.0062));
#4713=CARTESIAN_POINT('',(0.00189467345043919,-0.00405952509409337,0.0062));
#4714=CARTESIAN_POINT('',(0.0019155174015233,-0.00402355686320295,0.0062));
#4715=CARTESIAN_POINT('',(0.00193713349983376,-0.00399016475213904,0.0062));
#4716=CARTESIAN_POINT('',(0.00196017026476377,-0.00395995920661048,0.0062));
#4717=CARTESIAN_POINT('',(0.0019844045037005,-0.00393256181182281,0.0062));
#4718=CARTESIAN_POINT('',(0.00200991106333519,-0.00390820534555506,0.0062));
#4719=CARTESIAN_POINT('',(0.0020367895258581,-0.00388671934075522,0.0062));
#4720=CARTESIAN_POINT('',(0.00206482114383128,-0.00386825026760503,0.0062));
#4721=CARTESIAN_POINT('',(0.00209344188146873,-0.00385167826267845,0.0062));
#4722=CARTESIAN_POINT('',(0.00212325695679512,-0.0038383596158117,0.0062));
#4723=CARTESIAN_POINT('',(0.00215382740442227,-0.00382702192870705,0.0062));
#4724=CARTESIAN_POINT('',(0.00218532248531262,-0.00381844221026198,0.0062));
#4725=CARTESIAN_POINT('',(0.00221772604285959,-0.0038119648420213,0.0062));
#4726=CARTESIAN_POINT('',(0.00225102079386415,-0.0038084041618617,0.0062));
#4727=CARTESIAN_POINT('',(0.00227352989821659,-0.00380793059273363,0.0062));
#4728=CARTESIAN_POINT('',(0.00228485576923077,-0.00380769230769231,0.0062));
#4729=CARTESIAN_POINT('',(0.00228485576923077,-0.00380769230769231,0.0062));
#4730=CARTESIAN_POINT('',(0.00228485576923077,-0.00380769230769231,0.0062));
#4731=CARTESIAN_POINT('',(0.00229558346384714,-0.0038079192797045,0.0062));
#4732=CARTESIAN_POINT('',(0.00231689946529548,-0.00380837027462126,0.0062));
#4733=CARTESIAN_POINT('',(0.002348443365304,-0.00381210359796392,0.0062));
#4734=CARTESIAN_POINT('',(0.00237934497168187,-0.00381801545968712,0.0062));
#4735=CARTESIAN_POINT('',(0.0024092136902273,-0.00382684361062827,0.0062));
#4736=CARTESIAN_POINT('',(0.00243853003904538,-0.00383769423488237,0.0062));
#4737=CARTESIAN_POINT('',(0.00246684519234104,-0.00385130258752415,0.0062));
#4738=CARTESIAN_POINT('',(0.00249474602248716,-0.0038668721650541,0.0062));
#4739=CARTESIAN_POINT('',(0.00252153319937128,-0.00388535299555702,0.0062));
#4740=CARTESIAN_POINT('',(0.00254752604435211,-0.00390647799642702,0.0062));
#4741=CARTESIAN_POINT('',(0.00257247264071541,-0.00393058046674271,0.0062));
#4742=CARTESIAN_POINT('',(0.0025963572685736,-0.00395776648256321,0.0062));
#4743=CARTESIAN_POINT('',(0.0026187546709016,-0.00398831467951427,0.0062));
#4744=CARTESIAN_POINT('',(0.00264046746142188,-0.00402164530309513,0.0062));
#4745=CARTESIAN_POINT('',(0.00266078555134168,-0.00405820470392353,0.0062));
#4746=CARTESIAN_POINT('',(0.00268044964846943,-0.00409761939069622,0.0062));
#4747=CARTESIAN_POINT('',(0.00269853583965441,-0.00414011742931991,0.0062));
#4748=CARTESIAN_POINT('',(0.002715361823766,-0.00418484200168209,0.0062));
#4749=CARTESIAN_POINT('',(0.00272990165813812,-0.00423167688596941,0.0062));
#4750=CARTESIAN_POINT('',(0.00274166097122672,-0.0042804310692158,0.0062));
#4751=CARTESIAN_POINT('',(0.00275206578059061,-0.00433088715679221,0.0062));
#4752=CARTESIAN_POINT('',(0.00275979361224828,-0.00438315728243214,0.0062));
#4753=CARTESIAN_POINT('',(0.00276511916595445,-0.00443721121246024,0.0062));
#4754=CARTESIAN_POINT('',(0.00276850237137733,-0.00449304597779724,0.0062));
#4755=CARTESIAN_POINT('',(0.00276898553659263,-0.00453094465004494,0.0062));
#4756=CARTESIAN_POINT('',(0.00276923076923077,-0.00455018028846154,0.0062));
#4757=CARTESIAN_POINT('',(0.00276923076923077,-0.00455018028846154,0.0062));
#4758=CARTESIAN_POINT('',(0.00276923076923077,-0.00455018028846154,0.0062));
#4759=CARTESIAN_POINT('',(0.00276898659765447,-0.00456951605410692,0.0062));
#4760=CARTESIAN_POINT('',(0.00276850674992606,-0.00460751483907048,0.0062));
#4761=CARTESIAN_POINT('',(0.00276512076356302,-0.00466355028114054,0.0062));
#4762=CARTESIAN_POINT('',(0.00275974600195934,-0.0047176842746664,0.0062));
#4763=CARTESIAN_POINT('',(0.00275234519814522,-0.00476995657343216,0.0062));
#4764=CARTESIAN_POINT('',(0.00274250789461029,-0.0048202380305031,0.0062));
#4765=CARTESIAN_POINT('',(0.00272994705225892,-0.00486836109369842,0.0062));
#4766=CARTESIAN_POINT('',(0.00271613619123609,-0.00491476846181099,0.0062));
#4767=CARTESIAN_POINT('',(0.0026994065937246,-0.00495873310355158,0.0062));
#4768=CARTESIAN_POINT('',(0.00268162188414874,-0.00500047276932614,0.0062));
#4769=CARTESIAN_POINT('',(0.00266202771846151,-0.00503924069925811,0.0062));
#4770=CARTESIAN_POINT('',(0.0026413486113544,-0.00507511830555689,0.0062));
#4771=CARTESIAN_POINT('',(0.00261931172084984,-0.00510800541164546,0.0062));
#4772=CARTESIAN_POINT('',(0.00259624603248684,-0.00513812400430902,0.0062));
#4773=CARTESIAN_POINT('',(0.00257186158557285,-0.00516538951337331,0.0062));
#4774=CARTESIAN_POINT('',(0.00254596782532701,-0.00518947117170579,0.0062));
#4775=CARTESIAN_POINT('',(0.00251882814415188,-0.00521056097303581,0.0062));
#4776=CARTESIAN_POINT('',(0.00249077041403377,-0.00522882203427436,0.0062));
#4777=CARTESIAN_POINT('',(0.00246221159303011,-0.00524503756178119,0.0062));
#4778=CARTESIAN_POINT('',(0.00243264122988117,-0.0052579588277451,0.0062));
#4779=CARTESIAN_POINT('',(0.00240281795590561,-0.00526948710504313,0.0062));
#4780=CARTESIAN_POINT('',(0.00237193131290938,-0.00527766366090961,0.0062));
#4781=CARTESIAN_POINT('',(0.00234056725992273,-0.0052841246361825,0.0062));
#4782=CARTESIAN_POINT('',(0.00230837941491884,-0.00528776997533485,0.0062));
#4783=CARTESIAN_POINT('',(0.00228676738224477,-0.00528822931682184,0.0062));
#4784=CARTESIAN_POINT('',(0.00227584134615385,-0.00528846153846154,0.0062));
#4785=CARTESIAN_POINT('',(0.00227584134615385,-0.00528846153846154,0.0062));
#4786=CARTESIAN_POINT('',(0.00227584134615385,-0.00528846153846154,0.0062));
#4787=CARTESIAN_POINT('',(0.00225967924418015,-0.00528796296351772,0.0062));
#4788=CARTESIAN_POINT('',(0.00222784640288091,-0.00528698097138031,0.0062));
#4789=CARTESIAN_POINT('',(0.00218123192389774,-0.00527856562081899,0.0062));
#4790=CARTESIAN_POINT('',(0.00213661619028762,-0.00526513243724417,0.0062));
#4791=CARTESIAN_POINT('',(0.00209445275639551,-0.00524562629642055,0.0062));
#4792=CARTESIAN_POINT('',(0.0020542398426954,-0.00522112346097663,0.0062));
#4793=CARTESIAN_POINT('',(0.00201678091879465,-0.00519065734696044,0.0062));
#4794=CARTESIAN_POINT('',(0.00198077945445434,-0.00515548647832391,0.0062));
#4795=CARTESIAN_POINT('',(0.00195991728702042,-0.00512838258966882,0.0062));
#4796=CARTESIAN_POINT('',(0.00194921875,-0.00511448317307692,0.0062));
#4797=CARTESIAN_POINT('',(0.,0.,0.0062));
#4798=CARTESIAN_POINT('',(0.000906524729602528,-0.00461225732129425,0.0062));
#4799=CARTESIAN_POINT('',(0.00128846153846154,-0.0042265625,0.0062));
#4800=CARTESIAN_POINT('',(0.00122325721153846,-0.00396574519230769,0.0062));
#4801=CARTESIAN_POINT('',(0.00110506093776112,-0.00404764352953825,0.0062));
#4802=CARTESIAN_POINT('',(0.00110516826923077,-0.00390384615384616,0.0062));
#4803=CARTESIAN_POINT('',(0.00110516826923077,-0.00390384615384616,0.0062));
#4804=CARTESIAN_POINT('',(0.00109853612493471,-0.0039040417149727,0.0062));
#4805=CARTESIAN_POINT('',(0.00108545176114183,-0.00390442753180799,0.0062));
#4806=CARTESIAN_POINT('',(0.00106636580700021,-0.00390856294577522,0.0062));
#4807=CARTESIAN_POINT('',(0.00104817533521253,-0.00391487703627125,0.0062));
#4808=CARTESIAN_POINT('',(0.00103095986627155,-0.00392362712759487,0.0062));
#4809=CARTESIAN_POINT('',(0.00101476658890715,-0.00393493916280634,0.0062));
#4810=CARTESIAN_POINT('',(0.000999795260944087,-0.003948939792863,0.0062));
#4811=CARTESIAN_POINT('',(0.000985521226532038,-0.00396522994404626,0.0062));
#4812=CARTESIAN_POINT('',(0.000972573450333934,-0.00398442276547247,0.0062));
#4813=CARTESIAN_POINT('',(0.000960693546539496,-0.0040065900759918,0.0062));
#4814=CARTESIAN_POINT('',(0.000950634888140542,-0.00403234381442484,0.0062));
#4815=CARTESIAN_POINT('',(0.000941835268648515,-0.00406165665116346,0.0062));
#4816=CARTESIAN_POINT('',(0.000935289059385434,-0.00409480986374017,0.0062));
#4817=CARTESIAN_POINT('',(0.000929427435713289,-0.00413146134803931,0.0062));
#4818=CARTESIAN_POINT('',(0.000925659411681111,-0.00417180610098107,0.0062));
#4819=CARTESIAN_POINT('',(0.00092370478727722,-0.00421582542895726,0.0062));
#4820=CARTESIAN_POINT('',(0.000923292009132783,-0.00424639226758531,0.0062));
#4821=CARTESIAN_POINT('',(0.000923076923076923,-0.00426231971153846,0.0062));
#4822=CARTESIAN_POINT('',(0.000923076923076923,-0.00426231971153846,0.0062));
#4823=CARTESIAN_POINT('',(0.000923076923076923,-0.00426231971153846,0.0062));
#4824=CARTESIAN_POINT('',(0.000923159699741753,-0.0042761447327747,0.0062));
#4825=CARTESIAN_POINT('',(0.000923318762547975,-0.00430271075447201,0.0062));
#4826=CARTESIAN_POINT('',(0.000925422431896967,-0.0043409122534586,0.0062));
#4827=CARTESIAN_POINT('',(0.000928957753510272,-0.00437602279928852,0.0062));
#4828=CARTESIAN_POINT('',(0.000934053575401984,-0.00440800828554365,0.0062));
#4829=CARTESIAN_POINT('',(0.000940183304711967,-0.00443698619600172,0.0062));
#4830=CARTESIAN_POINT('',(0.000947971326915652,-0.00446274779745378,0.0062));
#4831=CARTESIAN_POINT('',(0.000957264551221811,-0.00448538044288606,0.0062));
#4832=CARTESIAN_POINT('',(0.000967813316750824,-0.00450513408428272,0.0062));
#4833=CARTESIAN_POINT('',(0.00097957717483451,-0.00452222792749736,0.0062));
#4834=CARTESIAN_POINT('',(0.000992670032655393,-0.00453655827200459,0.0062));
#4835=CARTESIAN_POINT('',(0.00100613135918219,-0.00454929919738256,0.0062));
#4836=CARTESIAN_POINT('',(0.00102117520855127,-0.00455906266391971,0.0062));
#4837=CARTESIAN_POINT('',(0.00103666477242877,-0.00456750809766245,0.0062));
#4838=CARTESIAN_POINT('',(0.00105361861435456,-0.00457279224954657,0.0062));
#4839=CARTESIAN_POINT('',(0.00107127725014445,-0.00457618555374206,0.0062));
#4840=CARTESIAN_POINT('',(0.00108341737370699,-0.00457667573293795,0.0062));
#4841=CARTESIAN_POINT('',(0.00108954326923077,-0.00457692307692308,0.0062));
#4842=CARTESIAN_POINT('',(0.00108954326923077,-0.00457692307692308,0.0062));
#4843=CARTESIAN_POINT('',(0.00108954326923077,-0.00457692307692308,0.0062));
#4844=CARTESIAN_POINT('',(0.00109636842715083,-0.00457658590036988,0.0062));
#4845=CARTESIAN_POINT('',(0.00110982892165384,-0.00457592092482,0.0062));
#4846=CARTESIAN_POINT('',(0.00112966064801671,-0.00457208074712881,0.0062));
#4847=CARTESIAN_POINT('',(0.00114840924323932,-0.00456485880526046,0.0062));
#4848=CARTESIAN_POINT('',(0.00116672432290589,-0.00455554961413918,0.0062));
#4849=CARTESIAN_POINT('',(0.00118412230355892,-0.00454319382532704,0.0062));
#4850=CARTESIAN_POINT('',(0.00120034040420376,-0.00452784584109602,0.0062));
#4851=CARTESIAN_POINT('',(0.00121616749816061,-0.00451026894133854,0.0062));
#4852=CARTESIAN_POINT('',(0.0012311152671422,-0.00448993663758369,0.0062));
#4853=CARTESIAN_POINT('',(0.00124467945741246,-0.0044667063780977,0.0062));
#4854=CARTESIAN_POINT('',(0.00125633454146155,-0.00444055545937101,0.0062));
#4855=CARTESIAN_POINT('',(0.00126661038716823,-0.00441177893508891,0.0062));
#4856=CARTESIAN_POINT('',(0.00127454795908015,-0.00438004659788271,0.0062));
#4857=CARTESIAN_POINT('',(0.00128086758138006,-0.00434562203884595,0.0062));
#4858=CARTESIAN_POINT('',(0.00128524770095549,-0.00430838579708857,0.0062));
#4859=CARTESIAN_POINT('',(0.00128798875950745,-0.00426837068686434,0.0062));
#4860=CARTESIAN_POINT('',(0.0012883006500686,-0.00424078997763613,0.0062));
#4861=CARTESIAN_POINT('',(0.00128846153846154,-0.0042265625,0.0062));
#4862=CARTESIAN_POINT('',(0.,0.,0.0062));
#4863=CARTESIAN_POINT('',(0.,0.,0.0062));
#4864=CARTESIAN_POINT('',(0.,0.,0.0062));
#4865=CARTESIAN_POINT('',(0.,0.,0.0062));
#4866=CARTESIAN_POINT('',(0.0047095205771961,-0.000176639399919447,0.0062));
#4867=CARTESIAN_POINT('',(0.00471113576270255,-0.000220790971569785,0.0062));
#4868=CARTESIAN_POINT('',(0.00471519080184276,-0.000264638723713581,0.0062));
#4869=CARTESIAN_POINT('',(0.00474017290655316,-0.000349872398191729,0.0062));
#4870=CARTESIAN_POINT('',(0.00476071665043219,-0.000390205302135707,0.0062));
#4871=CARTESIAN_POINT('',(0.00481998880215392,-0.000454742131405101,0.0062));
#4872=CARTESIAN_POINT('',(0.00485761864969162,-0.000480061449716075,0.0062));
#4873=CARTESIAN_POINT('',(0.00494034661637311,-0.000510809761571189,0.0062));
#4874=CARTESIAN_POINT('',(0.00498459669615056,-0.000516085080652356,0.0062));
#4875=CARTESIAN_POINT('',(0.00502875746090209,-0.000517482049286871,0.0062));
#4876=CARTESIAN_POINT('',(0.0047095205771961,-0.000176639399919447,0.0062));
#4877=CARTESIAN_POINT('',(0.00502875746090209,-0.000517482049286871,0.0062));
#4878=CARTESIAN_POINT('',(0.00502875746090209,-0.000517482049286871,0.0062));
#4879=CARTESIAN_POINT('',(0.00507456448031574,-0.000516752848638944,0.0062));
#4880=CARTESIAN_POINT('',(0.00512005404443979,-0.00051028064955236,0.0062));
#4881=CARTESIAN_POINT('',(0.00520468740502338,-0.00047500186987134,0.0062));
#4882=CARTESIAN_POINT('',(0.00524427957460622,-0.000450080257145134,0.0062));
#4883=CARTESIAN_POINT('',(0.00530687095027208,-0.000384246440895663,0.0062));
#4884=CARTESIAN_POINT('',(0.00532635409535493,-0.000341266714699126,0.0062));
#4885=CARTESIAN_POINT('',(0.00535023761071458,-0.000253321860492573,0.0062));
#4886=CARTESIAN_POINT('',(0.0053547024625728,-0.000207406151010309,0.0062));
#4887=CARTESIAN_POINT('',(0.00535701984590378,-0.000161702642636181,0.0062));
#4888=CARTESIAN_POINT('',(0.00535701984590378,-0.000161702642636169,0.0062));
#4889=CARTESIAN_POINT('',(0.00535701984590378,-0.000161702642636169,0.0062));
#4890=CARTESIAN_POINT('',(0.00535563671625441,-0.000117806200900225,0.0062));
#4891=CARTESIAN_POINT('',(0.00535149650705217,-7.42996102719103E-5,0.0062));
#4892=CARTESIAN_POINT('',(0.00532624949423499,1.0314494172437E-5,0.0062));
#4893=CARTESIAN_POINT('',(0.00530554010773864,4.98434700958585E-5,0.0062));
#4894=CARTESIAN_POINT('',(0.00524797126585598,0.000115871479523756,0.0062));
#4895=CARTESIAN_POINT('',(0.00521049356889356,0.000141412039938378,0.0062));
#4896=CARTESIAN_POINT('',(0.00512793421406435,0.000171522756889663,0.0062));
#4897=CARTESIAN_POINT('',(0.00508331388468631,0.000176143583432914,0.0062));
#4898=CARTESIAN_POINT('',(0.00503949945526367,0.000177600272231563,0.0062));
#4899=CARTESIAN_POINT('',(0.00503949945526466,0.0001776002722316,0.0062));
#4900=CARTESIAN_POINT('',(0.00503949945526466,0.0001776002722316,0.0062));
#4901=CARTESIAN_POINT('',(0.00499400643082804,0.000175863029199428,0.0062));
#4902=CARTESIAN_POINT('',(0.00494874239263458,0.000170456984294291,0.0062));
#4903=CARTESIAN_POINT('',(0.00486268551263747,0.000137733070535296,0.0062));
#4904=CARTESIAN_POINT('',(0.00482384827546746,0.000111601640961332,0.0062));
#4905=CARTESIAN_POINT('',(0.00476194767085932,4.42015069220524E-5,0.0062));
#4906=CARTESIAN_POINT('',(0.0047407531847299,2.40927299379788E-6,0.0062));
#4907=CARTESIAN_POINT('',(0.0047154805962051,-8.48545983907248E-5,0.0062));
#4908=CARTESIAN_POINT('',(0.00471110020851719,-0.000130852125143152,0.0062));
#4909=CARTESIAN_POINT('',(0.00470952057719609,-0.000176639399919465,0.0062));
#4910=CARTESIAN_POINT('',(0.,0.,0.0062));
#4911=CARTESIAN_POINT('',(-0.00120021988081917,-0.000176639399919456,0.0062));
#4912=CARTESIAN_POINT('',(-0.00119860469531272,-0.000220790971569791,0.0062));
#4913=CARTESIAN_POINT('',(-0.00119454965617251,-0.000264638723713591,0.0062));
#4914=CARTESIAN_POINT('',(-0.00116956755146211,-0.000349872398191733,0.0062));
#4915=CARTESIAN_POINT('',(-0.00114902380758307,-0.000390205302135708,0.0062));
#4916=CARTESIAN_POINT('',(-0.00108975165586135,-0.000454742131405105,0.0062));
#4917=CARTESIAN_POINT('',(-0.00105212180832365,-0.000480061449716072,0.0062));
#4918=CARTESIAN_POINT('',(-0.000969393841642166,-0.000510809761571189,0.0062));
#4919=CARTESIAN_POINT('',(-0.000925143761864715,-0.000516085080652357,0.0062));
#4920=CARTESIAN_POINT('',(-0.000880982997113185,-0.000517482049286871,0.0062));
#4921=CARTESIAN_POINT('',(-0.00120021988081917,-0.000176639399919456,0.0062));
#4922=CARTESIAN_POINT('',(-0.000880982997113185,-0.000517482049286871,0.0062));
#4923=CARTESIAN_POINT('',(-0.000880982997113185,-0.000517482049286871,0.0062));
#4924=CARTESIAN_POINT('',(-0.000835175977699537,-0.000516752848638944,0.0062));
#4925=CARTESIAN_POINT('',(-0.000789686413575486,-0.000510280649552362,0.0062));
#4926=CARTESIAN_POINT('',(-0.000705053052991887,-0.000475001869871341,0.0062));
#4927=CARTESIAN_POINT('',(-0.000665460883409041,-0.000450080257145137,0.0062));
#4928=CARTESIAN_POINT('',(-0.000602869507743183,-0.000384246440895658,0.0062));
#4929=CARTESIAN_POINT('',(-0.000583386362660332,-0.000341266714699116,0.0062));
#4930=CARTESIAN_POINT('',(-0.000559502847300683,-0.000253321860492559,0.0062));
#4931=CARTESIAN_POINT('',(-0.00055503799544247,-0.000207406151010284,0.0062));
#4932=CARTESIAN_POINT('',(-0.000552720612111487,-0.000161702642636155,0.0062));
#4933=CARTESIAN_POINT('',(-0.000552720612111487,-0.000161702642636153,0.0062));
#4934=CARTESIAN_POINT('',(-0.000552720612111487,-0.000161702642636153,0.0062));
#4935=CARTESIAN_POINT('',(-0.000554103741760853,-0.000117806200900209,0.0062));
#4936=CARTESIAN_POINT('',(-0.000558243950963098,-7.42996102719146E-5,0.0062));
#4937=CARTESIAN_POINT('',(-0.000583490963780277,1.0314494172433E-5,0.0062));
#4938=CARTESIAN_POINT('',(-0.000604200350276641,4.98434700958726E-5,0.0062));
#4939=CARTESIAN_POINT('',(-0.000661769192159303,0.000115871479523765,0.0062));
#4940=CARTESIAN_POINT('',(-0.000699246889121715,0.00014141203993838,0.0062));
#4941=CARTESIAN_POINT('',(-0.000781806243950916,0.000171522756889661,0.0062));
#4942=CARTESIAN_POINT('',(-0.000826426573328963,0.000176143583432913,0.0062));
#4943=CARTESIAN_POINT('',(-0.000870241002751592,0.000177600272231563,0.0062));
#4944=CARTESIAN_POINT('',(-0.000870241002750604,0.0001776002722316,0.0062));
#4945=CARTESIAN_POINT('',(-0.000870241002750604,0.0001776002722316,0.0062));
#4946=CARTESIAN_POINT('',(-0.000915734027187226,0.000175863029199429,0.0062));
#4947=CARTESIAN_POINT('',(-0.000960998065380683,0.000170456984294293,0.0062));
#4948=CARTESIAN_POINT('',(-0.0010470549453778,0.000137733070535298,0.0062));
#4949=CARTESIAN_POINT('',(-0.0010858921825478,0.00011160164096133,0.0062));
#4950=CARTESIAN_POINT('',(-0.00114779278715595,4.42015069220576E-5,0.0062));
#4951=CARTESIAN_POINT('',(-0.00116898727328538,2.40927299378272E-6,0.0062));
#4952=CARTESIAN_POINT('',(-0.00119425986181017,-8.48545983907442E-5,0.0062));
#4953=CARTESIAN_POINT('',(-0.00119864024949808,-0.000130852125143146,0.0062));
#4954=CARTESIAN_POINT('',(-0.00120021988081917,-0.000176639399919462,0.0062));
#4955=CARTESIAN_POINT('',(0.,0.,0.0062));
#4956=CARTESIAN_POINT('',(0.0040130669093533,-0.00136610980022603,0.00619999999999905));
#4957=CARTESIAN_POINT('',(0.00100303969439338,-0.00140260569852941,0.0062));
#4958=CARTESIAN_POINT('',(0.00101210784313725,-0.00112980392156863,0.0062));
#4959=CARTESIAN_POINT('',(0.00101210784313725,-0.00112980392156863,0.0062));
#4960=CARTESIAN_POINT('',(0.000821649911917892,-0.00112980392156863,0.0062));
#4961=CARTESIAN_POINT('',(0.000821649911917892,-0.00112980392156863,0.0062));
#4962=CARTESIAN_POINT('',(0.000812395306755514,-0.00125763882506127,0.0062));
#4963=CARTESIAN_POINT('',(0.000812395306755514,-0.00125763882506127,0.0062));
#4964=CARTESIAN_POINT('',(0.000808693464690563,-0.00125763882506127,0.0062));
#4965=CARTESIAN_POINT('',(0.000808693464690563,-0.00125763882506127,0.0062));
#4966=CARTESIAN_POINT('',(0.000802992570716952,-0.00124833090726775,0.0062));
#4967=CARTESIAN_POINT('',(0.00079135620824152,-0.00122933207904216,0.0062));
#4968=CARTESIAN_POINT('',(0.000768275202724389,-0.00120380385745741,0.0062));
#4969=CARTESIAN_POINT('',(0.000740742122745414,-0.00118020644275546,0.0062));
#4970=CARTESIAN_POINT('',(0.000714624992928804,-0.00116231256844969,0.0062));
#4971=CARTESIAN_POINT('',(0.000691384817512342,-0.0011491904156206,0.0062));
#4972=CARTESIAN_POINT('',(0.000672030579519077,-0.00114076746102258,0.0062));
#4973=CARTESIAN_POINT('',(0.000651322264644686,-0.00113337505028355,0.0062));
#4974=CARTESIAN_POINT('',(0.000629231109183586,-0.00112717871913376,0.0062));
#4975=CARTESIAN_POINT('',(0.000605658867954557,-0.0011227610394901,0.0062));
#4976=CARTESIAN_POINT('',(0.000580757877780463,-0.00111886616223442,0.0062));
#4977=CARTESIAN_POINT('',(0.000554374238246333,-0.00111686514966643,0.0062));
#4978=CARTESIAN_POINT('',(0.000536292845411639,-0.00111618214057997,0.0062));
#4979=CARTESIAN_POINT('',(0.000527058823529411,-0.00111583333333333,0.0062));
#4980=CARTESIAN_POINT('',(0.000527058823529411,-0.00111583333333333,0.0062));
#4981=CARTESIAN_POINT('',(0.000527058823529411,-0.00111583333333333,0.0062));
#4982=CARTESIAN_POINT('',(0.000512825529135263,-0.00111631156260932,0.0062));
#4983=CARTESIAN_POINT('',(0.000484728755043965,-0.00111725559563211,0.0062));
#4984=CARTESIAN_POINT('',(0.000443365180036104,-0.00112311241991085,0.0062));
#4985=CARTESIAN_POINT('',(0.000403696549964232,-0.00113334585820509,0.0062));
#4986=CARTESIAN_POINT('',(0.000365454878009584,-0.00114704935095766,0.0062));
#4987=CARTESIAN_POINT('',(0.000328756233486637,-0.00116483317489239,0.0062));
#4988=CARTESIAN_POINT('',(0.000293557527775944,-0.00118654389679969,0.0062));
#4989=CARTESIAN_POINT('',(0.000259886380042533,-0.00121213424202393,0.0062));
#4990=CARTESIAN_POINT('',(0.000228076377345571,-0.0012415461572621,0.0062));
#4991=CARTESIAN_POINT('',(0.000198536568567358,-0.00127449793402069,0.0062));
#4992=CARTESIAN_POINT('',(0.000172666157446679,-0.00131150252945184,0.0062));
#4993=CARTESIAN_POINT('',(0.000150897515755626,-0.00135223993938848,0.0062));
#4994=CARTESIAN_POINT('',(0.000132622490631611,-0.00139647764322358,0.0062));
#4995=CARTESIAN_POINT('',(0.000118346616457456,-0.00144430841951586,0.0062));
#4996=CARTESIAN_POINT('',(0.000107578499665262,-0.00149570420756204,0.0062));
#4997=CARTESIAN_POINT('',(0.00010036901487649,-0.00155060913435604,0.0062));
#4998=CARTESIAN_POINT('',(9.88943948998721E-5,-0.00158852327425508,0.0062));
#4999=CARTESIAN_POINT('',(9.81372549019603E-5,-0.00160799019607843,0.0062));
#5000=CARTESIAN_POINT('',(9.81372549019603E-5,-0.00160799019607843,0.0062));
#5001=CARTESIAN_POINT('',(9.81372549019603E-5,-0.00160799019607843,0.0062));
#5002=CARTESIAN_POINT('',(9.86049560661898E-5,-0.00162442995241857,0.0062));
#5003=CARTESIAN_POINT('',(9.95198523067368E-5,-0.00165658867345977,0.0062));
#5004=CARTESIAN_POINT('',(0.000105385898763463,-0.00170359916235218,0.0062));
#5005=CARTESIAN_POINT('',(0.000114014743191974,-0.00174832294145884,0.0062));
#5006=CARTESIAN_POINT('',(0.000126321370835602,-0.00179074081574215,0.0062));
#5007=CARTESIAN_POINT('',(0.000142078900191774,-0.00183081770474428,0.0062));
#5008=CARTESIAN_POINT('',(0.000160944423061496,-0.00186868088114529,0.0062));
#5009=CARTESIAN_POINT('',(0.000183073633825638,-0.00190422571221753,0.0062));
#5010=CARTESIAN_POINT('',(0.000208591599927099,-0.00193702206685934,0.0062));
#5011=CARTESIAN_POINT('',(0.000236823526694459,-0.0019668543703578,0.0062));
#5012=CARTESIAN_POINT('',(0.000267626970019022,-0.00199301387337571,0.0062));
#5013=CARTESIAN_POINT('',(0.000300706718874703,-0.00201531525344445,0.0062));
#5014=CARTESIAN_POINT('',(0.000336306276660569,-0.00203351147643108,0.0062));
#5015=CARTESIAN_POINT('',(0.000374214176790842,-0.00204794212127933,0.0062));
#5016=CARTESIAN_POINT('',(0.000414399988091516,-0.00205887207299109,0.0062));
#5017=CARTESIAN_POINT('',(0.00045700154207602,-0.00206543114372282,0.0062));
#5018=CARTESIAN_POINT('',(0.000486187449506699,-0.00206683351422846,0.0062));
#5019=CARTESIAN_POINT('',(0.000501078431372548,-0.00206754901960784,0.0062));
#5020=CARTESIAN_POINT('',(0.000501078431372548,-0.00206754901960784,0.0062));
#5021=CARTESIAN_POINT('',(0.000501078431372548,-0.00206754901960784,0.0062));
#5022=CARTESIAN_POINT('',(0.000517209061845479,-0.00206704288882983,0.0062));
#5023=CARTESIAN_POINT('',(0.000548513820681168,-0.00206606063943966,0.0062));
#5024=CARTESIAN_POINT('',(0.000593612674283181,-0.00205815320043834,0.0062));
#5025=CARTESIAN_POINT('',(0.000635470782747024,-0.00204639837267606,0.0062));
#5026=CARTESIAN_POINT('',(0.000673541774097595,-0.00202942928145072,0.0062));
#5027=CARTESIAN_POINT('',(0.000708209049959339,-0.00200936087147922,0.0062));
#5028=CARTESIAN_POINT('',(0.000738451049591994,-0.00198545035839451,0.0062));
#5029=CARTESIAN_POINT('',(0.000765311077876324,-0.00195939262937462,0.0062));
#5030=CARTESIAN_POINT('',(0.000779394644737014,-0.00193927920752148,0.0062));
#5031=CARTESIAN_POINT('',(0.000786372549019607,-0.00192931372549019,0.0062));
#5032=CARTESIAN_POINT('',(0.000786372549019607,-0.00192931372549019,0.0062));
#5033=CARTESIAN_POINT('',(0.000786372549019607,-0.00192931372549019,0.0062));
#5034=CARTESIAN_POINT('',(0.000790184254365808,-0.00192923761106005,0.0062));
#5035=CARTESIAN_POINT('',(0.000790184254365808,-0.00192923761106005,0.0062));
#5036=CARTESIAN_POINT('',(0.000790184254365808,-0.00201973766850491,0.0062));
#5037=CARTESIAN_POINT('',(0.000790184254365808,-0.00201973766850491,0.0062));
#5038=CARTESIAN_POINT('',(0.000789761857187375,-0.00203209444940902,0.0062));
#5039=CARTESIAN_POINT('',(0.000788948404202155,-0.00205589115267172,0.0062));
#5040=CARTESIAN_POINT('',(0.000784624586648772,-0.00209020499448023,0.0062));
#5041=CARTESIAN_POINT('',(0.000778548175423904,-0.00212196974314383,0.0062));
#5042=CARTESIAN_POINT('',(0.000769370108021634,-0.00215098632045554,0.0062));
#5043=CARTESIAN_POINT('',(0.00075813752782296,-0.00217740064543848,0.0062));
#5044=CARTESIAN_POINT('',(0.000744585698928372,-0.00220130878652209,0.0062));
#5045=CARTESIAN_POINT('',(0.000728435195921881,-0.00222244929742359,0.0062));
#5046=CARTESIAN_POINT('',(0.000709702507411111,-0.00224068436599703,0.0062));
#5047=CARTESIAN_POINT('',(0.000689374193013643,-0.00225672400880239,0.0062));
#5048=CARTESIAN_POINT('',(0.000667084898776366,-0.00227014642231886,0.0062));
#5049=CARTESIAN_POINT('',(0.000643461409626243,-0.0022816914318288,0.0062));
#5050=CARTESIAN_POINT('',(0.00061843483866797,-0.00229139388360823,0.0062));
#5051=CARTESIAN_POINT('',(0.000591674931025183,-0.00229836796502089,0.0062));
#5052=CARTESIAN_POINT('',(0.000563503916953987,-0.00230353430110565,0.0062));
#5053=CARTESIAN_POINT('',(0.000533660424279051,-0.00230652898907587,0.0062));
#5054=CARTESIAN_POINT('',(0.000513258375329471,-0.0023066847934577,0.0062));
#5055=CARTESIAN_POINT('',(0.000502794117647058,-0.00230676470588235,0.0062));
#5056=CARTESIAN_POINT('',(0.000502794117647058,-0.00230676470588235,0.0062));
#5057=CARTESIAN_POINT('',(0.000498603427439153,-0.00169542931906112,0.0062));
#5058=CARTESIAN_POINT('',(0.000227303921568627,-0.00224328431372549,0.0062));
#5059=CARTESIAN_POINT('',(0.000227303921568627,-0.00224328431372549,0.0062));
#5060=CARTESIAN_POINT('',(0.000180017712162989,-0.00239304328469669,0.0062));
#5061=CARTESIAN_POINT('',(0.000180017712162989,-0.00239304328469669,0.0062));
#5062=CARTESIAN_POINT('',(0.000190463230507974,-0.0023984595777742,0.0062));
#5063=CARTESIAN_POINT('',(0.000211986523651281,-0.00240962000656356,0.0062));
#5064=CARTESIAN_POINT('',(0.000246920317567277,-0.00242312731726789,0.0062));
#5065=CARTESIAN_POINT('',(0.000284873752952405,-0.00243464454162527,0.0062));
#5066=CARTESIAN_POINT('',(0.00032552778151859,-0.00244397505005687,0.0062));
#5067=CARTESIAN_POINT('',(0.0003680621108756,-0.00245155916803197,0.0062));
#5068=CARTESIAN_POINT('',(0.000411765674713365,-0.00245680108696977,0.0062));
#5069=CARTESIAN_POINT('',(0.000456161476224891,-0.00246051370264404,0.0062));
#5070=CARTESIAN_POINT('',(0.000486037933408277,-0.00246079151526495,0.0062));
#5071=CARTESIAN_POINT('',(0.000501078431372548,-0.00246093137254902,0.0062));
#5072=CARTESIAN_POINT('',(0.000501078431372549,-0.00246093137254902,0.0062));
#5073=CARTESIAN_POINT('',(0.000501078431372549,-0.00246093137254902,0.0062));
#5074=CARTESIAN_POINT('',(0.000515303544537792,-0.00246024281621364,0.0062));
#5075=CARTESIAN_POINT('',(0.00054314017528016,-0.00245889540419445,0.0062));
#5076=CARTESIAN_POINT('',(0.00058373596816395,-0.00245476253454631,0.0062));
#5077=CARTESIAN_POINT('',(0.000622373716132198,-0.00245007803653806,0.0062));
#5078=CARTESIAN_POINT('',(0.000658830552308266,-0.00244365265490899,0.0062));
#5079=CARTESIAN_POINT('',(0.000693197762759814,-0.00243612123268746,0.0062));
#5080=CARTESIAN_POINT('',(0.00072543113967201,-0.00242728416161312,0.0062));
#5081=CARTESIAN_POINT('',(0.000755638634162023,-0.00241725968423522,0.0062));
#5082=CARTESIAN_POINT('',(0.000783828833777296,-0.00240604332693114,0.0062));
#5083=CARTESIAN_POINT('',(0.000810026987189584,-0.00239355445059341,0.0062));
#5084=CARTESIAN_POINT('',(0.000833946902217605,-0.00237956039620468,0.0062));
#5085=CARTESIAN_POINT('',(0.000856048042590741,-0.00236458962152932,0.0062));
#5086=CARTESIAN_POINT('',(0.000875893434251284,-0.00234816393565091,0.0062));
#5087=CARTESIAN_POINT('',(0.000893671717069724,-0.00233047875544635,0.0062));
#5088=CARTESIAN_POINT('',(0.000909175949389064,-0.00231144328196844,0.0062));
#5089=CARTESIAN_POINT('',(0.000922783570621865,-0.00229129047268995,0.0062));
#5090=CARTESIAN_POINT('',(0.000937772156585769,-0.0022629109237015,0.0062));
#5091=CARTESIAN_POINT('',(0.000953440702403826,-0.00222678279768779,0.0062));
#5092=CARTESIAN_POINT('',(0.000969616538411689,-0.00218371311879664,0.0062));
#5093=CARTESIAN_POINT('',(0.000983089025977253,-0.00214140163623149,0.0062));
#5094=CARTESIAN_POINT('',(0.000993082064995407,-0.00209968410709967,0.0062));
#5095=CARTESIAN_POINT('',(0.00100026229310616,-0.00205867460164219,0.0062));
#5096=CARTESIAN_POINT('',(0.00100452016469498,-0.00201830947490866,0.0062));
#5097=CARTESIAN_POINT('',(0.00100561921058257,-0.00197862837621661,0.0062));
#5098=CARTESIAN_POINT('',(0.00100389229923638,-0.00195251010698824,0.0062));
#5099=CARTESIAN_POINT('',(0.00100303921568627,-0.00193960784313725,0.0062));
#5100=CARTESIAN_POINT('',(0.00100303921568627,-0.00193960784313725,0.0062));
#5101=CARTESIAN_POINT('',(0.00100303921568627,-0.00193960784313725,0.0062));
#5102=CARTESIAN_POINT('',(0.000566274509803921,-0.00126779411764706,0.0062));
#5103=CARTESIAN_POINT('',(0.000574461535304547,-0.00126810584027485,0.0062));
#5104=CARTESIAN_POINT('',(0.00059050845469769,-0.00126871682992925,0.0062));
#5105=CARTESIAN_POINT('',(0.00061383710653483,-0.00127264363784349,0.0062));
#5106=CARTESIAN_POINT('',(0.000635977339355276,-0.00127783790174685,0.0062));
#5107=CARTESIAN_POINT('',(0.000656795999001867,-0.00128535845722672,0.0062));
#5108=CARTESIAN_POINT('',(0.000676427419500538,-0.00129456206724028,0.0062));
#5109=CARTESIAN_POINT('',(0.000694604802642741,-0.00130593891774829,0.0062));
#5110=CARTESIAN_POINT('',(0.000711575170337043,-0.00131911153635956,0.0062));
#5111=CARTESIAN_POINT('',(0.000727062752220018,-0.00133425923126456,0.0062));
#5112=CARTESIAN_POINT('',(0.000741239123589475,-0.00135078740972517,0.0062));
#5113=CARTESIAN_POINT('',(0.000753492389707457,-0.00136848051093528,0.0062));
#5114=CARTESIAN_POINT('',(0.000763956411074001,-0.00138709481500418,0.0062));
#5115=CARTESIAN_POINT('',(0.00077247045833457,-0.00140674980049719,0.0062));
#5116=CARTESIAN_POINT('',(0.000779443109192692,-0.00142738120410351,0.0062));
#5117=CARTESIAN_POINT('',(0.000784214317751618,-0.00144908789629549,0.0062));
#5118=CARTESIAN_POINT('',(0.000787574420446624,-0.00147169569375505,0.0062));
#5119=CARTESIAN_POINT('',(0.000788077509376041,-0.00148714428961488,0.0062));
#5120=CARTESIAN_POINT('',(0.000788333333333333,-0.001495,0.0062));
#5121=CARTESIAN_POINT('',(0.000566274509803921,-0.00126779411764706,0.0062));
#5122=CARTESIAN_POINT('',(0.000788333333333333,-0.001495,0.0062));
#5123=CARTESIAN_POINT('',(0.000788333333333333,-0.001495,0.0062));
#5124=CARTESIAN_POINT('',(0.000788333333333333,-0.00167935202205882,0.0062));
#5125=CARTESIAN_POINT('',(0.000788333333333333,-0.00167935202205882,0.0062));
#5126=CARTESIAN_POINT('',(0.000787809508391563,-0.00168898964412336,0.0062));
#5127=CARTESIAN_POINT('',(0.000786797726494024,-0.00170760496913495,0.0062));
#5128=CARTESIAN_POINT('',(0.000783201698626416,-0.00173460917248709,0.0062));
#5129=CARTESIAN_POINT('',(0.00077730632800036,-0.00175962245068697,0.0062));
#5130=CARTESIAN_POINT('',(0.000769531174581331,-0.00178282413166328,0.0062));
#5131=CARTESIAN_POINT('',(0.000759584916018154,-0.00180401733198571,0.0062));
#5132=CARTESIAN_POINT('',(0.000748092438973947,-0.00182365777351944,0.0062));
#5133=CARTESIAN_POINT('',(0.000734311874826643,-0.00184135156847774,0.0062));
#5134=CARTESIAN_POINT('',(0.000718588222221149,-0.00185696413441476,0.0062));
#5135=CARTESIAN_POINT('',(0.000701602488236394,-0.0018706216104716,0.0062));
#5136=CARTESIAN_POINT('',(0.000684030203295274,-0.00188268558762739,0.0062));
#5137=CARTESIAN_POINT('',(0.00066569940687353,-0.00189278896330804,0.0062));
#5138=CARTESIAN_POINT('',(0.000646808568628447,-0.00190124358353214,0.0062));
#5139=CARTESIAN_POINT('',(0.000627122593496183,-0.00190750698342096,0.0062));
#5140=CARTESIAN_POINT('',(0.000606906394608385,-0.00191229369226276,0.0062));
#5141=CARTESIAN_POINT('',(0.000585954119631129,-0.00191497191257096,0.0062));
#5142=CARTESIAN_POINT('',(0.000571755456616987,-0.00191538092577706,0.0062));
#5143=CARTESIAN_POINT('',(0.000564558823529411,-0.00191558823529412,0.0062));
#5144=CARTESIAN_POINT('',(0.000564558823529411,-0.00191558823529412,0.0062));
#5145=CARTESIAN_POINT('',(0.000564558823529411,-0.00191558823529412,0.0062));
#5146=CARTESIAN_POINT('',(0.000554741579236611,-0.00191510833935624,0.0062));
#5147=CARTESIAN_POINT('',(0.00053558394569001,-0.00191417185756522,0.0062));
#5148=CARTESIAN_POINT('',(0.000507735292748296,-0.00190989193425929,0.0062));
#5149=CARTESIAN_POINT('',(0.000481761570386814,-0.00190233052942112,0.0062));
#5150=CARTESIAN_POINT('',(0.000457459554456396,-0.00189262368123955,0.0062));
#5151=CARTESIAN_POINT('',(0.000434774029029996,-0.00188029547597535,0.0062));
#5152=CARTESIAN_POINT('',(0.000414196810989353,-0.00186490696387577,0.0062));
#5153=CARTESIAN_POINT('',(0.000395118867636595,-0.00184714703322973,0.0062));
#5154=CARTESIAN_POINT('',(0.000378015132259422,-0.00182675450931089,0.0062));
#5155=CARTESIAN_POINT('',(0.000362976277408734,-0.0018041954103086,0.0062));
#5156=CARTESIAN_POINT('',(0.000349543949145972,-0.00177998814334563,0.0062));
#5157=CARTESIAN_POINT('',(0.000338358049012777,-0.00175392413471961,0.0062));
#5158=CARTESIAN_POINT('',(0.000329011040686746,-0.00172623949122122,0.0062));
#5159=CARTESIAN_POINT('',(0.000321923218842784,-0.00169677863324499,0.0062));
#5160=CARTESIAN_POINT('',(0.000316874996089036,-0.00166572545652196,0.0062));
#5161=CARTESIAN_POINT('',(0.00031359813659248,-0.00163289522895694,0.0062));
#5162=CARTESIAN_POINT('',(0.000313099315658863,-0.00161044915235733,0.0062));
#5163=CARTESIAN_POINT('',(0.000312843137254901,-0.00159892156862745,0.0062));
#5164=CARTESIAN_POINT('',(0.000312843137254901,-0.00159892156862745,0.0062));
#5165=CARTESIAN_POINT('',(0.000738898083282758,-0.00182566471729254,0.0062));
#5166=CARTESIAN_POINT('',(0.,0.,0.0062));
#5167=CARTESIAN_POINT('',(0.,0.,0.0062));
#5168=CARTESIAN_POINT('',(-0.000654759424067097,-0.00123603387481432,0.0062));
#5169=CARTESIAN_POINT('',(-0.000666274509803924,-0.00161411764705882,0.0062));
#5170=CARTESIAN_POINT('',(-0.000379509803921571,-0.00149549019607843,0.0062));
#5171=CARTESIAN_POINT('',(-0.000379509803921571,-0.00149549019607843,0.0062));
#5172=CARTESIAN_POINT('',(-0.000373768669577208,-0.00149537985409007,0.0062));
#5173=CARTESIAN_POINT('',(-0.000373768669577208,-0.00149537985409007,0.0062));
#5174=CARTESIAN_POINT('',(-0.000375458236343452,-0.00150614548208368,0.0062));
#5175=CARTESIAN_POINT('',(-0.000378881036252709,-0.00152795497269146,0.0062));
#5176=CARTESIAN_POINT('',(-0.000386736126811193,-0.00156055904337136,0.0062));
#5177=CARTESIAN_POINT('',(-0.000397430704773516,-0.0015931359348792,0.0062));
#5178=CARTESIAN_POINT('',(-0.000410255436942107,-0.00162596052085733,0.0062));
#5179=CARTESIAN_POINT('',(-0.000425427779341072,-0.00165896377532931,0.0062));
#5180=CARTESIAN_POINT('',(-0.000443130264608243,-0.00169222844897644,0.0062));
#5181=CARTESIAN_POINT('',(-0.000463681895611436,-0.00172538763946138,0.0062));
#5182=CARTESIAN_POINT('',(-0.000485766519959584,-0.00175901552743349,0.0062));
#5183=CARTESIAN_POINT('',(-0.000511323888417767,-0.00179126642921838,0.0062));
#5184=CARTESIAN_POINT('',(-0.000541208795508261,-0.00182065559222973,0.0062));
#5185=CARTESIAN_POINT('',(-0.000575251735400221,-0.00184660772675477,0.0062));
#5186=CARTESIAN_POINT('',(-0.000613089732187996,-0.00186951601744076,0.0062));
#5187=CARTESIAN_POINT('',(-0.000654752267730758,-0.00188934249134446,0.0062));
#5188=CARTESIAN_POINT('',(-0.000700329499972892,-0.00190628887343477,0.0062));
#5189=CARTESIAN_POINT('',(-0.000749901183511597,-0.00191995344844165,0.0062));
#5190=CARTESIAN_POINT('',(-0.000784520504506197,-0.00192646106052025,0.0062));
#5191=CARTESIAN_POINT('',(-0.00080230392156863,-0.00192980392156863,0.0062));
#5192=CARTESIAN_POINT('',(-0.00080230392156863,-0.00192980392156863,0.0062));
#5193=CARTESIAN_POINT('',(-0.000901784007171444,-0.00129042627009053,0.00619999999999983));
#5194=CARTESIAN_POINT('',(-0.000939068627450983,-0.00193642156862745,0.0062));
#5195=CARTESIAN_POINT('',(-0.000939068627450983,-0.00193642156862745,0.0062));
#5196=CARTESIAN_POINT('',(-0.000939042777267159,-0.00208470588235294,0.0062));
#5197=CARTESIAN_POINT('',(-0.000907520280358204,-0.00122731996175939,0.00619999999999978));
#5198=CARTESIAN_POINT('',(-0.000787598039215689,-0.00207686274509804,0.0062));
#5199=CARTESIAN_POINT('',(-0.000787598039215689,-0.00207686274509804,0.0062));
#5200=CARTESIAN_POINT('',(-0.000762596784262669,-0.00207357209465681,0.0062));
#5201=CARTESIAN_POINT('',(-0.000713748787432689,-0.00206714275010495,0.0062));
#5202=CARTESIAN_POINT('',(-0.000643456964089838,-0.00204985008831648,0.0062));
#5203=CARTESIAN_POINT('',(-0.000577585286506919,-0.00202800730832641,0.0062));
#5204=CARTESIAN_POINT('',(-0.000516434409604316,-0.00200031004470569,0.0062));
#5205=CARTESIAN_POINT('',(-0.000460284840169227,-0.0019666060634373,0.0062));
#5206=CARTESIAN_POINT('',(-0.000408336768651201,-0.00192815818124105,0.0062));
#5207=CARTESIAN_POINT('',(-0.000361579731328551,-0.00188354058025525,0.0062));
#5208=CARTESIAN_POINT('',(-0.000319441501775453,-0.00183402692092858,0.0062));
#5209=CARTESIAN_POINT('',(-0.000282324286025879,-0.00177997426708445,0.0062));
#5210=CARTESIAN_POINT('',(-0.000249813784671883,-0.00172252391601692,0.0062));
#5211=CARTESIAN_POINT('',(-0.000222622429794425,-0.00166154275280312,0.0062));
#5212=CARTESIAN_POINT('',(-0.000199956440781053,-0.0015975006680707,0.0062));
#5213=CARTESIAN_POINT('',(-0.000182615571831982,-0.00152997318769926,0.0062));
#5214=CARTESIAN_POINT('',(-0.000170216423953507,-0.00145917399822506,0.0062));
#5215=CARTESIAN_POINT('',(-0.000162465195754918,-0.00138504051795257,0.0062));
#5216=CARTESIAN_POINT('',(-0.00016141652311699,-0.00133447991851953,0.0062));
#5217=CARTESIAN_POINT('',(-0.000160882352941179,-0.00130872549019608,0.0062));
#5218=CARTESIAN_POINT('',(-0.000160882352941179,-0.00130872549019608,0.0062));
#5219=CARTESIAN_POINT('',(-0.000160882352941179,-0.00130872549019608,0.0062));
#5220=CARTESIAN_POINT('',(-0.000161280314630028,-0.00128886055951694,0.0062));
#5221=CARTESIAN_POINT('',(-0.000162056462208449,-0.00125011784062191,0.0062));
#5222=CARTESIAN_POINT('',(-0.000167471856032226,-0.00119350944648058,0.0062));
#5223=CARTESIAN_POINT('',(-0.00017649414749641,-0.00114002114451185,0.0062));
#5224=CARTESIAN_POINT('',(-0.000188924884920252,-0.0010895892409782,0.0062));
#5225=CARTESIAN_POINT('',(-0.000204906248036118,-0.00104227837240838,0.0062));
#5226=CARTESIAN_POINT('',(-0.000224241708618777,-0.000997889250694086,0.0062));
#5227=CARTESIAN_POINT('',(-0.000247337778597837,-0.00095661048769402,0.0062));
#5228=CARTESIAN_POINT('',(-0.000273796818340175,-0.000918550874886207,0.0062));
#5229=CARTESIAN_POINT('',(-0.000303394284912996,-0.000884064268937898,0.0062));
#5230=CARTESIAN_POINT('',(-0.000336380278967967,-0.000853864760185574,0.0062));
#5231=CARTESIAN_POINT('',(-0.000372815227744265,-0.000828597329453359,0.0062));
#5232=CARTESIAN_POINT('',(-0.000412028215180575,-0.000807138396689167,0.0062));
#5233=CARTESIAN_POINT('',(-0.000454727632870242,-0.000790900768284584,0.0062));
#5234=CARTESIAN_POINT('',(-0.000500377789634251,-0.000778787647681607,0.0062));
#5235=CARTESIAN_POINT('',(-0.000549219799762616,-0.000771482741338159,0.0062));
#5236=CARTESIAN_POINT('',(-0.000582835393112441,-0.000770017270466537,0.0062));
#5237=CARTESIAN_POINT('',(-0.000600098039215688,-0.000769264705882354,0.0062));
#5238=CARTESIAN_POINT('',(-0.000600098039215688,-0.000769264705882354,0.0062));
#5239=CARTESIAN_POINT('',(-0.000600098039215688,-0.000769264705882354,0.0062));
#5240=CARTESIAN_POINT('',(-0.000617039403698327,-0.000769996164939299,0.0062));
#5241=CARTESIAN_POINT('',(-0.000650096038289437,-0.000771423415665683,0.0062));
#5242=CARTESIAN_POINT('',(-0.000698128664468261,-0.000779062779184335,0.0062));
#5243=CARTESIAN_POINT('',(-0.000743417961477675,-0.000790012471337186,0.0062));
#5244=CARTESIAN_POINT('',(-0.000786169364537509,-0.000804626125543146,0.0062));
#5245=CARTESIAN_POINT('',(-0.000825947565646042,-0.000823621989396745,0.0062));
#5246=CARTESIAN_POINT('',(-0.000863056943067743,-0.000846298380999206,0.0062));
#5247=CARTESIAN_POINT('',(-0.000897344846073339,-0.000872933294607627,0.0062));
#5248=CARTESIAN_POINT('',(-0.000928460015014373,-0.000903332224292624,0.0062));
#5249=CARTESIAN_POINT('',(-0.000956655428653723,-0.000936227743057594,0.0062));
#5250=CARTESIAN_POINT('',(-0.000981003469694063,-0.000971580781885651,0.0062));
#5251=CARTESIAN_POINT('',(-0.00100186223715699,-0.00100857201978208,0.0062));
#5252=CARTESIAN_POINT('',(-0.00101917484200813,-0.00104735410565448,0.0062));
#5253=CARTESIAN_POINT('',(-0.00103278484217076,-0.00108795999705908,0.0062));
#5254=CARTESIAN_POINT('',(-0.00104210034342912,-0.00113055002142903,0.0062));
#5255=CARTESIAN_POINT('',(-0.00104850482481316,-0.0011747962096976,0.0062));
#5256=CARTESIAN_POINT('',(-0.00104956167923215,-0.00120494460554817,0.0062));
#5257=CARTESIAN_POINT('',(-0.00105009803921569,-0.00122024509803922,0.0062));
#5258=CARTESIAN_POINT('',(-0.00105009803921569,-0.00122024509803922,0.0062));
#5259=CARTESIAN_POINT('',(-0.000465455165722174,-0.00101335520697851,0.0062));
#5260=CARTESIAN_POINT('',(-0.00051339469994241,-0.00133725030959516,0.0062));
#5261=CARTESIAN_POINT('',(-0.000835392156862747,-0.00120823529411765,0.0062));
#5262=CARTESIAN_POINT('',(-0.000611127450980394,-0.000908480392156863,0.0062));
#5263=CARTESIAN_POINT('',(-0.000611127450980394,-0.000908480392156863,0.0062));
#5264=CARTESIAN_POINT('',(-0.000611010407092527,-0.000908235772824756,0.0062));
#5265=CARTESIAN_POINT('',(-0.000611010407092527,-0.000908235772824756,0.0062));
#5266=CARTESIAN_POINT('',(-0.00060155235026573,-0.000908858906977413,0.0062));
#5267=CARTESIAN_POINT('',(-0.000583039977198497,-0.000910078575257713,0.0062));
#5268=CARTESIAN_POINT('',(-0.000556171968006393,-0.000915142510638094,0.0062));
#5269=CARTESIAN_POINT('',(-0.00053122698033553,-0.000923558731584137,0.0062));
#5270=CARTESIAN_POINT('',(-0.000508067475310819,-0.000934911738999754,0.0062));
#5271=CARTESIAN_POINT('',(-0.000486903382625551,-0.000949585580948316,0.0062));
#5272=CARTESIAN_POINT('',(-0.000467304451563889,-0.000967070042860906,0.0062));
#5273=CARTESIAN_POINT('',(-0.000449920292152226,-0.000987952099249209,0.0062));
#5274=CARTESIAN_POINT('',(-0.000434236567896778,-0.00101158528344942,0.0062));
#5275=CARTESIAN_POINT('',(-0.000420481493017999,-0.00103769085970843,0.0062));
#5276=CARTESIAN_POINT('',(-0.000408317572557717,-0.00106584616809932,0.0062));
#5277=CARTESIAN_POINT('',(-0.000398410566986052,-0.00109608776676786,0.0062));
#5278=CARTESIAN_POINT('',(-0.000390090580295456,-0.00112826459356747,0.0062));
#5279=CARTESIAN_POINT('',(-0.000383451365454933,-0.00116238514053704,0.0062));
#5280=CARTESIAN_POINT('',(-0.000378859287253151,-0.00119848981293716,0.0062));
#5281=CARTESIAN_POINT('',(-0.000376183764215881,-0.00123654417284789,0.0062));
#5282=CARTESIAN_POINT('',(-0.000375789902714452,-0.00126256103636007,0.0062));
#5283=CARTESIAN_POINT('',(-0.00037558823529412,-0.00127588235294118,0.0062));
#5284=CARTESIAN_POINT('',(-0.00037558823529412,-0.00127588235294118,0.0062));
#5285=CARTESIAN_POINT('',(-0.000537038052521776,-0.00128379434579187,0.00619999999999999));
#5286=CARTESIAN_POINT('',(-0.000390539215686276,-0.00135210784313726,0.0062));
#5287=CARTESIAN_POINT('',(-0.000608806399017794,-0.00122005024158594,0.0062));
#5288=CARTESIAN_POINT('',(-0.000611127450980394,-0.00147514705882353,0.0062));
#5289=CARTESIAN_POINT('',(-0.000611127450980394,-0.00147514705882353,0.0062));
#5290=CARTESIAN_POINT('',(-0.000619721847420917,-0.00147474559651507,0.0062));
#5291=CARTESIAN_POINT('',(-0.00063650649744311,-0.00147396155025991,0.0062));
#5292=CARTESIAN_POINT('',(-0.000660887833066714,-0.00146994615562281,0.0062));
#5293=CARTESIAN_POINT('',(-0.000683774638989564,-0.00146393432618569,0.0062));
#5294=CARTESIAN_POINT('',(-0.000705159433963137,-0.00145537668562028,0.0062));
#5295=CARTESIAN_POINT('',(-0.00072525948504492,-0.00144499224138951,0.0062));
#5296=CARTESIAN_POINT('',(-0.000743805226596632,-0.00143206214881191,0.0062));
#5297=CARTESIAN_POINT('',(-0.000760815407583705,-0.00141700156242983,0.0062));
#5298=CARTESIAN_POINT('',(-0.00077628266045706,-0.00139981938974837,0.0062));
#5299=CARTESIAN_POINT('',(-0.000789844776481961,-0.00138068711326584,0.0062));
#5300=CARTESIAN_POINT('',(-0.000801976483270921,-0.00136022699647082,0.0062));
#5301=CARTESIAN_POINT('',(-0.000812307407952216,-0.00133834730511687,0.0062));
#5302=CARTESIAN_POINT('',(-0.000820679560690993,-0.00131495094353113,0.0062));
#5303=CARTESIAN_POINT('',(-0.00082685207709679,-0.00129010460569414,0.0062));
#5304=CARTESIAN_POINT('',(-0.000831907136923245,-0.00126403893603977,0.0062));
#5305=CARTESIAN_POINT('',(-0.000834843250168632,-0.00123657029907656,0.0062));
#5306=CARTESIAN_POINT('',(-0.000835206851989161,-0.0012178008807069,0.0062));
#5307=CARTESIAN_POINT('',(-0.000835392156862747,-0.00120823529411765,0.0062));
#5308=CARTESIAN_POINT('',(0.,0.,0.0062));
#5309=CARTESIAN_POINT('',(0.,0.,0.0062));
#5310=CARTESIAN_POINT('',(0.00471718271121035,-0.000505847683899803,0.0062));
#5311=CARTESIAN_POINT('',(0.00550713740458015,-0.000163148854961832,0.0062));
#5312=CARTESIAN_POINT('',(0.00504270992366412,0.000327576335877863,0.0062));
#5313=CARTESIAN_POINT('',(0.00504270992366412,0.000327576335877863,0.0062));
#5314=CARTESIAN_POINT('',(0.00504272664077409,0.00032782418520396,0.0062));
#5315=CARTESIAN_POINT('',(0.00504272664077409,0.00032782418520396,0.0062));
#5316=CARTESIAN_POINT('',(0.00502550033319483,0.000327191340337677,0.0062));
#5317=CARTESIAN_POINT('',(0.00499176354173577,0.000325951947903665,0.0062));
#5318=CARTESIAN_POINT('',(0.00494243439260717,0.00031943984863422,0.0062));
#5319=CARTESIAN_POINT('',(0.00489558618750097,0.000309062109705025,0.0062));
#5320=CARTESIAN_POINT('',(0.00485106619233829,0.000294672810625203,0.0062));
#5321=CARTESIAN_POINT('',(0.00480899082238595,0.000275908300409722,0.0062));
#5322=CARTESIAN_POINT('',(0.00476915297220741,0.00025338740486353,0.0062));
#5323=CARTESIAN_POINT('',(0.00473188926954795,0.000226514668069363,0.0062));
#5324=CARTESIAN_POINT('',(0.00469720655485639,0.000195862276289993,0.0062));
#5325=CARTESIAN_POINT('',(0.00466572018853262,0.000161392130290945,0.0062));
#5326=CARTESIAN_POINT('',(0.00463782827025717,0.000123445772082268,0.0062));
#5327=CARTESIAN_POINT('',(0.00461461683923968,8.1726516958415E-5,0.0062));
#5328=CARTESIAN_POINT('',(0.00459510215675516,3.67080335905701E-5,0.0062));
#5329=CARTESIAN_POINT('',(0.0045797765823327,-1.17647424252717E-5,0.0062));
#5330=CARTESIAN_POINT('',(0.00456874277373534,-6.37811446078746E-5,0.0062));
#5331=CARTESIAN_POINT('',(0.00456139334570191,-0.000119117976883273,0.0062));
#5332=CARTESIAN_POINT('',(0.00456009350495837,-0.000157253613879662,0.0062));
#5333=CARTESIAN_POINT('',(0.00455942748091603,-0.000176793893129771,0.0062));
#5334=CARTESIAN_POINT('',(0.00455942748091603,-0.000176793893129771,0.0062));
#5335=CARTESIAN_POINT('',(0.00455942748091603,-0.000176793893129771,0.0062));
#5336=CARTESIAN_POINT('',(0.00456010668381227,-0.000195590136463774,0.0062));
#5337=CARTESIAN_POINT('',(0.00456143074966954,-0.000232232300655714,0.0062));
#5338=CARTESIAN_POINT('',(0.00456859542935703,-0.00028547050814947,0.0062));
#5339=CARTESIAN_POINT('',(0.00457900239099598,-0.000335522441082367,0.0062));
#5340=CARTESIAN_POINT('',(0.00459382814124599,-0.000382343625871628,0.0062));
#5341=CARTESIAN_POINT('',(0.00461225512113395,-0.000426112230471837,0.0062));
#5342=CARTESIAN_POINT('',(0.00463505314120651,-0.000466524651439156,0.0062));
#5343=CARTESIAN_POINT('',(0.00466142411585231,-0.000503837828971405,0.0062));
#5344=CARTESIAN_POINT('',(0.00469183597960078,-0.000537502791237334,0.0062));
#5345=CARTESIAN_POINT('',(0.00472516698968068,-0.00056781037748249,0.0062));
#5346=CARTESIAN_POINT('',(0.00476146737273928,-0.000593855187558152,0.0062));
#5347=CARTESIAN_POINT('',(0.0047997512998136,-0.000616506267516215,0.0062));
#5348=CARTESIAN_POINT('',(0.00484082327988796,-0.000634531582049531,0.0062));
#5349=CARTESIAN_POINT('',(0.00488407067253795,-0.000649004945348144,0.0062));
#5350=CARTESIAN_POINT('',(0.00492977490471733,-0.000659365457588864,0.0062));
#5351=CARTESIAN_POINT('',(0.00497785205824546,-0.000665959419765801,0.0062));
#5352=CARTESIAN_POINT('',(0.0050107671747822,-0.000666991843593078,0.0062));
#5353=CARTESIAN_POINT('',(0.00502757633587786,-0.000667519083969466,0.0062));
#5354=CARTESIAN_POINT('',(0.00502757633587786,-0.000667519083969466,0.0062));
#5355=CARTESIAN_POINT('',(0.00502757633587786,-0.000667519083969466,0.0062));
#5356=CARTESIAN_POINT('',(0.0050426411345911,-0.000667284158972599,0.0062));
#5357=CARTESIAN_POINT('',(0.00507253376474741,-0.000666818004317666,0.0062));
#5358=CARTESIAN_POINT('',(0.0051167369628306,-0.000661536324523188,0.0062));
#5359=CARTESIAN_POINT('',(0.0051597518289796,-0.000652299240435592,0.0062));
#5360=CARTESIAN_POINT('',(0.00520144514534936,-0.000639149456070679,0.0062));
#5361=CARTESIAN_POINT('',(0.00524188555382703,-0.000622055631559787,0.0062));
#5362=CARTESIAN_POINT('',(0.00528123705710869,-0.000601578447423654,0.0062));
#5363=CARTESIAN_POINT('',(0.00531898160286798,-0.000576601525204502,0.0062));
#5364=CARTESIAN_POINT('',(0.00535577167714323,-0.000548785238672622,0.0062));
#5365=CARTESIAN_POINT('',(0.00538966913429344,-0.000516209079031142,0.0062));
#5366=CARTESIAN_POINT('',(0.00541965871771129,-0.000479042399294661,0.0062));
#5367=CARTESIAN_POINT('',(0.0054450322985483,-0.000437156029104784,0.0062));
#5368=CARTESIAN_POINT('',(0.0054661491677984,-0.000390925469234627,0.0062));
#5369=CARTESIAN_POINT('',(0.00548297282819187,-0.000340249739180619,0.0062));
#5370=CARTESIAN_POINT('',(0.00549547585805956,-0.000285159948641336,0.0062));
#5371=CARTESIAN_POINT('',(0.00550399542715859,-0.000225659413305505,0.0062));
#5372=CARTESIAN_POINT('',(0.00550606771360471,-0.000184430669296609,0.0062));
#5373=CARTESIAN_POINT('',(0.00550713740458015,-0.000163148854961832,0.0062));
#5374=CARTESIAN_POINT('',(0.,0.,0.0062));
#5375=CARTESIAN_POINT('',(0.00397766304120944,-0.000652091371958493,0.0062));
#5376=CARTESIAN_POINT('',(0.00397766304120944,-0.000652091371958493,0.0062));
#5377=CARTESIAN_POINT('',(0.00434636689676765,0.000297557251908397,0.0062));
#5378=CARTESIAN_POINT('',(0.00434636689676765,0.000297557251908397,0.0062));
#5379=CARTESIAN_POINT('',(0.00412104787392652,0.000297557251908397,0.0062));
#5380=CARTESIAN_POINT('',(0.00412104787392652,0.000297557251908397,0.0062));
#5381=CARTESIAN_POINT('',(0.0039553173529938,-0.000201209111104485,0.0062));
#5382=CARTESIAN_POINT('',(0.00876898318130936,-0.00166876999428914,0.0062));
#5383=CARTESIAN_POINT('',(0.00388640458015267,-0.000449942748091603,0.0062));
#5384=CARTESIAN_POINT('',(0.00388640458015267,-0.000449942748091603,0.0062));
#5385=CARTESIAN_POINT('',(0.0038808317256083,-0.00044974068911021,0.0062));
#5386=CARTESIAN_POINT('',(0.0012472624206024,-0.00107289050488793,0.0062));
#5387=CARTESIAN_POINT('',(0.00381172900763358,-0.000208301526717557,0.0062));
#5388=CARTESIAN_POINT('',(0.00381172900763358,-0.000208301526717557,0.0062));
#5389=CARTESIAN_POINT('',(0.00364433985865935,0.000297557251908397,0.0062));
#5390=CARTESIAN_POINT('',(0.00364433985865935,0.000297557251908397,0.0062));
#5391=CARTESIAN_POINT('',(0.00341155725190839,0.000297557251908397,0.0062));
#5392=CARTESIAN_POINT('',(0.00341155725190839,0.000297557251908397,0.0062));
#5393=CARTESIAN_POINT('',(0.00377096542521469,-0.000652091371958493,0.0062));
#5394=CARTESIAN_POINT('',(0.00377096542521469,-0.000652091371958493,0.0062));
#5395=CARTESIAN_POINT('',(0.,0.,0.0062));
#5396=CARTESIAN_POINT('',(0.00319019177165715,-0.000181025475460168,0.0062));
#5397=CARTESIAN_POINT('',(0.00318212213740457,0.000124637404580152,0.0062));
#5398=CARTESIAN_POINT('',(0.00324563358778625,0.000119675572519084,0.0062));
#5399=CARTESIAN_POINT('',(0.00324563358778625,0.000119675572519084,0.0062));
#5400=CARTESIAN_POINT('',(0.00324581553778029,0.000313435114503817,0.0062));
#5401=CARTESIAN_POINT('',(0.00321855853224892,0.00031331106870229,0.0062));
#5402=CARTESIAN_POINT('',(0.00319130152671756,0.000313187022900763,0.0062));
#5403=CARTESIAN_POINT('',(0.00319867979322541,2.01710832918337E-5,0.0062));
#5404=CARTESIAN_POINT('',(0.00292361068702289,0.000121412213740458,0.0062));
#5405=CARTESIAN_POINT('',(0.00292361068702289,0.000121412213740458,0.0062));
#5406=CARTESIAN_POINT('',(0.00291634770843272,0.000121559275852815,0.0062));
#5407=CARTESIAN_POINT('',(0.00291634770843272,0.000121559275852815,0.0062));
#5408=CARTESIAN_POINT('',(0.00290885359762643,0.000297557251908397,0.0062));
#5409=CARTESIAN_POINT('',(0.00290885359762643,0.000297557251908397,0.0062));
#5410=CARTESIAN_POINT('',(0.00271963481035305,0.000297557251908397,0.0062));
#5411=CARTESIAN_POINT('',(-0.00180008512896851,3.62151203392984E-5,0.0062));
#5412=CARTESIAN_POINT('',(0.00272712213740457,1.24999999999998E-5,0.0062));
#5413=CARTESIAN_POINT('',(0.00272712213740457,1.24999999999998E-5,0.0062));
#5414=CARTESIAN_POINT('',(0.00272712213740457,-0.000637252150673903,0.0062));
#5415=CARTESIAN_POINT('',(0.00272712213740457,-0.000637252150673903,0.0062));
#5416=CARTESIAN_POINT('',(0.00294445062395634,-0.000637252150673903,0.0062));
#5417=CARTESIAN_POINT('',(0.00294445062395634,-0.000637252150673903,0.0062));
#5418=CARTESIAN_POINT('',(0.00294445062395634,-0.00014182581777791,0.0062));
#5419=CARTESIAN_POINT('',(0.00337973812185314,-0.000364086009810917,0.0062));
#5420=CARTESIAN_POINT('',(0.,0.,0.0062));
#5421=CARTESIAN_POINT('',(0.00204153321225457,0.0001965441409018,0.00619999999999998));
#5422=CARTESIAN_POINT('',(0.00202159923664122,-0.000667519083969466,0.0062));
#5423=CARTESIAN_POINT('',(0.00235032061068702,-0.000610706106870229,0.0062));
#5424=CARTESIAN_POINT('',(0.00235032061068702,-0.000610706106870229,0.0062));
#5425=CARTESIAN_POINT('',(0.00231541092408158,-0.000469721269680344,0.0062));
#5426=CARTESIAN_POINT('',(0.00207189688990115,0.000178831193547566,0.0062));
#5427=CARTESIAN_POINT('',(0.00205409923664122,-0.000513702290076336,0.0062));
#5428=CARTESIAN_POINT('',(0.00205409923664122,-0.000513702290076336,0.0062));
#5429=CARTESIAN_POINT('',(0.00204359144693226,-0.000513592946621547,0.0062));
#5430=CARTESIAN_POINT('',(0.00202286905547083,-0.000513377310608966,0.0062));
#5431=CARTESIAN_POINT('',(0.00199241877656034,-0.000510673668149661,0.0062));
#5432=CARTESIAN_POINT('',(0.0019631255417279,-0.000505711932159822,0.0062));
#5433=CARTESIAN_POINT('',(0.00193504470721098,-0.000498426965156564,0.0062));
#5434=CARTESIAN_POINT('',(0.00190792175022165,-0.000489350054733114,0.0062));
#5435=CARTESIAN_POINT('',(0.00188201545998989,-0.000477879046040016,0.0062));
#5436=CARTESIAN_POINT('',(0.0018573604653042,-0.000464167669238283,0.0062));
#5437=CARTESIAN_POINT('',(0.0018339762938086,-0.000448319610255938,0.0062));
#5438=CARTESIAN_POINT('',(0.00181222577241257,-0.000430117602247549,0.0062));
#5439=CARTESIAN_POINT('',(0.00179326953762197,-0.000408702975082897,0.0062));
#5440=CARTESIAN_POINT('',(0.00177674889959259,-0.000384761306175895,0.0062));
#5441=CARTESIAN_POINT('',(0.00176312764068541,-0.000357913408466933,0.0062));
#5442=CARTESIAN_POINT('',(0.00175197239908059,-0.000328456356882156,0.0062));
#5443=CARTESIAN_POINT('',(0.00174331938669689,-0.000296309425544686,0.0062));
#5444=CARTESIAN_POINT('',(0.00173732028194834,-0.000261421671781711,0.0062));
#5445=CARTESIAN_POINT('',(0.0017356615772194,-0.00023718611685796,0.0062));
#5446=CARTESIAN_POINT('',(0.00173480534351145,-0.000224675572519084,0.0062));
#5447=CARTESIAN_POINT('',(0.00173480534351145,-0.000224675572519084,0.0062));
#5448=CARTESIAN_POINT('',(0.00173480534351145,-0.000224675572519084,0.0062));
#5449=CARTESIAN_POINT('',(0.00239626843541269,-0.000224427723192987,0.0062));
#5450=CARTESIAN_POINT('',(0.00188130071224461,-0.000149192937737005,0.0062));
#5451=CARTESIAN_POINT('',(0.00240167557251908,-0.00014131679389313,0.0062));
#5452=CARTESIAN_POINT('',(0.00240167557251908,-0.00014131679389313,0.0062));
#5453=CARTESIAN_POINT('',(0.0024015895256106,-0.00012641975851293,0.0062));
#5454=CARTESIAN_POINT('',(0.00240141944893481,-9.69749091700552E-5,0.0062));
#5455=CARTESIAN_POINT('',(0.0023969266810862,-5.36378226032487E-5,0.0062));
#5456=CARTESIAN_POINT('',(0.0023901651028556,-1.17108250621044E-5,0.0062));
#5457=CARTESIAN_POINT('',(0.00238003514708559,2.85832623246573E-5,0.0062));
#5458=CARTESIAN_POINT('',(0.00236635903316728,6.7177922910843E-5,0.0062));
#5459=CARTESIAN_POINT('',(0.00235047073295006,0.000104553537826879,0.0062));
#5460=CARTESIAN_POINT('',(0.00233083395327192,0.000140089437816109,0.0062));
#5461=CARTESIAN_POINT('',(0.00230877501193402,0.000174145288693136,0.0062));
#5462=CARTESIAN_POINT('',(0.00228310512387505,0.00020566698862209,0.0062));
#5463=CARTESIAN_POINT('',(0.00225302304490073,0.000233114605192142,0.0062));
#5464=CARTESIAN_POINT('',(0.00221915435507527,0.000256552623716816,0.0062));
#5465=CARTESIAN_POINT('',(0.00218173994468922,0.000276307883706948,0.0062));
#5466=CARTESIAN_POINT('',(0.00214034171077621,0.000291681783793448,0.0062));
#5467=CARTESIAN_POINT('',(0.00209521492604824,0.000302850130706301,0.0062));
#5468=CARTESIAN_POINT('',(0.00204633921754435,0.00031081218628412,0.0062));
#5469=CARTESIAN_POINT('',(0.00201236979939086,0.000312377599705697,0.0062));
#5470=CARTESIAN_POINT('',(0.00199480534351145,0.000313187022900763,0.0062));
#5471=CARTESIAN_POINT('',(0.00199480534351145,0.000313187022900763,0.0062));
#5472=CARTESIAN_POINT('',(0.00199480534351145,0.000313187022900763,0.0062));
#5473=CARTESIAN_POINT('',(0.00197674997485566,0.000312349837945082,0.0062));
#5474=CARTESIAN_POINT('',(0.00194147647563006,0.000310714288793529,0.0062));
#5475=CARTESIAN_POINT('',(0.00189030415553174,0.000302947480880264,0.0062));
#5476=CARTESIAN_POINT('',(0.00184233779447276,0.000291087897777725,0.0062));
#5477=CARTESIAN_POINT('',(0.00179758607333552,0.000274986119895735,0.0062));
#5478=CARTESIAN_POINT('',(0.00175618528203052,0.000254346830739243,0.0062));
#5479=CARTESIAN_POINT('',(0.00171816297035659,0.000229220408321151,0.0062));
#5480=CARTESIAN_POINT('',(0.00168311394358444,0.000200172749297925,0.0062));
#5481=CARTESIAN_POINT('',(0.00165204610359565,0.000166489882917056,0.0062));
#5482=CARTESIAN_POINT('',(0.00162437785179345,0.000129763140890718,0.0062));
#5483=CARTESIAN_POINT('',(0.00159995021264884,9.0717098651595E-5,0.0062));
#5484=CARTESIAN_POINT('',(0.0015791223067396,4.93466571332219E-5,0.0062));
#5485=CARTESIAN_POINT('',(0.00156275964705101,5.37452977296749E-6,0.0062));
#5486=CARTESIAN_POINT('',(0.00154905510950048,-4.06238676430426E-5,0.0062));
#5487=CARTESIAN_POINT('',(0.00153986247359103,-8.91736385088292E-5,0.0062));
#5488=CARTESIAN_POINT('',(0.00153405015138578,-0.000139936875502858,0.0062));
#5489=CARTESIAN_POINT('',(0.00153309650751728,-0.000174544966118108,0.0062));
#5490=CARTESIAN_POINT('',(0.0015326106870229,-0.000192175572519084,0.0062));
#5491=CARTESIAN_POINT('',(0.0015326106870229,-0.000192175572519084,0.0062));
#5492=CARTESIAN_POINT('',(0.0015326106870229,-0.000192175572519084,0.0062));
#5493=CARTESIAN_POINT('',(0.00153308164099171,-0.000209723871578482,0.0062));
#5494=CARTESIAN_POINT('',(0.00153400408361729,-0.000244095169265346,0.0062));
#5495=CARTESIAN_POINT('',(0.00153997275939557,-0.00029424550970464,0.0062));
#5496=CARTESIAN_POINT('',(0.00154982891093382,-0.000341688032838032,0.0062));
#5497=CARTESIAN_POINT('',(0.00156379235612807,-0.000386276957060796,0.0062));
#5498=CARTESIAN_POINT('',(0.00158140394856462,-0.00042823749393576,0.0062));
#5499=CARTESIAN_POINT('',(0.00160300470242788,-0.000467415606458946,0.0062));
#5500=CARTESIAN_POINT('',(0.00162890385883499,-0.000503553287062703,0.0062));
#5501=CARTESIAN_POINT('',(0.00165804420392943,-0.000537154533481934,0.0062));
#5502=CARTESIAN_POINT('',(0.00169115021385147,-0.000567380863210218,0.0062));
#5503=CARTESIAN_POINT('',(0.00172816154271418,-0.000593368050208473,0.0062));
#5504=CARTESIAN_POINT('',(0.0017683761445768,-0.000615983312702767,0.0062));
#5505=CARTESIAN_POINT('',(0.0018122978692704,-0.000634251356576353,0.0062));
#5506=CARTESIAN_POINT('',(0.00185967575614962,-0.000648658979181292,0.0062));
#5507=CARTESIAN_POINT('',(0.00191061414658717,-0.000658895168873455,0.0062));
#5508=CARTESIAN_POINT('',(0.00196493748713394,-0.000665745945142709,0.0062));
#5509=CARTESIAN_POINT('',(0.00200239215851015,-0.000666918029178908,0.0062));
#5510=CARTESIAN_POINT('',(0.00202159923664122,-0.000667519083969466,0.0062));
#5511=CARTESIAN_POINT('',(0.00197967175572519,0.000172270992366412,0.0062));
#5512=CARTESIAN_POINT('',(0.00198977748893649,0.000171618675164201,0.0062));
#5513=CARTESIAN_POINT('',(0.00200926171282535,0.000170360983698507,0.0062));
#5514=CARTESIAN_POINT('',(0.00203723097534204,0.00016571529597868,0.0062));
#5515=CARTESIAN_POINT('',(0.00206273145445587,0.000158445727028606,0.0062));
#5516=CARTESIAN_POINT('',(0.00208601333941601,0.000149149866824065,0.0062));
#5517=CARTESIAN_POINT('',(0.00210678200468608,0.000137148261495861,0.0062));
#5518=CARTESIAN_POINT('',(0.0021250869999686,0.000122815880103397,0.0062));
#5519=CARTESIAN_POINT('',(0.00214126944133426,0.000106369341659752,0.0062));
#5520=CARTESIAN_POINT('',(0.00215867867058188,8.11024827313146E-5,0.0062));
#5521=CARTESIAN_POINT('',(0.00217591195860682,4.73095599716041E-5,0.0062));
#5522=CARTESIAN_POINT('',(0.00219080325625343,4.94108891640123E-6,0.0062));
#5523=CARTESIAN_POINT('',(0.00219944237289922,-3.89112208250574E-5,0.0062));
#5524=CARTESIAN_POINT('',(0.00219946802020904,-6.85890354352799E-5,0.0062));
#5525=CARTESIAN_POINT('',(0.00219948091603053,-8.35114503816795E-5,0.0062));
#5526=CARTESIAN_POINT('',(0.00197967175572519,0.000172270992366412,0.0062));
#5527=CARTESIAN_POINT('',(0.00219948091603053,-8.35114503816795E-5,0.0062));
#5528=CARTESIAN_POINT('',(0.00219948091603053,-8.35114503816795E-5,0.0062));
#5529=CARTESIAN_POINT('',(0.00173684894963621,-8.35114503816795E-5,0.0062));
#5530=CARTESIAN_POINT('',(0.00173684894963621,-8.35114503816795E-5,0.0062));
#5531=CARTESIAN_POINT('',(0.00173872431116505,-6.87920424091548E-5,0.0062));
#5532=CARTESIAN_POINT('',(0.00174248052473707,-3.93101323091328E-5,0.0062));
#5533=CARTESIAN_POINT('',(0.00175587142261913,3.96478880365254E-6,0.0062));
#5534=CARTESIAN_POINT('',(0.00177550725846766,4.60416592593195E-5,0.0062));
#5535=CARTESIAN_POINT('',(0.00179639278955139,7.98754392256048E-5,0.0062));
#5536=CARTESIAN_POINT('',(0.00181636600772803,0.000105326154308796,0.0062));
#5537=CARTESIAN_POINT('',(0.00183399399599381,0.000121944874431231,0.0062));
#5538=CARTESIAN_POINT('',(0.0018531982562481,0.000136663391818548,0.0062));
#5539=CARTESIAN_POINT('',(0.00187479071233293,0.000148464552545273,0.0062));
#5540=CARTESIAN_POINT('',(0.00189820482285085,0.000158271433187913,0.0062));
#5541=CARTESIAN_POINT('',(0.00192365759778708,0.000165269869666969,0.0062));
#5542=CARTESIAN_POINT('',(0.0019509513552752,0.000170456983242323,0.0062));
#5543=CARTESIAN_POINT('',(0.00196988892130857,0.000171653098792048,0.0062));
#5544=CARTESIAN_POINT('',(0.00197967175572519,0.000172270992366412,0.0062));
#5545=CARTESIAN_POINT('',(0.,0.,0.0062));
#5546=CARTESIAN_POINT('',(0.,0.,0.0062));
#5547=CARTESIAN_POINT('',(0.000887501105534985,-2.81089765775513E-5,0.0062));
#5548=CARTESIAN_POINT('',(0.000880179389312976,0.000521583969465649,0.0062));
#5549=CARTESIAN_POINT('',(0.00113397709923664,0.000463282442748092,0.0062));
#5550=CARTESIAN_POINT('',(0.00113397709923664,0.000463282442748092,0.0062));
#5551=CARTESIAN_POINT('',(0.00118575628801884,0.000622052831285782,0.0062));
#5552=CARTESIAN_POINT('',(0.000901623551933282,-6.41726696933228E-5,0.0062));
#5553=CARTESIAN_POINT('',(0.000885637404580152,0.00067837786259542,0.0062));
#5554=CARTESIAN_POINT('',(0.0012139118832205,7.42892305498812E-5,0.0062));
#5555=CARTESIAN_POINT('',(0.00041748854961832,0.000323854961832061,0.0062));
#5556=CARTESIAN_POINT('',(0.00041748854961832,0.000323854961832061,0.0062));
#5557=CARTESIAN_POINT('',(0.00041793131243467,0.000312920108762922,0.0062));
#5558=CARTESIAN_POINT('',(0.00041880452688309,0.000291354450268722,0.0062));
#5559=CARTESIAN_POINT('',(0.000423875367167508,0.000259764595362619,0.0062));
#5560=CARTESIAN_POINT('',(0.000431825399558503,0.000229501378323887,0.0062));
#5561=CARTESIAN_POINT('',(0.000442809868637049,0.000200567379748459,0.0062));
#5562=CARTESIAN_POINT('',(0.000456764477077087,0.000172865212945342,0.0062));
#5563=CARTESIAN_POINT('',(0.00047380811418733,0.000146564624392404,0.0062));
#5564=CARTESIAN_POINT('',(0.000493366022178746,0.00012121166438535,0.0062));
#5565=CARTESIAN_POINT('',(0.000516508544941183,9.79210505719068E-5,0.0062));
#5566=CARTESIAN_POINT('',(0.000541471815571086,7.52183084195677E-5,0.0062));
#5567=CARTESIAN_POINT('',(0.000569026002264432,5.3934716070652E-5,0.0062));
#5568=CARTESIAN_POINT('',(0.000598367827207073,3.34012174675712E-5,0.0062));
#5569=CARTESIAN_POINT('',(0.000629863168237182,1.39796240641587E-5,0.0062));
#5570=CARTESIAN_POINT('',(0.000663336021571276,-4.45616456774825E-6,0.0062));
#5571=CARTESIAN_POINT('',(0.000699209644765402,-2.13490666570768E-5,0.0062));
#5572=CARTESIAN_POINT('',(0.000736796718780687,-3.79378075121069E-5,0.0062));
#5573=CARTESIAN_POINT('',(0.000762942053872405,-4.75931791210533E-5,0.0062));
#5574=CARTESIAN_POINT('',(0.000776229007633587,-5.25E-5,0.0062));
#5575=CARTESIAN_POINT('',(0.000776229007633587,-5.25E-5,0.0062));
#5576=CARTESIAN_POINT('',(0.000776229007633587,-5.25E-5,0.0062));
#5577=CARTESIAN_POINT('',(0.000786595645201033,-5.64790355614226E-5,0.0062));
#5578=CARTESIAN_POINT('',(0.000806715552739928,-6.4201677263607E-5,0.0062));
#5579=CARTESIAN_POINT('',(0.000835502878921541,-7.66395017886069E-5,0.0062));
#5580=CARTESIAN_POINT('',(0.000862211748334743,-8.92673831373908E-5,0.0062));
#5581=CARTESIAN_POINT('',(0.000886697632539408,-0.000102385549440629,0.0062));
#5582=CARTESIAN_POINT('',(0.000909100122342497,-0.000115731815109676,0.0062));
#5583=CARTESIAN_POINT('',(0.00092926224227883,-0.000129463593258351,0.0062));
#5584=CARTESIAN_POINT('',(0.000947517351150788,-0.000143239052972276,0.0062));
#5585=CARTESIAN_POINT('',(0.000963467653652353,-0.000157749301787042,0.0062));
#5586=CARTESIAN_POINT('',(0.000977556277987231,-0.000172654891948151,0.0062));
#5587=CARTESIAN_POINT('',(0.000989501932982182,-0.000188439284340412,0.0062));
#5588=CARTESIAN_POINT('',(0.000999782303014086,-0.000204809929477784,0.0062));
#5589=CARTESIAN_POINT('',(0.00100802300357138,-0.000222038188000838,0.0062));
#5590=CARTESIAN_POINT('',(0.00101426512107394,-0.000240118397546827,0.0062));
#5591=CARTESIAN_POINT('',(0.00101862869881976,-0.000258913793151575,0.0062));
#5592=CARTESIAN_POINT('',(0.0010215669225866,-0.000278501869019917,0.0062));
#5593=CARTESIAN_POINT('',(0.00102174754161035,-0.000291814616517916,0.0062));
#5594=CARTESIAN_POINT('',(0.00102183969465649,-0.000298606870229008,0.0062));
#5595=CARTESIAN_POINT('',(0.00102183969465649,-0.000298606870229008,0.0062));
#5596=CARTESIAN_POINT('',(0.00102183969465649,-0.000298606870229008,0.0062));
#5597=CARTESIAN_POINT('',(0.0010216016310164,-0.000305983037479878,0.0062));
#5598=CARTESIAN_POINT('',(0.0010211361374099,-0.000320405898083072,0.0062));
#5599=CARTESIAN_POINT('',(0.00101749287251884,-0.000341342756584082,0.0062));
#5600=CARTESIAN_POINT('',(0.0010121194057257,-0.000361206167128629,0.0062));
#5601=CARTESIAN_POINT('',(0.00100427055763298,-0.000379858544702042,0.0062));
#5602=CARTESIAN_POINT('',(0.00099473333698409,-0.000397599234083597,0.0062));
#5603=CARTESIAN_POINT('',(0.00098254114639794,-0.00041389648147202,0.0062));
#5604=CARTESIAN_POINT('',(0.000968302564271112,-0.000429010677736634,0.0062));
#5605=CARTESIAN_POINT('',(0.000952212264836615,-0.000443201066114748,0.0062));
#5606=CARTESIAN_POINT('',(0.000934024753799005,-0.000455915332683316,0.0062));
#5607=CARTESIAN_POINT('',(0.000913725183978802,-0.0004667946760458,0.0062));
#5608=CARTESIAN_POINT('',(0.000891654469060877,-0.000476215625440645,0.0062));
#5609=CARTESIAN_POINT('',(0.000867655647118914,-0.000483939433884756,0.0062));
#5610=CARTESIAN_POINT('',(0.000841806045536811,-0.000489737743146505,0.0062));
#5611=CARTESIAN_POINT('',(0.000814149943432399,-0.000494277827439139,0.0062));
#5612=CARTESIAN_POINT('',(0.00078454762562184,-0.000496928813109824,0.0062));
#5613=CARTESIAN_POINT('',(0.000764160179824858,-0.000497519825141263,0.0062));
#5614=CARTESIAN_POINT('',(0.000753652671755724,-0.000497824427480916,0.0062));
#5615=CARTESIAN_POINT('',(0.000753652671755724,-0.000497824427480916,0.0062));
#5616=CARTESIAN_POINT('',(0.000752975004384268,0.000168234899657459,0.0062));
#5617=CARTESIAN_POINT('',(0.000441801526717556,-0.000420667938931298,0.0062));
#5618=CARTESIAN_POINT('',(0.000441801526717556,-0.000420667938931298,0.0062));
#5619=CARTESIAN_POINT('',(0.000393309067121898,-0.000587867627325859,0.0062));
#5620=CARTESIAN_POINT('',(0.000393309067121898,-0.000587867627325859,0.0062));
#5621=CARTESIAN_POINT('',(0.000403084032305468,-0.000593455674648006,0.0062));
#5622=CARTESIAN_POINT('',(0.000423710117505004,-0.000605246973952003,0.0062));
#5623=CARTESIAN_POINT('',(0.000458681717584878,-0.000619561477812744,0.0062));
#5624=CARTESIAN_POINT('',(0.000498360101860173,-0.000632929547489176,0.0062));
#5625=CARTESIAN_POINT('',(0.000542557888997514,-0.00064457536211034,0.0062));
#5626=CARTESIAN_POINT('',(0.00058976701091614,-0.000654306902351635,0.0062));
#5627=CARTESIAN_POINT('',(0.000638840983879266,-0.000661902147218155,0.0062));
#5628=CARTESIAN_POINT('',(0.000689150240678098,-0.000666353349410806,0.0062));
#5629=CARTESIAN_POINT('',(0.000723129001661921,-0.000667128417220395,0.0062));
#5630=CARTESIAN_POINT('',(0.000740255725190839,-0.000667519083969466,0.0062));
#5631=CARTESIAN_POINT('',(0.000740255725190839,-0.000667519083969466,0.0062));
#5632=CARTESIAN_POINT('',(0.000740255725190839,-0.000667519083969466,0.0062));
#5633=CARTESIAN_POINT('',(0.000759951992445364,-0.000666941283859535,0.0062));
#5634=CARTESIAN_POINT('',(0.000798266959455909,-0.000665817294635354,0.0062));
#5635=CARTESIAN_POINT('',(0.000853880277394518,-0.000660055561654494,0.0062));
#5636=CARTESIAN_POINT('',(0.000905889237288589,-0.000651256636613525,0.0062));
#5637=CARTESIAN_POINT('',(0.000954198103990451,-0.000639144878175256,0.0062));
#5638=CARTESIAN_POINT('',(0.000998958289138722,-0.000623833200580196,0.0062));
#5639=CARTESIAN_POINT('',(0.00103995357342807,-0.000604927262474711,0.0062));
#5640=CARTESIAN_POINT('',(0.0010775283299026,-0.000583035901548383,0.0062));
#5641=CARTESIAN_POINT('',(0.00111132270598192,-0.000558001575393145,0.0062));
#5642=CARTESIAN_POINT('',(0.00114113471877407,-0.000530142034925925,0.0062));
#5643=CARTESIAN_POINT('',(0.00116701402145609,-0.000500186938813723,0.0062));
#5644=CARTESIAN_POINT('',(0.00118944259451813,-0.000468645954298675,0.0062));
#5645=CARTESIAN_POINT('',(0.00120727484326951,-0.000434757975644318,0.0062));
#5646=CARTESIAN_POINT('',(0.00122168564698095,-0.000399172110887605,0.0062));
#5647=CARTESIAN_POINT('',(0.00123135436955682,-0.000361437210945106,0.0062));
#5648=CARTESIAN_POINT('',(0.00123787395745781,-0.000321985538506946,0.0062));
#5649=CARTESIAN_POINT('',(0.00123873111288029,-0.000294995301476202,0.0062));
#5650=CARTESIAN_POINT('',(0.0012391679389313,-0.000281240458015268,0.0062));
#5651=CARTESIAN_POINT('',(0.0012391679389313,-0.000281240458015268,0.0062));
#5652=CARTESIAN_POINT('',(0.0012391679389313,-0.000281240458015268,0.0062));
#5653=CARTESIAN_POINT('',(0.00123895615847838,-0.000270311713319149,0.0062));
#5654=CARTESIAN_POINT('',(0.00123853756529789,-0.000248710579039751,0.0062));
#5655=CARTESIAN_POINT('',(0.00123442551611618,-0.000217009409247121,0.0062));
#5656=CARTESIAN_POINT('',(0.00122799538162855,-0.00018654507542847,0.0062));
#5657=CARTESIAN_POINT('',(0.00121907112024521,-0.000157351460716317,0.0062));
#5658=CARTESIAN_POINT('',(0.00120744143933119,-0.000129456470572483,0.0062));
#5659=CARTESIAN_POINT('',(0.00119277829618118,-0.000103036103639565,0.0062));
#5660=CARTESIAN_POINT('',(0.00117602433240104,-7.76061484516609E-5,0.0062));
#5661=CARTESIAN_POINT('',(0.00115615313510448,-5.36508722851694E-5,0.0062));
#5662=CARTESIAN_POINT('',(0.0011335731631774,-3.0879740765889E-5,0.0062));
#5663=CARTESIAN_POINT('',(0.00110882618511974,-8.33556513942128E-6,0.0062));
#5664=CARTESIAN_POINT('',(0.00108084187458385,1.28733396160355E-5,0.0062));
#5665=CARTESIAN_POINT('',(0.00105026088618366,3.34590289430815E-5,0.0062));
#5666=CARTESIAN_POINT('',(0.00101697555768449,5.34336365050641E-5,0.0062));
#5667=CARTESIAN_POINT('',(0.000980622979325518,7.19776842118571E-5,0.0062));
#5668=CARTESIAN_POINT('',(0.000941941525235606,9.06646366574015E-5,0.0062));
#5669=CARTESIAN_POINT('',(0.000914733307014857,0.00010163921771074,0.0062));
#5670=CARTESIAN_POINT('',(0.000900770992366411,0.000107270992366412,0.0062));
#5671=CARTESIAN_POINT('',(0.000900770992366411,0.000107270992366412,0.0062));
#5672=CARTESIAN_POINT('',(0.000900770992366411,0.000107270992366412,0.0062));
#5673=CARTESIAN_POINT('',(0.000889738214009653,0.000111487601601174,0.0062));
#5674=CARTESIAN_POINT('',(0.000868287036635861,0.000119686010894463,0.0062));
#5675=CARTESIAN_POINT('',(0.000837646802734413,0.000132990886010603,0.0062));
#5676=CARTESIAN_POINT('',(0.00080895999880955,0.000145740885777357,0.0062));
#5677=CARTESIAN_POINT('',(0.000782736597829307,0.000158852714978113,0.0062));
#5678=CARTESIAN_POINT('',(0.000758797625018581,0.000172116859107429,0.0062));
#5679=CARTESIAN_POINT('',(0.000736990295902089,0.000185084444071158,0.0062));
#5680=CARTESIAN_POINT('',(0.000717552729344401,0.000198299401876865,0.0062));
#5681=CARTESIAN_POINT('',(0.000700221794056598,0.000211511706620708,0.0062));
#5682=CARTESIAN_POINT('',(0.000684826596113757,0.000225099222881409,0.0062));
#5683=CARTESIAN_POINT('',(0.000671928024603943,0.000239891409979828,0.0062));
#5684=CARTESIAN_POINT('',(0.000660817277354906,0.000255359233318505,0.0062));
#5685=CARTESIAN_POINT('',(0.000651904870250587,0.000271806597990208,0.0062));
#5686=CARTESIAN_POINT('',(0.000644834776715125,0.000289095173067719,0.0062));
#5687=CARTESIAN_POINT('',(0.000639923004680495,0.000307341943734866,0.0062));
#5688=CARTESIAN_POINT('',(0.000636793024044805,0.000326474798695698,0.0062));
#5689=CARTESIAN_POINT('',(0.000636634011623501,0.000339555042338588,0.0062));
#5690=CARTESIAN_POINT('',(0.000636553435114503,0.00034618320610687,0.0062));
#5691=CARTESIAN_POINT('',(0.000636553435114503,0.00034618320610687,0.0062));
#5692=CARTESIAN_POINT('',(0.000636553435114503,0.00034618320610687,0.0062));
#5693=CARTESIAN_POINT('',(0.000636686560510004,0.000351648534713439,0.0062));
#5694=CARTESIAN_POINT('',(0.000636952199929713,0.000362554092695856,0.0062));
#5695=CARTESIAN_POINT('',(0.000639393695916999,0.000378670088122824,0.0062));
#5696=CARTESIAN_POINT('',(0.000644021142819123,0.000394267253909667,0.0062));
#5697=CARTESIAN_POINT('',(0.000650287663203306,0.000409458280969758,0.0062));
#5698=CARTESIAN_POINT('',(0.000658122254247893,0.000424404554138613,0.0062));
#5699=CARTESIAN_POINT('',(0.000668310532631008,0.000438664000182418,0.0062));
#5700=CARTESIAN_POINT('',(0.000680222465697724,0.00045248754454857,0.0062));
#5701=CARTESIAN_POINT('',(0.00069383694931846,0.000465955835505187,0.0062));
#5702=CARTESIAN_POINT('',(0.000709506873053073,0.000478469454221563,0.0062));
#5703=CARTESIAN_POINT('',(0.000727543359483662,0.000489387486657696,0.0062));
#5704=CARTESIAN_POINT('',(0.000747715195370513,0.000498730176568986,0.0062));
#5705=CARTESIAN_POINT('',(0.000770002104867774,0.000506788114343137,0.0062));
#5706=CARTESIAN_POINT('',(0.000794542244854385,0.000512873630121373,0.0062));
#5707=CARTESIAN_POINT('',(0.000821202883423546,0.000517129558995516,0.0062));
#5708=CARTESIAN_POINT('',(0.000849912443605811,0.000520587548976591,0.0062));
#5709=CARTESIAN_POINT('',(0.000869830989763321,0.000521243288993956,0.0062));
#5710=CARTESIAN_POINT('',(0.000880179389312976,0.000521583969465649,0.0062));
#5711=CARTESIAN_POINT('',(0.,0.,0.0062));
#5712=CARTESIAN_POINT('',(-0.00119255774680518,-0.000505847683900117,0.0062));
#5713=CARTESIAN_POINT('',(-0.000402603053435117,-0.000163148854961833,0.0062));
#5714=CARTESIAN_POINT('',(-0.000867030534351147,0.000327576335877863,0.0062));
#5715=CARTESIAN_POINT('',(-0.000867030534351147,0.000327576335877863,0.0062));
#5716=CARTESIAN_POINT('',(-0.000867013817241176,0.00032782418520396,0.0062));
#5717=CARTESIAN_POINT('',(-0.000867013817241176,0.00032782418520396,0.0062));
#5718=CARTESIAN_POINT('',(-0.000884240124820435,0.000327191340337677,0.0062));
#5719=CARTESIAN_POINT('',(-0.000917976916279495,0.000325951947903665,0.0062));
#5720=CARTESIAN_POINT('',(-0.000967306065408093,0.00031943984863422,0.0062));
#5721=CARTESIAN_POINT('',(-0.0010141542705143,0.000309062109705025,0.0062));
#5722=CARTESIAN_POINT('',(-0.00105867426567698,0.000294672810625203,0.0062));
#5723=CARTESIAN_POINT('',(-0.00110074963562932,0.000275908300409722,0.0062));
#5724=CARTESIAN_POINT('',(-0.00114058748580785,0.00025338740486353,0.0062));
#5725=CARTESIAN_POINT('',(-0.00117785118846732,0.000226514668069363,0.0062));
#5726=CARTESIAN_POINT('',(-0.00121253390315888,0.000195862276289994,0.0062));
#5727=CARTESIAN_POINT('',(-0.00124402026948265,0.000161392130290945,0.0062));
#5728=CARTESIAN_POINT('',(-0.00127191218775809,0.000123445772082268,0.0062));
#5729=CARTESIAN_POINT('',(-0.00129512361877559,8.17265169584148E-5,0.0062));
#5730=CARTESIAN_POINT('',(-0.00131463830126011,3.67080335905701E-5,0.0062));
#5731=CARTESIAN_POINT('',(-0.00132996387568256,-1.17647424252719E-5,0.0062));
#5732=CARTESIAN_POINT('',(-0.00134099768427993,-6.37811446078748E-5,0.0062));
#5733=CARTESIAN_POINT('',(-0.00134834711231336,-0.000119117976883273,0.0062));
#5734=CARTESIAN_POINT('',(-0.0013496469530569,-0.000157253613879662,0.0062));
#5735=CARTESIAN_POINT('',(-0.00135031297709924,-0.000176793893129771,0.0062));
#5736=CARTESIAN_POINT('',(-0.00135031297709924,-0.000176793893129771,0.0062));
#5737=CARTESIAN_POINT('',(-0.00135031297709924,-0.000176793893129771,0.0062));
#5738=CARTESIAN_POINT('',(-0.001349633774203,-0.000195590136463774,0.0062));
#5739=CARTESIAN_POINT('',(-0.00134830970834573,-0.000232232300655714,0.0062));
#5740=CARTESIAN_POINT('',(-0.00134114502865824,-0.00028547050814947,0.0062));
#5741=CARTESIAN_POINT('',(-0.00133073806701929,-0.000335522441082367,0.0062));
#5742=CARTESIAN_POINT('',(-0.00131591231676928,-0.000382343625871628,0.0062));
#5743=CARTESIAN_POINT('',(-0.00129748533688132,-0.000426112230471837,0.0062));
#5744=CARTESIAN_POINT('',(-0.00127468731680876,-0.000466524651439156,0.0062));
#5745=CARTESIAN_POINT('',(-0.00124831634216295,-0.000503837828971406,0.0062));
#5746=CARTESIAN_POINT('',(-0.00121790447841449,-0.000537502791237333,0.0062));
#5747=CARTESIAN_POINT('',(-0.00118457346833459,-0.000567810377482491,0.0062));
#5748=CARTESIAN_POINT('',(-0.00114827308527598,-0.000593855187558152,0.0062));
#5749=CARTESIAN_POINT('',(-0.00110998915820166,-0.000616506267516215,0.0062));
#5750=CARTESIAN_POINT('',(-0.00106891717812731,-0.000634531582049531,0.0062));
#5751=CARTESIAN_POINT('',(-0.00102566978547732,-0.000649004945348145,0.0062));
#5752=CARTESIAN_POINT('',(-0.000979965553297942,-0.000659365457588864,0.0062));
#5753=CARTESIAN_POINT('',(-0.000931888399769807,-0.000665959419765801,0.0062));
#5754=CARTESIAN_POINT('',(-0.000898973283233072,-0.000666991843593078,0.0062));
#5755=CARTESIAN_POINT('',(-0.000882164122137407,-0.000667519083969466,0.0062));
#5756=CARTESIAN_POINT('',(-0.000882164122137407,-0.000667519083969466,0.0062));
#5757=CARTESIAN_POINT('',(-0.000882164122137407,-0.000667519083969466,0.0062));
#5758=CARTESIAN_POINT('',(-0.00086709932342417,-0.000667284158972599,0.0062));
#5759=CARTESIAN_POINT('',(-0.000837206693267862,-0.000666818004317666,0.0062));
#5760=CARTESIAN_POINT('',(-0.000793003495184665,-0.000661536324523189,0.0062));
#5761=CARTESIAN_POINT('',(-0.000749988629035665,-0.000652299240435592,0.0062));
#5762=CARTESIAN_POINT('',(-0.000708295312665906,-0.000639149456070679,0.0062));
#5763=CARTESIAN_POINT('',(-0.000667854904188243,-0.000622055631559787,0.0062));
#5764=CARTESIAN_POINT('',(-0.000628503400906575,-0.000601578447423654,0.0062));
#5765=CARTESIAN_POINT('',(-0.000590758855147286,-0.000576601525204502,0.0062));
#5766=CARTESIAN_POINT('',(-0.000553968780872041,-0.000548785238672622,0.0062));
#5767=CARTESIAN_POINT('',(-0.000520071323721822,-0.000516209079031142,0.0062));
#5768=CARTESIAN_POINT('',(-0.000490081740303976,-0.000479042399294661,0.0062));
#5769=CARTESIAN_POINT('',(-0.000464708159466967,-0.000437156029104783,0.0062));
#5770=CARTESIAN_POINT('',(-0.00044359129021687,-0.000390925469234628,0.0062));
#5771=CARTESIAN_POINT('',(-0.000426767629823403,-0.000340249739180619,0.0062));
#5772=CARTESIAN_POINT('',(-0.000414264599955702,-0.000285159948641336,0.0062));
#5773=CARTESIAN_POINT('',(-0.000405745030856683,-0.000225659413305505,0.0062));
#5774=CARTESIAN_POINT('',(-0.000403672744410555,-0.000184430669296609,0.0062));
#5775=CARTESIAN_POINT('',(-0.000402603053435117,-0.000163148854961833,0.0062));
#5776=CARTESIAN_POINT('',(0.,0.,0.0062));
#5777=CARTESIAN_POINT('',(-0.00162080059475506,-0.000181025475460218,0.00620000000000016));
#5778=CARTESIAN_POINT('',(-0.00162887022900764,0.000124637404580152,0.0062));
#5779=CARTESIAN_POINT('',(-0.00156535877862595,0.000119675572519084,0.0062));
#5780=CARTESIAN_POINT('',(-0.00156535877862595,0.000119675572519084,0.0062));
#5781=CARTESIAN_POINT('',(-0.00156517682863192,0.000313435114503817,0.0062));
#5782=CARTESIAN_POINT('',(-0.00159243383416329,0.00031331106870229,0.0062));
#5783=CARTESIAN_POINT('',(-0.00161969083969466,0.000313187022900763,0.0062));
#5784=CARTESIAN_POINT('',(-0.00161231257318681,2.01710832918443E-5,0.0062));
#5785=CARTESIAN_POINT('',(-0.00188738167938932,0.000121412213740458,0.0062));
#5786=CARTESIAN_POINT('',(-0.00188738167938932,0.000121412213740458,0.0062));
#5787=CARTESIAN_POINT('',(-0.00189464465797948,0.000121559275852815,0.0062));
#5788=CARTESIAN_POINT('',(-0.00189464465797948,0.000121559275852815,0.0062));
#5789=CARTESIAN_POINT('',(-0.00190213876878579,0.000297557251908397,0.0062));
#5790=CARTESIAN_POINT('',(-0.00190213876878579,0.000297557251908397,0.0062));
#5791=CARTESIAN_POINT('',(-0.00209135755605916,0.000297557251908397,0.0062));
#5792=CARTESIAN_POINT('',(-0.00661107749538072,3.62151203392983E-5,0.0062));
#5793=CARTESIAN_POINT('',(-0.00208387022900764,1.24999999999998E-5,0.0062));
#5794=CARTESIAN_POINT('',(-0.00208387022900764,1.24999999999998E-5,0.0062));
#5795=CARTESIAN_POINT('',(-0.00208387022900764,-0.000637252150673903,0.0062));
#5796=CARTESIAN_POINT('',(-0.00208387022900764,-0.000637252150673903,0.0062));
#5797=CARTESIAN_POINT('',(-0.00186654174245587,-0.000637252150673903,0.0062));
#5798=CARTESIAN_POINT('',(-0.00186654174245587,-0.000637252150673903,0.0062));
#5799=CARTESIAN_POINT('',(-0.00186654174245587,-0.00014182581777791,0.0062));
#5800=CARTESIAN_POINT('',(-0.00143125424455975,-0.000364086009810049,0.0062));
#5801=CARTESIAN_POINT('',(0.,0.,0.0062));
#5802=CARTESIAN_POINT('',(-0.002654511703715,7.67085197782927E-5,0.0062));
#5803=CARTESIAN_POINT('',(-0.00266212213740459,-0.000667519083969466,0.0062));
#5804=CARTESIAN_POINT('',(-0.00239641603053436,-0.000621374045801527,0.0062));
#5805=CARTESIAN_POINT('',(-0.00239641603053436,-0.000621374045801527,0.0062));
#5806=CARTESIAN_POINT('',(-0.00242626770112715,-0.000475704056834447,0.0062));
#5807=CARTESIAN_POINT('',(-0.00261512912998906,-2.58012998646802E-5,0.0062));
#5808=CARTESIAN_POINT('',(-0.00262093893129771,-0.000513702290076336,0.0062));
#5809=CARTESIAN_POINT('',(-0.00262093893129771,-0.000513702290076336,0.0062));
#5810=CARTESIAN_POINT('',(-0.00263211590705401,-0.000513305362867606,0.0062));
#5811=CARTESIAN_POINT('',(-0.00265405099273895,-0.000512526383604876,0.0062));
#5812=CARTESIAN_POINT('',(-0.00268619692364313,-0.000508274959506902,0.0062));
#5813=CARTESIAN_POINT('',(-0.002716788901379,-0.000501389934769173,0.0062));
#5814=CARTESIAN_POINT('',(-0.00274573547538918,-0.000491698431981422,0.0062));
#5815=CARTESIAN_POINT('',(-0.00277300653808781,-0.000479202405253803,0.0062));
#5816=CARTESIAN_POINT('',(-0.00279860550346201,-0.000463941192503807,0.0062));
#5817=CARTESIAN_POINT('',(-0.00282284837070101,-0.000446333856849645,0.0062));
#5818=CARTESIAN_POINT('',(-0.00284515431511943,-0.000425889428845037,0.0062));
#5819=CARTESIAN_POINT('',(-0.00286555181222779,-0.00040317542256687,0.0062));
#5820=CARTESIAN_POINT('',(-0.00288325358258074,-0.000377925147706138,0.0062));
#5821=CARTESIAN_POINT('',(-0.00289824563271551,-0.000350348990356233,0.0062));
#5822=CARTESIAN_POINT('',(-0.00291047237608118,-0.000320594209753155,0.0062));
#5823=CARTESIAN_POINT('',(-0.00292060421882758,-0.000288778408908029,0.0062));
#5824=CARTESIAN_POINT('',(-0.00292765655780607,-0.000254690876901189,0.0062));
#5825=CARTESIAN_POINT('',(-0.0029321386308671,-0.000218338943325018,0.0062));
#5826=CARTESIAN_POINT('',(-0.00293306087341407,-0.00019334639719717,0.0062));
#5827=CARTESIAN_POINT('',(-0.00293353435114504,-0.000180515267175573,0.0062));
#5828=CARTESIAN_POINT('',(-0.00293353435114504,-0.000180515267175573,0.0062));
#5829=CARTESIAN_POINT('',(-0.00293353435114504,-0.000180515267175573,0.0062));
#5830=CARTESIAN_POINT('',(-0.00293319805441422,-0.00016876369192598,0.0062));
#5831=CARTESIAN_POINT('',(-0.00293254035822096,-0.000145781112560692,0.0062));
#5832=CARTESIAN_POINT('',(-0.00292885935623839,-0.000111982052261612,0.0062));
#5833=CARTESIAN_POINT('',(-0.00292237028777831,-7.97160621584524E-5,0.0062));
#5834=CARTESIAN_POINT('',(-0.00291350908816693,-4.88841131558898E-5,0.0062));
#5835=CARTESIAN_POINT('',(-0.00290200522960043,-1.96664596734155E-5,0.0062));
#5836=CARTESIAN_POINT('',(-0.00288804550700508,8.11992717752943E-6,0.0062));
#5837=CARTESIAN_POINT('',(-0.00287140873594054,3.43005350420196E-5,0.0062));
#5838=CARTESIAN_POINT('',(-0.00285253941001168,5.90021551581819E-5,0.0062));
#5839=CARTESIAN_POINT('',(-0.00283136912538235,8.15990109667017E-5,0.0062));
#5840=CARTESIAN_POINT('',(-0.00280764840759096,0.00010126255010574,0.0062));
#5841=CARTESIAN_POINT('',(-0.0027817699691859,0.000118099451112459,0.0062));
#5842=CARTESIAN_POINT('',(-0.00275363661575001,0.000132027320966857,0.0062));
#5843=CARTESIAN_POINT('',(-0.00272312172281572,0.000142884596521801,0.0062));
#5844=CARTESIAN_POINT('',(-0.00269048878806522,0.000151083354689023,0.0062));
#5845=CARTESIAN_POINT('',(-0.00265558671915446,0.000156359591929957,0.0062));
#5846=CARTESIAN_POINT('',(-0.00263154276962334,0.000157365434126247,0.0062));
#5847=CARTESIAN_POINT('',(-0.00261920229007634,0.000157881679389313,0.0062));
#5848=CARTESIAN_POINT('',(-0.00261920229007634,0.000157881679389313,0.0062));
#5849=CARTESIAN_POINT('',(-0.00261055865883079,-0.00027388039509866,0.0062));
#5850=CARTESIAN_POINT('',(-0.00243387786259543,0.000120171755725191,0.0062));
#5851=CARTESIAN_POINT('',(-0.00243387786259543,0.000120171755725191,0.0062));
#5852=CARTESIAN_POINT('',(-0.0023907028976324,0.000270150155802719,0.0062));
#5853=CARTESIAN_POINT('',(-0.00261191735117021,-0.000296998957800227,0.0062));
#5854=CARTESIAN_POINT('',(-0.00262093893129771,0.000311698473282443,0.0062));
#5855=CARTESIAN_POINT('',(-0.00262093893129771,0.000311698473282443,0.0062));
#5856=CARTESIAN_POINT('',(-0.0026412185821274,0.000310912071131072,0.0062));
#5857=CARTESIAN_POINT('',(-0.0026808240804211,0.000309376253314195,0.0062));
#5858=CARTESIAN_POINT('',(-0.0027384668100036,0.000302295288935116,0.0062));
#5859=CARTESIAN_POINT('',(-0.00279254364837871,0.000290541803232831,0.0062));
#5860=CARTESIAN_POINT('',(-0.00284320245009427,0.000275022353526066,0.0062));
#5861=CARTESIAN_POINT('',(-0.00289038259069313,0.000255142429699681,0.0062));
#5862=CARTESIAN_POINT('',(-0.00293398076286107,0.000230932276362351,0.0062));
#5863=CARTESIAN_POINT('',(-0.00297436512878472,0.000202822330178865,0.0062));
#5864=CARTESIAN_POINT('',(-0.00301063425109319,0.000170241089157648,0.0062));
#5865=CARTESIAN_POINT('',(-0.00304323539814873,0.000134502291520757,0.0062));
#5866=CARTESIAN_POINT('',(-0.00307158794463435,9.5868143338183E-5,0.0062));
#5867=CARTESIAN_POINT('',(-0.00309586826151472,5.47961264477684E-5,0.0062));
#5868=CARTESIAN_POINT('',(-0.00311545706997179,1.09420250733289E-5,0.0062));
#5869=CARTESIAN_POINT('',(-0.00313125090783195,-3.53458526811554E-5,0.0062));
#5870=CARTESIAN_POINT('',(-0.00314230066436542,-8.44156237272757E-5,0.0062));
#5871=CARTESIAN_POINT('',(-0.00314902912588696,-0.000136006982351322,0.0062));
#5872=CARTESIAN_POINT('',(-0.0031502433398375,-0.000171233011025388,0.0062));
#5873=CARTESIAN_POINT('',(-0.00315086259541985,-0.000189198473282443,0.0062));
#5874=CARTESIAN_POINT('',(-0.00315086259541985,-0.000189198473282443,0.0062));
#5875=CARTESIAN_POINT('',(-0.00210155523479855,0.000361002729766306,0.0062));
#5876=CARTESIAN_POINT('',(0.,0.,0.0062));
#5877=CARTESIAN_POINT('',(-0.00369388549618321,-0.000637252150673903,0.0062));
#5878=CARTESIAN_POINT('',(-0.00369388549618321,-0.000637252150673903,0.0062));
#5879=CARTESIAN_POINT('',(-0.00347655700963144,-0.000637252150673903,0.0062));
#5880=CARTESIAN_POINT('',(-0.00347655700963144,-0.000637252150673903,0.0062));
#5881=CARTESIAN_POINT('',(-0.00347655700963144,0.000297557251908397,0.0062));
#5882=CARTESIAN_POINT('',(-0.00347655700963144,0.000297557251908397,0.0062));
#5883=CARTESIAN_POINT('',(-0.00369388549618321,0.000297557251908397,0.0062));
#5884=CARTESIAN_POINT('',(-0.00369388549618321,0.000297557251908397,0.0062));
#5885=CARTESIAN_POINT('',(0.,0.,0.0062));
#5886=CARTESIAN_POINT('',(-0.00358621374045802,0.00044368320610687,0.0062));
#5887=CARTESIAN_POINT('',(-0.00357682898599736,0.000444289518290583,0.0062));
#5888=CARTESIAN_POINT('',(-0.00355890338854384,0.000445447620847443,0.0062));
#5889=CARTESIAN_POINT('',(-0.00353362458039219,0.000451921080045261,0.0062));
#5890=CARTESIAN_POINT('',(-0.00351150118300288,0.000462410917129854,0.0062));
#5891=CARTESIAN_POINT('',(-0.00349302899193193,0.000476971639185975,0.0062));
#5892=CARTESIAN_POINT('',(-0.00347823415933768,0.000494499529333693,0.0062));
#5893=CARTESIAN_POINT('',(-0.00346743601847164,0.000514327277127015,0.0062));
#5894=CARTESIAN_POINT('',(-0.00346070197003207,0.000536298383898498,0.0062));
#5895=CARTESIAN_POINT('',(-0.0034597047364011,0.000551637431684873,0.0062));
#5896=CARTESIAN_POINT('',(-0.00345919083969466,0.000559541984732824,0.0062));
#5897=CARTESIAN_POINT('',(-0.00358621374045802,0.00044368320610687,0.0062));
#5898=CARTESIAN_POINT('',(-0.00345919083969466,0.000559541984732824,0.0062));
#5899=CARTESIAN_POINT('',(-0.00345919083969466,0.000559541984732824,0.0062));
#5900=CARTESIAN_POINT('',(-0.0034591905974177,0.000559668937857824,0.0062));
#5901=CARTESIAN_POINT('',(-0.0034591905974177,0.000559668937857824,0.0062));
#5902=CARTESIAN_POINT('',(-0.0034596887287724,0.000567864661892235,0.0062));
#5903=CARTESIAN_POINT('',(-0.0034606596710076,0.000583839513782369,0.0062));
#5904=CARTESIAN_POINT('',(-0.00346760122507097,0.000606478426771578,0.0062));
#5905=CARTESIAN_POINT('',(-0.00347838937601733,0.000626850130867436,0.0062));
#5906=CARTESIAN_POINT('',(-0.00349346258631886,0.000644294568938849,0.0062));
#5907=CARTESIAN_POINT('',(-0.00351198110300622,0.000658481908611112,0.0062));
#5908=CARTESIAN_POINT('',(-0.00353347720503048,0.00066918643613946,0.0062));
#5909=CARTESIAN_POINT('',(-0.00355810130713321,0.00067532675145778,0.0062));
#5910=CARTESIAN_POINT('',(-0.00357542925406724,0.000676353298185997,0.0062));
#5911=CARTESIAN_POINT('',(-0.00358447709923664,0.000676889312977099,0.0062));
#5912=CARTESIAN_POINT('',(-0.00358447709923664,0.000676889312977099,0.0062));
#5913=CARTESIAN_POINT('',(-0.00358447709923664,0.000676889312977099,0.0062));
#5914=CARTESIAN_POINT('',(-0.00359352297247796,0.000676345784841218,0.0062));
#5915=CARTESIAN_POINT('',(-0.00361092719571921,0.000675300038923448,0.0062));
#5916=CARTESIAN_POINT('',(-0.00363572606232314,0.000669200798773155,0.0062));
#5917=CARTESIAN_POINT('',(-0.00365748040242002,0.000658410305317007,0.0062));
#5918=CARTESIAN_POINT('',(-0.00367646070842388,0.000644396711532343,0.0062));
#5919=CARTESIAN_POINT('',(-0.0036917658253256,0.000626850959615075,0.0062));
#5920=CARTESIAN_POINT('',(-0.0037028900851137,0.000606548215018038,0.0062));
#5921=CARTESIAN_POINT('',(-0.00370977989113908,0.000583790276743545,0.0062));
#5922=CARTESIAN_POINT('',(-0.00371075195578471,0.00056777761978961,0.0062));
#5923=CARTESIAN_POINT('',(-0.00371125190839695,0.000559541984732824,0.0062));
#5924=CARTESIAN_POINT('',(-0.00371125190839695,0.000559541984732824,0.0062));
#5925=CARTESIAN_POINT('',(-0.00371125190839695,0.000559541984732824,0.0062));
#5926=CARTESIAN_POINT('',(-0.00371073913677236,0.000551636512225844,0.0062));
#5927=CARTESIAN_POINT('',(-0.0037097440864001,0.000536295680198678,0.0062));
#5928=CARTESIAN_POINT('',(-0.0037029944033704,0.000514337350599851,0.0062));
#5929=CARTESIAN_POINT('',(-0.00369222968055431,0.000494413903018759,0.0062));
#5930=CARTESIAN_POINT('',(-0.00367715812759417,0.000477040656024699,0.0062));
#5931=CARTESIAN_POINT('',(-0.00365880055846515,0.000462539611627252,0.0062));
#5932=CARTESIAN_POINT('',(-0.00363716389816801,0.000451952199842491,0.0062));
#5933=CARTESIAN_POINT('',(-0.00361262305212404,0.00044546267240446,0.0062));
#5934=CARTESIAN_POINT('',(-0.0035952683635602,0.000444293308969508,0.0062));
#5935=CARTESIAN_POINT('',(-0.00358621374045802,0.00044368320610687,0.0062));
#5936=CARTESIAN_POINT('',(0.,0.,0.0062));
#5937=CARTESIAN_POINT('',(-0.0042769398184041,-0.000637252150673903,0.0062));
#5938=CARTESIAN_POINT('',(-0.0042769398184041,-0.000637252150673903,0.0062));
#5939=CARTESIAN_POINT('',(-0.00406721325590411,-0.000637252150673903,0.0062));
#5940=CARTESIAN_POINT('',(-0.00406721325590411,-0.000637252150673903,0.0062));
#5941=CARTESIAN_POINT('',(-0.0041533509512166,0.000661487040046517,0.0062));
#5942=CARTESIAN_POINT('',(-0.0041533509512166,0.000661487040046517,0.0062));
#5943=CARTESIAN_POINT('',(-0.00442487194731035,0.000661487040046517,0.0062));
#5944=CARTESIAN_POINT('',(-0.00442487194731035,0.000661487040046517,0.0062));
#5945=CARTESIAN_POINT('',(-0.00463272595121661,9.01262635675094E-5,0.0062));
#5946=CARTESIAN_POINT('',(0.000352419332517218,-0.00168099677238211,0.0061999999999991));
#5947=CARTESIAN_POINT('',(-0.00476956106870229,-0.000356660305343512,0.0062));
#5948=CARTESIAN_POINT('',(-0.00476956106870229,-0.000356660305343512,0.0062));
#5949=CARTESIAN_POINT('',(-0.00477504040434161,-0.000356450251222567,0.0062));
#5950=CARTESIAN_POINT('',(-0.0108398993909595,-0.00190357431751276,0.00619999999999872));
#5951=CARTESIAN_POINT('',(-0.00490625954198474,8.8416030534351E-5,0.0062));
#5952=CARTESIAN_POINT('',(-0.00490625954198474,8.8416030534351E-5,0.0062));
#5953=CARTESIAN_POINT('',(-0.00510835583402911,0.000661487040046517,0.0062));
#5954=CARTESIAN_POINT('',(-0.00510835583402911,0.000661487040046517,0.0062));
#5955=CARTESIAN_POINT('',(-0.00537800427152911,0.000661487040046517,0.0062));
#5956=CARTESIAN_POINT('',(-0.00537800427152911,0.000661487040046517,0.0062));
#5957=CARTESIAN_POINT('',(-0.00547538167938932,-0.000637252150673903,0.0062));
#5958=CARTESIAN_POINT('',(-0.00547538167938932,-0.000637252150673903,0.0062));
#5959=CARTESIAN_POINT('',(-0.00527314099027911,-0.000637252150673903,0.0062));
#5960=CARTESIAN_POINT('',(-0.00527314099027911,-0.000637252150673903,0.0062));
#5961=CARTESIAN_POINT('',(-0.00524130749418536,-0.000102713595091842,0.0062));
#5962=CARTESIAN_POINT('',(-0.0193440918417791,0.000846673782745572,0.00619999999999479));
#5963=CARTESIAN_POINT('',(-0.00521513358778626,0.00044368320610687,0.0062));
#5964=CARTESIAN_POINT('',(-0.00521513358778626,0.00044368320610687,0.0062));
#5965=CARTESIAN_POINT('',(-0.00520947399809161,0.000443702830540315,0.0062));
#5966=CARTESIAN_POINT('',(-0.000378095633901883,0.00158275828717371,0.0062));
#5967=CARTESIAN_POINT('',(-0.00506553435114504,-5.05152671755727E-5,0.0062));
#5968=CARTESIAN_POINT('',(-0.00506553435114504,-5.05152671755727E-5,0.0062));
#5969=CARTESIAN_POINT('',(-0.00486866833402911,-0.000625411106721136,0.0062));
#5970=CARTESIAN_POINT('',(-0.00486866833402911,-0.000625411106721136,0.0062));
#5971=CARTESIAN_POINT('',(-0.00470575573637286,-0.000625411106721136,0.0062));
#5972=CARTESIAN_POINT('',(-0.00470575573637286,-0.000625411106721136,0.0062));
#5973=CARTESIAN_POINT('',(-0.00449228405668536,-3.84336422053914E-5,0.0062));
#5974=CARTESIAN_POINT('',(-0.0109071025683265,0.00234600556350031,0.00619999999999873));
#5975=CARTESIAN_POINT('',(-0.0043331679389313,0.00044368320610687,0.0062));
#5976=CARTESIAN_POINT('',(-0.0043331679389313,0.00044368320610687,0.0062));
#5977=CARTESIAN_POINT('',(-0.00432749890043535,0.000443702830540315,0.0062));
#5978=CARTESIAN_POINT('',(0.00441611270256917,0.000479091903889602,0.00620000000000047));
#5979=CARTESIAN_POINT('',(-0.00430885496183206,-9.26908396946566E-5,0.0062));
#5980=CARTESIAN_POINT('',(-0.00430885496183206,-9.26908396946567E-5,0.0062));
#5981=CARTESIAN_POINT('',(0.,0.,0.0062));
#5982=CARTESIAN_POINT('',(0.0071,0.00075,0.0062));
#5983=CARTESIAN_POINT('',(0.0071,-0.00255,0.0062));
#5984=CARTESIAN_POINT('',(0.0071,0.00075,0.0062));
#5985=CARTESIAN_POINT('',(-0.0071,0.00075,0.0062));
#5986=CARTESIAN_POINT('',(-0.0071,0.00075,0.0062));
#5987=CARTESIAN_POINT('',(-0.0071,0.00075,0.0062));
#5988=CARTESIAN_POINT('',(-0.0071,-0.00255,0.0062));
#5989=CARTESIAN_POINT('',(-0.0071,-0.00255,0.0062));
#5990=CARTESIAN_POINT('',(0.,0.,0.0062));
#5991=CARTESIAN_POINT('',(0.,0.,0.0062));
#5992=CARTESIAN_POINT('',(-0.0075,0.00115,0.0062));
#5993=CARTESIAN_POINT('',(0.0075,0.00115,0.0062));
#5994=CARTESIAN_POINT('',(-0.0075,0.00115,0.0062));
#5995=CARTESIAN_POINT('',(-0.0075,0.00115,0.0062));
#5996=CARTESIAN_POINT('',(-0.0075,-0.00295,0.0062));
#5997=CARTESIAN_POINT('',(-0.0075,-0.00295,0.0062));
#5998=CARTESIAN_POINT('',(0.0075,-0.00295,0.0062));
#5999=CARTESIAN_POINT('',(0.0075,0.00115,0.0062));
#6000=CARTESIAN_POINT('',(0.,0.,0.0062));
#6001=CARTESIAN_POINT('',(0.,0.,0.0062));
#6002=CARTESIAN_POINT('',(-0.0077,0.00535,0.0062));
#6003=CARTESIAN_POINT('',(0.0077,0.00535,0.0062));
#6004=CARTESIAN_POINT('',(-0.0077,0.00535,0.0062));
#6005=CARTESIAN_POINT('',(-0.0077,0.00535,0.0062));
#6006=CARTESIAN_POINT('',(-0.0077,-0.00605,0.0062));
#6007=CARTESIAN_POINT('',(-0.0077,-0.00605,0.0062));
#6008=CARTESIAN_POINT('',(0.0077,-0.00605,0.0062));
#6009=CARTESIAN_POINT('',(0.0077,0.00535,0.0062));
#6010=CARTESIAN_POINT('',(0.0085,0.00615,0.0062));
#6011=CARTESIAN_POINT('',(0.0085,0.00615,0.0061));
#6012=CARTESIAN_POINT('',(0.0085,-0.00685,0.0061));
#6013=CARTESIAN_POINT('',(0.0085,0.00615,0.0061));
#6014=CARTESIAN_POINT('',(0.0085,0.00615,0.0062));
#6015=CARTESIAN_POINT('',(0.0085,0.00615,0.0062));
#6016=CARTESIAN_POINT('',(0.0085,0.00615,0.0062));
#6017=CARTESIAN_POINT('',(0.0085,-0.00685,0.0062));
#6018=CARTESIAN_POINT('',(0.0085,-0.00685,0.0062));
#6019=CARTESIAN_POINT('',(-0.0085,0.00615,0.0062));
#6020=CARTESIAN_POINT('',(-0.0085,0.00615,0.0061));
#6021=CARTESIAN_POINT('',(-0.0085,0.00615,0.0061));
#6022=CARTESIAN_POINT('',(-0.0085,0.00615,0.0062));
#6023=CARTESIAN_POINT('',(-0.0085,0.00615,0.0062));
#6024=CARTESIAN_POINT('',(-0.0085,0.00615,0.0062));
#6025=CARTESIAN_POINT('',(-0.0085,0.00615,0.0062));
#6026=CARTESIAN_POINT('',(-0.0085,0.00615,0.0061));
#6027=CARTESIAN_POINT('',(-0.0085,-0.00685,0.0061));
#6028=CARTESIAN_POINT('',(-0.0085,-0.00685,0.0062));
#6029=CARTESIAN_POINT('',(-0.0085,-0.00685,0.0062));
#6030=CARTESIAN_POINT('',(-0.0085,0.00615,0.0062));
#6031=CARTESIAN_POINT('',(-0.0085,-0.00685,0.0062));
#6032=CARTESIAN_POINT('',(-0.0085,-0.00685,0.0061));
#6033=CARTESIAN_POINT('',(-0.0085,-0.00685,0.0062));
#6034=CARTESIAN_POINT('',(0.,0.,0.0062));
#6035=CARTESIAN_POINT('',(0.,0.,0.0061));
#6036=MECHANICAL_DESIGN_GEOMETRIC_PRESENTATION_REPRESENTATION('',(#2539,
#12,#13,#14,#15,#16,#17,#18,#19,#20,#21,#22,#23,#24,#25,#26,#27,#28,#29,
#30,#31,#32),#6037);
#6037=(
GEOMETRIC_REPRESENTATION_CONTEXT(3)
GLOBAL_UNCERTAINTY_ASSIGNED_CONTEXT((#6038))
GLOBAL_UNIT_ASSIGNED_CONTEXT((#6041,#6040,#6039))
REPRESENTATION_CONTEXT('Label','TOP_LEVEL_ASSEMBLY_PART')
);
#6038=UNCERTAINTY_MEASURE_WITH_UNIT(LENGTH_MEASURE(1.E-8),#6041,
'DISTANCE_ACCURACY_VALUE','Maximum Tolerance applied to model');
#6039=(
NAMED_UNIT(*)
SI_UNIT($,.STERADIAN.)
SOLID_ANGLE_UNIT()
);
#6040=(
NAMED_UNIT(*)
PLANE_ANGLE_UNIT()
SI_UNIT($,.RADIAN.)
);
#6041=(
LENGTH_UNIT()
NAMED_UNIT(*)
SI_UNIT($,.METRE.)
);
#6042=PRODUCT_DEFINITION_SHAPE('','',#6043);
#6043=PRODUCT_DEFINITION('','',#6045,#6044);
#6044=PRODUCT_DEFINITION_CONTEXT('',#6051,'design');
#6045=PRODUCT_DEFINITION_FORMATION_WITH_SPECIFIED_SOURCE('','',#6047,
 .NOT_KNOWN.);
#6046=PRODUCT_RELATED_PRODUCT_CATEGORY('','',(#6047));
#6047=PRODUCT('Label','Label','Label',(#6049));
#6048=PRODUCT_CATEGORY('','');
#6049=PRODUCT_CONTEXT('',#6051,'mechanical');
#6050=APPLICATION_PROTOCOL_DEFINITION('international standard',
'ap242_managed_model_based_3d_engineering',2020,#6051);
#6051=APPLICATION_CONTEXT('managed model based 3d engineering');
ENDSEC;
END-ISO-10303-21;
