ISO-10303-21;
HEADER;
/* Generated by software containing ST-Developer
 * from STEP Tools, Inc. (www.steptools.com) 
 */
/* OPTION: using custom renumber hook */

FILE_DESCRIPTION(
/* description */ ('STEP AP242 Edition 2',
'CAx-IF Rec.Pracs.---Representation and Presentation of Product Manufa
cturing Information (PMI)---4.0---2014-10-13',
'CAx-IF Rec.Pracs.---3D Tessellated Geometry---0.4---2014-09-14','2;1',
'CAx-IF Rec.Pracs.---User Defined Attributes---1.5---2016-08-15'),
/* implementation_level */ '2;1');

FILE_NAME(
/* name */ 'Assembly 2 - Part 1 (1)',
/* time_stamp */ '2026-06-30T13:00:18Z',
/* author */ (''),
/* organization */ (''),
/* preprocessor_version */ 'ST-DEVELOPER v20',
/* originating_system */ 'ONSHAPE BY PTC INC, 1.217',
/* authorisation */ '  ');

FILE_SCHEMA (('AP242_MANAGED_MODEL_BASED_3D_ENGINEERING_MIM_LF { 1 0 10303 442 3 1 4 }'));
ENDSEC;

DATA;
#10=SHAPE_REPRESENTATION_RELATIONSHIP('','',#1828,#11);
#11=ADVANCED_BREP_SHAPE_REPRESENTATION('',(#1826),#3036);
#12=TOROIDAL_SURFACE('',#1901,0.193,0.005);
#13=TOROIDAL_SURFACE('',#1902,0.193,0.005);
#14=CIRCLE('',#1840,0.175);
#15=CIRCLE('',#1841,0.175);
#16=CIRCLE('',#1842,0.175);
#17=CIRCLE('',#1843,0.175);
#18=CIRCLE('',#1845,0.193);
#19=CIRCLE('',#1846,0.193);
#20=CIRCLE('',#1847,0.193);
#21=CIRCLE('',#1848,0.193);
#22=CIRCLE('',#1850,0.198);
#23=CIRCLE('',#1851,0.198);
#24=CIRCLE('',#1852,0.198);
#25=CIRCLE('',#1853,0.198);
#26=CIRCLE('',#1855,0.17);
#27=CIRCLE('',#1856,0.17);
#28=CIRCLE('',#1858,0.193);
#29=CIRCLE('',#1859,0.193);
#30=CIRCLE('',#1860,0.193);
#31=CIRCLE('',#1861,0.193);
#32=CIRCLE('',#1863,0.198);
#33=CIRCLE('',#1864,0.198);
#34=CIRCLE('',#1865,0.198);
#35=CIRCLE('',#1866,0.198);
#36=CIRCLE('',#1868,0.175);
#37=CIRCLE('',#1869,0.175);
#38=CIRCLE('',#1870,0.175);
#39=CIRCLE('',#1871,0.175);
#40=CIRCLE('',#1874,0.198);
#41=CIRCLE('',#1876,0.00316040120057711);
#42=CIRCLE('',#1877,0.00219881015326545);
#43=CIRCLE('',#1878,0.198);
#44=CIRCLE('',#1886,0.00316040120057711);
#45=CIRCLE('',#1887,0.00219881015326545);
#46=CIRCLE('',#1888,0.193);
#47=CIRCLE('',#1890,0.193);
#48=CIRCLE('',#1908,0.0025);
#49=CIRCLE('',#1909,0.0055);
#50=CIRCLE('',#1910,0.0055);
#51=CIRCLE('',#1918,0.0055);
#52=CIRCLE('',#1919,0.0025);
#53=CIRCLE('',#1920,0.0055);
#54=CIRCLE('',#1932,0.0055);
#55=CIRCLE('',#1933,0.0015);
#56=CYLINDRICAL_SURFACE('',#1839,0.175);
#57=CYLINDRICAL_SURFACE('',#1844,0.193);
#58=CYLINDRICAL_SURFACE('',#1849,0.198);
#59=CYLINDRICAL_SURFACE('',#1854,0.17);
#60=CYLINDRICAL_SURFACE('',#1857,0.193);
#61=CYLINDRICAL_SURFACE('',#1862,0.198);
#62=CYLINDRICAL_SURFACE('',#1867,0.175);
#63=CYLINDRICAL_SURFACE('',#1911,0.0025);
#64=CYLINDRICAL_SURFACE('',#1912,0.0055);
#65=CYLINDRICAL_SURFACE('',#1925,0.0025);
#66=CYLINDRICAL_SURFACE('',#1926,0.0055);
#67=CYLINDRICAL_SURFACE('',#1934,0.0055);
#68=CYLINDRICAL_SURFACE('',#1935,0.0015);
#69=CYLINDRICAL_SURFACE('',#1963,0.00219881015326545);
#70=CYLINDRICAL_SURFACE('',#1964,0.00316040120057711);
#71=B_SPLINE_CURVE_WITH_KNOTS('',3,(#2519,#2520,#2521,#2522,#2523,#2524,
#2525,#2526,#2527),.UNSPECIFIED.,.F.,.F.,(4,1,1,1,1,1,4),(0.,0.00302858903355224,
0.00605717806710448,0.0075714725838806,0.00908576710065672,0.0106000616174328,
0.012114356134209),.UNSPECIFIED.);
#72=B_SPLINE_CURVE_WITH_KNOTS('',3,(#2531,#2532,#2533,#2534,#2535,#2536,
#2537,#2538,#2539),.UNSPECIFIED.,.F.,.F.,(4,1,1,1,1,1,4),(0.,0.00153770192856665,
0.0030754038571333,0.00461310578569995,0.0061508077142666,0.00922621157139989,
0.0123016154285332),.UNSPECIFIED.);
#73=B_SPLINE_CURVE_WITH_KNOTS('',3,(#2545,#2546,#2547,#2548,#2549,#2550,
#2551,#2552,#2553),.UNSPECIFIED.,.F.,.F.,(4,1,1,1,1,1,4),(0.,0.00302858903355224,
0.00605717806710448,0.0075714725838806,0.00908576710065672,0.0106000616174328,
0.012114356134209),.UNSPECIFIED.);
#74=B_SPLINE_CURVE_WITH_KNOTS('',3,(#2557,#2558,#2559,#2560,#2561,#2562,
#2563,#2564,#2565),.UNSPECIFIED.,.F.,.F.,(4,1,1,1,1,1,4),(0.,0.00153770192856665,
0.0030754038571333,0.00461310578569995,0.0061508077142666,0.00922621157139989,
0.0123016154285332),.UNSPECIFIED.);
#75=B_SPLINE_CURVE_WITH_KNOTS('',3,(#2685,#2686,#2687,#2688,#2689,#2690,
#2691,#2692,#2693,#2694,#2695),.UNSPECIFIED.,.F.,.F.,(4,1,1,1,1,1,1,1,4),
(2.65477368473263E-18,0.00392628842623146,0.00785257685246292,0.0117788652786944,
0.0157051537049258,0.0196314421311573,0.0235577305573888,0.0274840189836202,
0.0314103074098517),.UNSPECIFIED.);
#76=B_SPLINE_CURVE_WITH_KNOTS('',3,(#2698,#2699,#2700,#2701,#2702,#2703,
#2704),.UNSPECIFIED.,.F.,.F.,(4,1,1,1,4),(0.,0.00127448540794946,0.00254897081589892,
0.00382345622384838,0.00509794163179784),.UNSPECIFIED.);
#77=B_SPLINE_CURVE_WITH_KNOTS('',3,(#2705,#2706,#2707,#2708,#2709,#2710,
#2711),.UNSPECIFIED.,.F.,.F.,(4,1,1,1,4),(0.,0.00246553569632174,0.00493107139264347,
0.00739660708896521,0.00986214278528694),.UNSPECIFIED.);
#78=B_SPLINE_CURVE_WITH_KNOTS('',3,(#2714,#2715,#2716,#2717,#2718,#2719,
#2720,#2721,#2722,#2723,#2724),.UNSPECIFIED.,.F.,.F.,(4,1,1,1,1,1,1,1,4),
(0.,0.00371318223312122,0.00742636446624245,0.0111395466993637,0.0148527289324849,
0.0185659111656061,0.0222790933987273,0.0259922756318486,0.0297054578649698),
 .UNSPECIFIED.);
#79=B_SPLINE_CURVE_WITH_KNOTS('',3,(#2727,#2728,#2729,#2730,#2731,#2732,
#2733),.UNSPECIFIED.,.F.,.F.,(4,1,1,1,4),(2.16840434497101E-18,0.00246553569632174,
0.00493107139264347,0.00739660708896521,0.00986214278528695),
 .UNSPECIFIED.);
#80=B_SPLINE_CURVE_WITH_KNOTS('',3,(#2736,#2737,#2738,#2739,#2740,#2741,
#2742,#2743,#2744,#2745,#2746),.UNSPECIFIED.,.F.,.F.,(4,1,1,1,1,1,1,1,4),
(1.73472347597681E-17,0.0037131822331214,0.00742636446624279,0.0111395466993642,
0.0148527289324856,0.018565911165607,0.0222790933987283,0.0259922756318497,
0.0297054578649711),.UNSPECIFIED.);
#81=ORIENTED_EDGE('',*,*,#591,.T.);
#82=ORIENTED_EDGE('',*,*,#592,.T.);
#83=ORIENTED_EDGE('',*,*,#593,.F.);
#84=ORIENTED_EDGE('',*,*,#594,.F.);
#85=ORIENTED_EDGE('',*,*,#595,.T.);
#86=ORIENTED_EDGE('',*,*,#596,.F.);
#87=ORIENTED_EDGE('',*,*,#597,.F.);
#88=ORIENTED_EDGE('',*,*,#598,.F.);
#89=ORIENTED_EDGE('',*,*,#599,.F.);
#90=ORIENTED_EDGE('',*,*,#600,.T.);
#91=ORIENTED_EDGE('',*,*,#601,.F.);
#92=ORIENTED_EDGE('',*,*,#602,.T.);
#93=ORIENTED_EDGE('',*,*,#603,.T.);
#94=ORIENTED_EDGE('',*,*,#604,.T.);
#95=ORIENTED_EDGE('',*,*,#605,.F.);
#96=ORIENTED_EDGE('',*,*,#606,.F.);
#97=ORIENTED_EDGE('',*,*,#607,.T.);
#98=ORIENTED_EDGE('',*,*,#608,.T.);
#99=ORIENTED_EDGE('',*,*,#609,.F.);
#100=ORIENTED_EDGE('',*,*,#610,.F.);
#101=ORIENTED_EDGE('',*,*,#591,.F.);
#102=ORIENTED_EDGE('',*,*,#611,.F.);
#103=ORIENTED_EDGE('',*,*,#612,.F.);
#104=ORIENTED_EDGE('',*,*,#613,.T.);
#105=ORIENTED_EDGE('',*,*,#614,.T.);
#106=ORIENTED_EDGE('',*,*,#615,.F.);
#107=ORIENTED_EDGE('',*,*,#616,.T.);
#108=ORIENTED_EDGE('',*,*,#593,.T.);
#109=ORIENTED_EDGE('',*,*,#617,.T.);
#110=ORIENTED_EDGE('',*,*,#618,.F.);
#111=ORIENTED_EDGE('',*,*,#619,.T.);
#112=ORIENTED_EDGE('',*,*,#620,.F.);
#113=ORIENTED_EDGE('',*,*,#621,.F.);
#114=ORIENTED_EDGE('',*,*,#622,.T.);
#115=ORIENTED_EDGE('',*,*,#623,.T.);
#116=ORIENTED_EDGE('',*,*,#618,.T.);
#117=ORIENTED_EDGE('',*,*,#624,.T.);
#118=ORIENTED_EDGE('',*,*,#616,.F.);
#119=ORIENTED_EDGE('',*,*,#625,.T.);
#120=ORIENTED_EDGE('',*,*,#625,.F.);
#121=ORIENTED_EDGE('',*,*,#615,.T.);
#122=ORIENTED_EDGE('',*,*,#626,.F.);
#123=ORIENTED_EDGE('',*,*,#619,.F.);
#124=ORIENTED_EDGE('',*,*,#614,.F.);
#125=ORIENTED_EDGE('',*,*,#627,.T.);
#126=ORIENTED_EDGE('',*,*,#620,.T.);
#127=ORIENTED_EDGE('',*,*,#626,.T.);
#128=ORIENTED_EDGE('',*,*,#628,.F.);
#129=ORIENTED_EDGE('',*,*,#629,.T.);
#130=ORIENTED_EDGE('',*,*,#630,.F.);
#131=ORIENTED_EDGE('',*,*,#631,.T.);
#132=ORIENTED_EDGE('',*,*,#632,.T.);
#133=ORIENTED_EDGE('',*,*,#633,.T.);
#134=ORIENTED_EDGE('',*,*,#634,.T.);
#135=ORIENTED_EDGE('',*,*,#635,.F.);
#136=ORIENTED_EDGE('',*,*,#636,.T.);
#137=ORIENTED_EDGE('',*,*,#637,.F.);
#138=ORIENTED_EDGE('',*,*,#638,.F.);
#139=ORIENTED_EDGE('',*,*,#639,.T.);
#140=ORIENTED_EDGE('',*,*,#640,.T.);
#141=ORIENTED_EDGE('',*,*,#641,.F.);
#142=ORIENTED_EDGE('',*,*,#642,.T.);
#143=ORIENTED_EDGE('',*,*,#643,.T.);
#144=ORIENTED_EDGE('',*,*,#644,.F.);
#145=ORIENTED_EDGE('',*,*,#645,.T.);
#146=ORIENTED_EDGE('',*,*,#646,.T.);
#147=ORIENTED_EDGE('',*,*,#647,.F.);
#148=ORIENTED_EDGE('',*,*,#648,.F.);
#149=ORIENTED_EDGE('',*,*,#649,.F.);
#150=ORIENTED_EDGE('',*,*,#650,.T.);
#151=ORIENTED_EDGE('',*,*,#651,.T.);
#152=ORIENTED_EDGE('',*,*,#652,.F.);
#153=ORIENTED_EDGE('',*,*,#653,.F.);
#154=ORIENTED_EDGE('',*,*,#654,.T.);
#155=ORIENTED_EDGE('',*,*,#655,.F.);
#156=ORIENTED_EDGE('',*,*,#621,.T.);
#157=ORIENTED_EDGE('',*,*,#627,.F.);
#158=ORIENTED_EDGE('',*,*,#613,.F.);
#159=ORIENTED_EDGE('',*,*,#656,.F.);
#160=ORIENTED_EDGE('',*,*,#657,.F.);
#161=ORIENTED_EDGE('',*,*,#658,.F.);
#162=ORIENTED_EDGE('',*,*,#659,.T.);
#163=ORIENTED_EDGE('',*,*,#660,.T.);
#164=ORIENTED_EDGE('',*,*,#661,.F.);
#165=ORIENTED_EDGE('',*,*,#662,.T.);
#166=ORIENTED_EDGE('',*,*,#663,.F.);
#167=ORIENTED_EDGE('',*,*,#664,.T.);
#168=ORIENTED_EDGE('',*,*,#665,.T.);
#169=ORIENTED_EDGE('',*,*,#666,.F.);
#170=ORIENTED_EDGE('',*,*,#667,.F.);
#171=ORIENTED_EDGE('',*,*,#668,.T.);
#172=ORIENTED_EDGE('',*,*,#669,.F.);
#173=ORIENTED_EDGE('',*,*,#670,.T.);
#174=ORIENTED_EDGE('',*,*,#671,.T.);
#175=ORIENTED_EDGE('',*,*,#672,.F.);
#176=ORIENTED_EDGE('',*,*,#673,.F.);
#177=ORIENTED_EDGE('',*,*,#674,.F.);
#178=ORIENTED_EDGE('',*,*,#675,.T.);
#179=ORIENTED_EDGE('',*,*,#676,.T.);
#180=ORIENTED_EDGE('',*,*,#677,.F.);
#181=ORIENTED_EDGE('',*,*,#678,.T.);
#182=ORIENTED_EDGE('',*,*,#679,.T.);
#183=ORIENTED_EDGE('',*,*,#680,.F.);
#184=ORIENTED_EDGE('',*,*,#681,.F.);
#185=ORIENTED_EDGE('',*,*,#682,.T.);
#186=ORIENTED_EDGE('',*,*,#683,.T.);
#187=ORIENTED_EDGE('',*,*,#684,.F.);
#188=ORIENTED_EDGE('',*,*,#685,.T.);
#189=ORIENTED_EDGE('',*,*,#686,.T.);
#190=ORIENTED_EDGE('',*,*,#687,.F.);
#191=ORIENTED_EDGE('',*,*,#688,.F.);
#192=ORIENTED_EDGE('',*,*,#689,.F.);
#193=ORIENTED_EDGE('',*,*,#690,.F.);
#194=ORIENTED_EDGE('',*,*,#691,.T.);
#195=ORIENTED_EDGE('',*,*,#692,.T.);
#196=ORIENTED_EDGE('',*,*,#693,.F.);
#197=ORIENTED_EDGE('',*,*,#694,.T.);
#198=ORIENTED_EDGE('',*,*,#630,.T.);
#199=ORIENTED_EDGE('',*,*,#695,.T.);
#200=ORIENTED_EDGE('',*,*,#696,.F.);
#201=ORIENTED_EDGE('',*,*,#697,.F.);
#202=ORIENTED_EDGE('',*,*,#698,.F.);
#203=ORIENTED_EDGE('',*,*,#699,.F.);
#204=ORIENTED_EDGE('',*,*,#700,.T.);
#205=ORIENTED_EDGE('',*,*,#701,.F.);
#206=ORIENTED_EDGE('',*,*,#702,.T.);
#207=ORIENTED_EDGE('',*,*,#703,.T.);
#208=ORIENTED_EDGE('',*,*,#704,.F.);
#209=ORIENTED_EDGE('',*,*,#705,.T.);
#210=ORIENTED_EDGE('',*,*,#706,.F.);
#211=ORIENTED_EDGE('',*,*,#707,.F.);
#212=ORIENTED_EDGE('',*,*,#708,.F.);
#213=ORIENTED_EDGE('',*,*,#709,.F.);
#214=ORIENTED_EDGE('',*,*,#710,.T.);
#215=ORIENTED_EDGE('',*,*,#711,.T.);
#216=ORIENTED_EDGE('',*,*,#712,.T.);
#217=ORIENTED_EDGE('',*,*,#713,.T.);
#218=ORIENTED_EDGE('',*,*,#714,.T.);
#219=ORIENTED_EDGE('',*,*,#635,.T.);
#220=ORIENTED_EDGE('',*,*,#715,.F.);
#221=ORIENTED_EDGE('',*,*,#716,.T.);
#222=ORIENTED_EDGE('',*,*,#717,.T.);
#223=ORIENTED_EDGE('',*,*,#718,.F.);
#224=ORIENTED_EDGE('',*,*,#719,.T.);
#225=ORIENTED_EDGE('',*,*,#720,.T.);
#226=ORIENTED_EDGE('',*,*,#721,.F.);
#227=ORIENTED_EDGE('',*,*,#722,.F.);
#228=ORIENTED_EDGE('',*,*,#723,.T.);
#229=ORIENTED_EDGE('',*,*,#724,.T.);
#230=ORIENTED_EDGE('',*,*,#725,.F.);
#231=ORIENTED_EDGE('',*,*,#726,.T.);
#232=ORIENTED_EDGE('',*,*,#688,.T.);
#233=ORIENTED_EDGE('',*,*,#727,.T.);
#234=ORIENTED_EDGE('',*,*,#726,.F.);
#235=ORIENTED_EDGE('',*,*,#728,.F.);
#236=ORIENTED_EDGE('',*,*,#725,.T.);
#237=ORIENTED_EDGE('',*,*,#729,.F.);
#238=ORIENTED_EDGE('',*,*,#730,.T.);
#239=ORIENTED_EDGE('',*,*,#731,.T.);
#240=ORIENTED_EDGE('',*,*,#680,.T.);
#241=ORIENTED_EDGE('',*,*,#732,.T.);
#242=ORIENTED_EDGE('',*,*,#705,.F.);
#243=ORIENTED_EDGE('',*,*,#733,.T.);
#244=ORIENTED_EDGE('',*,*,#734,.T.);
#245=ORIENTED_EDGE('',*,*,#735,.F.);
#246=ORIENTED_EDGE('',*,*,#685,.F.);
#247=ORIENTED_EDGE('',*,*,#728,.T.);
#248=ORIENTED_EDGE('',*,*,#736,.T.);
#249=ORIENTED_EDGE('',*,*,#737,.T.);
#250=ORIENTED_EDGE('',*,*,#678,.F.);
#251=ORIENTED_EDGE('',*,*,#738,.F.);
#252=ORIENTED_EDGE('',*,*,#739,.F.);
#253=ORIENTED_EDGE('',*,*,#740,.T.);
#254=ORIENTED_EDGE('',*,*,#723,.F.);
#255=ORIENTED_EDGE('',*,*,#727,.F.);
#256=ORIENTED_EDGE('',*,*,#687,.T.);
#257=ORIENTED_EDGE('',*,*,#741,.T.);
#258=ORIENTED_EDGE('',*,*,#742,.T.);
#259=ORIENTED_EDGE('',*,*,#743,.F.);
#260=ORIENTED_EDGE('',*,*,#707,.T.);
#261=ORIENTED_EDGE('',*,*,#744,.F.);
#262=ORIENTED_EDGE('',*,*,#679,.F.);
#263=ORIENTED_EDGE('',*,*,#744,.T.);
#264=ORIENTED_EDGE('',*,*,#706,.T.);
#265=ORIENTED_EDGE('',*,*,#732,.F.);
#266=ORIENTED_EDGE('',*,*,#715,.T.);
#267=ORIENTED_EDGE('',*,*,#745,.F.);
#268=ORIENTED_EDGE('',*,*,#710,.F.);
#269=ORIENTED_EDGE('',*,*,#746,.T.);
#270=ORIENTED_EDGE('',*,*,#718,.T.);
#271=ORIENTED_EDGE('',*,*,#747,.F.);
#272=ORIENTED_EDGE('',*,*,#711,.F.);
#273=ORIENTED_EDGE('',*,*,#745,.T.);
#274=ORIENTED_EDGE('',*,*,#748,.F.);
#275=ORIENTED_EDGE('',*,*,#708,.T.);
#276=ORIENTED_EDGE('',*,*,#747,.T.);
#277=ORIENTED_EDGE('',*,*,#717,.F.);
#278=ORIENTED_EDGE('',*,*,#716,.F.);
#279=ORIENTED_EDGE('',*,*,#746,.F.);
#280=ORIENTED_EDGE('',*,*,#709,.T.);
#281=ORIENTED_EDGE('',*,*,#748,.T.);
#282=ORIENTED_EDGE('',*,*,#749,.F.);
#283=ORIENTED_EDGE('',*,*,#750,.T.);
#284=ORIENTED_EDGE('',*,*,#648,.T.);
#285=ORIENTED_EDGE('',*,*,#751,.F.);
#286=ORIENTED_EDGE('',*,*,#752,.F.);
#287=ORIENTED_EDGE('',*,*,#753,.T.);
#288=ORIENTED_EDGE('',*,*,#644,.T.);
#289=ORIENTED_EDGE('',*,*,#604,.F.);
#290=ORIENTED_EDGE('',*,*,#754,.F.);
#291=ORIENTED_EDGE('',*,*,#755,.F.);
#292=ORIENTED_EDGE('',*,*,#756,.F.);
#293=ORIENTED_EDGE('',*,*,#637,.T.);
#294=ORIENTED_EDGE('',*,*,#757,.T.);
#295=ORIENTED_EDGE('',*,*,#628,.T.);
#296=ORIENTED_EDGE('',*,*,#701,.T.);
#297=ORIENTED_EDGE('',*,*,#632,.F.);
#298=ORIENTED_EDGE('',*,*,#758,.T.);
#299=ORIENTED_EDGE('',*,*,#633,.F.);
#300=ORIENTED_EDGE('',*,*,#700,.F.);
#301=ORIENTED_EDGE('',*,*,#645,.F.);
#302=ORIENTED_EDGE('',*,*,#753,.F.);
#303=ORIENTED_EDGE('',*,*,#759,.T.);
#304=ORIENTED_EDGE('',*,*,#760,.T.);
#305=ORIENTED_EDGE('',*,*,#646,.F.);
#306=ORIENTED_EDGE('',*,*,#760,.F.);
#307=ORIENTED_EDGE('',*,*,#761,.T.);
#308=ORIENTED_EDGE('',*,*,#762,.T.);
#309=ORIENTED_EDGE('',*,*,#647,.T.);
#310=ORIENTED_EDGE('',*,*,#762,.F.);
#311=ORIENTED_EDGE('',*,*,#763,.F.);
#312=ORIENTED_EDGE('',*,*,#751,.T.);
#313=ORIENTED_EDGE('',*,*,#668,.F.);
#314=ORIENTED_EDGE('',*,*,#764,.F.);
#315=ORIENTED_EDGE('',*,*,#765,.T.);
#316=ORIENTED_EDGE('',*,*,#766,.T.);
#317=ORIENTED_EDGE('',*,*,#664,.F.);
#318=ORIENTED_EDGE('',*,*,#767,.F.);
#319=ORIENTED_EDGE('',*,*,#667,.T.);
#320=ORIENTED_EDGE('',*,*,#768,.F.);
#321=ORIENTED_EDGE('',*,*,#769,.F.);
#322=ORIENTED_EDGE('',*,*,#764,.T.);
#323=ORIENTED_EDGE('',*,*,#666,.T.);
#324=ORIENTED_EDGE('',*,*,#770,.F.);
#325=ORIENTED_EDGE('',*,*,#771,.F.);
#326=ORIENTED_EDGE('',*,*,#768,.T.);
#327=ORIENTED_EDGE('',*,*,#665,.F.);
#328=ORIENTED_EDGE('',*,*,#766,.F.);
#329=ORIENTED_EDGE('',*,*,#772,.T.);
#330=ORIENTED_EDGE('',*,*,#770,.T.);
#331=ORIENTED_EDGE('',*,*,#759,.F.);
#332=ORIENTED_EDGE('',*,*,#752,.T.);
#333=ORIENTED_EDGE('',*,*,#763,.T.);
#334=ORIENTED_EDGE('',*,*,#761,.F.);
#335=ORIENTED_EDGE('',*,*,#765,.F.);
#336=ORIENTED_EDGE('',*,*,#769,.T.);
#337=ORIENTED_EDGE('',*,*,#771,.T.);
#338=ORIENTED_EDGE('',*,*,#772,.F.);
#339=ORIENTED_EDGE('',*,*,#773,.F.);
#340=ORIENTED_EDGE('',*,*,#754,.T.);
#341=ORIENTED_EDGE('',*,*,#599,.T.);
#342=ORIENTED_EDGE('',*,*,#609,.T.);
#343=ORIENTED_EDGE('',*,*,#774,.F.);
#344=ORIENTED_EDGE('',*,*,#749,.T.);
#345=ORIENTED_EDGE('',*,*,#773,.T.);
#346=ORIENTED_EDGE('',*,*,#629,.F.);
#347=ORIENTED_EDGE('',*,*,#757,.F.);
#348=ORIENTED_EDGE('',*,*,#636,.F.);
#349=ORIENTED_EDGE('',*,*,#714,.F.);
#350=ORIENTED_EDGE('',*,*,#742,.F.);
#351=ORIENTED_EDGE('',*,*,#695,.F.);
#352=ORIENTED_EDGE('',*,*,#631,.F.);
#353=ORIENTED_EDGE('',*,*,#694,.F.);
#354=ORIENTED_EDGE('',*,*,#734,.F.);
#355=ORIENTED_EDGE('',*,*,#712,.F.);
#356=ORIENTED_EDGE('',*,*,#634,.F.);
#357=ORIENTED_EDGE('',*,*,#758,.F.);
#358=ORIENTED_EDGE('',*,*,#673,.T.);
#359=ORIENTED_EDGE('',*,*,#775,.F.);
#360=ORIENTED_EDGE('',*,*,#776,.T.);
#361=ORIENTED_EDGE('',*,*,#777,.T.);
#362=ORIENTED_EDGE('',*,*,#778,.T.);
#363=ORIENTED_EDGE('',*,*,#779,.F.);
#364=ORIENTED_EDGE('',*,*,#780,.F.);
#365=ORIENTED_EDGE('',*,*,#775,.T.);
#366=ORIENTED_EDGE('',*,*,#676,.F.);
#367=ORIENTED_EDGE('',*,*,#781,.F.);
#368=ORIENTED_EDGE('',*,*,#782,.F.);
#369=ORIENTED_EDGE('',*,*,#779,.T.);
#370=ORIENTED_EDGE('',*,*,#675,.F.);
#371=ORIENTED_EDGE('',*,*,#674,.T.);
#372=ORIENTED_EDGE('',*,*,#778,.F.);
#373=ORIENTED_EDGE('',*,*,#783,.T.);
#374=ORIENTED_EDGE('',*,*,#781,.T.);
#375=ORIENTED_EDGE('',*,*,#784,.F.);
#376=ORIENTED_EDGE('',*,*,#785,.F.);
#377=ORIENTED_EDGE('',*,*,#776,.F.);
#378=ORIENTED_EDGE('',*,*,#780,.T.);
#379=ORIENTED_EDGE('',*,*,#782,.T.);
#380=ORIENTED_EDGE('',*,*,#783,.F.);
#381=ORIENTED_EDGE('',*,*,#777,.F.);
#382=ORIENTED_EDGE('',*,*,#786,.F.);
#383=ORIENTED_EDGE('',*,*,#698,.T.);
#384=ORIENTED_EDGE('',*,*,#787,.T.);
#385=ORIENTED_EDGE('',*,*,#784,.T.);
#386=ORIENTED_EDGE('',*,*,#788,.F.);
#387=ORIENTED_EDGE('',*,*,#699,.T.);
#388=ORIENTED_EDGE('',*,*,#788,.T.);
#389=ORIENTED_EDGE('',*,*,#786,.T.);
#390=ORIENTED_EDGE('',*,*,#785,.T.);
#391=ORIENTED_EDGE('',*,*,#787,.F.);
#392=ORIENTED_EDGE('',*,*,#681,.T.);
#393=ORIENTED_EDGE('',*,*,#789,.T.);
#394=ORIENTED_EDGE('',*,*,#691,.F.);
#395=ORIENTED_EDGE('',*,*,#790,.F.);
#396=ORIENTED_EDGE('',*,*,#684,.T.);
#397=ORIENTED_EDGE('',*,*,#791,.T.);
#398=ORIENTED_EDGE('',*,*,#692,.F.);
#399=ORIENTED_EDGE('',*,*,#789,.F.);
#400=ORIENTED_EDGE('',*,*,#792,.T.);
#401=ORIENTED_EDGE('',*,*,#689,.T.);
#402=ORIENTED_EDGE('',*,*,#791,.F.);
#403=ORIENTED_EDGE('',*,*,#683,.F.);
#404=ORIENTED_EDGE('',*,*,#682,.F.);
#405=ORIENTED_EDGE('',*,*,#790,.T.);
#406=ORIENTED_EDGE('',*,*,#690,.T.);
#407=ORIENTED_EDGE('',*,*,#792,.F.);
#408=ORIENTED_EDGE('',*,*,#793,.F.);
#409=ORIENTED_EDGE('',*,*,#794,.F.);
#410=ORIENTED_EDGE('',*,*,#795,.F.);
#411=ORIENTED_EDGE('',*,*,#796,.T.);
#412=ORIENTED_EDGE('',*,*,#797,.T.);
#413=ORIENTED_EDGE('',*,*,#798,.F.);
#414=ORIENTED_EDGE('',*,*,#799,.F.);
#415=ORIENTED_EDGE('',*,*,#800,.T.);
#416=ORIENTED_EDGE('',*,*,#801,.F.);
#417=ORIENTED_EDGE('',*,*,#797,.F.);
#418=ORIENTED_EDGE('',*,*,#802,.T.);
#419=ORIENTED_EDGE('',*,*,#719,.F.);
#420=ORIENTED_EDGE('',*,*,#722,.T.);
#421=ORIENTED_EDGE('',*,*,#803,.F.);
#422=ORIENTED_EDGE('',*,*,#798,.T.);
#423=ORIENTED_EDGE('',*,*,#801,.T.);
#424=ORIENTED_EDGE('',*,*,#721,.T.);
#425=ORIENTED_EDGE('',*,*,#804,.F.);
#426=ORIENTED_EDGE('',*,*,#799,.T.);
#427=ORIENTED_EDGE('',*,*,#803,.T.);
#428=ORIENTED_EDGE('',*,*,#804,.T.);
#429=ORIENTED_EDGE('',*,*,#720,.F.);
#430=ORIENTED_EDGE('',*,*,#802,.F.);
#431=ORIENTED_EDGE('',*,*,#796,.F.);
#432=ORIENTED_EDGE('',*,*,#800,.F.);
#433=ORIENTED_EDGE('',*,*,#805,.T.);
#434=ORIENTED_EDGE('',*,*,#794,.T.);
#435=ORIENTED_EDGE('',*,*,#806,.F.);
#436=ORIENTED_EDGE('',*,*,#702,.F.);
#437=ORIENTED_EDGE('',*,*,#806,.T.);
#438=ORIENTED_EDGE('',*,*,#793,.T.);
#439=ORIENTED_EDGE('',*,*,#795,.T.);
#440=ORIENTED_EDGE('',*,*,#805,.F.);
#441=ORIENTED_EDGE('',*,*,#703,.F.);
#442=ORIENTED_EDGE('',*,*,#704,.T.);
#443=ORIENTED_EDGE('',*,*,#743,.T.);
#444=ORIENTED_EDGE('',*,*,#713,.F.);
#445=ORIENTED_EDGE('',*,*,#733,.F.);
#446=ORIENTED_EDGE('',*,*,#735,.T.);
#447=ORIENTED_EDGE('',*,*,#693,.T.);
#448=ORIENTED_EDGE('',*,*,#741,.F.);
#449=ORIENTED_EDGE('',*,*,#686,.F.);
#450=ORIENTED_EDGE('',*,*,#740,.F.);
#451=ORIENTED_EDGE('',*,*,#807,.F.);
#452=ORIENTED_EDGE('',*,*,#729,.T.);
#453=ORIENTED_EDGE('',*,*,#724,.F.);
#454=ORIENTED_EDGE('',*,*,#677,.T.);
#455=ORIENTED_EDGE('',*,*,#731,.F.);
#456=ORIENTED_EDGE('',*,*,#808,.T.);
#457=ORIENTED_EDGE('',*,*,#738,.T.);
#458=ORIENTED_EDGE('',*,*,#809,.F.);
#459=ORIENTED_EDGE('',*,*,#810,.F.);
#460=ORIENTED_EDGE('',*,*,#730,.F.);
#461=ORIENTED_EDGE('',*,*,#807,.T.);
#462=ORIENTED_EDGE('',*,*,#739,.T.);
#463=ORIENTED_EDGE('',*,*,#808,.F.);
#464=ORIENTED_EDGE('',*,*,#696,.T.);
#465=ORIENTED_EDGE('',*,*,#811,.T.);
#466=ORIENTED_EDGE('',*,*,#809,.T.);
#467=ORIENTED_EDGE('',*,*,#812,.F.);
#468=ORIENTED_EDGE('',*,*,#697,.T.);
#469=ORIENTED_EDGE('',*,*,#812,.T.);
#470=ORIENTED_EDGE('',*,*,#810,.T.);
#471=ORIENTED_EDGE('',*,*,#811,.F.);
#472=ORIENTED_EDGE('',*,*,#669,.T.);
#473=ORIENTED_EDGE('',*,*,#813,.T.);
#474=ORIENTED_EDGE('',*,*,#639,.F.);
#475=ORIENTED_EDGE('',*,*,#814,.F.);
#476=ORIENTED_EDGE('',*,*,#814,.T.);
#477=ORIENTED_EDGE('',*,*,#638,.T.);
#478=ORIENTED_EDGE('',*,*,#815,.F.);
#479=ORIENTED_EDGE('',*,*,#670,.F.);
#480=ORIENTED_EDGE('',*,*,#815,.T.);
#481=ORIENTED_EDGE('',*,*,#641,.T.);
#482=ORIENTED_EDGE('',*,*,#816,.F.);
#483=ORIENTED_EDGE('',*,*,#671,.F.);
#484=ORIENTED_EDGE('',*,*,#672,.T.);
#485=ORIENTED_EDGE('',*,*,#816,.T.);
#486=ORIENTED_EDGE('',*,*,#640,.F.);
#487=ORIENTED_EDGE('',*,*,#813,.F.);
#488=ORIENTED_EDGE('',*,*,#767,.T.);
#489=ORIENTED_EDGE('',*,*,#817,.F.);
#490=ORIENTED_EDGE('',*,*,#596,.T.);
#491=ORIENTED_EDGE('',*,*,#818,.T.);
#492=ORIENTED_EDGE('',*,*,#663,.T.);
#493=ORIENTED_EDGE('',*,*,#819,.T.);
#494=ORIENTED_EDGE('',*,*,#597,.T.);
#495=ORIENTED_EDGE('',*,*,#817,.T.);
#496=ORIENTED_EDGE('',*,*,#820,.F.);
#497=ORIENTED_EDGE('',*,*,#650,.F.);
#498=ORIENTED_EDGE('',*,*,#818,.F.);
#499=ORIENTED_EDGE('',*,*,#595,.F.);
#500=ORIENTED_EDGE('',*,*,#750,.F.);
#501=ORIENTED_EDGE('',*,*,#774,.T.);
#502=ORIENTED_EDGE('',*,*,#608,.F.);
#503=ORIENTED_EDGE('',*,*,#821,.F.);
#504=ORIENTED_EDGE('',*,*,#649,.T.);
#505=ORIENTED_EDGE('',*,*,#607,.F.);
#506=ORIENTED_EDGE('',*,*,#642,.F.);
#507=ORIENTED_EDGE('',*,*,#821,.T.);
#508=ORIENTED_EDGE('',*,*,#606,.T.);
#509=ORIENTED_EDGE('',*,*,#822,.F.);
#510=ORIENTED_EDGE('',*,*,#643,.F.);
#511=ORIENTED_EDGE('',*,*,#822,.T.);
#512=ORIENTED_EDGE('',*,*,#605,.T.);
#513=ORIENTED_EDGE('',*,*,#823,.F.);
#514=ORIENTED_EDGE('',*,*,#653,.T.);
#515=ORIENTED_EDGE('',*,*,#824,.T.);
#516=ORIENTED_EDGE('',*,*,#825,.F.);
#517=ORIENTED_EDGE('',*,*,#824,.F.);
#518=ORIENTED_EDGE('',*,*,#652,.T.);
#519=ORIENTED_EDGE('',*,*,#826,.F.);
#520=ORIENTED_EDGE('',*,*,#651,.F.);
#521=ORIENTED_EDGE('',*,*,#820,.T.);
#522=ORIENTED_EDGE('',*,*,#594,.T.);
#523=ORIENTED_EDGE('',*,*,#623,.F.);
#524=ORIENTED_EDGE('',*,*,#827,.T.);
#525=ORIENTED_EDGE('',*,*,#828,.F.);
#526=ORIENTED_EDGE('',*,*,#825,.T.);
#527=ORIENTED_EDGE('',*,*,#826,.T.);
#528=ORIENTED_EDGE('',*,*,#829,.F.);
#529=ORIENTED_EDGE('',*,*,#654,.F.);
#530=ORIENTED_EDGE('',*,*,#823,.T.);
#531=ORIENTED_EDGE('',*,*,#828,.T.);
#532=ORIENTED_EDGE('',*,*,#830,.F.);
#533=ORIENTED_EDGE('',*,*,#658,.T.);
#534=ORIENTED_EDGE('',*,*,#831,.T.);
#535=ORIENTED_EDGE('',*,*,#832,.F.);
#536=ORIENTED_EDGE('',*,*,#657,.T.);
#537=ORIENTED_EDGE('',*,*,#833,.T.);
#538=ORIENTED_EDGE('',*,*,#834,.T.);
#539=ORIENTED_EDGE('',*,*,#661,.T.);
#540=ORIENTED_EDGE('',*,*,#835,.F.);
#541=ORIENTED_EDGE('',*,*,#831,.F.);
#542=ORIENTED_EDGE('',*,*,#659,.F.);
#543=ORIENTED_EDGE('',*,*,#830,.T.);
#544=ORIENTED_EDGE('',*,*,#836,.T.);
#545=ORIENTED_EDGE('',*,*,#660,.F.);
#546=ORIENTED_EDGE('',*,*,#836,.F.);
#547=ORIENTED_EDGE('',*,*,#832,.T.);
#548=ORIENTED_EDGE('',*,*,#835,.T.);
#549=ORIENTED_EDGE('',*,*,#833,.F.);
#550=ORIENTED_EDGE('',*,*,#656,.T.);
#551=ORIENTED_EDGE('',*,*,#612,.T.);
#552=ORIENTED_EDGE('',*,*,#837,.F.);
#553=ORIENTED_EDGE('',*,*,#622,.F.);
#554=ORIENTED_EDGE('',*,*,#655,.T.);
#555=ORIENTED_EDGE('',*,*,#829,.T.);
#556=ORIENTED_EDGE('',*,*,#827,.F.);
#557=ORIENTED_EDGE('',*,*,#662,.F.);
#558=ORIENTED_EDGE('',*,*,#834,.F.);
#559=ORIENTED_EDGE('',*,*,#837,.T.);
#560=ORIENTED_EDGE('',*,*,#611,.T.);
#561=ORIENTED_EDGE('',*,*,#598,.T.);
#562=ORIENTED_EDGE('',*,*,#819,.F.);
#563=ORIENTED_EDGE('',*,*,#601,.T.);
#564=ORIENTED_EDGE('',*,*,#838,.F.);
#565=ORIENTED_EDGE('',*,*,#839,.F.);
#566=ORIENTED_EDGE('',*,*,#840,.T.);
#567=ORIENTED_EDGE('',*,*,#838,.T.);
#568=ORIENTED_EDGE('',*,*,#600,.F.);
#569=ORIENTED_EDGE('',*,*,#841,.F.);
#570=ORIENTED_EDGE('',*,*,#842,.F.);
#571=ORIENTED_EDGE('',*,*,#603,.F.);
#572=ORIENTED_EDGE('',*,*,#843,.F.);
#573=ORIENTED_EDGE('',*,*,#844,.T.);
#574=ORIENTED_EDGE('',*,*,#841,.T.);
#575=ORIENTED_EDGE('',*,*,#602,.F.);
#576=ORIENTED_EDGE('',*,*,#840,.F.);
#577=ORIENTED_EDGE('',*,*,#845,.T.);
#578=ORIENTED_EDGE('',*,*,#843,.T.);
#579=ORIENTED_EDGE('',*,*,#610,.T.);
#580=ORIENTED_EDGE('',*,*,#624,.F.);
#581=ORIENTED_EDGE('',*,*,#617,.F.);
#582=ORIENTED_EDGE('',*,*,#592,.F.);
#583=ORIENTED_EDGE('',*,*,#839,.T.);
#584=ORIENTED_EDGE('',*,*,#842,.T.);
#585=ORIENTED_EDGE('',*,*,#844,.F.);
#586=ORIENTED_EDGE('',*,*,#845,.F.);
#587=ORIENTED_EDGE('',*,*,#737,.F.);
#588=ORIENTED_EDGE('',*,*,#756,.T.);
#589=ORIENTED_EDGE('',*,*,#736,.F.);
#590=ORIENTED_EDGE('',*,*,#755,.T.);
#591=EDGE_CURVE('',#846,#847,#1012,.T.);
#592=EDGE_CURVE('',#847,#848,#1013,.T.);
#593=EDGE_CURVE('',#849,#848,#1014,.T.);
#594=EDGE_CURVE('',#850,#849,#1015,.T.);
#595=EDGE_CURVE('',#850,#851,#1016,.T.);
#596=EDGE_CURVE('',#852,#851,#1017,.T.);
#597=EDGE_CURVE('',#853,#852,#1018,.T.);
#598=EDGE_CURVE('',#846,#853,#1019,.T.);
#599=EDGE_CURVE('',#854,#855,#1020,.F.);
#600=EDGE_CURVE('',#854,#856,#1021,.F.);
#601=EDGE_CURVE('',#857,#856,#1022,.T.);
#602=EDGE_CURVE('',#857,#858,#1023,.T.);
#603=EDGE_CURVE('',#858,#854,#1024,.T.);
#604=EDGE_CURVE('',#854,#859,#1025,.T.);
#605=EDGE_CURVE('',#860,#859,#1026,.T.);
#606=EDGE_CURVE('',#861,#860,#1027,.T.);
#607=EDGE_CURVE('',#861,#862,#1028,.T.);
#608=EDGE_CURVE('',#862,#863,#1029,.T.);
#609=EDGE_CURVE('',#855,#863,#1030,.F.);
#610=EDGE_CURVE('',#847,#864,#1031,.T.);
#611=EDGE_CURVE('',#865,#846,#1032,.T.);
#612=EDGE_CURVE('',#866,#865,#1033,.T.);
#613=EDGE_CURVE('',#866,#867,#1034,.T.);
#614=EDGE_CURVE('',#867,#868,#1035,.T.);
#615=EDGE_CURVE('',#869,#868,#1036,.T.);
#616=EDGE_CURVE('',#869,#864,#1037,.T.);
#617=EDGE_CURVE('',#848,#870,#1038,.T.);
#618=EDGE_CURVE('',#871,#870,#1039,.T.);
#619=EDGE_CURVE('',#871,#872,#1040,.T.);
#620=EDGE_CURVE('',#873,#872,#1041,.T.);
#621=EDGE_CURVE('',#874,#873,#1042,.T.);
#622=EDGE_CURVE('',#874,#875,#1043,.T.);
#623=EDGE_CURVE('',#875,#849,#1044,.T.);
#624=EDGE_CURVE('',#870,#864,#1045,.T.);
#625=EDGE_CURVE('',#869,#871,#1046,.T.);
#626=EDGE_CURVE('',#872,#868,#1047,.T.);
#627=EDGE_CURVE('',#867,#873,#1048,.T.);
#628=EDGE_CURVE('',#876,#877,#1049,.T.);
#629=EDGE_CURVE('',#876,#878,#71,.T.);
#630=EDGE_CURVE('',#879,#878,#1050,.F.);
#631=EDGE_CURVE('',#879,#880,#72,.T.);
#632=EDGE_CURVE('',#880,#881,#1051,.T.);
#633=EDGE_CURVE('',#881,#882,#1052,.T.);
#634=EDGE_CURVE('',#882,#883,#73,.T.);
#635=EDGE_CURVE('',#884,#883,#1053,.T.);
#636=EDGE_CURVE('',#884,#885,#74,.T.);
#637=EDGE_CURVE('',#877,#885,#1054,.T.);
#638=EDGE_CURVE('',#886,#887,#1055,.T.);
#639=EDGE_CURVE('',#886,#888,#1056,.T.);
#640=EDGE_CURVE('',#888,#889,#1057,.T.);
#641=EDGE_CURVE('',#887,#889,#1058,.T.);
#642=EDGE_CURVE('',#890,#891,#1059,.T.);
#643=EDGE_CURVE('',#891,#859,#1060,.T.);
#644=EDGE_CURVE('',#892,#859,#1061,.T.);
#645=EDGE_CURVE('',#892,#893,#1062,.T.);
#646=EDGE_CURVE('',#893,#894,#1063,.T.);
#647=EDGE_CURVE('',#895,#894,#1064,.T.);
#648=EDGE_CURVE('',#862,#895,#1065,.T.);
#649=EDGE_CURVE('',#890,#862,#1066,.T.);
#650=EDGE_CURVE('',#896,#897,#1067,.T.);
#651=EDGE_CURVE('',#897,#898,#1068,.T.);
#652=EDGE_CURVE('',#899,#898,#1069,.T.);
#653=EDGE_CURVE('',#900,#899,#1070,.T.);
#654=EDGE_CURVE('',#900,#901,#1071,.T.);
#655=EDGE_CURVE('',#874,#901,#1072,.T.);
#656=EDGE_CURVE('',#902,#866,#1073,.T.);
#657=EDGE_CURVE('',#903,#902,#1074,.T.);
#658=EDGE_CURVE('',#904,#903,#1075,.T.);
#659=EDGE_CURVE('',#904,#905,#1076,.T.);
#660=EDGE_CURVE('',#905,#906,#1077,.T.);
#661=EDGE_CURVE('',#907,#906,#1078,.T.);
#662=EDGE_CURVE('',#907,#908,#1079,.T.);
#663=EDGE_CURVE('',#909,#908,#1080,.T.);
#664=EDGE_CURVE('',#909,#910,#1081,.T.);
#665=EDGE_CURVE('',#910,#911,#1082,.T.);
#666=EDGE_CURVE('',#912,#911,#1083,.T.);
#667=EDGE_CURVE('',#913,#912,#1084,.T.);
#668=EDGE_CURVE('',#913,#896,#1085,.T.);
#669=EDGE_CURVE('',#914,#915,#1086,.T.);
#670=EDGE_CURVE('',#914,#916,#1087,.T.);
#671=EDGE_CURVE('',#916,#917,#1088,.T.);
#672=EDGE_CURVE('',#915,#917,#1089,.T.);
#673=EDGE_CURVE('',#918,#919,#1090,.F.);
#674=EDGE_CURVE('',#920,#918,#14,.T.);
#675=EDGE_CURVE('',#920,#921,#1091,.F.);
#676=EDGE_CURVE('',#921,#919,#15,.T.);
#677=EDGE_CURVE('',#922,#923,#1092,.T.);
#678=EDGE_CURVE('',#922,#924,#16,.T.);
#679=EDGE_CURVE('',#924,#925,#1093,.T.);
#680=EDGE_CURVE('',#923,#925,#17,.T.);
#681=EDGE_CURVE('',#926,#927,#1094,.T.);
#682=EDGE_CURVE('',#926,#928,#18,.T.);
#683=EDGE_CURVE('',#928,#929,#1095,.T.);
#684=EDGE_CURVE('',#927,#929,#19,.T.);
#685=EDGE_CURVE('',#930,#931,#20,.T.);
#686=EDGE_CURVE('',#931,#932,#1096,.F.);
#687=EDGE_CURVE('',#933,#932,#21,.T.);
#688=EDGE_CURVE('',#930,#933,#1097,.F.);
#689=EDGE_CURVE('',#934,#935,#1098,.T.);
#690=EDGE_CURVE('',#936,#934,#22,.T.);
#691=EDGE_CURVE('',#936,#937,#1099,.T.);
#692=EDGE_CURVE('',#937,#935,#23,.T.);
#693=EDGE_CURVE('',#938,#939,#1100,.F.);
#694=EDGE_CURVE('',#938,#879,#24,.F.);
#695=EDGE_CURVE('',#878,#939,#25,.T.);
#696=EDGE_CURVE('',#940,#941,#75,.T.);
#697=EDGE_CURVE('',#941,#940,#76,.T.);
#698=EDGE_CURVE('',#942,#943,#77,.T.);
#699=EDGE_CURVE('',#943,#942,#78,.T.);
#700=EDGE_CURVE('',#881,#881,#26,.T.);
#701=EDGE_CURVE('',#877,#877,#27,.T.);
#702=EDGE_CURVE('',#944,#945,#79,.T.);
#703=EDGE_CURVE('',#945,#944,#80,.T.);
#704=EDGE_CURVE('',#946,#947,#1101,.F.);
#705=EDGE_CURVE('',#946,#948,#28,.T.);
#706=EDGE_CURVE('',#949,#948,#1102,.T.);
#707=EDGE_CURVE('',#947,#949,#29,.T.);
#708=EDGE_CURVE('',#950,#951,#1103,.T.);
#709=EDGE_CURVE('',#952,#950,#30,.T.);
#710=EDGE_CURVE('',#952,#953,#1104,.T.);
#711=EDGE_CURVE('',#953,#951,#31,.T.);
#712=EDGE_CURVE('',#883,#954,#32,.F.);
#713=EDGE_CURVE('',#954,#955,#1105,.F.);
#714=EDGE_CURVE('',#955,#884,#33,.T.);
#715=EDGE_CURVE('',#956,#957,#1106,.T.);
#716=EDGE_CURVE('',#956,#958,#34,.T.);
#717=EDGE_CURVE('',#958,#959,#1107,.T.);
#718=EDGE_CURVE('',#957,#959,#35,.T.);
#719=EDGE_CURVE('',#960,#961,#36,.T.);
#720=EDGE_CURVE('',#961,#962,#1108,.F.);
#721=EDGE_CURVE('',#963,#962,#37,.T.);
#722=EDGE_CURVE('',#960,#963,#1109,.F.);
#723=EDGE_CURVE('',#964,#965,#38,.T.);
#724=EDGE_CURVE('',#965,#966,#1110,.T.);
#725=EDGE_CURVE('',#967,#966,#39,.T.);
#726=EDGE_CURVE('',#967,#964,#1111,.F.);
#727=EDGE_CURVE('',#933,#964,#1112,.T.);
#728=EDGE_CURVE('',#930,#967,#1113,.T.);
#729=EDGE_CURVE('',#968,#966,#1114,.T.);
#730=EDGE_CURVE('',#968,#969,#1115,.T.);
#731=EDGE_CURVE('',#969,#923,#1116,.T.);
#732=EDGE_CURVE('',#925,#948,#1117,.T.);
#733=EDGE_CURVE('',#946,#954,#1118,.T.);
#734=EDGE_CURVE('',#954,#938,#40,.F.);
#735=EDGE_CURVE('',#931,#938,#1119,.T.);
#736=EDGE_CURVE('',#970,#970,#41,.F.);
#737=EDGE_CURVE('',#971,#971,#42,.F.);
#738=EDGE_CURVE('',#972,#922,#1120,.T.);
#739=EDGE_CURVE('',#973,#972,#1121,.T.);
#740=EDGE_CURVE('',#973,#965,#1122,.T.);
#741=EDGE_CURVE('',#932,#939,#1123,.T.);
#742=EDGE_CURVE('',#939,#955,#43,.T.);
#743=EDGE_CURVE('',#947,#955,#1124,.T.);
#744=EDGE_CURVE('',#924,#949,#1125,.T.);
#745=EDGE_CURVE('',#953,#957,#1126,.T.);
#746=EDGE_CURVE('',#952,#956,#1127,.T.);
#747=EDGE_CURVE('',#951,#959,#1128,.T.);
#748=EDGE_CURVE('',#950,#958,#1129,.T.);
#749=EDGE_CURVE('',#974,#975,#1130,.T.);
#750=EDGE_CURVE('',#974,#862,#1131,.T.);
#751=EDGE_CURVE('',#976,#895,#1132,.T.);
#752=EDGE_CURVE('',#977,#976,#1133,.T.);
#753=EDGE_CURVE('',#977,#892,#1134,.T.);
#754=EDGE_CURVE('',#975,#854,#1135,.T.);
#755=EDGE_CURVE('',#978,#978,#44,.F.);
#756=EDGE_CURVE('',#979,#979,#45,.F.);
#757=EDGE_CURVE('',#885,#876,#46,.F.);
#758=EDGE_CURVE('',#880,#882,#47,.T.);
#759=EDGE_CURVE('',#977,#980,#1136,.T.);
#760=EDGE_CURVE('',#980,#893,#1137,.T.);
#761=EDGE_CURVE('',#980,#981,#1138,.T.);
#762=EDGE_CURVE('',#981,#894,#1139,.T.);
#763=EDGE_CURVE('',#976,#981,#1140,.T.);
#764=EDGE_CURVE('',#982,#913,#1141,.T.);
#765=EDGE_CURVE('',#982,#983,#1142,.T.);
#766=EDGE_CURVE('',#983,#910,#1143,.T.);
#767=EDGE_CURVE('',#896,#909,#1144,.T.);
#768=EDGE_CURVE('',#984,#912,#1145,.T.);
#769=EDGE_CURVE('',#982,#984,#1146,.T.);
#770=EDGE_CURVE('',#985,#911,#1147,.T.);
#771=EDGE_CURVE('',#984,#985,#1148,.T.);
#772=EDGE_CURVE('',#983,#985,#1149,.T.);
#773=EDGE_CURVE('',#975,#855,#1150,.T.);
#774=EDGE_CURVE('',#974,#863,#1151,.T.);
#775=EDGE_CURVE('',#986,#919,#1152,.T.);
#776=EDGE_CURVE('',#986,#987,#1153,.T.);
#777=EDGE_CURVE('',#987,#988,#1154,.T.);
#778=EDGE_CURVE('',#988,#918,#1155,.T.);
#779=EDGE_CURVE('',#989,#921,#1156,.T.);
#780=EDGE_CURVE('',#986,#989,#1157,.T.);
#781=EDGE_CURVE('',#990,#920,#1158,.T.);
#782=EDGE_CURVE('',#989,#990,#1159,.T.);
#783=EDGE_CURVE('',#988,#990,#1160,.T.);
#784=EDGE_CURVE('',#991,#992,#48,.T.);
#785=EDGE_CURVE('',#987,#991,#49,.T.);
#786=EDGE_CURVE('',#992,#987,#50,.T.);
#787=EDGE_CURVE('',#943,#991,#1161,.T.);
#788=EDGE_CURVE('',#942,#992,#1162,.T.);
#789=EDGE_CURVE('',#927,#937,#1163,.T.);
#790=EDGE_CURVE('',#926,#936,#1164,.T.);
#791=EDGE_CURVE('',#929,#935,#1165,.T.);
#792=EDGE_CURVE('',#928,#934,#1166,.T.);
#793=EDGE_CURVE('',#993,#994,#51,.F.);
#794=EDGE_CURVE('',#995,#993,#52,.F.);
#795=EDGE_CURVE('',#994,#995,#53,.F.);
#796=EDGE_CURVE('',#994,#996,#1167,.T.);
#797=EDGE_CURVE('',#996,#997,#1168,.T.);
#798=EDGE_CURVE('',#998,#997,#1169,.T.);
#799=EDGE_CURVE('',#999,#998,#1170,.T.);
#800=EDGE_CURVE('',#999,#994,#1171,.T.);
#801=EDGE_CURVE('',#997,#960,#1172,.T.);
#802=EDGE_CURVE('',#996,#961,#1173,.T.);
#803=EDGE_CURVE('',#998,#963,#1174,.T.);
#804=EDGE_CURVE('',#999,#962,#1175,.T.);
#805=EDGE_CURVE('',#944,#995,#1176,.T.);
#806=EDGE_CURVE('',#945,#993,#1177,.T.);
#807=EDGE_CURVE('',#968,#973,#1178,.T.);
#808=EDGE_CURVE('',#969,#972,#1179,.T.);
#809=EDGE_CURVE('',#1000,#1001,#54,.T.);
#810=EDGE_CURVE('',#1001,#1000,#55,.T.);
#811=EDGE_CURVE('',#941,#1000,#1180,.T.);
#812=EDGE_CURVE('',#940,#1001,#1181,.T.);
#813=EDGE_CURVE('',#915,#888,#1182,.T.);
#814=EDGE_CURVE('',#914,#886,#1183,.T.);
#815=EDGE_CURVE('',#916,#887,#1184,.T.);
#816=EDGE_CURVE('',#917,#889,#1185,.T.);
#817=EDGE_CURVE('',#852,#909,#1186,.T.);
#818=EDGE_CURVE('',#851,#896,#1187,.T.);
#819=EDGE_CURVE('',#908,#853,#1188,.T.);
#820=EDGE_CURVE('',#897,#850,#1189,.T.);
#821=EDGE_CURVE('',#890,#861,#1190,.T.);
#822=EDGE_CURVE('',#891,#860,#1191,.T.);
#823=EDGE_CURVE('',#900,#1002,#1192,.T.);
#824=EDGE_CURVE('',#899,#1003,#1193,.T.);
#825=EDGE_CURVE('',#1002,#1003,#1194,.T.);
#826=EDGE_CURVE('',#1003,#898,#1195,.T.);
#827=EDGE_CURVE('',#875,#1004,#1196,.T.);
#828=EDGE_CURVE('',#1002,#1004,#1197,.T.);
#829=EDGE_CURVE('',#901,#1004,#1198,.T.);
#830=EDGE_CURVE('',#904,#1005,#1199,.T.);
#831=EDGE_CURVE('',#903,#1006,#1200,.T.);
#832=EDGE_CURVE('',#1005,#1006,#1201,.T.);
#833=EDGE_CURVE('',#902,#1007,#1202,.T.);
#834=EDGE_CURVE('',#1007,#907,#1203,.T.);
#835=EDGE_CURVE('',#1006,#906,#1204,.T.);
#836=EDGE_CURVE('',#1005,#905,#1205,.T.);
#837=EDGE_CURVE('',#1007,#865,#1206,.T.);
#838=EDGE_CURVE('',#1008,#856,#1207,.T.);
#839=EDGE_CURVE('',#1009,#1008,#1208,.T.);
#840=EDGE_CURVE('',#1009,#857,#1209,.T.);
#841=EDGE_CURVE('',#1010,#854,#1210,.T.);
#842=EDGE_CURVE('',#1008,#1010,#1211,.T.);
#843=EDGE_CURVE('',#1011,#858,#1212,.T.);
#844=EDGE_CURVE('',#1011,#1010,#1213,.T.);
#845=EDGE_CURVE('',#1009,#1011,#1214,.T.);
#846=VERTEX_POINT('',#2443);
#847=VERTEX_POINT('',#2444);
#848=VERTEX_POINT('',#2446);
#849=VERTEX_POINT('',#2448);
#850=VERTEX_POINT('',#2450);
#851=VERTEX_POINT('',#2452);
#852=VERTEX_POINT('',#2454);
#853=VERTEX_POINT('',#2456);
#854=VERTEX_POINT('',#2460);
#855=VERTEX_POINT('',#2461);
#856=VERTEX_POINT('',#2463);
#857=VERTEX_POINT('',#2465);
#858=VERTEX_POINT('',#2467);
#859=VERTEX_POINT('',#2470);
#860=VERTEX_POINT('',#2472);
#861=VERTEX_POINT('',#2474);
#862=VERTEX_POINT('',#2476);
#863=VERTEX_POINT('',#2478);
#864=VERTEX_POINT('',#2482);
#865=VERTEX_POINT('',#2484);
#866=VERTEX_POINT('',#2486);
#867=VERTEX_POINT('',#2488);
#868=VERTEX_POINT('',#2490);
#869=VERTEX_POINT('',#2492);
#870=VERTEX_POINT('',#2496);
#871=VERTEX_POINT('',#2498);
#872=VERTEX_POINT('',#2500);
#873=VERTEX_POINT('',#2502);
#874=VERTEX_POINT('',#2504);
#875=VERTEX_POINT('',#2506);
#876=VERTEX_POINT('',#2517);
#877=VERTEX_POINT('',#2518);
#878=VERTEX_POINT('',#2528);
#879=VERTEX_POINT('',#2530);
#880=VERTEX_POINT('',#2540);
#881=VERTEX_POINT('',#2542);
#882=VERTEX_POINT('',#2544);
#883=VERTEX_POINT('',#2554);
#884=VERTEX_POINT('',#2556);
#885=VERTEX_POINT('',#2566);
#886=VERTEX_POINT('',#2569);
#887=VERTEX_POINT('',#2570);
#888=VERTEX_POINT('',#2572);
#889=VERTEX_POINT('',#2574);
#890=VERTEX_POINT('',#2577);
#891=VERTEX_POINT('',#2578);
#892=VERTEX_POINT('',#2581);
#893=VERTEX_POINT('',#2583);
#894=VERTEX_POINT('',#2585);
#895=VERTEX_POINT('',#2587);
#896=VERTEX_POINT('',#2592);
#897=VERTEX_POINT('',#2593);
#898=VERTEX_POINT('',#2595);
#899=VERTEX_POINT('',#2597);
#900=VERTEX_POINT('',#2599);
#901=VERTEX_POINT('',#2601);
#902=VERTEX_POINT('',#2604);
#903=VERTEX_POINT('',#2606);
#904=VERTEX_POINT('',#2608);
#905=VERTEX_POINT('',#2610);
#906=VERTEX_POINT('',#2612);
#907=VERTEX_POINT('',#2614);
#908=VERTEX_POINT('',#2616);
#909=VERTEX_POINT('',#2618);
#910=VERTEX_POINT('',#2620);
#911=VERTEX_POINT('',#2622);
#912=VERTEX_POINT('',#2624);
#913=VERTEX_POINT('',#2626);
#914=VERTEX_POINT('',#2629);
#915=VERTEX_POINT('',#2630);
#916=VERTEX_POINT('',#2632);
#917=VERTEX_POINT('',#2634);
#918=VERTEX_POINT('',#2638);
#919=VERTEX_POINT('',#2639);
#920=VERTEX_POINT('',#2641);
#921=VERTEX_POINT('',#2643);
#922=VERTEX_POINT('',#2646);
#923=VERTEX_POINT('',#2647);
#924=VERTEX_POINT('',#2649);
#925=VERTEX_POINT('',#2651);
#926=VERTEX_POINT('',#2655);
#927=VERTEX_POINT('',#2656);
#928=VERTEX_POINT('',#2658);
#929=VERTEX_POINT('',#2660);
#930=VERTEX_POINT('',#2663);
#931=VERTEX_POINT('',#2664);
#932=VERTEX_POINT('',#2666);
#933=VERTEX_POINT('',#2668);
#934=VERTEX_POINT('',#2672);
#935=VERTEX_POINT('',#2673);
#936=VERTEX_POINT('',#2675);
#937=VERTEX_POINT('',#2677);
#938=VERTEX_POINT('',#2680);
#939=VERTEX_POINT('',#2681);
#940=VERTEX_POINT('',#2696);
#941=VERTEX_POINT('',#2697);
#942=VERTEX_POINT('',#2712);
#943=VERTEX_POINT('',#2713);
#944=VERTEX_POINT('',#2734);
#945=VERTEX_POINT('',#2735);
#946=VERTEX_POINT('',#2749);
#947=VERTEX_POINT('',#2750);
#948=VERTEX_POINT('',#2752);
#949=VERTEX_POINT('',#2754);
#950=VERTEX_POINT('',#2757);
#951=VERTEX_POINT('',#2758);
#952=VERTEX_POINT('',#2760);
#953=VERTEX_POINT('',#2762);
#954=VERTEX_POINT('',#2766);
#955=VERTEX_POINT('',#2768);
#956=VERTEX_POINT('',#2771);
#957=VERTEX_POINT('',#2772);
#958=VERTEX_POINT('',#2774);
#959=VERTEX_POINT('',#2776);
#960=VERTEX_POINT('',#2780);
#961=VERTEX_POINT('',#2781);
#962=VERTEX_POINT('',#2783);
#963=VERTEX_POINT('',#2785);
#964=VERTEX_POINT('',#2788);
#965=VERTEX_POINT('',#2789);
#966=VERTEX_POINT('',#2791);
#967=VERTEX_POINT('',#2793);
#968=VERTEX_POINT('',#2800);
#969=VERTEX_POINT('',#2802);
#970=VERTEX_POINT('',#2810);
#971=VERTEX_POINT('',#2812);
#972=VERTEX_POINT('',#2814);
#973=VERTEX_POINT('',#2816);
#974=VERTEX_POINT('',#2833);
#975=VERTEX_POINT('',#2834);
#976=VERTEX_POINT('',#2837);
#977=VERTEX_POINT('',#2839);
#978=VERTEX_POINT('',#2844);
#979=VERTEX_POINT('',#2846);
#980=VERTEX_POINT('',#2852);
#981=VERTEX_POINT('',#2856);
#982=VERTEX_POINT('',#2862);
#983=VERTEX_POINT('',#2864);
#984=VERTEX_POINT('',#2869);
#985=VERTEX_POINT('',#2873);
#986=VERTEX_POINT('',#2886);
#987=VERTEX_POINT('',#2888);
#988=VERTEX_POINT('',#2890);
#989=VERTEX_POINT('',#2894);
#990=VERTEX_POINT('',#2898);
#991=VERTEX_POINT('',#2904);
#992=VERTEX_POINT('',#2905);
#993=VERTEX_POINT('',#2922);
#994=VERTEX_POINT('',#2923);
#995=VERTEX_POINT('',#2925);
#996=VERTEX_POINT('',#2928);
#997=VERTEX_POINT('',#2930);
#998=VERTEX_POINT('',#2932);
#999=VERTEX_POINT('',#2934);
#1000=VERTEX_POINT('',#2956);
#1001=VERTEX_POINT('',#2957);
#1002=VERTEX_POINT('',#2986);
#1003=VERTEX_POINT('',#2988);
#1004=VERTEX_POINT('',#2994);
#1005=VERTEX_POINT('',#3000);
#1006=VERTEX_POINT('',#3002);
#1007=VERTEX_POINT('',#3006);
#1008=VERTEX_POINT('',#3018);
#1009=VERTEX_POINT('',#3020);
#1010=VERTEX_POINT('',#3024);
#1011=VERTEX_POINT('',#3028);
#1012=LINE('',#2442,#1215);
#1013=LINE('',#2445,#1216);
#1014=LINE('',#2447,#1217);
#1015=LINE('',#2449,#1218);
#1016=LINE('',#2451,#1219);
#1017=LINE('',#2453,#1220);
#1018=LINE('',#2455,#1221);
#1019=LINE('',#2457,#1222);
#1020=LINE('',#2459,#1223);
#1021=LINE('',#2462,#1224);
#1022=LINE('',#2464,#1225);
#1023=LINE('',#2466,#1226);
#1024=LINE('',#2468,#1227);
#1025=LINE('',#2469,#1228);
#1026=LINE('',#2471,#1229);
#1027=LINE('',#2473,#1230);
#1028=LINE('',#2475,#1231);
#1029=LINE('',#2477,#1232);
#1030=LINE('',#2479,#1233);
#1031=LINE('',#2481,#1234);
#1032=LINE('',#2483,#1235);
#1033=LINE('',#2485,#1236);
#1034=LINE('',#2487,#1237);
#1035=LINE('',#2489,#1238);
#1036=LINE('',#2491,#1239);
#1037=LINE('',#2493,#1240);
#1038=LINE('',#2495,#1241);
#1039=LINE('',#2497,#1242);
#1040=LINE('',#2499,#1243);
#1041=LINE('',#2501,#1244);
#1042=LINE('',#2503,#1245);
#1043=LINE('',#2505,#1246);
#1044=LINE('',#2507,#1247);
#1045=LINE('',#2509,#1248);
#1046=LINE('',#2510,#1249);
#1047=LINE('',#2512,#1250);
#1048=LINE('',#2514,#1251);
#1049=LINE('',#2516,#1252);
#1050=LINE('',#2529,#1253);
#1051=LINE('',#2541,#1254);
#1052=LINE('',#2543,#1255);
#1053=LINE('',#2555,#1256);
#1054=LINE('',#2567,#1257);
#1055=LINE('',#2568,#1258);
#1056=LINE('',#2571,#1259);
#1057=LINE('',#2573,#1260);
#1058=LINE('',#2575,#1261);
#1059=LINE('',#2576,#1262);
#1060=LINE('',#2579,#1263);
#1061=LINE('',#2580,#1264);
#1062=LINE('',#2582,#1265);
#1063=LINE('',#2584,#1266);
#1064=LINE('',#2586,#1267);
#1065=LINE('',#2588,#1268);
#1066=LINE('',#2589,#1269);
#1067=LINE('',#2591,#1270);
#1068=LINE('',#2594,#1271);
#1069=LINE('',#2596,#1272);
#1070=LINE('',#2598,#1273);
#1071=LINE('',#2600,#1274);
#1072=LINE('',#2602,#1275);
#1073=LINE('',#2603,#1276);
#1074=LINE('',#2605,#1277);
#1075=LINE('',#2607,#1278);
#1076=LINE('',#2609,#1279);
#1077=LINE('',#2611,#1280);
#1078=LINE('',#2613,#1281);
#1079=LINE('',#2615,#1282);
#1080=LINE('',#2617,#1283);
#1081=LINE('',#2619,#1284);
#1082=LINE('',#2621,#1285);
#1083=LINE('',#2623,#1286);
#1084=LINE('',#2625,#1287);
#1085=LINE('',#2627,#1288);
#1086=LINE('',#2628,#1289);
#1087=LINE('',#2631,#1290);
#1088=LINE('',#2633,#1291);
#1089=LINE('',#2635,#1292);
#1090=LINE('',#2637,#1293);
#1091=LINE('',#2642,#1294);
#1092=LINE('',#2645,#1295);
#1093=LINE('',#2650,#1296);
#1094=LINE('',#2654,#1297);
#1095=LINE('',#2659,#1298);
#1096=LINE('',#2665,#1299);
#1097=LINE('',#2669,#1300);
#1098=LINE('',#2671,#1301);
#1099=LINE('',#2676,#1302);
#1100=LINE('',#2679,#1303);
#1101=LINE('',#2748,#1304);
#1102=LINE('',#2753,#1305);
#1103=LINE('',#2756,#1306);
#1104=LINE('',#2761,#1307);
#1105=LINE('',#2767,#1308);
#1106=LINE('',#2770,#1309);
#1107=LINE('',#2775,#1310);
#1108=LINE('',#2782,#1311);
#1109=LINE('',#2786,#1312);
#1110=LINE('',#2790,#1313);
#1111=LINE('',#2794,#1314);
#1112=LINE('',#2796,#1315);
#1113=LINE('',#2797,#1316);
#1114=LINE('',#2799,#1317);
#1115=LINE('',#2801,#1318);
#1116=LINE('',#2803,#1319);
#1117=LINE('',#2804,#1320);
#1118=LINE('',#2805,#1321);
#1119=LINE('',#2807,#1322);
#1120=LINE('',#2813,#1323);
#1121=LINE('',#2815,#1324);
#1122=LINE('',#2817,#1325);
#1123=LINE('',#2818,#1326);
#1124=LINE('',#2820,#1327);
#1125=LINE('',#2821,#1328);
#1126=LINE('',#2824,#1329);
#1127=LINE('',#2825,#1330);
#1128=LINE('',#2827,#1331);
#1129=LINE('',#2829,#1332);
#1130=LINE('',#2832,#1333);
#1131=LINE('',#2835,#1334);
#1132=LINE('',#2836,#1335);
#1133=LINE('',#2838,#1336);
#1134=LINE('',#2840,#1337);
#1135=LINE('',#2841,#1338);
#1136=LINE('',#2851,#1339);
#1137=LINE('',#2853,#1340);
#1138=LINE('',#2855,#1341);
#1139=LINE('',#2857,#1342);
#1140=LINE('',#2859,#1343);
#1141=LINE('',#2861,#1344);
#1142=LINE('',#2863,#1345);
#1143=LINE('',#2865,#1346);
#1144=LINE('',#2866,#1347);
#1145=LINE('',#2868,#1348);
#1146=LINE('',#2870,#1349);
#1147=LINE('',#2872,#1350);
#1148=LINE('',#2874,#1351);
#1149=LINE('',#2876,#1352);
#1150=LINE('',#2879,#1353);
#1151=LINE('',#2881,#1354);
#1152=LINE('',#2885,#1355);
#1153=LINE('',#2887,#1356);
#1154=LINE('',#2889,#1357);
#1155=LINE('',#2891,#1358);
#1156=LINE('',#2893,#1359);
#1157=LINE('',#2895,#1360);
#1158=LINE('',#2897,#1361);
#1159=LINE('',#2899,#1362);
#1160=LINE('',#2901,#1363);
#1161=LINE('',#2909,#1364);
#1162=LINE('',#2910,#1365);
#1163=LINE('',#2913,#1366);
#1164=LINE('',#2914,#1367);
#1165=LINE('',#2916,#1368);
#1166=LINE('',#2918,#1369);
#1167=LINE('',#2927,#1370);
#1168=LINE('',#2929,#1371);
#1169=LINE('',#2931,#1372);
#1170=LINE('',#2933,#1373);
#1171=LINE('',#2935,#1374);
#1172=LINE('',#2937,#1375);
#1173=LINE('',#2938,#1376);
#1174=LINE('',#2940,#1377);
#1175=LINE('',#2942,#1378);
#1176=LINE('',#2945,#1379);
#1177=LINE('',#2946,#1380);
#1178=LINE('',#2951,#1381);
#1179=LINE('',#2953,#1382);
#1180=LINE('',#2960,#1383);
#1181=LINE('',#2961,#1384);
#1182=LINE('',#2964,#1385);
#1183=LINE('',#2965,#1386);
#1184=LINE('',#2967,#1387);
#1185=LINE('',#2969,#1388);
#1186=LINE('',#2972,#1389);
#1187=LINE('',#2973,#1390);
#1188=LINE('',#2975,#1391);
#1189=LINE('',#2977,#1392);
#1190=LINE('',#2980,#1393);
#1191=LINE('',#2982,#1394);
#1192=LINE('',#2985,#1395);
#1193=LINE('',#2987,#1396);
#1194=LINE('',#2989,#1397);
#1195=LINE('',#2991,#1398);
#1196=LINE('',#2993,#1399);
#1197=LINE('',#2995,#1400);
#1198=LINE('',#2997,#1401);
#1199=LINE('',#2999,#1402);
#1200=LINE('',#3001,#1403);
#1201=LINE('',#3003,#1404);
#1202=LINE('',#3005,#1405);
#1203=LINE('',#3007,#1406);
#1204=LINE('',#3008,#1407);
#1205=LINE('',#3010,#1408);
#1206=LINE('',#3013,#1409);
#1207=LINE('',#3017,#1410);
#1208=LINE('',#3019,#1411);
#1209=LINE('',#3021,#1412);
#1210=LINE('',#3023,#1413);
#1211=LINE('',#3025,#1414);
#1212=LINE('',#3027,#1415);
#1213=LINE('',#3029,#1416);
#1214=LINE('',#3031,#1417);
#1215=VECTOR('',#1969,1.);
#1216=VECTOR('',#1970,1.);
#1217=VECTOR('',#1971,1.);
#1218=VECTOR('',#1972,1.);
#1219=VECTOR('',#1973,1.);
#1220=VECTOR('',#1974,1.);
#1221=VECTOR('',#1975,1.);
#1222=VECTOR('',#1976,1.);
#1223=VECTOR('',#1979,1.);
#1224=VECTOR('',#1980,1.);
#1225=VECTOR('',#1981,1.);
#1226=VECTOR('',#1982,1.);
#1227=VECTOR('',#1983,1.);
#1228=VECTOR('',#1984,1.);
#1229=VECTOR('',#1985,1.);
#1230=VECTOR('',#1986,1.);
#1231=VECTOR('',#1987,1.);
#1232=VECTOR('',#1988,1.);
#1233=VECTOR('',#1989,1.);
#1234=VECTOR('',#1992,1.);
#1235=VECTOR('',#1993,1.);
#1236=VECTOR('',#1994,1.);
#1237=VECTOR('',#1995,1.);
#1238=VECTOR('',#1996,1.);
#1239=VECTOR('',#1997,1.);
#1240=VECTOR('',#1998,1.);
#1241=VECTOR('',#2001,1.);
#1242=VECTOR('',#2002,1.);
#1243=VECTOR('',#2003,1.);
#1244=VECTOR('',#2004,1.);
#1245=VECTOR('',#2005,1.);
#1246=VECTOR('',#2006,1.);
#1247=VECTOR('',#2007,1.);
#1248=VECTOR('',#2010,1.);
#1249=VECTOR('',#2011,1.);
#1250=VECTOR('',#2014,1.);
#1251=VECTOR('',#2017,1.);
#1252=VECTOR('',#2020,1.);
#1253=VECTOR('',#2021,1.);
#1254=VECTOR('',#2022,1.);
#1255=VECTOR('',#2023,1.);
#1256=VECTOR('',#2024,1.);
#1257=VECTOR('',#2025,1.);
#1258=VECTOR('',#2026,1.);
#1259=VECTOR('',#2027,1.);
#1260=VECTOR('',#2028,1.);
#1261=VECTOR('',#2029,1.);
#1262=VECTOR('',#2030,1.);
#1263=VECTOR('',#2031,1.);
#1264=VECTOR('',#2032,1.);
#1265=VECTOR('',#2033,1.);
#1266=VECTOR('',#2034,1.);
#1267=VECTOR('',#2035,1.);
#1268=VECTOR('',#2036,1.);
#1269=VECTOR('',#2037,1.);
#1270=VECTOR('',#2040,1.);
#1271=VECTOR('',#2041,1.);
#1272=VECTOR('',#2042,1.);
#1273=VECTOR('',#2043,1.);
#1274=VECTOR('',#2044,1.);
#1275=VECTOR('',#2045,1.);
#1276=VECTOR('',#2046,1.);
#1277=VECTOR('',#2047,1.);
#1278=VECTOR('',#2048,1.);
#1279=VECTOR('',#2049,1.);
#1280=VECTOR('',#2050,1.);
#1281=VECTOR('',#2051,1.);
#1282=VECTOR('',#2052,1.);
#1283=VECTOR('',#2053,1.);
#1284=VECTOR('',#2054,1.);
#1285=VECTOR('',#2055,1.);
#1286=VECTOR('',#2056,1.);
#1287=VECTOR('',#2057,1.);
#1288=VECTOR('',#2058,1.);
#1289=VECTOR('',#2059,1.);
#1290=VECTOR('',#2060,1.);
#1291=VECTOR('',#2061,1.);
#1292=VECTOR('',#2062,1.);
#1293=VECTOR('',#2065,1.);
#1294=VECTOR('',#2068,1.);
#1295=VECTOR('',#2071,1.);
#1296=VECTOR('',#2074,1.);
#1297=VECTOR('',#2079,1.);
#1298=VECTOR('',#2082,1.);
#1299=VECTOR('',#2087,1.);
#1300=VECTOR('',#2090,1.);
#1301=VECTOR('',#2093,1.);
#1302=VECTOR('',#2096,1.);
#1303=VECTOR('',#2099,1.);
#1304=VECTOR('',#2112,1.);
#1305=VECTOR('',#2115,1.);
#1306=VECTOR('',#2118,1.);
#1307=VECTOR('',#2121,1.);
#1308=VECTOR('',#2128,1.);
#1309=VECTOR('',#2131,1.);
#1310=VECTOR('',#2134,1.);
#1311=VECTOR('',#2141,1.);
#1312=VECTOR('',#2144,1.);
#1313=VECTOR('',#2147,1.);
#1314=VECTOR('',#2150,1.);
#1315=VECTOR('',#2153,1.);
#1316=VECTOR('',#2154,1.);
#1317=VECTOR('',#2157,1.);
#1318=VECTOR('',#2158,1.);
#1319=VECTOR('',#2159,1.);
#1320=VECTOR('',#2160,1.);
#1321=VECTOR('',#2161,1.);
#1322=VECTOR('',#2164,1.);
#1323=VECTOR('',#2171,1.);
#1324=VECTOR('',#2172,1.);
#1325=VECTOR('',#2173,1.);
#1326=VECTOR('',#2174,1.);
#1327=VECTOR('',#2177,1.);
#1328=VECTOR('',#2178,1.);
#1329=VECTOR('',#2183,1.);
#1330=VECTOR('',#2184,1.);
#1331=VECTOR('',#2187,1.);
#1332=VECTOR('',#2190,1.);
#1333=VECTOR('',#2195,1.);
#1334=VECTOR('',#2196,1.);
#1335=VECTOR('',#2197,1.);
#1336=VECTOR('',#2198,1.);
#1337=VECTOR('',#2199,1.);
#1338=VECTOR('',#2200,1.);
#1339=VECTOR('',#2215,1.);
#1340=VECTOR('',#2216,1.);
#1341=VECTOR('',#2219,1.);
#1342=VECTOR('',#2220,1.);
#1343=VECTOR('',#2223,1.);
#1344=VECTOR('',#2226,1.);
#1345=VECTOR('',#2227,1.);
#1346=VECTOR('',#2228,1.);
#1347=VECTOR('',#2229,1.);
#1348=VECTOR('',#2232,1.);
#1349=VECTOR('',#2233,1.);
#1350=VECTOR('',#2236,1.);
#1351=VECTOR('',#2237,1.);
#1352=VECTOR('',#2240,1.);
#1353=VECTOR('',#2245,1.);
#1354=VECTOR('',#2248,1.);
#1355=VECTOR('',#2255,1.);
#1356=VECTOR('',#2256,1.);
#1357=VECTOR('',#2257,1.);
#1358=VECTOR('',#2258,1.);
#1359=VECTOR('',#2261,1.);
#1360=VECTOR('',#2262,1.);
#1361=VECTOR('',#2265,1.);
#1362=VECTOR('',#2266,1.);
#1363=VECTOR('',#2269,1.);
#1364=VECTOR('',#2280,1.);
#1365=VECTOR('',#2281,1.);
#1366=VECTOR('',#2286,1.);
#1367=VECTOR('',#2287,1.);
#1368=VECTOR('',#2290,1.);
#1369=VECTOR('',#2293,1.);
#1370=VECTOR('',#2304,1.);
#1371=VECTOR('',#2305,1.);
#1372=VECTOR('',#2306,1.);
#1373=VECTOR('',#2307,1.);
#1374=VECTOR('',#2308,1.);
#1375=VECTOR('',#2311,1.);
#1376=VECTOR('',#2312,1.);
#1377=VECTOR('',#2315,1.);
#1378=VECTOR('',#2318,1.);
#1379=VECTOR('',#2323,1.);
#1380=VECTOR('',#2324,1.);
#1381=VECTOR('',#2333,1.);
#1382=VECTOR('',#2336,1.);
#1383=VECTOR('',#2345,1.);
#1384=VECTOR('',#2346,1.);
#1385=VECTOR('',#2351,1.);
#1386=VECTOR('',#2352,1.);
#1387=VECTOR('',#2355,1.);
#1388=VECTOR('',#2358,1.);
#1389=VECTOR('',#2363,1.);
#1390=VECTOR('',#2364,1.);
#1391=VECTOR('',#2367,1.);
#1392=VECTOR('',#2370,1.);
#1393=VECTOR('',#2375,1.);
#1394=VECTOR('',#2378,1.);
#1395=VECTOR('',#2383,1.);
#1396=VECTOR('',#2384,1.);
#1397=VECTOR('',#2385,1.);
#1398=VECTOR('',#2388,1.);
#1399=VECTOR('',#2391,1.);
#1400=VECTOR('',#2392,1.);
#1401=VECTOR('',#2395,1.);
#1402=VECTOR('',#2398,1.);
#1403=VECTOR('',#2399,1.);
#1404=VECTOR('',#2400,1.);
#1405=VECTOR('',#2403,1.);
#1406=VECTOR('',#2404,1.);
#1407=VECTOR('',#2405,1.);
#1408=VECTOR('',#2408,1.);
#1409=VECTOR('',#2413,1.);
#1410=VECTOR('',#2420,1.);
#1411=VECTOR('',#2421,1.);
#1412=VECTOR('',#2422,1.);
#1413=VECTOR('',#2425,1.);
#1414=VECTOR('',#2426,1.);
#1415=VECTOR('',#2429,1.);
#1416=VECTOR('',#2430,1.);
#1417=VECTOR('',#2433,1.);
#1418=EDGE_LOOP('',(#81,#82,#83,#84,#85,#86,#87,#88));
#1419=EDGE_LOOP('',(#89,#90,#91,#92,#93,#94,#95,#96,#97,#98,#99));
#1420=EDGE_LOOP('',(#100,#101,#102,#103,#104,#105,#106,#107));
#1421=EDGE_LOOP('',(#108,#109,#110,#111,#112,#113,#114,#115));
#1422=EDGE_LOOP('',(#116,#117,#118,#119));
#1423=EDGE_LOOP('',(#120,#121,#122,#123));
#1424=EDGE_LOOP('',(#124,#125,#126,#127));
#1425=EDGE_LOOP('',(#128,#129,#130,#131,#132,#133,#134,#135,#136,#137));
#1426=EDGE_LOOP('',(#138,#139,#140,#141));
#1427=EDGE_LOOP('',(#142,#143,#144,#145,#146,#147,#148,#149));
#1428=EDGE_LOOP('',(#150,#151,#152,#153,#154,#155,#156,#157,#158,#159,#160,
#161,#162,#163,#164,#165,#166,#167,#168,#169,#170,#171));
#1429=EDGE_LOOP('',(#172,#173,#174,#175));
#1430=EDGE_LOOP('',(#176,#177,#178,#179));
#1431=EDGE_LOOP('',(#180,#181,#182,#183));
#1432=EDGE_LOOP('',(#184,#185,#186,#187));
#1433=EDGE_LOOP('',(#188,#189,#190,#191));
#1434=EDGE_LOOP('',(#192,#193,#194,#195));
#1435=EDGE_LOOP('',(#196,#197,#198,#199));
#1436=EDGE_LOOP('',(#200,#201));
#1437=EDGE_LOOP('',(#202,#203));
#1438=EDGE_LOOP('',(#204));
#1439=EDGE_LOOP('',(#205));
#1440=EDGE_LOOP('',(#206,#207));
#1441=EDGE_LOOP('',(#208,#209,#210,#211));
#1442=EDGE_LOOP('',(#212,#213,#214,#215));
#1443=EDGE_LOOP('',(#216,#217,#218,#219));
#1444=EDGE_LOOP('',(#220,#221,#222,#223));
#1445=EDGE_LOOP('',(#224,#225,#226,#227));
#1446=EDGE_LOOP('',(#228,#229,#230,#231));
#1447=EDGE_LOOP('',(#232,#233,#234,#235));
#1448=EDGE_LOOP('',(#236,#237,#238,#239,#240,#241,#242,#243,#244,#245,#246,
#247));
#1449=EDGE_LOOP('',(#248));
#1450=EDGE_LOOP('',(#249));
#1451=EDGE_LOOP('',(#250,#251,#252,#253,#254,#255,#256,#257,#258,#259,#260,
#261));
#1452=EDGE_LOOP('',(#262,#263,#264,#265));
#1453=EDGE_LOOP('',(#266,#267,#268,#269));
#1454=EDGE_LOOP('',(#270,#271,#272,#273));
#1455=EDGE_LOOP('',(#274,#275,#276,#277));
#1456=EDGE_LOOP('',(#278,#279,#280,#281));
#1457=EDGE_LOOP('',(#282,#283,#284,#285,#286,#287,#288,#289,#290));
#1458=EDGE_LOOP('',(#291));
#1459=EDGE_LOOP('',(#292));
#1460=EDGE_LOOP('',(#293,#294,#295,#296));
#1461=EDGE_LOOP('',(#297,#298,#299,#300));
#1462=EDGE_LOOP('',(#301,#302,#303,#304));
#1463=EDGE_LOOP('',(#305,#306,#307,#308));
#1464=EDGE_LOOP('',(#309,#310,#311,#312));
#1465=EDGE_LOOP('',(#313,#314,#315,#316,#317,#318));
#1466=EDGE_LOOP('',(#319,#320,#321,#322));
#1467=EDGE_LOOP('',(#323,#324,#325,#326));
#1468=EDGE_LOOP('',(#327,#328,#329,#330));
#1469=EDGE_LOOP('',(#331,#332,#333,#334));
#1470=EDGE_LOOP('',(#335,#336,#337,#338));
#1471=EDGE_LOOP('',(#339,#340,#341));
#1472=EDGE_LOOP('',(#342,#343,#344,#345));
#1473=EDGE_LOOP('',(#346,#347,#348,#349,#350,#351));
#1474=EDGE_LOOP('',(#352,#353,#354,#355,#356,#357));
#1475=EDGE_LOOP('',(#358,#359,#360,#361,#362));
#1476=EDGE_LOOP('',(#363,#364,#365,#366));
#1477=EDGE_LOOP('',(#367,#368,#369,#370));
#1478=EDGE_LOOP('',(#371,#372,#373,#374));
#1479=EDGE_LOOP('',(#375,#376,#377,#378,#379,#380,#381,#382));
#1480=EDGE_LOOP('',(#383,#384,#385,#386));
#1481=EDGE_LOOP('',(#387,#388,#389,#390,#391));
#1482=EDGE_LOOP('',(#392,#393,#394,#395));
#1483=EDGE_LOOP('',(#396,#397,#398,#399));
#1484=EDGE_LOOP('',(#400,#401,#402,#403));
#1485=EDGE_LOOP('',(#404,#405,#406,#407));
#1486=EDGE_LOOP('',(#408,#409,#410,#411,#412,#413,#414,#415));
#1487=EDGE_LOOP('',(#416,#417,#418,#419));
#1488=EDGE_LOOP('',(#420,#421,#422,#423));
#1489=EDGE_LOOP('',(#424,#425,#426,#427));
#1490=EDGE_LOOP('',(#428,#429,#430,#431,#432));
#1491=EDGE_LOOP('',(#433,#434,#435,#436));
#1492=EDGE_LOOP('',(#437,#438,#439,#440,#441));
#1493=EDGE_LOOP('',(#442,#443,#444,#445));
#1494=EDGE_LOOP('',(#446,#447,#448,#449));
#1495=EDGE_LOOP('',(#450,#451,#452,#453));
#1496=EDGE_LOOP('',(#454,#455,#456,#457));
#1497=EDGE_LOOP('',(#458,#459));
#1498=EDGE_LOOP('',(#460,#461,#462,#463));
#1499=EDGE_LOOP('',(#464,#465,#466,#467));
#1500=EDGE_LOOP('',(#468,#469,#470,#471));
#1501=EDGE_LOOP('',(#472,#473,#474,#475));
#1502=EDGE_LOOP('',(#476,#477,#478,#479));
#1503=EDGE_LOOP('',(#480,#481,#482,#483));
#1504=EDGE_LOOP('',(#484,#485,#486,#487));
#1505=EDGE_LOOP('',(#488,#489,#490,#491));
#1506=EDGE_LOOP('',(#492,#493,#494,#495));
#1507=EDGE_LOOP('',(#496,#497,#498,#499));
#1508=EDGE_LOOP('',(#500,#501,#502));
#1509=EDGE_LOOP('',(#503,#504,#505));
#1510=EDGE_LOOP('',(#506,#507,#508,#509));
#1511=EDGE_LOOP('',(#510,#511,#512));
#1512=EDGE_LOOP('',(#513,#514,#515,#516));
#1513=EDGE_LOOP('',(#517,#518,#519));
#1514=EDGE_LOOP('',(#520,#521,#522,#523,#524,#525,#526,#527));
#1515=EDGE_LOOP('',(#528,#529,#530,#531));
#1516=EDGE_LOOP('',(#532,#533,#534,#535));
#1517=EDGE_LOOP('',(#536,#537,#538,#539,#540,#541));
#1518=EDGE_LOOP('',(#542,#543,#544));
#1519=EDGE_LOOP('',(#545,#546,#547,#548));
#1520=EDGE_LOOP('',(#549,#550,#551,#552));
#1521=EDGE_LOOP('',(#553,#554,#555,#556));
#1522=EDGE_LOOP('',(#557,#558,#559,#560,#561,#562));
#1523=EDGE_LOOP('',(#563,#564,#565,#566));
#1524=EDGE_LOOP('',(#567,#568,#569,#570));
#1525=EDGE_LOOP('',(#571,#572,#573,#574));
#1526=EDGE_LOOP('',(#575,#576,#577,#578));
#1527=EDGE_LOOP('',(#579,#580,#581,#582));
#1528=EDGE_LOOP('',(#583,#584,#585,#586));
#1529=EDGE_LOOP('',(#587));
#1530=EDGE_LOOP('',(#588));
#1531=EDGE_LOOP('',(#589));
#1532=EDGE_LOOP('',(#590));
#1533=FACE_BOUND('',#1418,.T.);
#1534=FACE_BOUND('',#1419,.T.);
#1535=FACE_BOUND('',#1420,.T.);
#1536=FACE_BOUND('',#1421,.T.);
#1537=FACE_BOUND('',#1422,.T.);
#1538=FACE_BOUND('',#1423,.T.);
#1539=FACE_BOUND('',#1424,.T.);
#1540=FACE_BOUND('',#1425,.T.);
#1541=FACE_BOUND('',#1426,.T.);
#1542=FACE_BOUND('',#1427,.T.);
#1543=FACE_BOUND('',#1428,.T.);
#1544=FACE_BOUND('',#1429,.T.);
#1545=FACE_BOUND('',#1430,.T.);
#1546=FACE_BOUND('',#1431,.T.);
#1547=FACE_BOUND('',#1432,.T.);
#1548=FACE_BOUND('',#1433,.T.);
#1549=FACE_BOUND('',#1434,.T.);
#1550=FACE_BOUND('',#1435,.T.);
#1551=FACE_BOUND('',#1436,.T.);
#1552=FACE_BOUND('',#1437,.T.);
#1553=FACE_BOUND('',#1438,.T.);
#1554=FACE_BOUND('',#1439,.T.);
#1555=FACE_BOUND('',#1440,.T.);
#1556=FACE_BOUND('',#1441,.T.);
#1557=FACE_BOUND('',#1442,.T.);
#1558=FACE_BOUND('',#1443,.T.);
#1559=FACE_BOUND('',#1444,.T.);
#1560=FACE_BOUND('',#1445,.T.);
#1561=FACE_BOUND('',#1446,.T.);
#1562=FACE_BOUND('',#1447,.T.);
#1563=FACE_BOUND('',#1448,.T.);
#1564=FACE_BOUND('',#1449,.T.);
#1565=FACE_BOUND('',#1450,.T.);
#1566=FACE_BOUND('',#1451,.T.);
#1567=FACE_BOUND('',#1452,.T.);
#1568=FACE_BOUND('',#1453,.T.);
#1569=FACE_BOUND('',#1454,.T.);
#1570=FACE_BOUND('',#1455,.T.);
#1571=FACE_BOUND('',#1456,.T.);
#1572=FACE_BOUND('',#1457,.T.);
#1573=FACE_BOUND('',#1458,.T.);
#1574=FACE_BOUND('',#1459,.T.);
#1575=FACE_BOUND('',#1460,.T.);
#1576=FACE_BOUND('',#1461,.T.);
#1577=FACE_BOUND('',#1462,.T.);
#1578=FACE_BOUND('',#1463,.T.);
#1579=FACE_BOUND('',#1464,.T.);
#1580=FACE_BOUND('',#1465,.T.);
#1581=FACE_BOUND('',#1466,.T.);
#1582=FACE_BOUND('',#1467,.T.);
#1583=FACE_BOUND('',#1468,.T.);
#1584=FACE_BOUND('',#1469,.T.);
#1585=FACE_BOUND('',#1470,.T.);
#1586=FACE_BOUND('',#1471,.T.);
#1587=FACE_BOUND('',#1472,.T.);
#1588=FACE_BOUND('',#1473,.T.);
#1589=FACE_BOUND('',#1474,.T.);
#1590=FACE_BOUND('',#1475,.T.);
#1591=FACE_BOUND('',#1476,.T.);
#1592=FACE_BOUND('',#1477,.T.);
#1593=FACE_BOUND('',#1478,.T.);
#1594=FACE_BOUND('',#1479,.T.);
#1595=FACE_BOUND('',#1480,.T.);
#1596=FACE_BOUND('',#1481,.T.);
#1597=FACE_BOUND('',#1482,.T.);
#1598=FACE_BOUND('',#1483,.T.);
#1599=FACE_BOUND('',#1484,.T.);
#1600=FACE_BOUND('',#1485,.T.);
#1601=FACE_BOUND('',#1486,.T.);
#1602=FACE_BOUND('',#1487,.T.);
#1603=FACE_BOUND('',#1488,.T.);
#1604=FACE_BOUND('',#1489,.T.);
#1605=FACE_BOUND('',#1490,.T.);
#1606=FACE_BOUND('',#1491,.T.);
#1607=FACE_BOUND('',#1492,.T.);
#1608=FACE_BOUND('',#1493,.T.);
#1609=FACE_BOUND('',#1494,.T.);
#1610=FACE_BOUND('',#1495,.T.);
#1611=FACE_BOUND('',#1496,.T.);
#1612=FACE_BOUND('',#1497,.T.);
#1613=FACE_BOUND('',#1498,.T.);
#1614=FACE_BOUND('',#1499,.T.);
#1615=FACE_BOUND('',#1500,.T.);
#1616=FACE_BOUND('',#1501,.T.);
#1617=FACE_BOUND('',#1502,.T.);
#1618=FACE_BOUND('',#1503,.T.);
#1619=FACE_BOUND('',#1504,.T.);
#1620=FACE_BOUND('',#1505,.T.);
#1621=FACE_BOUND('',#1506,.T.);
#1622=FACE_BOUND('',#1507,.T.);
#1623=FACE_BOUND('',#1508,.T.);
#1624=FACE_BOUND('',#1509,.T.);
#1625=FACE_BOUND('',#1510,.T.);
#1626=FACE_BOUND('',#1511,.T.);
#1627=FACE_BOUND('',#1512,.T.);
#1628=FACE_BOUND('',#1513,.T.);
#1629=FACE_BOUND('',#1514,.T.);
#1630=FACE_BOUND('',#1515,.T.);
#1631=FACE_BOUND('',#1516,.T.);
#1632=FACE_BOUND('',#1517,.T.);
#1633=FACE_BOUND('',#1518,.T.);
#1634=FACE_BOUND('',#1519,.T.);
#1635=FACE_BOUND('',#1520,.T.);
#1636=FACE_BOUND('',#1521,.T.);
#1637=FACE_BOUND('',#1522,.T.);
#1638=FACE_BOUND('',#1523,.T.);
#1639=FACE_BOUND('',#1524,.T.);
#1640=FACE_BOUND('',#1525,.T.);
#1641=FACE_BOUND('',#1526,.T.);
#1642=FACE_BOUND('',#1527,.T.);
#1643=FACE_BOUND('',#1528,.T.);
#1644=FACE_BOUND('',#1529,.T.);
#1645=FACE_BOUND('',#1530,.T.);
#1646=FACE_BOUND('',#1531,.T.);
#1647=FACE_BOUND('',#1532,.T.);
#1648=PLANE('',#1830);
#1649=PLANE('',#1831);
#1650=PLANE('',#1832);
#1651=PLANE('',#1833);
#1652=PLANE('',#1834);
#1653=PLANE('',#1835);
#1654=PLANE('',#1836);
#1655=PLANE('',#1837);
#1656=PLANE('',#1838);
#1657=PLANE('',#1872);
#1658=PLANE('',#1873);
#1659=PLANE('',#1875);
#1660=PLANE('',#1879);
#1661=PLANE('',#1880);
#1662=PLANE('',#1881);
#1663=PLANE('',#1882);
#1664=PLANE('',#1883);
#1665=PLANE('',#1884);
#1666=PLANE('',#1885);
#1667=PLANE('',#1889);
#1668=PLANE('',#1891);
#1669=PLANE('',#1892);
#1670=PLANE('',#1893);
#1671=PLANE('',#1894);
#1672=PLANE('',#1895);
#1673=PLANE('',#1896);
#1674=PLANE('',#1897);
#1675=PLANE('',#1898);
#1676=PLANE('',#1899);
#1677=PLANE('',#1900);
#1678=PLANE('',#1903);
#1679=PLANE('',#1904);
#1680=PLANE('',#1905);
#1681=PLANE('',#1906);
#1682=PLANE('',#1907);
#1683=PLANE('',#1913);
#1684=PLANE('',#1914);
#1685=PLANE('',#1915);
#1686=PLANE('',#1916);
#1687=PLANE('',#1917);
#1688=PLANE('',#1921);
#1689=PLANE('',#1922);
#1690=PLANE('',#1923);
#1691=PLANE('',#1924);
#1692=PLANE('',#1927);
#1693=PLANE('',#1928);
#1694=PLANE('',#1929);
#1695=PLANE('',#1930);
#1696=PLANE('',#1931);
#1697=PLANE('',#1936);
#1698=PLANE('',#1937);
#1699=PLANE('',#1938);
#1700=PLANE('',#1939);
#1701=PLANE('',#1940);
#1702=PLANE('',#1941);
#1703=PLANE('',#1942);
#1704=PLANE('',#1943);
#1705=PLANE('',#1944);
#1706=PLANE('',#1945);
#1707=PLANE('',#1946);
#1708=PLANE('',#1947);
#1709=PLANE('',#1948);
#1710=PLANE('',#1949);
#1711=PLANE('',#1950);
#1712=PLANE('',#1951);
#1713=PLANE('',#1952);
#1714=PLANE('',#1953);
#1715=PLANE('',#1954);
#1716=PLANE('',#1955);
#1717=PLANE('',#1956);
#1718=PLANE('',#1957);
#1719=PLANE('',#1958);
#1720=PLANE('',#1959);
#1721=PLANE('',#1960);
#1722=PLANE('',#1961);
#1723=PLANE('',#1962);
#1724=ADVANCED_FACE('',(#1533),#1648,.T.);
#1725=ADVANCED_FACE('',(#1534),#1649,.F.);
#1726=ADVANCED_FACE('',(#1535),#1650,.F.);
#1727=ADVANCED_FACE('',(#1536),#1651,.T.);
#1728=ADVANCED_FACE('',(#1537),#1652,.T.);
#1729=ADVANCED_FACE('',(#1538),#1653,.T.);
#1730=ADVANCED_FACE('',(#1539),#1654,.F.);
#1731=ADVANCED_FACE('',(#1540,#1541,#1542),#1655,.T.);
#1732=ADVANCED_FACE('',(#1543,#1544),#1656,.F.);
#1733=ADVANCED_FACE('',(#1545,#1546),#56,.T.);
#1734=ADVANCED_FACE('',(#1547,#1548),#57,.F.);
#1735=ADVANCED_FACE('',(#1549,#1550),#58,.T.);
#1736=ADVANCED_FACE('',(#1551,#1552,#1553,#1554,#1555),#59,.F.);
#1737=ADVANCED_FACE('',(#1556,#1557),#60,.F.);
#1738=ADVANCED_FACE('',(#1558,#1559),#61,.T.);
#1739=ADVANCED_FACE('',(#1560,#1561),#62,.T.);
#1740=ADVANCED_FACE('',(#1562),#1657,.T.);
#1741=ADVANCED_FACE('',(#1563),#1658,.F.);
#1742=ADVANCED_FACE('',(#1564,#1565,#1566),#1659,.T.);
#1743=ADVANCED_FACE('',(#1567),#1660,.T.);
#1744=ADVANCED_FACE('',(#1568),#1661,.T.);
#1745=ADVANCED_FACE('',(#1569),#1662,.T.);
#1746=ADVANCED_FACE('',(#1570),#1663,.F.);
#1747=ADVANCED_FACE('',(#1571),#1664,.F.);
#1748=ADVANCED_FACE('',(#1572),#1665,.F.);
#1749=ADVANCED_FACE('',(#1573,#1574,#1575),#1666,.F.);
#1750=ADVANCED_FACE('',(#1576),#1667,.T.);
#1751=ADVANCED_FACE('',(#1577),#1668,.T.);
#1752=ADVANCED_FACE('',(#1578),#1669,.T.);
#1753=ADVANCED_FACE('',(#1579),#1670,.F.);
#1754=ADVANCED_FACE('',(#1580),#1671,.T.);
#1755=ADVANCED_FACE('',(#1581),#1672,.F.);
#1756=ADVANCED_FACE('',(#1582),#1673,.F.);
#1757=ADVANCED_FACE('',(#1583),#1674,.T.);
#1758=ADVANCED_FACE('',(#1584,#1585),#1675,.T.);
#1759=ADVANCED_FACE('',(#1586),#1676,.F.);
#1760=ADVANCED_FACE('',(#1587),#1677,.F.);
#1761=ADVANCED_FACE('',(#1588),#12,.T.);
#1762=ADVANCED_FACE('',(#1589),#13,.T.);
#1763=ADVANCED_FACE('',(#1590),#1678,.T.);
#1764=ADVANCED_FACE('',(#1591),#1679,.F.);
#1765=ADVANCED_FACE('',(#1592),#1680,.F.);
#1766=ADVANCED_FACE('',(#1593),#1681,.T.);
#1767=ADVANCED_FACE('',(#1594),#1682,.T.);
#1768=ADVANCED_FACE('',(#1595),#63,.F.);
#1769=ADVANCED_FACE('',(#1596),#64,.F.);
#1770=ADVANCED_FACE('',(#1597),#1683,.F.);
#1771=ADVANCED_FACE('',(#1598),#1684,.F.);
#1772=ADVANCED_FACE('',(#1599),#1685,.T.);
#1773=ADVANCED_FACE('',(#1600),#1686,.T.);
#1774=ADVANCED_FACE('',(#1601),#1687,.F.);
#1775=ADVANCED_FACE('',(#1602),#1688,.F.);
#1776=ADVANCED_FACE('',(#1603),#1689,.T.);
#1777=ADVANCED_FACE('',(#1604),#1690,.T.);
#1778=ADVANCED_FACE('',(#1605),#1691,.F.);
#1779=ADVANCED_FACE('',(#1606),#65,.F.);
#1780=ADVANCED_FACE('',(#1607),#66,.F.);
#1781=ADVANCED_FACE('',(#1608),#1692,.F.);
#1782=ADVANCED_FACE('',(#1609),#1693,.T.);
#1783=ADVANCED_FACE('',(#1610),#1694,.F.);
#1784=ADVANCED_FACE('',(#1611),#1695,.T.);
#1785=ADVANCED_FACE('',(#1612,#1613),#1696,.T.);
#1786=ADVANCED_FACE('',(#1614),#67,.F.);
#1787=ADVANCED_FACE('',(#1615),#68,.F.);
#1788=ADVANCED_FACE('',(#1616),#1697,.T.);
#1789=ADVANCED_FACE('',(#1617),#1698,.F.);
#1790=ADVANCED_FACE('',(#1618),#1699,.F.);
#1791=ADVANCED_FACE('',(#1619),#1700,.T.);
#1792=ADVANCED_FACE('',(#1620),#1701,.T.);
#1793=ADVANCED_FACE('',(#1621),#1702,.F.);
#1794=ADVANCED_FACE('',(#1622),#1703,.T.);
#1795=ADVANCED_FACE('',(#1623),#1704,.T.);
#1796=ADVANCED_FACE('',(#1624),#1705,.T.);
#1797=ADVANCED_FACE('',(#1625),#1706,.F.);
#1798=ADVANCED_FACE('',(#1626),#1707,.F.);
#1799=ADVANCED_FACE('',(#1627),#1708,.F.);
#1800=ADVANCED_FACE('',(#1628),#1709,.F.);
#1801=ADVANCED_FACE('',(#1629),#1710,.T.);
#1802=ADVANCED_FACE('',(#1630),#1711,.T.);
#1803=ADVANCED_FACE('',(#1631),#1712,.F.);
#1804=ADVANCED_FACE('',(#1632),#1713,.F.);
#1805=ADVANCED_FACE('',(#1633),#1714,.T.);
#1806=ADVANCED_FACE('',(#1634),#1715,.T.);
#1807=ADVANCED_FACE('',(#1635),#1716,.F.);
#1808=ADVANCED_FACE('',(#1636),#1717,.F.);
#1809=ADVANCED_FACE('',(#1637),#1718,.T.);
#1810=ADVANCED_FACE('',(#1638),#1719,.F.);
#1811=ADVANCED_FACE('',(#1639),#1720,.F.);
#1812=ADVANCED_FACE('',(#1640),#1721,.T.);
#1813=ADVANCED_FACE('',(#1641),#1722,.T.);
#1814=ADVANCED_FACE('',(#1642,#1643),#1723,.T.);
#1815=ADVANCED_FACE('',(#1644,#1645),#69,.F.);
#1816=ADVANCED_FACE('',(#1646,#1647),#70,.F.);
#1817=CLOSED_SHELL('',(#1724,#1725,#1726,#1727,#1728,#1729,#1730,#1731,
#1732,#1733,#1734,#1735,#1736,#1737,#1738,#1739,#1740,#1741,#1742,#1743,
#1744,#1745,#1746,#1747,#1748,#1749,#1750,#1751,#1752,#1753,#1754,#1755,
#1756,#1757,#1758,#1759,#1760,#1761,#1762,#1763,#1764,#1765,#1766,#1767,
#1768,#1769,#1770,#1771,#1772,#1773,#1774,#1775,#1776,#1777,#1778,#1779,
#1780,#1781,#1782,#1783,#1784,#1785,#1786,#1787,#1788,#1789,#1790,#1791,
#1792,#1793,#1794,#1795,#1796,#1797,#1798,#1799,#1800,#1801,#1802,#1803,
#1804,#1805,#1806,#1807,#1808,#1809,#1810,#1811,#1812,#1813,#1814,#1815,
#1816));
#1818=STYLED_ITEM('',(#1819),#1826);
#1819=PRESENTATION_STYLE_ASSIGNMENT((#1820));
#1820=SURFACE_STYLE_USAGE(.BOTH.,#1821);
#1821=SURFACE_SIDE_STYLE('',(#1822));
#1822=SURFACE_STYLE_FILL_AREA(#1823);
#1823=FILL_AREA_STYLE('',(#1824));
#1824=FILL_AREA_STYLE_COLOUR('',#1825);
#1825=COLOUR_RGB('',0.615686274509804,0.811764705882353,0.929411764705882);
#1826=MANIFOLD_SOLID_BREP('Part 1',#1817);
#1827=SHAPE_DEFINITION_REPRESENTATION(#3041,#1828);
#1828=SHAPE_REPRESENTATION('Part 1',(#1829),#3036);
#1829=AXIS2_PLACEMENT_3D('',#2440,#1965,#1966);
#1830=AXIS2_PLACEMENT_3D('',#2441,#1967,#1968);
#1831=AXIS2_PLACEMENT_3D('',#2458,#1977,#1978);
#1832=AXIS2_PLACEMENT_3D('',#2480,#1990,#1991);
#1833=AXIS2_PLACEMENT_3D('',#2494,#1999,#2000);
#1834=AXIS2_PLACEMENT_3D('',#2508,#2008,#2009);
#1835=AXIS2_PLACEMENT_3D('',#2511,#2012,#2013);
#1836=AXIS2_PLACEMENT_3D('',#2513,#2015,#2016);
#1837=AXIS2_PLACEMENT_3D('',#2515,#2018,#2019);
#1838=AXIS2_PLACEMENT_3D('',#2590,#2038,#2039);
#1839=AXIS2_PLACEMENT_3D('',#2636,#2063,#2064);
#1840=AXIS2_PLACEMENT_3D('',#2640,#2066,#2067);
#1841=AXIS2_PLACEMENT_3D('',#2644,#2069,#2070);
#1842=AXIS2_PLACEMENT_3D('',#2648,#2072,#2073);
#1843=AXIS2_PLACEMENT_3D('',#2652,#2075,#2076);
#1844=AXIS2_PLACEMENT_3D('',#2653,#2077,#2078);
#1845=AXIS2_PLACEMENT_3D('',#2657,#2080,#2081);
#1846=AXIS2_PLACEMENT_3D('',#2661,#2083,#2084);
#1847=AXIS2_PLACEMENT_3D('',#2662,#2085,#2086);
#1848=AXIS2_PLACEMENT_3D('',#2667,#2088,#2089);
#1849=AXIS2_PLACEMENT_3D('',#2670,#2091,#2092);
#1850=AXIS2_PLACEMENT_3D('',#2674,#2094,#2095);
#1851=AXIS2_PLACEMENT_3D('',#2678,#2097,#2098);
#1852=AXIS2_PLACEMENT_3D('',#2682,#2100,#2101);
#1853=AXIS2_PLACEMENT_3D('',#2683,#2102,#2103);
#1854=AXIS2_PLACEMENT_3D('',#2684,#2104,#2105);
#1855=AXIS2_PLACEMENT_3D('',#2725,#2106,#2107);
#1856=AXIS2_PLACEMENT_3D('',#2726,#2108,#2109);
#1857=AXIS2_PLACEMENT_3D('',#2747,#2110,#2111);
#1858=AXIS2_PLACEMENT_3D('',#2751,#2113,#2114);
#1859=AXIS2_PLACEMENT_3D('',#2755,#2116,#2117);
#1860=AXIS2_PLACEMENT_3D('',#2759,#2119,#2120);
#1861=AXIS2_PLACEMENT_3D('',#2763,#2122,#2123);
#1862=AXIS2_PLACEMENT_3D('',#2764,#2124,#2125);
#1863=AXIS2_PLACEMENT_3D('',#2765,#2126,#2127);
#1864=AXIS2_PLACEMENT_3D('',#2769,#2129,#2130);
#1865=AXIS2_PLACEMENT_3D('',#2773,#2132,#2133);
#1866=AXIS2_PLACEMENT_3D('',#2777,#2135,#2136);
#1867=AXIS2_PLACEMENT_3D('',#2778,#2137,#2138);
#1868=AXIS2_PLACEMENT_3D('',#2779,#2139,#2140);
#1869=AXIS2_PLACEMENT_3D('',#2784,#2142,#2143);
#1870=AXIS2_PLACEMENT_3D('',#2787,#2145,#2146);
#1871=AXIS2_PLACEMENT_3D('',#2792,#2148,#2149);
#1872=AXIS2_PLACEMENT_3D('',#2795,#2151,#2152);
#1873=AXIS2_PLACEMENT_3D('',#2798,#2155,#2156);
#1874=AXIS2_PLACEMENT_3D('',#2806,#2162,#2163);
#1875=AXIS2_PLACEMENT_3D('',#2808,#2165,#2166);
#1876=AXIS2_PLACEMENT_3D('',#2809,#2167,#2168);
#1877=AXIS2_PLACEMENT_3D('',#2811,#2169,#2170);
#1878=AXIS2_PLACEMENT_3D('',#2819,#2175,#2176);
#1879=AXIS2_PLACEMENT_3D('',#2822,#2179,#2180);
#1880=AXIS2_PLACEMENT_3D('',#2823,#2181,#2182);
#1881=AXIS2_PLACEMENT_3D('',#2826,#2185,#2186);
#1882=AXIS2_PLACEMENT_3D('',#2828,#2188,#2189);
#1883=AXIS2_PLACEMENT_3D('',#2830,#2191,#2192);
#1884=AXIS2_PLACEMENT_3D('',#2831,#2193,#2194);
#1885=AXIS2_PLACEMENT_3D('',#2842,#2201,#2202);
#1886=AXIS2_PLACEMENT_3D('',#2843,#2203,#2204);
#1887=AXIS2_PLACEMENT_3D('',#2845,#2205,#2206);
#1888=AXIS2_PLACEMENT_3D('',#2847,#2207,#2208);
#1889=AXIS2_PLACEMENT_3D('',#2848,#2209,#2210);
#1890=AXIS2_PLACEMENT_3D('',#2849,#2211,#2212);
#1891=AXIS2_PLACEMENT_3D('',#2850,#2213,#2214);
#1892=AXIS2_PLACEMENT_3D('',#2854,#2217,#2218);
#1893=AXIS2_PLACEMENT_3D('',#2858,#2221,#2222);
#1894=AXIS2_PLACEMENT_3D('',#2860,#2224,#2225);
#1895=AXIS2_PLACEMENT_3D('',#2867,#2230,#2231);
#1896=AXIS2_PLACEMENT_3D('',#2871,#2234,#2235);
#1897=AXIS2_PLACEMENT_3D('',#2875,#2238,#2239);
#1898=AXIS2_PLACEMENT_3D('',#2877,#2241,#2242);
#1899=AXIS2_PLACEMENT_3D('',#2878,#2243,#2244);
#1900=AXIS2_PLACEMENT_3D('',#2880,#2246,#2247);
#1901=AXIS2_PLACEMENT_3D('',#2882,#2249,#2250);
#1902=AXIS2_PLACEMENT_3D('',#2883,#2251,#2252);
#1903=AXIS2_PLACEMENT_3D('',#2884,#2253,#2254);
#1904=AXIS2_PLACEMENT_3D('',#2892,#2259,#2260);
#1905=AXIS2_PLACEMENT_3D('',#2896,#2263,#2264);
#1906=AXIS2_PLACEMENT_3D('',#2900,#2267,#2268);
#1907=AXIS2_PLACEMENT_3D('',#2902,#2270,#2271);
#1908=AXIS2_PLACEMENT_3D('',#2903,#2272,#2273);
#1909=AXIS2_PLACEMENT_3D('',#2906,#2274,#2275);
#1910=AXIS2_PLACEMENT_3D('',#2907,#2276,#2277);
#1911=AXIS2_PLACEMENT_3D('',#2908,#2278,#2279);
#1912=AXIS2_PLACEMENT_3D('',#2911,#2282,#2283);
#1913=AXIS2_PLACEMENT_3D('',#2912,#2284,#2285);
#1914=AXIS2_PLACEMENT_3D('',#2915,#2288,#2289);
#1915=AXIS2_PLACEMENT_3D('',#2917,#2291,#2292);
#1916=AXIS2_PLACEMENT_3D('',#2919,#2294,#2295);
#1917=AXIS2_PLACEMENT_3D('',#2920,#2296,#2297);
#1918=AXIS2_PLACEMENT_3D('',#2921,#2298,#2299);
#1919=AXIS2_PLACEMENT_3D('',#2924,#2300,#2301);
#1920=AXIS2_PLACEMENT_3D('',#2926,#2302,#2303);
#1921=AXIS2_PLACEMENT_3D('',#2936,#2309,#2310);
#1922=AXIS2_PLACEMENT_3D('',#2939,#2313,#2314);
#1923=AXIS2_PLACEMENT_3D('',#2941,#2316,#2317);
#1924=AXIS2_PLACEMENT_3D('',#2943,#2319,#2320);
#1925=AXIS2_PLACEMENT_3D('',#2944,#2321,#2322);
#1926=AXIS2_PLACEMENT_3D('',#2947,#2325,#2326);
#1927=AXIS2_PLACEMENT_3D('',#2948,#2327,#2328);
#1928=AXIS2_PLACEMENT_3D('',#2949,#2329,#2330);
#1929=AXIS2_PLACEMENT_3D('',#2950,#2331,#2332);
#1930=AXIS2_PLACEMENT_3D('',#2952,#2334,#2335);
#1931=AXIS2_PLACEMENT_3D('',#2954,#2337,#2338);
#1932=AXIS2_PLACEMENT_3D('',#2955,#2339,#2340);
#1933=AXIS2_PLACEMENT_3D('',#2958,#2341,#2342);
#1934=AXIS2_PLACEMENT_3D('',#2959,#2343,#2344);
#1935=AXIS2_PLACEMENT_3D('',#2962,#2347,#2348);
#1936=AXIS2_PLACEMENT_3D('',#2963,#2349,#2350);
#1937=AXIS2_PLACEMENT_3D('',#2966,#2353,#2354);
#1938=AXIS2_PLACEMENT_3D('',#2968,#2356,#2357);
#1939=AXIS2_PLACEMENT_3D('',#2970,#2359,#2360);
#1940=AXIS2_PLACEMENT_3D('',#2971,#2361,#2362);
#1941=AXIS2_PLACEMENT_3D('',#2974,#2365,#2366);
#1942=AXIS2_PLACEMENT_3D('',#2976,#2368,#2369);
#1943=AXIS2_PLACEMENT_3D('',#2978,#2371,#2372);
#1944=AXIS2_PLACEMENT_3D('',#2979,#2373,#2374);
#1945=AXIS2_PLACEMENT_3D('',#2981,#2376,#2377);
#1946=AXIS2_PLACEMENT_3D('',#2983,#2379,#2380);
#1947=AXIS2_PLACEMENT_3D('',#2984,#2381,#2382);
#1948=AXIS2_PLACEMENT_3D('',#2990,#2386,#2387);
#1949=AXIS2_PLACEMENT_3D('',#2992,#2389,#2390);
#1950=AXIS2_PLACEMENT_3D('',#2996,#2393,#2394);
#1951=AXIS2_PLACEMENT_3D('',#2998,#2396,#2397);
#1952=AXIS2_PLACEMENT_3D('',#3004,#2401,#2402);
#1953=AXIS2_PLACEMENT_3D('',#3009,#2406,#2407);
#1954=AXIS2_PLACEMENT_3D('',#3011,#2409,#2410);
#1955=AXIS2_PLACEMENT_3D('',#3012,#2411,#2412);
#1956=AXIS2_PLACEMENT_3D('',#3014,#2414,#2415);
#1957=AXIS2_PLACEMENT_3D('',#3015,#2416,#2417);
#1958=AXIS2_PLACEMENT_3D('',#3016,#2418,#2419);
#1959=AXIS2_PLACEMENT_3D('',#3022,#2423,#2424);
#1960=AXIS2_PLACEMENT_3D('',#3026,#2427,#2428);
#1961=AXIS2_PLACEMENT_3D('',#3030,#2431,#2432);
#1962=AXIS2_PLACEMENT_3D('',#3032,#2434,#2435);
#1963=AXIS2_PLACEMENT_3D('',#3033,#2436,#2437);
#1964=AXIS2_PLACEMENT_3D('',#3034,#2438,#2439);
#1965=DIRECTION('',(0.,0.,1.));
#1966=DIRECTION('',(1.,0.,0.));
#1967=DIRECTION('',(0.,1.,0.));
#1968=DIRECTION('',(0.,0.,1.));
#1969=DIRECTION('',(2.61272104128201E-17,0.,1.));
#1970=DIRECTION('',(1.,0.,-1.04508841651281E-16));
#1971=DIRECTION('',(2.61272104128201E-17,0.,1.));
#1972=DIRECTION('',(-1.,0.,2.61272104128201E-17));
#1973=DIRECTION('',(0.,0.,-1.));
#1974=DIRECTION('',(1.,0.,0.));
#1975=DIRECTION('',(0.,0.,-1.));
#1976=DIRECTION('',(-1.,0.,2.61272104128201E-17));
#1977=DIRECTION('',(-5.22544208256403E-17,0.866025403784439,-0.5));
#1978=DIRECTION('',(0.,0.5,0.866025403784439));
#1979=DIRECTION('',(-8.70210917086173E-33,0.5,0.866025403784439));
#1980=DIRECTION('',(1.,3.39402419212853E-17,-4.57226182224353E-17));
#1981=DIRECTION('',(-2.90070305695391E-33,-0.5,-0.866025403784439));
#1982=DIRECTION('',(1.,4.52536558950472E-17,-2.61272104128201E-17));
#1983=DIRECTION('',(-2.90070305695391E-33,-0.5,-0.866025403784439));
#1984=DIRECTION('',(1.,3.39402419212853E-17,-4.57226182224353E-17));
#1985=DIRECTION('',(-1.45035152847695E-32,-0.5,-0.866025403784439));
#1986=DIRECTION('',(1.,4.52536558950472E-17,-2.61272104128201E-17));
#1987=DIRECTION('',(-2.90070305695391E-33,-0.5,-0.866025403784439));
#1988=DIRECTION('',(-2.90070305695391E-33,-0.5,-0.866025403784439));
#1989=DIRECTION('',(1.,3.39402419212853E-17,-4.57226182224353E-17));
#1990=DIRECTION('',(-1.,-4.52536558950472E-17,2.61272104128201E-17));
#1991=DIRECTION('',(4.52536558950472E-17,-1.,0.));
#1992=DIRECTION('',(0.,0.5,0.866025403784439));
#1993=DIRECTION('',(5.22544208256403E-17,-0.866025403784439,0.5));
#1994=DIRECTION('',(2.90070305695391E-33,-0.5,-0.866025403784439));
#1995=DIRECTION('',(4.52536558950472E-17,-1.,0.));
#1996=DIRECTION('',(2.61272104128201E-17,0.,1.));
#1997=DIRECTION('',(4.52536558950472E-17,-1.,0.));
#1998=DIRECTION('',(5.22544208256403E-17,-0.866025403784439,0.5));
#1999=DIRECTION('',(-1.,-4.52536558950472E-17,2.61272104128201E-17));
#2000=DIRECTION('',(4.52536558950472E-17,-1.,0.));
#2001=DIRECTION('',(0.,0.5,0.866025403784439));
#2002=DIRECTION('',(5.22544208256403E-17,-0.866025403784439,0.5));
#2003=DIRECTION('',(4.52536558950472E-17,-1.,0.));
#2004=DIRECTION('',(2.61272104128201E-17,0.,1.));
#2005=DIRECTION('',(4.52536558950472E-17,-1.,0.));
#2006=DIRECTION('',(2.90070305695391E-33,-0.5,-0.866025403784439));
#2007=DIRECTION('',(5.22544208256403E-17,-0.866025403784439,0.5));
#2008=DIRECTION('',(-3.30348189431773E-33,-0.5,-0.866025403784439));
#2009=DIRECTION('',(0.,0.866025403784439,-0.5));
#2010=DIRECTION('',(-1.,-4.52536558950472E-17,2.61272104128201E-17));
#2011=DIRECTION('',(1.,-6.60696378863546E-33,0.));
#2012=DIRECTION('',(0.,0.,1.));
#2013=DIRECTION('',(1.,0.,0.));
#2014=DIRECTION('',(-1.,0.,0.));
#2015=DIRECTION('',(0.,1.,0.));
#2016=DIRECTION('',(0.,0.,1.));
#2017=DIRECTION('',(1.,0.,0.));
#2018=DIRECTION('',(0.,0.,1.));
#2019=DIRECTION('',(1.,0.,0.));
#2020=DIRECTION('',(1.,0.,0.));
#2021=DIRECTION('',(0.,1.,0.));
#2022=DIRECTION('',(1.,0.,0.));
#2023=DIRECTION('',(1.,0.,0.));
#2024=DIRECTION('',(0.,1.,0.));
#2025=DIRECTION('',(1.,0.,0.));
#2026=DIRECTION('',(1.57702134179709E-16,1.,0.));
#2027=DIRECTION('',(-1.,0.,0.));
#2028=DIRECTION('',(1.57702134179709E-16,1.,0.));
#2029=DIRECTION('',(-1.,0.,0.));
#2030=DIRECTION('',(1.,0.,0.));
#2031=DIRECTION('',(4.52536558950472E-17,-1.,0.));
#2032=DIRECTION('',(-1.,-1.20676415720126E-16,0.));
#2033=DIRECTION('',(0.,1.,0.));
#2034=DIRECTION('',(-1.,-1.20676415720126E-16,0.));
#2035=DIRECTION('',(0.,1.,0.));
#2036=DIRECTION('',(-1.,-1.20676415720126E-16,0.));
#2037=DIRECTION('',(4.52536558950472E-17,-1.,0.));
#2038=DIRECTION('',(0.,0.,1.));
#2039=DIRECTION('',(1.,0.,0.));
#2040=DIRECTION('',(0.,1.,0.));
#2041=DIRECTION('',(1.,-4.52536558950472E-17,0.));
#2042=DIRECTION('',(4.52536558950472E-17,-1.,0.));
#2043=DIRECTION('',(1.,6.03382078600629E-17,0.));
#2044=DIRECTION('',(4.52536558950472E-17,-1.,0.));
#2045=DIRECTION('',(1.,6.03382078600629E-17,0.));
#2046=DIRECTION('',(1.,6.03382078600629E-17,0.));
#2047=DIRECTION('',(4.52536558950472E-17,-1.,0.));
#2048=DIRECTION('',(1.,6.03382078600629E-17,0.));
#2049=DIRECTION('',(4.52536558950472E-17,-1.,0.));
#2050=DIRECTION('',(1.,0.,0.));
#2051=DIRECTION('',(4.52536558950472E-17,-1.,0.));
#2052=DIRECTION('',(1.,-4.52536558950472E-17,0.));
#2053=DIRECTION('',(0.,1.,0.));
#2054=DIRECTION('',(-1.,0.,0.));
#2055=DIRECTION('',(0.,1.,0.));
#2056=DIRECTION('',(-1.,0.,0.));
#2057=DIRECTION('',(0.,1.,0.));
#2058=DIRECTION('',(-1.,0.,0.));
#2059=DIRECTION('',(-1.,0.,0.));
#2060=DIRECTION('',(1.57702134179709E-16,1.,0.));
#2061=DIRECTION('',(-1.,0.,0.));
#2062=DIRECTION('',(1.57702134179709E-16,1.,0.));
#2063=DIRECTION('',(0.,1.,0.));
#2064=DIRECTION('',(0.,0.,1.));
#2065=DIRECTION('',(0.,1.,0.));
#2066=DIRECTION('',(0.,-1.,1.88556899562696E-16));
#2067=DIRECTION('',(0.,-1.88556899562696E-16,-1.));
#2068=DIRECTION('',(0.,1.,0.));
#2069=DIRECTION('',(0.,-1.,1.88556899562696E-16));
#2070=DIRECTION('',(0.,-1.88556899562696E-16,-1.));
#2071=DIRECTION('',(0.,1.,0.));
#2072=DIRECTION('',(0.,1.,0.));
#2073=DIRECTION('',(0.,0.,1.));
#2074=DIRECTION('',(0.,1.,0.));
#2075=DIRECTION('',(0.,1.,0.));
#2076=DIRECTION('',(0.,0.,1.));
#2077=DIRECTION('',(0.,1.,0.));
#2078=DIRECTION('',(0.,0.,1.));
#2079=DIRECTION('',(0.,1.,0.));
#2080=DIRECTION('',(0.,1.,0.));
#2081=DIRECTION('',(0.,0.,1.));
#2082=DIRECTION('',(0.,1.,0.));
#2083=DIRECTION('',(0.,1.,0.));
#2084=DIRECTION('',(0.,0.,1.));
#2085=DIRECTION('',(0.,1.,0.));
#2086=DIRECTION('',(0.,0.,1.));
#2087=DIRECTION('',(0.,1.,0.));
#2088=DIRECTION('',(0.,1.,0.));
#2089=DIRECTION('',(0.,0.,1.));
#2090=DIRECTION('',(0.,1.,0.));
#2091=DIRECTION('',(0.,1.,0.));
#2092=DIRECTION('',(0.,0.,1.));
#2093=DIRECTION('',(0.,1.,0.));
#2094=DIRECTION('',(0.,1.,0.));
#2095=DIRECTION('',(0.,0.,1.));
#2096=DIRECTION('',(0.,1.,0.));
#2097=DIRECTION('',(0.,1.,0.));
#2098=DIRECTION('',(0.,0.,1.));
#2099=DIRECTION('',(0.,1.,0.));
#2100=DIRECTION('',(0.,1.,0.));
#2101=DIRECTION('',(0.,0.,1.));
#2102=DIRECTION('',(0.,1.,0.));
#2103=DIRECTION('',(0.,0.,1.));
#2104=DIRECTION('',(0.,1.,0.));
#2105=DIRECTION('',(0.,0.,1.));
#2106=DIRECTION('',(0.,1.,0.));
#2107=DIRECTION('',(0.,0.,1.));
#2108=DIRECTION('',(0.,1.,0.));
#2109=DIRECTION('',(0.,0.,1.));
#2110=DIRECTION('',(0.,1.,0.));
#2111=DIRECTION('',(0.,0.,1.));
#2112=DIRECTION('',(0.,1.,0.));
#2113=DIRECTION('',(0.,1.,0.));
#2114=DIRECTION('',(0.,0.,1.));
#2115=DIRECTION('',(0.,1.,0.));
#2116=DIRECTION('',(0.,1.,0.));
#2117=DIRECTION('',(0.,0.,1.));
#2118=DIRECTION('',(0.,1.,0.));
#2119=DIRECTION('',(0.,-1.,0.));
#2120=DIRECTION('',(0.,0.,-1.));
#2121=DIRECTION('',(0.,1.,0.));
#2122=DIRECTION('',(0.,-1.,0.));
#2123=DIRECTION('',(0.,0.,-1.));
#2124=DIRECTION('',(0.,1.,0.));
#2125=DIRECTION('',(0.,0.,1.));
#2126=DIRECTION('',(0.,1.,0.));
#2127=DIRECTION('',(0.,0.,1.));
#2128=DIRECTION('',(0.,1.,0.));
#2129=DIRECTION('',(0.,1.,0.));
#2130=DIRECTION('',(0.,0.,1.));
#2131=DIRECTION('',(0.,1.,0.));
#2132=DIRECTION('',(0.,-1.,0.));
#2133=DIRECTION('',(0.,0.,-1.));
#2134=DIRECTION('',(0.,1.,0.));
#2135=DIRECTION('',(0.,-1.,0.));
#2136=DIRECTION('',(0.,0.,-1.));
#2137=DIRECTION('',(0.,1.,0.));
#2138=DIRECTION('',(0.,0.,1.));
#2139=DIRECTION('',(0.,1.,-1.88556899562696E-16));
#2140=DIRECTION('',(0.,1.88556899562696E-16,1.));
#2141=DIRECTION('',(0.,1.,0.));
#2142=DIRECTION('',(0.,1.,-1.88556899562696E-16));
#2143=DIRECTION('',(0.,1.88556899562696E-16,1.));
#2144=DIRECTION('',(0.,1.,0.));
#2145=DIRECTION('',(0.,1.,0.));
#2146=DIRECTION('',(0.,0.,1.));
#2147=DIRECTION('',(0.,1.,0.));
#2148=DIRECTION('',(0.,1.,0.));
#2149=DIRECTION('',(0.,0.,1.));
#2150=DIRECTION('',(0.,1.,0.));
#2151=DIRECTION('',(0.,0.,1.));
#2152=DIRECTION('',(1.,0.,0.));
#2153=DIRECTION('',(1.,0.,0.));
#2154=DIRECTION('',(1.,0.,0.));
#2155=DIRECTION('',(0.,1.,0.));
#2156=DIRECTION('',(0.,0.,1.));
#2157=DIRECTION('',(0.,0.,1.));
#2158=DIRECTION('',(1.,0.,0.));
#2159=DIRECTION('',(0.,0.,1.));
#2160=DIRECTION('',(1.,0.,0.));
#2161=DIRECTION('',(0.,0.,1.));
#2162=DIRECTION('',(0.,1.,0.));
#2163=DIRECTION('',(0.,0.,1.));
#2164=DIRECTION('',(0.,0.,1.));
#2165=DIRECTION('',(0.,1.,0.));
#2166=DIRECTION('',(0.,0.,1.));
#2167=DIRECTION('',(0.,1.,0.));
#2168=DIRECTION('',(0.,0.,1.));
#2169=DIRECTION('',(0.,1.,0.));
#2170=DIRECTION('',(0.,0.,1.));
#2171=DIRECTION('',(0.,0.,1.));
#2172=DIRECTION('',(1.,0.,0.));
#2173=DIRECTION('',(0.,0.,1.));
#2174=DIRECTION('',(0.,0.,1.));
#2175=DIRECTION('',(0.,1.,0.));
#2176=DIRECTION('',(0.,0.,1.));
#2177=DIRECTION('',(0.,0.,1.));
#2178=DIRECTION('',(1.,0.,0.));
#2179=DIRECTION('',(0.,0.,1.));
#2180=DIRECTION('',(1.,0.,0.));
#2181=DIRECTION('',(0.,0.,1.));
#2182=DIRECTION('',(1.,0.,0.));
#2183=DIRECTION('',(1.,0.,0.));
#2184=DIRECTION('',(1.,0.,0.));
#2185=DIRECTION('',(0.,-1.,0.));
#2186=DIRECTION('',(0.,0.,-1.));
#2187=DIRECTION('',(1.,0.,0.));
#2188=DIRECTION('',(0.,0.,1.));
#2189=DIRECTION('',(1.,0.,0.));
#2190=DIRECTION('',(1.,0.,0.));
#2191=DIRECTION('',(0.,-1.,0.));
#2192=DIRECTION('',(0.,0.,-1.));
#2193=DIRECTION('',(-1.20676415720126E-16,1.,0.));
#2194=DIRECTION('',(-1.,-1.20676415720126E-16,0.));
#2195=DIRECTION('',(1.,1.20676415720126E-16,-9.5799771513674E-17));
#2196=DIRECTION('',(2.61272104128201E-17,3.15293810538468E-33,1.));
#2197=DIRECTION('',(0.,0.,1.));
#2198=DIRECTION('',(-1.,-1.20676415720126E-16,0.));
#2199=DIRECTION('',(0.,0.,1.));
#2200=DIRECTION('',(2.61272104128201E-17,3.15293810538468E-33,1.));
#2201=DIRECTION('',(0.,1.,0.));
#2202=DIRECTION('',(0.,0.,1.));
#2203=DIRECTION('',(0.,1.,0.));
#2204=DIRECTION('',(0.,0.,1.));
#2205=DIRECTION('',(0.,1.,0.));
#2206=DIRECTION('',(0.,0.,1.));
#2207=DIRECTION('',(0.,1.,0.));
#2208=DIRECTION('',(0.,0.,1.));
#2209=DIRECTION('',(0.,1.,0.));
#2210=DIRECTION('',(0.,0.,1.));
#2211=DIRECTION('',(0.,1.,0.));
#2212=DIRECTION('',(0.,0.,1.));
#2213=DIRECTION('',(1.,0.,0.));
#2214=DIRECTION('',(0.,0.,-1.));
#2215=DIRECTION('',(0.,1.,0.));
#2216=DIRECTION('',(0.,0.,1.));
#2217=DIRECTION('',(-1.20676415720126E-16,1.,0.));
#2218=DIRECTION('',(-1.,-1.20676415720126E-16,0.));
#2219=DIRECTION('',(-1.,-1.20676415720126E-16,0.));
#2220=DIRECTION('',(0.,0.,1.));
#2221=DIRECTION('',(1.,0.,0.));
#2222=DIRECTION('',(0.,0.,-1.));
#2223=DIRECTION('',(0.,1.,0.));
#2224=DIRECTION('',(0.,1.,0.));
#2225=DIRECTION('',(0.,0.,1.));
#2226=DIRECTION('',(0.,0.,1.));
#2227=DIRECTION('',(-1.,0.,0.));
#2228=DIRECTION('',(0.,0.,1.));
#2229=DIRECTION('',(-1.,0.,0.));
#2230=DIRECTION('',(1.,0.,0.));
#2231=DIRECTION('',(0.,0.,-1.));
#2232=DIRECTION('',(0.,0.,1.));
#2233=DIRECTION('',(0.,1.,0.));
#2234=DIRECTION('',(0.,1.,0.));
#2235=DIRECTION('',(0.,0.,1.));
#2236=DIRECTION('',(0.,0.,1.));
#2237=DIRECTION('',(-1.,0.,0.));
#2238=DIRECTION('',(1.,0.,0.));
#2239=DIRECTION('',(0.,0.,-1.));
#2240=DIRECTION('',(0.,1.,0.));
#2241=DIRECTION('',(0.,0.,-1.));
#2242=DIRECTION('',(1.,0.,0.));
#2243=DIRECTION('',(-1.,-4.52536558950472E-17,2.61272104128201E-17));
#2244=DIRECTION('',(4.52536558950472E-17,-1.,0.));
#2245=DIRECTION('',(5.22544208256403E-17,-0.866025403784439,0.5));
#2246=DIRECTION('',(2.26268279475236E-17,0.5,0.866025403784439));
#2247=DIRECTION('',(0.,-0.866025403784439,0.5));
#2248=DIRECTION('',(5.22544208256403E-17,-0.866025403784439,0.5));
#2249=DIRECTION('',(0.,1.,0.));
#2250=DIRECTION('',(0.,0.,1.));
#2251=DIRECTION('',(0.,1.,0.));
#2252=DIRECTION('',(0.,0.,1.));
#2253=DIRECTION('',(0.,0.,-1.));
#2254=DIRECTION('',(-1.,0.,0.));
#2255=DIRECTION('',(1.,0.,0.));
#2256=DIRECTION('',(0.,1.,0.));
#2257=DIRECTION('',(0.,1.,0.));
#2258=DIRECTION('',(1.,0.,0.));
#2259=DIRECTION('',(0.,-1.,1.88556899562696E-16));
#2260=DIRECTION('',(0.,-1.88556899562696E-16,-1.));
#2261=DIRECTION('',(1.,0.,0.));
#2262=DIRECTION('',(0.,-1.88556899562696E-16,-1.));
#2263=DIRECTION('',(0.,0.,-1.));
#2264=DIRECTION('',(-1.,0.,0.));
#2265=DIRECTION('',(1.,0.,0.));
#2266=DIRECTION('',(0.,1.,0.));
#2267=DIRECTION('',(0.,-1.,1.88556899562696E-16));
#2268=DIRECTION('',(0.,-1.88556899562696E-16,-1.));
#2269=DIRECTION('',(0.,-1.88556899562696E-16,-1.));
#2270=DIRECTION('',(1.,0.,0.));
#2271=DIRECTION('',(0.,1.,0.));
#2272=DIRECTION('',(1.,0.,0.));
#2273=DIRECTION('',(0.,0.,-1.));
#2274=DIRECTION('',(1.,0.,0.));
#2275=DIRECTION('',(0.,0.,-1.));
#2276=DIRECTION('',(1.,0.,0.));
#2277=DIRECTION('',(0.,0.,-1.));
#2278=DIRECTION('',(1.,0.,0.));
#2279=DIRECTION('',(0.,0.,-1.));
#2280=DIRECTION('',(1.,0.,0.));
#2281=DIRECTION('',(1.,0.,0.));
#2282=DIRECTION('',(1.,0.,0.));
#2283=DIRECTION('',(0.,0.,-1.));
#2284=DIRECTION('',(0.,0.,-1.));
#2285=DIRECTION('',(-1.,0.,0.));
#2286=DIRECTION('',(-1.,0.,0.));
#2287=DIRECTION('',(-1.,0.,0.));
#2288=DIRECTION('',(0.,1.,0.));
#2289=DIRECTION('',(0.,0.,1.));
#2290=DIRECTION('',(-1.,0.,0.));
#2291=DIRECTION('',(0.,0.,-1.));
#2292=DIRECTION('',(-1.,0.,0.));
#2293=DIRECTION('',(-1.,0.,0.));
#2294=DIRECTION('',(0.,1.,0.));
#2295=DIRECTION('',(0.,0.,1.));
#2296=DIRECTION('',(1.,0.,0.));
#2297=DIRECTION('',(0.,1.,0.));
#2298=DIRECTION('',(1.,0.,0.));
#2299=DIRECTION('',(0.,0.,-1.));
#2300=DIRECTION('',(1.,0.,0.));
#2301=DIRECTION('',(0.,0.,-1.));
#2302=DIRECTION('',(1.,0.,0.));
#2303=DIRECTION('',(0.,0.,-1.));
#2304=DIRECTION('',(0.,1.,0.));
#2305=DIRECTION('',(0.,-1.88556899562696E-16,-1.));
#2306=DIRECTION('',(0.,1.,0.));
#2307=DIRECTION('',(0.,-1.88556899562696E-16,-1.));
#2308=DIRECTION('',(0.,1.,0.));
#2309=DIRECTION('',(0.,1.,-1.88556899562696E-16));
#2310=DIRECTION('',(0.,1.88556899562696E-16,1.));
#2311=DIRECTION('',(-1.,0.,0.));
#2312=DIRECTION('',(-1.,0.,0.));
#2313=DIRECTION('',(0.,0.,1.));
#2314=DIRECTION('',(1.,0.,0.));
#2315=DIRECTION('',(-1.,0.,0.));
#2316=DIRECTION('',(0.,1.,-1.88556899562696E-16));
#2317=DIRECTION('',(0.,1.88556899562696E-16,1.));
#2318=DIRECTION('',(-1.,0.,0.));
#2319=DIRECTION('',(0.,0.,1.));
#2320=DIRECTION('',(1.,0.,0.));
#2321=DIRECTION('',(-1.,0.,0.));
#2322=DIRECTION('',(0.,0.,1.));
#2323=DIRECTION('',(-1.,0.,0.));
#2324=DIRECTION('',(-1.,0.,0.));
#2325=DIRECTION('',(-1.,0.,0.));
#2326=DIRECTION('',(0.,0.,1.));
#2327=DIRECTION('',(1.,0.,0.));
#2328=DIRECTION('',(0.,0.,-1.));
#2329=DIRECTION('',(1.,0.,0.));
#2330=DIRECTION('',(0.,0.,-1.));
#2331=DIRECTION('',(-1.,0.,0.));
#2332=DIRECTION('',(0.,0.,1.));
#2333=DIRECTION('',(0.,-1.,0.));
#2334=DIRECTION('',(-1.,0.,0.));
#2335=DIRECTION('',(0.,0.,1.));
#2336=DIRECTION('',(0.,-1.,0.));
#2337=DIRECTION('',(0.,0.,1.));
#2338=DIRECTION('',(1.,0.,0.));
#2339=DIRECTION('',(0.,0.,1.));
#2340=DIRECTION('',(1.,0.,0.));
#2341=DIRECTION('',(0.,0.,1.));
#2342=DIRECTION('',(1.,0.,0.));
#2343=DIRECTION('',(0.,0.,1.));
#2344=DIRECTION('',(1.,0.,0.));
#2345=DIRECTION('',(0.,0.,1.));
#2346=DIRECTION('',(0.,0.,1.));
#2347=DIRECTION('',(0.,0.,1.));
#2348=DIRECTION('',(1.,0.,0.));
#2349=DIRECTION('',(0.,1.,0.));
#2350=DIRECTION('',(0.,0.,1.));
#2351=DIRECTION('',(0.,0.,1.));
#2352=DIRECTION('',(0.,0.,1.));
#2353=DIRECTION('',(1.,-1.57702134179709E-16,0.));
#2354=DIRECTION('',(1.57702134179709E-16,1.,0.));
#2355=DIRECTION('',(0.,0.,1.));
#2356=DIRECTION('',(0.,1.,0.));
#2357=DIRECTION('',(0.,0.,1.));
#2358=DIRECTION('',(0.,0.,1.));
#2359=DIRECTION('',(1.,-1.57702134179709E-16,0.));
#2360=DIRECTION('',(1.57702134179709E-16,1.,0.));
#2361=DIRECTION('',(0.,0.,1.));
#2362=DIRECTION('',(1.,0.,0.));
#2363=DIRECTION('',(0.,1.,0.));
#2364=DIRECTION('',(0.,1.,0.));
#2365=DIRECTION('',(-1.,0.,0.));
#2366=DIRECTION('',(0.,0.,1.));
#2367=DIRECTION('',(0.,-0.866025403784439,0.5));
#2368=DIRECTION('',(-1.,0.,0.));
#2369=DIRECTION('',(0.,0.,1.));
#2370=DIRECTION('',(0.,-0.866025403784439,0.5));
#2371=DIRECTION('',(-1.,-4.52536558950472E-17,2.61272104128201E-17));
#2372=DIRECTION('',(4.52536558950472E-17,-1.,0.));
#2373=DIRECTION('',(-1.,-4.52536558950472E-17,2.61272104128201E-17));
#2374=DIRECTION('',(4.52536558950472E-17,-1.,0.));
#2375=DIRECTION('',(5.22544208256403E-17,-0.866025403784439,0.5));
#2376=DIRECTION('',(0.,-0.5,-0.866025403784439));
#2377=DIRECTION('',(0.,0.866025403784439,-0.5));
#2378=DIRECTION('',(5.22544208256403E-17,-0.866025403784439,0.5));
#2379=DIRECTION('',(-1.,-4.52536558950472E-17,2.61272104128202E-17));
#2380=DIRECTION('',(4.52536558950472E-17,-1.,0.));
#2381=DIRECTION('',(5.22544208256403E-17,-0.866025403784439,0.5));
#2382=DIRECTION('',(1.,4.52536558950472E-17,-2.61272104128201E-17));
#2383=DIRECTION('',(-2.90070305695391E-33,-0.5,-0.866025403784439));
#2384=DIRECTION('',(-1.45035152847695E-32,-0.5,-0.866025403784439));
#2385=DIRECTION('',(1.,3.39402419212853E-17,-4.57226182224353E-17));
#2386=DIRECTION('',(-1.,-4.52536558950472E-17,2.61272104128202E-17));
#2387=DIRECTION('',(4.52536558950472E-17,-1.,0.));
#2388=DIRECTION('',(5.22544208256403E-17,-0.866025403784439,0.5));
#2389=DIRECTION('',(-2.26268279475236E-17,-0.5,-0.866025403784439));
#2390=DIRECTION('',(0.,0.866025403784439,-0.5));
#2391=DIRECTION('',(1.,3.39402419212853E-17,-4.57226182224353E-17));
#2392=DIRECTION('',(5.22544208256403E-17,-0.866025403784439,0.5));
#2393=DIRECTION('',(-1.,-4.52536558950472E-17,2.61272104128201E-17));
#2394=DIRECTION('',(4.52536558950472E-17,-1.,0.));
#2395=DIRECTION('',(-2.90070305695391E-33,-0.5,-0.866025403784439));
#2396=DIRECTION('',(5.22544208256403E-17,-0.866025403784439,0.5));
#2397=DIRECTION('',(1.,4.52536558950472E-17,-2.61272104128201E-17));
#2398=DIRECTION('',(-2.90070305695391E-33,-0.5,-0.866025403784439));
#2399=DIRECTION('',(1.10226716164248E-31,-0.5,-0.866025403784439));
#2400=DIRECTION('',(1.,4.52536558950472E-17,-2.61272104128201E-17));
#2401=DIRECTION('',(-1.,-4.52536558950472E-17,2.612721041282E-17));
#2402=DIRECTION('',(4.52536558950472E-17,-1.,0.));
#2403=DIRECTION('',(-2.90070305695391E-33,-0.5,-0.866025403784439));
#2404=DIRECTION('',(5.22544208256403E-17,-0.866025403784439,0.5));
#2405=DIRECTION('',(5.22544208256403E-17,-0.866025403784439,0.5));
#2406=DIRECTION('',(-1.,-4.52536558950472E-17,2.61272104128201E-17));
#2407=DIRECTION('',(4.52536558950472E-17,-1.,0.));
#2408=DIRECTION('',(5.22544208256403E-17,-0.866025403784439,0.5));
#2409=DIRECTION('',(0.,-0.5,-0.866025403784439));
#2410=DIRECTION('',(0.,0.866025403784439,-0.5));
#2411=DIRECTION('',(5.22544208256403E-17,-0.866025403784439,0.5));
#2412=DIRECTION('',(1.,4.52536558950472E-17,-2.61272104128201E-17));
#2413=DIRECTION('',(1.,3.39402419212853E-17,-4.57226182224353E-17));
#2414=DIRECTION('',(5.22544208256403E-17,-0.866025403784439,0.5));
#2415=DIRECTION('',(1.,4.52536558950472E-17,-2.61272104128201E-17));
#2416=DIRECTION('',(-2.26268279475235E-17,-0.5,-0.866025403784439));
#2417=DIRECTION('',(0.,0.866025403784439,-0.5));
#2418=DIRECTION('',(-1.,-4.52536558950472E-17,2.61272104128201E-17));
#2419=DIRECTION('',(4.52536558950472E-17,-1.,0.));
#2420=DIRECTION('',(5.22544208256403E-17,-0.866025403784439,0.5));
#2421=DIRECTION('',(-2.90070305695391E-33,-0.5,-0.866025403784439));
#2422=DIRECTION('',(5.22544208256403E-17,-0.866025403784439,0.5));
#2423=DIRECTION('',(-2.26268279475236E-17,-0.5,-0.866025403784439));
#2424=DIRECTION('',(0.,0.866025403784439,-0.5));
#2425=DIRECTION('',(5.22544208256403E-17,-0.866025403784439,0.5));
#2426=DIRECTION('',(1.,3.39402419212853E-17,-4.57226182224353E-17));
#2427=DIRECTION('',(-1.,-4.52536558950472E-17,2.61272104128201E-17));
#2428=DIRECTION('',(4.52536558950472E-17,-1.,0.));
#2429=DIRECTION('',(5.22544208256403E-17,-0.866025403784439,0.5));
#2430=DIRECTION('',(-2.90070305695391E-33,-0.5,-0.866025403784439));
#2431=DIRECTION('',(-4.81482486096809E-33,-0.5,-0.866025403784439));
#2432=DIRECTION('',(0.,0.866025403784439,-0.5));
#2433=DIRECTION('',(1.,4.52536558950472E-17,-2.61272104128201E-17));
#2434=DIRECTION('',(5.22544208256403E-17,-0.866025403784439,0.5));
#2435=DIRECTION('',(1.,4.52536558950472E-17,-2.61272104128201E-17));
#2436=DIRECTION('',(0.,1.,0.));
#2437=DIRECTION('',(0.,0.,1.));
#2438=DIRECTION('',(0.,1.,0.));
#2439=DIRECTION('',(0.,0.,1.));
#2440=CARTESIAN_POINT('',(0.,0.,0.));
#2441=CARTESIAN_POINT('',(0.148474603891373,-0.155,0.0004));
#2442=CARTESIAN_POINT('',(0.13727979362011,-0.155,0.0004));
#2443=CARTESIAN_POINT('',(0.13727979362011,-0.155,-0.00288675134594814));
#2444=CARTESIAN_POINT('',(0.13727979362011,-0.155,-0.00133974596215561));
#2445=CARTESIAN_POINT('',(0.148474603891373,-0.155,-0.00133974596215562));
#2446=CARTESIAN_POINT('',(0.160152330994606,-0.155,-0.00133974596215561));
#2447=CARTESIAN_POINT('',(0.160152330994606,-0.155,0.0004));
#2448=CARTESIAN_POINT('',(0.160152330994606,-0.155,-0.00288675134594814));
#2449=CARTESIAN_POINT('',(0.148474603891373,-0.155,-0.00288675134594814));
#2450=CARTESIAN_POINT('',(0.164159014821052,-0.155,-0.00288675134594815));
#2451=CARTESIAN_POINT('',(0.164159014821052,-0.155,0.0004));
#2452=CARTESIAN_POINT('',(0.164159014821052,-0.155,-0.015));
#2453=CARTESIAN_POINT('',(0.148474603891373,-0.155,-0.015));
#2454=CARTESIAN_POINT('',(0.132790192961693,-0.155,-0.015));
#2455=CARTESIAN_POINT('',(0.132790192961693,-0.155,0.0004));
#2456=CARTESIAN_POINT('',(0.132790192961693,-0.155,-0.00288675134594814));
#2457=CARTESIAN_POINT('',(0.148474603891373,-0.155,-0.00288675134594814));
#2458=CARTESIAN_POINT('',(7.24058494320754E-18,-0.12,0.0692820323027551));
#2459=CARTESIAN_POINT('',(0.165,-0.15325,0.0116913429510899));
#2460=CARTESIAN_POINT('',(0.165,-0.16,-6.89225328524215E-18));
#2461=CARTESIAN_POINT('',(0.165,-0.1615,-0.00259807621135331));
#2462=CARTESIAN_POINT('',(0.1485,-0.16,9.31543366474086E-18));
#2463=CARTESIAN_POINT('',(0.132,-0.16,-5.16269360363068E-18));
#2464=CARTESIAN_POINT('',(0.132,-0.1525,0.0129903810567666));
#2465=CARTESIAN_POINT('',(0.132,-0.145,0.0259807621135331));
#2466=CARTESIAN_POINT('',(0.1485,-0.145,0.0259807621135332));
#2467=CARTESIAN_POINT('',(0.165,-0.145,0.0259807621135331));
#2468=CARTESIAN_POINT('',(0.165,-0.1525,0.0129903810567666));
#2469=CARTESIAN_POINT('',(0.166686315560914,-0.16,-6.93631200672456E-18));
#2470=CARTESIAN_POINT('',(0.168372631121828,-0.16,-6.98037072820697E-18));
#2471=CARTESIAN_POINT('',(0.168372631121828,-0.151729858518874,0.0143243052310928));
#2472=CARTESIAN_POINT('',(0.168372631121828,-0.143459717037748,0.0286486104621856));
#2473=CARTESIAN_POINT('',(0.148425032060707,-0.143459717037748,0.0286486104621856));
#2474=CARTESIAN_POINT('',(0.128477432999585,-0.143459717037748,0.0286486104621856));
#2475=CARTESIAN_POINT('',(0.128477432999585,-0.152479858518874,0.0130252671254162));
#2476=CARTESIAN_POINT('',(0.128477432999585,-0.16,1.04083408558608E-17));
#2477=CARTESIAN_POINT('',(0.128477432999585,-0.152479858518874,0.0130252671254162));
#2478=CARTESIAN_POINT('',(0.128477432999585,-0.1615,-0.00259807621135329));
#2479=CARTESIAN_POINT('',(0.1485,-0.1615,-0.00259807621135331));
#2480=CARTESIAN_POINT('',(0.13727979362011,-0.104010718959367,-0.0196237205583712));
#2481=CARTESIAN_POINT('',(0.13727979362011,-0.150169872981078,0.00702627944162882));
#2482=CARTESIAN_POINT('',(0.13727979362011,-0.144669872981078,0.0165525588832576));
#2483=CARTESIAN_POINT('',(0.13727979362011,-0.109510718959367,-0.02915));
#2484=CARTESIAN_POINT('',(0.13727979362011,-0.109510718959367,-0.02915));
#2485=CARTESIAN_POINT('',(0.13727979362011,-0.104010718959367,-0.0196237205583712));
#2486=CARTESIAN_POINT('',(0.13727979362011,-0.101341212650334,-0.015));
#2487=CARTESIAN_POINT('',(0.13727979362011,-2.15431630738014E-17,-0.015));
#2488=CARTESIAN_POINT('',(0.13727979362011,-0.127775785624981,-0.015));
#2489=CARTESIAN_POINT('',(0.13727979362011,-0.127775785624981,0.0004));
#2490=CARTESIAN_POINT('',(0.13727979362011,-0.127775785624981,0.));
#2491=CARTESIAN_POINT('',(0.13727979362011,-2.15431630738014E-17,0.));
#2492=CARTESIAN_POINT('',(0.13727979362011,-0.116,0.));
#2493=CARTESIAN_POINT('',(0.13727979362011,-0.0985107189593672,-0.0100974411167423));
#2494=CARTESIAN_POINT('',(0.160152330994606,-0.104010718959367,-0.0196237205583712));
#2495=CARTESIAN_POINT('',(0.160152330994606,-0.150169872981078,0.00702627944162882));
#2496=CARTESIAN_POINT('',(0.160152330994606,-0.144669872981078,0.0165525588832576));
#2497=CARTESIAN_POINT('',(0.160152330994606,-0.0985107189593672,-0.0100974411167423));
#2498=CARTESIAN_POINT('',(0.160152330994606,-0.116,-3.46944695195361E-18));
#2499=CARTESIAN_POINT('',(0.160152330994606,-2.05080971380093E-17,0.));
#2500=CARTESIAN_POINT('',(0.160152330994606,-0.127775785624981,0.));
#2501=CARTESIAN_POINT('',(0.160152330994606,-0.127775785624981,0.0004));
#2502=CARTESIAN_POINT('',(0.160152330994606,-0.127775785624981,-0.015));
#2503=CARTESIAN_POINT('',(0.160152330994606,-2.05080971380093E-17,-0.015));
#2504=CARTESIAN_POINT('',(0.160152330994606,-0.101341212650334,-0.015));
#2505=CARTESIAN_POINT('',(0.160152330994606,-0.104010718959367,-0.0196237205583712));
#2506=CARTESIAN_POINT('',(0.160152330994606,-0.109510718959367,-0.02915));
#2507=CARTESIAN_POINT('',(0.160152330994606,-0.109510718959367,-0.02915));
#2508=CARTESIAN_POINT('',(0.148716062307358,-0.0985107189593672,-0.0100974411167423));
#2509=CARTESIAN_POINT('',(0.148716062307358,-0.144669872981078,0.0165525588832576));
#2510=CARTESIAN_POINT('',(-7.66407799481713E-34,-0.116,0.));
#2511=CARTESIAN_POINT('',(0.,-2.77555756156289E-17,0.));
#2512=CARTESIAN_POINT('',(0.,-0.127775785624981,0.));
#2513=CARTESIAN_POINT('',(0.148474603891373,-0.127775785624981,0.0004));
#2514=CARTESIAN_POINT('',(0.148474603891373,-0.127775785624981,-0.015));
#2515=CARTESIAN_POINT('',(0.,-2.77555756156289E-17,0.));
#2516=CARTESIAN_POINT('',(0.,-0.0125,0.));
#2517=CARTESIAN_POINT('',(-0.0913728624920988,-0.0125,0.));
#2518=CARTESIAN_POINT('',(0.,-0.0125,0.));
#2519=CARTESIAN_POINT('',(-0.0913728624920988,-0.0125,0.));
#2520=CARTESIAN_POINT('',(-0.0923962243963195,-0.0125,0.));
#2521=CARTESIAN_POINT('',(-0.094418890755789,-0.012360882103865,0.));
#2522=CARTESIAN_POINT('',(-0.0968878382430835,-0.0118008960845023,0.));
#2523=CARTESIAN_POINT('',(-0.0987936225761621,-0.0109952606885672,0.));
#2524=CARTESIAN_POINT('',(-0.100097475030079,-0.0101674082966515,0.));
#2525=CARTESIAN_POINT('',(-0.101173961278272,-0.00903115619184215,0.));
#2526=CARTESIAN_POINT('',(-0.101508620323596,-0.00802043234695525,0.));
#2527=CARTESIAN_POINT('',(-0.101508620323596,-0.0075,0.));
#2528=CARTESIAN_POINT('',(-0.101508620323596,-0.0075,0.));
#2529=CARTESIAN_POINT('',(-0.101508620323596,-0.000329751521348954,0.));
#2530=CARTESIAN_POINT('',(-0.101508620323596,0.0075,0.));
#2531=CARTESIAN_POINT('',(-0.101508620323596,0.0075,0.));
#2532=CARTESIAN_POINT('',(-0.101508620323596,0.00802059930996663,0.));
#2533=CARTESIAN_POINT('',(-0.101176026088708,0.00902591016828672,0.));
#2534=CARTESIAN_POINT('',(-0.100103760188507,0.0101630012142926,0.));
#2535=CARTESIAN_POINT('',(-0.0987978369607926,0.0109921453215017,0.));
#2536=CARTESIAN_POINT('',(-0.0969228006371093,0.0117891115496144,0.));
#2537=CARTESIAN_POINT('',(-0.0944178613168125,0.0123634421250183,0.));
#2538=CARTESIAN_POINT('',(-0.0923961947783912,0.0125,0.));
#2539=CARTESIAN_POINT('',(-0.0913728624920988,0.0125,0.));
#2540=CARTESIAN_POINT('',(-0.0913728624920988,0.0125,0.));
#2541=CARTESIAN_POINT('',(0.,0.0125,0.));
#2542=CARTESIAN_POINT('',(0.,0.0125,0.));
#2543=CARTESIAN_POINT('',(0.,0.0125,0.));
#2544=CARTESIAN_POINT('',(0.0913728624920988,0.0125,0.));
#2545=CARTESIAN_POINT('',(0.0913728624920988,0.0125,0.));
#2546=CARTESIAN_POINT('',(0.0923962243963195,0.0125,0.));
#2547=CARTESIAN_POINT('',(0.0944188907557891,0.012360882103865,0.));
#2548=CARTESIAN_POINT('',(0.0968878382430835,0.0118008960845023,0.));
#2549=CARTESIAN_POINT('',(0.0987936225761621,0.0109952606885672,0.));
#2550=CARTESIAN_POINT('',(0.100097475030079,0.0101674082966515,0.));
#2551=CARTESIAN_POINT('',(0.101173961278272,0.00903115619184216,0.));
#2552=CARTESIAN_POINT('',(0.101508620323596,0.00802043234695525,0.));
#2553=CARTESIAN_POINT('',(0.101508620323596,0.0075,0.));
#2554=CARTESIAN_POINT('',(0.101508620323596,0.0075,0.));
#2555=CARTESIAN_POINT('',(0.101508620323596,-0.000329751521348954,0.));
#2556=CARTESIAN_POINT('',(0.101508620323596,-0.0075,0.));
#2557=CARTESIAN_POINT('',(0.101508620323596,-0.0075,0.));
#2558=CARTESIAN_POINT('',(0.101508620323596,-0.00802059930996663,0.));
#2559=CARTESIAN_POINT('',(0.101176026088708,-0.00902591016828672,0.));
#2560=CARTESIAN_POINT('',(0.100103760188507,-0.0101630012142926,0.));
#2561=CARTESIAN_POINT('',(0.0987978369607926,-0.0109921453215017,0.));
#2562=CARTESIAN_POINT('',(0.0969228006371093,-0.0117891115496144,0.));
#2563=CARTESIAN_POINT('',(0.0944178613168125,-0.0123634421250183,0.));
#2564=CARTESIAN_POINT('',(0.0923961947783912,-0.0125,0.));
#2565=CARTESIAN_POINT('',(0.0913728624920988,-0.0125,0.));
#2566=CARTESIAN_POINT('',(0.0913728624920988,-0.0125,0.));
#2567=CARTESIAN_POINT('',(0.,-0.0125,0.));
#2568=CARTESIAN_POINT('',(0.0115,-0.0608694367110729,0.));
#2569=CARTESIAN_POINT('',(0.0115,-0.0663694367110729,0.));
#2570=CARTESIAN_POINT('',(0.0115,-0.0553694367110729,0.));
#2571=CARTESIAN_POINT('',(1.7347234759768E-17,-0.0663694367110729,0.));
#2572=CARTESIAN_POINT('',(-0.0115,-0.0663694367110729,0.));
#2573=CARTESIAN_POINT('',(-0.0115,-0.0608694367110729,0.));
#2574=CARTESIAN_POINT('',(-0.0115,-0.0553694367110729,0.));
#2575=CARTESIAN_POINT('',(1.90819582357449E-17,-0.0553694367110729,0.));
#2576=CARTESIAN_POINT('',(0.,-0.0938388681509937,0.));
#2577=CARTESIAN_POINT('',(0.128477432999585,-0.0938388681509936,-4.33680868994202E-18));
#2578=CARTESIAN_POINT('',(0.168372631121828,-0.0938388681509937,5.20417042793042E-18));
#2579=CARTESIAN_POINT('',(0.168372631121828,-2.0136098504698E-17,0.));
#2580=CARTESIAN_POINT('',(-2.77555756156289E-17,-0.16,0.));
#2581=CARTESIAN_POINT('',(0.23,-0.16,0.));
#2582=CARTESIAN_POINT('',(0.23,0.,0.));
#2583=CARTESIAN_POINT('',(0.23,0.16,0.));
#2584=CARTESIAN_POINT('',(-2.77555756156289E-17,0.16,0.));
#2585=CARTESIAN_POINT('',(-0.23,0.16,0.));
#2586=CARTESIAN_POINT('',(-0.23,-2.77555756156289E-17,0.));
#2587=CARTESIAN_POINT('',(-0.23,-0.16,0.));
#2588=CARTESIAN_POINT('',(-2.77555756156289E-17,-0.16,0.));
#2589=CARTESIAN_POINT('',(0.128477432999585,-2.19415020723867E-17,0.));
#2590=CARTESIAN_POINT('',(0.,-2.77555756156289E-17,-0.015));
#2591=CARTESIAN_POINT('',(0.164159014821052,-0.14138789281249,-0.015));
#2592=CARTESIAN_POINT('',(0.164159014821052,-0.15,-0.015));
#2593=CARTESIAN_POINT('',(0.164159014821052,-0.134019237886467,-0.015));
#2594=CARTESIAN_POINT('',(-6.06486047463064E-18,-0.134019237886467,-0.015));
#2595=CARTESIAN_POINT('',(0.168372631121828,-0.134019237886467,-0.015));
#2596=CARTESIAN_POINT('',(0.168372631121828,-2.0136098504698E-17,-0.015));
#2597=CARTESIAN_POINT('',(0.168372631121828,-0.0824041238209143,-0.015));
#2598=CARTESIAN_POINT('',(4.97211715163269E-18,-0.0824041238209144,-0.015));
#2599=CARTESIAN_POINT('',(0.165,-0.0824041238209143,-0.015));
#2600=CARTESIAN_POINT('',(0.165,-2.02887223929461E-17,-0.015));
#2601=CARTESIAN_POINT('',(0.165,-0.101341212650334,-0.015));
#2602=CARTESIAN_POINT('',(6.11474715368669E-18,-0.101341212650334,-0.015));
#2603=CARTESIAN_POINT('',(6.11474715368669E-18,-0.101341212650334,-0.015));
#2604=CARTESIAN_POINT('',(0.132,-0.101341212650334,-0.015));
#2605=CARTESIAN_POINT('',(0.132,-2.17820930374827E-17,-0.015));
#2606=CARTESIAN_POINT('',(0.132,-0.0824041238209143,-0.015));
#2607=CARTESIAN_POINT('',(4.97211715163269E-18,-0.0824041238209144,-0.015));
#2608=CARTESIAN_POINT('',(0.128477432999585,-0.0824041238209143,-0.015));
#2609=CARTESIAN_POINT('',(0.128477432999585,-2.19415020723867E-17,-0.015));
#2610=CARTESIAN_POINT('',(0.128477432999585,-0.140019237886467,-0.015));
#2611=CARTESIAN_POINT('',(0.,-0.140019237886467,-0.015));
#2612=CARTESIAN_POINT('',(0.132,-0.140019237886467,-0.015));
#2613=CARTESIAN_POINT('',(0.132,-2.17820930374827E-17,-0.015));
#2614=CARTESIAN_POINT('',(0.132,-0.134019237886467,-0.015));
#2615=CARTESIAN_POINT('',(-6.06486047463064E-18,-0.134019237886467,-0.015));
#2616=CARTESIAN_POINT('',(0.132790192961693,-0.134019237886467,-0.015));
#2617=CARTESIAN_POINT('',(0.132790192961693,-0.14138789281249,-0.015));
#2618=CARTESIAN_POINT('',(0.132790192961693,-0.15,-0.015));
#2619=CARTESIAN_POINT('',(0.,-0.15,-0.015));
#2620=CARTESIAN_POINT('',(-0.22,-0.15,-0.015));
#2621=CARTESIAN_POINT('',(-0.22,0.,-0.015));
#2622=CARTESIAN_POINT('',(-0.22,0.15,-0.015));
#2623=CARTESIAN_POINT('',(0.,0.15,-0.015));
#2624=CARTESIAN_POINT('',(0.22,0.15,-0.015));
#2625=CARTESIAN_POINT('',(0.22,0.,-0.015));
#2626=CARTESIAN_POINT('',(0.22,-0.15,-0.015));
#2627=CARTESIAN_POINT('',(0.,-0.15,-0.015));
#2628=CARTESIAN_POINT('',(0.,-0.0663694367110729,-0.015));
#2629=CARTESIAN_POINT('',(0.0115,-0.0663694367110729,-0.015));
#2630=CARTESIAN_POINT('',(-0.0115,-0.0663694367110729,-0.015));
#2631=CARTESIAN_POINT('',(0.0115,-2.95691501586956E-17,-0.015));
#2632=CARTESIAN_POINT('',(0.0115,-0.0553694367110729,-0.015));
#2633=CARTESIAN_POINT('',(0.,-0.0553694367110729,-0.015));
#2634=CARTESIAN_POINT('',(-0.0115,-0.0553694367110729,-0.015));
#2635=CARTESIAN_POINT('',(-0.0115,-2.59420010725622E-17,-0.015));
#2636=CARTESIAN_POINT('',(0.,-0.000329751521348954,0.17));
#2637=CARTESIAN_POINT('',(0.174629359247005,-0.000329751521348954,0.181383623719215));
#2638=CARTESIAN_POINT('',(0.174629359247005,0.0065,0.181383623719215));
#2639=CARTESIAN_POINT('',(0.174629359247005,-0.0065,0.181383623719215));
#2640=CARTESIAN_POINT('',(0.,0.0065,0.17));
#2641=CARTESIAN_POINT('',(0.174614030942829,0.0065,0.158383623719215));
#2642=CARTESIAN_POINT('',(0.174614030942829,-0.000329751521348954,0.158383623719215));
#2643=CARTESIAN_POINT('',(0.174614030942829,-0.0065,0.158383623719215));
#2644=CARTESIAN_POINT('',(0.,-0.0065,0.17));
#2645=CARTESIAN_POINT('',(0.0115,-0.000329751521348954,0.344621734042473));
#2646=CARTESIAN_POINT('',(0.0115,-0.0075,0.344621734042473));
#2647=CARTESIAN_POINT('',(0.0115,0.0075,0.344621734042473));
#2648=CARTESIAN_POINT('',(0.,-0.0075,0.17));
#2649=CARTESIAN_POINT('',(0.0415331193145904,-0.0075,0.));
#2650=CARTESIAN_POINT('',(0.0415331193145904,-0.000329751521348954,0.));
#2651=CARTESIAN_POINT('',(0.0415331193145904,0.0075,0.));
#2652=CARTESIAN_POINT('',(0.,0.0075,0.17));
#2653=CARTESIAN_POINT('',(0.,-0.000329751521348954,0.17));
#2654=CARTESIAN_POINT('',(-0.192283374318466,-0.000329751521348954,0.153383623719215));
#2655=CARTESIAN_POINT('',(-0.192283374318466,-0.0065,0.153383623719215));
#2656=CARTESIAN_POINT('',(-0.192283374318466,0.0065,0.153383623719215));
#2657=CARTESIAN_POINT('',(0.,-0.0065,0.17));
#2658=CARTESIAN_POINT('',(-0.192303345976682,-0.0065,0.186383623719215));
#2659=CARTESIAN_POINT('',(-0.192303345976682,-0.000329751521348954,0.186383623719215));
#2660=CARTESIAN_POINT('',(-0.192303345976682,0.0065,0.186383623719215));
#2661=CARTESIAN_POINT('',(0.,0.0065,0.17));
#2662=CARTESIAN_POINT('',(0.,0.0075,0.17));
#2663=CARTESIAN_POINT('',(-0.0913728624920988,0.0075,0.));
#2664=CARTESIAN_POINT('',(-0.0165,0.0075,0.362293395622419));
#2665=CARTESIAN_POINT('',(-0.0165,-0.000329751521348954,0.362293395622419));
#2666=CARTESIAN_POINT('',(-0.0165,-0.0075,0.362293395622419));
#2667=CARTESIAN_POINT('',(0.,-0.0075,0.17));
#2668=CARTESIAN_POINT('',(-0.0913728624920988,-0.0075,0.));
#2669=CARTESIAN_POINT('',(-0.0913728624920988,-0.000329751521348954,0.));
#2670=CARTESIAN_POINT('',(0.,-0.000329751521348954,0.17));
#2671=CARTESIAN_POINT('',(-0.197320999576394,-0.000329751521348954,0.186383623719215));
#2672=CARTESIAN_POINT('',(-0.197320999576394,-0.0065,0.186383623719215));
#2673=CARTESIAN_POINT('',(-0.197320999576394,0.0065,0.186383623719215));
#2674=CARTESIAN_POINT('',(0.,-0.0065,0.17));
#2675=CARTESIAN_POINT('',(-0.197301535825993,-0.0065,0.153383623719215));
#2676=CARTESIAN_POINT('',(-0.197301535825993,-0.000329751521348954,0.153383623719215));
#2677=CARTESIAN_POINT('',(-0.197301535825993,0.0065,0.153383623719215));
#2678=CARTESIAN_POINT('',(0.,0.0065,0.17));
#2679=CARTESIAN_POINT('',(-0.0165,-0.000329751521348954,0.367311302261173));
#2680=CARTESIAN_POINT('',(-0.0165,0.0075,0.367311302261173));
#2681=CARTESIAN_POINT('',(-0.0165,-0.0075,0.367311302261173));
#2682=CARTESIAN_POINT('',(0.,0.0075,0.17));
#2683=CARTESIAN_POINT('',(0.,-0.0075,0.17));
#2684=CARTESIAN_POINT('',(0.,-0.000329751521348954,0.17));
#2685=CARTESIAN_POINT('',(-0.000204545454545443,-0.00148598827620705,0.339999876944535));
#2686=CARTESIAN_POINT('',(-0.000563237157937044,-0.0027642188259057,0.339999445363296));
#2687=CARTESIAN_POINT('',(-0.00221630136856207,-0.00500745315708268,0.339997581407343));
#2688=CARTESIAN_POINT('',(-0.00632167129837556,-0.00593633624395514,0.339900118002612));
#2689=CARTESIAN_POINT('',(-0.0100160409272008,-0.00393631917777475,0.339711675063332));
#2690=CARTESIAN_POINT('',(-0.0114920163877839,-3.91200987823857E-9,0.339609776615375));
#2691=CARTESIAN_POINT('',(-0.0100158935209093,0.00393655796251883,0.339711684626709));
#2692=CARTESIAN_POINT('',(-0.00632139056336839,0.00593638755441442,0.33990012921527));
#2693=CARTESIAN_POINT('',(-0.00221604770074095,0.00500721977792393,0.339997583088517));
#2694=CARTESIAN_POINT('',(-0.000563237244090197,0.00276421913292031,0.339999445363192));
#2695=CARTESIAN_POINT('',(-0.000204545454545443,0.00148598827620705,0.339999876944535));
#2696=CARTESIAN_POINT('',(-0.000204545454545454,-0.00148598827620705,0.339999876944535));
#2697=CARTESIAN_POINT('',(-0.000204545454545454,0.00148598827620705,0.339999876944535));
#2698=CARTESIAN_POINT('',(-0.000204545454545454,0.00148598827620705,0.339999876944535));
#2699=CARTESIAN_POINT('',(0.000222373899953268,0.00154475348641657,0.340000390617927));
#2700=CARTESIAN_POINT('',(0.00110996496289461,0.00127655217510303,0.339997399648635));
#2701=CARTESIAN_POINT('',(0.00169473737214752,-2.00690922700689E-7,0.339991375136531));
#2702=CARTESIAN_POINT('',(0.00111108554387189,-0.00127546030634835,0.339997393150077));
#2703=CARTESIAN_POINT('',(0.000222373909077318,-0.00154475348767249,0.340000390617938));
#2704=CARTESIAN_POINT('',(-0.000204545454545455,-0.00148598827620705,0.339999876944535));
#2705=CARTESIAN_POINT('',(0.169997703540733,0.00229128784747793,0.170883623719215));
#2706=CARTESIAN_POINT('',(0.170001675063944,0.00262475506282236,0.170119554341164));
#2707=CARTESIAN_POINT('',(0.16999625727016,0.00246109344486842,0.168278361816771));
#2708=CARTESIAN_POINT('',(0.169971681131675,2.41886743520257E-6,0.166937621455047));
#2709=CARTESIAN_POINT('',(0.169996209506291,-0.00245889690071295,0.16827289937649));
#2710=CARTESIAN_POINT('',(0.170001675065125,-0.00262475516192557,0.17011955411409));
#2711=CARTESIAN_POINT('',(0.169997703540733,-0.00229128784747793,0.170883623719215));
#2712=CARTESIAN_POINT('',(0.169997703540733,0.00229128784747793,0.170883623719215));
#2713=CARTESIAN_POINT('',(0.169997703540733,-0.00229128784747794,0.170883623719215));
#2714=CARTESIAN_POINT('',(0.169997703540733,-0.00229128784747794,0.170883623719215));
#2715=CARTESIAN_POINT('',(0.169994984768991,-0.0034326902683071,0.171406680018401));
#2716=CARTESIAN_POINT('',(0.169981573997063,-0.00530813649304735,0.173230472327922));
#2717=CARTESIAN_POINT('',(0.169864580378107,-0.00580167865052554,0.177153238537504));
#2718=CARTESIAN_POINT('',(0.169680481455005,-0.0037233193595967,0.180508164469114));
#2719=CARTESIAN_POINT('',(0.169587358841169,2.29011193511142E-6,0.181822140359408));
#2720=CARTESIAN_POINT('',(0.169680686616223,0.0037271475865121,0.180505013852401));
#2721=CARTESIAN_POINT('',(0.169864790829192,0.00580314786613308,0.177148630426166));
#2722=CARTESIAN_POINT('',(0.169981650456806,0.00530433307184074,0.173225013386223));
#2723=CARTESIAN_POINT('',(0.169994984769051,0.00343269024332782,0.171406680006954));
#2724=CARTESIAN_POINT('',(0.169997703540733,0.00229128784747795,0.170883623719215));
#2725=CARTESIAN_POINT('',(0.,0.0125,0.17));
#2726=CARTESIAN_POINT('',(0.,-0.0125,0.17));
#2727=CARTESIAN_POINT('',(-0.169997703540733,0.00229128784747791,0.170883623719215));
#2728=CARTESIAN_POINT('',(-0.170001675063944,0.00262475506282234,0.170119554341164));
#2729=CARTESIAN_POINT('',(-0.16999625727016,0.00246109344486839,0.168278361816771));
#2730=CARTESIAN_POINT('',(-0.169971681131675,2.41886743516501E-6,0.166937621455047));
#2731=CARTESIAN_POINT('',(-0.169996209506291,-0.002458896900713,0.16827289937649));
#2732=CARTESIAN_POINT('',(-0.170001675065125,-0.00262475516192557,0.17011955411409));
#2733=CARTESIAN_POINT('',(-0.169997703540733,-0.00229128784747793,0.170883623719215));
#2734=CARTESIAN_POINT('',(-0.169997703540733,0.00229128784747794,0.170883623719215));
#2735=CARTESIAN_POINT('',(-0.169997703540733,-0.00229128784747793,0.170883623719215));
#2736=CARTESIAN_POINT('',(-0.169997703540733,-0.00229128784747796,0.170883623719215));
#2737=CARTESIAN_POINT('',(-0.169994984768991,-0.00343269026830712,0.171406680018401));
#2738=CARTESIAN_POINT('',(-0.169981573997063,-0.00530813649304731,0.173230472327922));
#2739=CARTESIAN_POINT('',(-0.169864580378107,-0.00580167865052546,0.177153238537504));
#2740=CARTESIAN_POINT('',(-0.169680481455005,-0.00372331935959659,0.180508164469114));
#2741=CARTESIAN_POINT('',(-0.169587358841169,2.2901119352371E-6,0.181822140359408));
#2742=CARTESIAN_POINT('',(-0.169680686616223,0.00372714758651219,0.180505013852401));
#2743=CARTESIAN_POINT('',(-0.169864790829192,0.00580314786613315,0.177148630426166));
#2744=CARTESIAN_POINT('',(-0.169981650456806,0.00530433307184079,0.173225013386223));
#2745=CARTESIAN_POINT('',(-0.169994984769051,0.00343269024332786,0.171406680006954));
#2746=CARTESIAN_POINT('',(-0.169997703540733,0.00229128784747799,0.170883623719216));
#2747=CARTESIAN_POINT('',(0.,-0.000329751521348954,0.17));
#2748=CARTESIAN_POINT('',(0.0165,-0.000329751521348954,0.362293395622419));
#2749=CARTESIAN_POINT('',(0.0165,0.0075,0.362293395622419));
#2750=CARTESIAN_POINT('',(0.0165,-0.0075,0.362293395622419));
#2751=CARTESIAN_POINT('',(0.,0.0075,0.17));
#2752=CARTESIAN_POINT('',(0.0913728624920988,0.0075,0.));
#2753=CARTESIAN_POINT('',(0.0913728624920988,-0.000329751521348954,0.));
#2754=CARTESIAN_POINT('',(0.0913728624920988,-0.0075,0.));
#2755=CARTESIAN_POINT('',(0.,-0.0075,0.17));
#2756=CARTESIAN_POINT('',(0.192303345976682,-0.000329751521348954,0.186383623719215));
#2757=CARTESIAN_POINT('',(0.192303345976682,-0.0065,0.186383623719215));
#2758=CARTESIAN_POINT('',(0.192303345976682,0.0065,0.186383623719215));
#2759=CARTESIAN_POINT('',(0.,-0.0065,0.17));
#2760=CARTESIAN_POINT('',(0.192283374318466,-0.0065,0.153383623719215));
#2761=CARTESIAN_POINT('',(0.192283374318466,-0.000329751521348954,0.153383623719215));
#2762=CARTESIAN_POINT('',(0.192283374318466,0.0065,0.153383623719215));
#2763=CARTESIAN_POINT('',(0.,0.0065,0.17));
#2764=CARTESIAN_POINT('',(0.,-0.000329751521348954,0.17));
#2765=CARTESIAN_POINT('',(0.,0.0075,0.17));
#2766=CARTESIAN_POINT('',(0.0165,0.0075,0.367311302261173));
#2767=CARTESIAN_POINT('',(0.0165,-0.000329751521348954,0.367311302261173));
#2768=CARTESIAN_POINT('',(0.0165,-0.0075,0.367311302261173));
#2769=CARTESIAN_POINT('',(0.,-0.0075,0.17));
#2770=CARTESIAN_POINT('',(0.197301535825993,-0.000329751521348954,0.153383623719215));
#2771=CARTESIAN_POINT('',(0.197301535825993,-0.0065,0.153383623719215));
#2772=CARTESIAN_POINT('',(0.197301535825993,0.0065,0.153383623719215));
#2773=CARTESIAN_POINT('',(0.,-0.0065,0.17));
#2774=CARTESIAN_POINT('',(0.197320999576394,-0.0065,0.186383623719215));
#2775=CARTESIAN_POINT('',(0.197320999576394,-0.000329751521348954,0.186383623719215));
#2776=CARTESIAN_POINT('',(0.197320999576394,0.0065,0.186383623719215));
#2777=CARTESIAN_POINT('',(0.,0.0065,0.17));
#2778=CARTESIAN_POINT('',(0.,-0.000329751521348954,0.17));
#2779=CARTESIAN_POINT('',(0.,0.0065,0.17));
#2780=CARTESIAN_POINT('',(-0.174614030942829,0.0065,0.158383623719215));
#2781=CARTESIAN_POINT('',(-0.174629359247005,0.0065,0.181383623719215));
#2782=CARTESIAN_POINT('',(-0.174629359247005,-0.000329751521348954,0.181383623719215));
#2783=CARTESIAN_POINT('',(-0.174629359247005,-0.0065,0.181383623719215));
#2784=CARTESIAN_POINT('',(0.,-0.0065,0.17));
#2785=CARTESIAN_POINT('',(-0.174614030942829,-0.0065,0.158383623719215));
#2786=CARTESIAN_POINT('',(-0.174614030942829,-0.000329751521348954,0.158383623719215));
#2787=CARTESIAN_POINT('',(0.,-0.0075,0.17));
#2788=CARTESIAN_POINT('',(-0.0415331193145904,-0.0075,0.));
#2789=CARTESIAN_POINT('',(-0.0115,-0.0075,0.344621734042473));
#2790=CARTESIAN_POINT('',(-0.0115,-0.000329751521348954,0.344621734042473));
#2791=CARTESIAN_POINT('',(-0.0115,0.0075,0.344621734042473));
#2792=CARTESIAN_POINT('',(0.,0.0075,0.17));
#2793=CARTESIAN_POINT('',(-0.0415331193145904,0.0075,0.));
#2794=CARTESIAN_POINT('',(-0.0415331193145904,-0.000329751521348954,0.));
#2795=CARTESIAN_POINT('',(0.,-2.77555756156289E-17,0.));
#2796=CARTESIAN_POINT('',(0.,-0.0075,0.));
#2797=CARTESIAN_POINT('',(0.,0.0075,0.));
#2798=CARTESIAN_POINT('',(0.,0.0075,-0.014));
#2799=CARTESIAN_POINT('',(-0.0115,0.0075,0.3431));
#2800=CARTESIAN_POINT('',(-0.0115,0.0075,0.3431));
#2801=CARTESIAN_POINT('',(0.,0.0075,0.3431));
#2802=CARTESIAN_POINT('',(0.0115,0.0075,0.3431));
#2803=CARTESIAN_POINT('',(0.0115,0.0075,0.3431));
#2804=CARTESIAN_POINT('',(0.,0.0075,0.));
#2805=CARTESIAN_POINT('',(0.0165,0.0075,0.3528));
#2806=CARTESIAN_POINT('',(0.,0.0075,0.17));
#2807=CARTESIAN_POINT('',(-0.0165,0.0075,0.3528));
#2808=CARTESIAN_POINT('',(0.,-0.0075,-0.014));
#2809=CARTESIAN_POINT('',(0.0943746343255043,-0.0075,0.0137453675270081));
#2810=CARTESIAN_POINT('',(0.0943746343255043,-0.0075,0.0169057687275852));
#2811=CARTESIAN_POINT('',(-0.0927767977118492,-0.0075,0.0141660999506712));
#2812=CARTESIAN_POINT('',(-0.0927767977118492,-0.0075,0.0163649101039367));
#2813=CARTESIAN_POINT('',(0.0115,-0.0075,0.3431));
#2814=CARTESIAN_POINT('',(0.0115,-0.0075,0.3431));
#2815=CARTESIAN_POINT('',(0.,-0.0075,0.3431));
#2816=CARTESIAN_POINT('',(-0.0115,-0.0075,0.3431));
#2817=CARTESIAN_POINT('',(-0.0115,-0.0075,0.3431));
#2818=CARTESIAN_POINT('',(-0.0165,-0.0075,0.3528));
#2819=CARTESIAN_POINT('',(0.,-0.0075,0.17));
#2820=CARTESIAN_POINT('',(0.0165,-0.0075,0.3528));
#2821=CARTESIAN_POINT('',(0.,-0.0075,0.));
#2822=CARTESIAN_POINT('',(0.,-2.77555756156289E-17,0.));
#2823=CARTESIAN_POINT('',(0.19,-1.04083408558608E-17,0.153383623719215));
#2824=CARTESIAN_POINT('',(0.19,0.0065,0.153383623719215));
#2825=CARTESIAN_POINT('',(0.19,-0.0065,0.153383623719215));
#2826=CARTESIAN_POINT('',(0.19,0.0065,0.183883623719215));
#2827=CARTESIAN_POINT('',(0.19,0.0065,0.186383623719215));
#2828=CARTESIAN_POINT('',(0.19,-1.21430643318376E-17,0.186383623719215));
#2829=CARTESIAN_POINT('',(0.19,-0.0065,0.186383623719215));
#2830=CARTESIAN_POINT('',(0.19,-0.0065,0.183883623719215));
#2831=CARTESIAN_POINT('',(-2.77555756156289E-17,-0.16,-0.015));
#2832=CARTESIAN_POINT('',(-2.66504391861541E-17,-0.16,-0.00346410161513772));
#2833=CARTESIAN_POINT('',(0.128477432999585,-0.16,-0.00346410161513773));
#2834=CARTESIAN_POINT('',(0.165,-0.16,-0.00346410161513773));
#2835=CARTESIAN_POINT('',(0.128477432999585,-0.16,-0.015));
#2836=CARTESIAN_POINT('',(-0.23,-0.16,-0.015));
#2837=CARTESIAN_POINT('',(-0.23,-0.16,-0.055));
#2838=CARTESIAN_POINT('',(-2.77555756156289E-17,-0.16,-0.055));
#2839=CARTESIAN_POINT('',(0.23,-0.16,-0.055));
#2840=CARTESIAN_POINT('',(0.23,-0.16,-0.015));
#2841=CARTESIAN_POINT('',(0.165,-0.16,-0.015));
#2842=CARTESIAN_POINT('',(0.,-0.0125,-0.014));
#2843=CARTESIAN_POINT('',(0.0943746343255043,-0.0125,0.0137453675270081));
#2844=CARTESIAN_POINT('',(0.0943746343255043,-0.0125,0.0169057687275852));
#2845=CARTESIAN_POINT('',(-0.0927767977118492,-0.0125,0.0141660999506712));
#2846=CARTESIAN_POINT('',(-0.0927767977118492,-0.0125,0.0163649101039367));
#2847=CARTESIAN_POINT('',(0.,-0.0125,0.17));
#2848=CARTESIAN_POINT('',(0.,0.0125,-0.014));
#2849=CARTESIAN_POINT('',(0.,0.0125,0.17));
#2850=CARTESIAN_POINT('',(0.23,0.,-0.015));
#2851=CARTESIAN_POINT('',(0.23,0.,-0.055));
#2852=CARTESIAN_POINT('',(0.23,0.16,-0.055));
#2853=CARTESIAN_POINT('',(0.23,0.16,-0.015));
#2854=CARTESIAN_POINT('',(-2.77555756156289E-17,0.16,-0.015));
#2855=CARTESIAN_POINT('',(-2.77555756156289E-17,0.16,-0.055));
#2856=CARTESIAN_POINT('',(-0.23,0.16,-0.055));
#2857=CARTESIAN_POINT('',(-0.23,0.16,-0.015));
#2858=CARTESIAN_POINT('',(-0.23,-2.77555756156289E-17,-0.015));
#2859=CARTESIAN_POINT('',(-0.23,-2.77555756156289E-17,-0.055));
#2860=CARTESIAN_POINT('',(0.,-0.15,-0.055));
#2861=CARTESIAN_POINT('',(0.22,-0.15,-0.055));
#2862=CARTESIAN_POINT('',(0.22,-0.15,-0.055));
#2863=CARTESIAN_POINT('',(0.,-0.15,-0.055));
#2864=CARTESIAN_POINT('',(-0.22,-0.15,-0.055));
#2865=CARTESIAN_POINT('',(-0.22,-0.15,-0.055));
#2866=CARTESIAN_POINT('',(0.,-0.15,-0.015));
#2867=CARTESIAN_POINT('',(0.22,0.,-0.055));
#2868=CARTESIAN_POINT('',(0.22,0.15,-0.055));
#2869=CARTESIAN_POINT('',(0.22,0.15,-0.055));
#2870=CARTESIAN_POINT('',(0.22,0.,-0.055));
#2871=CARTESIAN_POINT('',(0.,0.15,-0.055));
#2872=CARTESIAN_POINT('',(-0.22,0.15,-0.055));
#2873=CARTESIAN_POINT('',(-0.22,0.15,-0.055));
#2874=CARTESIAN_POINT('',(0.,0.15,-0.055));
#2875=CARTESIAN_POINT('',(-0.22,0.,-0.055));
#2876=CARTESIAN_POINT('',(-0.22,0.,-0.055));
#2877=CARTESIAN_POINT('',(0.,0.,-0.055));
#2878=CARTESIAN_POINT('',(0.165,-0.105618602791856,-0.01580865704891));
#2879=CARTESIAN_POINT('',(0.165,-0.113868602791856,-0.0300980762113533));
#2880=CARTESIAN_POINT('',(0.1485,-0.113868602791856,-0.0300980762113533));
#2881=CARTESIAN_POINT('',(0.128477432999585,-0.0968079023373024,-0.0399480762113533));
#2882=CARTESIAN_POINT('',(0.,-0.0075,0.17));
#2883=CARTESIAN_POINT('',(0.,0.0075,0.17));
#2884=CARTESIAN_POINT('',(0.173,0.00325,0.181383623719215));
#2885=CARTESIAN_POINT('',(0.173,-0.0065,0.181383623719215));
#2886=CARTESIAN_POINT('',(0.173,-0.0065,0.181383623719215));
#2887=CARTESIAN_POINT('',(0.173,0.00325,0.181383623719215));
#2888=CARTESIAN_POINT('',(0.173,2.10867664644151E-17,0.181383623719215));
#2889=CARTESIAN_POINT('',(0.173,0.00325,0.181383623719215));
#2890=CARTESIAN_POINT('',(0.173,0.0065,0.181383623719215));
#2891=CARTESIAN_POINT('',(0.173,0.0065,0.181383623719215));
#2892=CARTESIAN_POINT('',(0.173,-0.0065,0.169883623719216));
#2893=CARTESIAN_POINT('',(0.173,-0.0065,0.158383623719215));
#2894=CARTESIAN_POINT('',(0.173,-0.0065,0.158383623719215));
#2895=CARTESIAN_POINT('',(0.173,-0.0065,0.169883623719216));
#2896=CARTESIAN_POINT('',(0.173,-3.64291929955129E-17,0.158383623719215));
#2897=CARTESIAN_POINT('',(0.173,0.0065,0.158383623719215));
#2898=CARTESIAN_POINT('',(0.173,0.0065,0.158383623719215));
#2899=CARTESIAN_POINT('',(0.173,-3.64291929955129E-17,0.158383623719215));
#2900=CARTESIAN_POINT('',(0.173,0.0065,0.169883623719216));
#2901=CARTESIAN_POINT('',(0.173,0.0065,0.169883623719216));
#2902=CARTESIAN_POINT('',(0.173,-2.25514051876985E-17,0.169883623719216));
#2903=CARTESIAN_POINT('',(0.173,-4.46461709337229E-19,0.169883623719216));
#2904=CARTESIAN_POINT('',(0.173,-0.00229128784747793,0.170883623719215));
#2905=CARTESIAN_POINT('',(0.173,0.00229128784747793,0.170883623719215));
#2906=CARTESIAN_POINT('',(0.173,2.10867664644151E-17,0.175883623719215));
#2907=CARTESIAN_POINT('',(0.173,2.10867664644151E-17,0.175883623719215));
#2908=CARTESIAN_POINT('',(0.1689,-4.46461709337229E-19,0.169883623719216));
#2909=CARTESIAN_POINT('',(0.1689,-0.00229128784747793,0.170883623719215));
#2910=CARTESIAN_POINT('',(0.1689,0.00229128784747793,0.170883623719215));
#2911=CARTESIAN_POINT('',(0.1689,2.10867664644151E-17,0.175883623719215));
#2912=CARTESIAN_POINT('',(-0.18,-8.67361737988404E-18,0.153383623719215));
#2913=CARTESIAN_POINT('',(-0.18,0.0065,0.153383623719215));
#2914=CARTESIAN_POINT('',(-0.18,-0.0065,0.153383623719215));
#2915=CARTESIAN_POINT('',(-0.18,0.0065,0.183883623719215));
#2916=CARTESIAN_POINT('',(-0.18,0.0065,0.186383623719215));
#2917=CARTESIAN_POINT('',(-0.18,-1.04083408558608E-17,0.186383623719215));
#2918=CARTESIAN_POINT('',(-0.18,-0.0065,0.186383623719215));
#2919=CARTESIAN_POINT('',(-0.18,-0.0065,0.183883623719215));
#2920=CARTESIAN_POINT('',(-0.1727,6.93889390390723E-18,0.169883623719216));
#2921=CARTESIAN_POINT('',(-0.1727,7.90644776380775E-17,0.175883623719215));
#2922=CARTESIAN_POINT('',(-0.1727,-0.00229128784747792,0.170883623719215));
#2923=CARTESIAN_POINT('',(-0.1727,7.90644776380775E-17,0.181383623719215));
#2924=CARTESIAN_POINT('',(-0.1727,-3.16020953378807E-17,0.169883623719216));
#2925=CARTESIAN_POINT('',(-0.1727,0.00229128784747791,0.170883623719215));
#2926=CARTESIAN_POINT('',(-0.1727,7.90644776380775E-17,0.175883623719215));
#2927=CARTESIAN_POINT('',(-0.1727,0.00325000000000004,0.181383623719215));
#2928=CARTESIAN_POINT('',(-0.1727,0.0065,0.181383623719215));
#2929=CARTESIAN_POINT('',(-0.1727,0.0065,0.169883623719216));
#2930=CARTESIAN_POINT('',(-0.1727,0.0065,0.158383623719215));
#2931=CARTESIAN_POINT('',(-0.1727,2.08166817117217E-17,0.158383623719215));
#2932=CARTESIAN_POINT('',(-0.1727,-0.0065,0.158383623719215));
#2933=CARTESIAN_POINT('',(-0.1727,-0.0065,0.169883623719216));
#2934=CARTESIAN_POINT('',(-0.1727,-0.0065,0.181383623719215));
#2935=CARTESIAN_POINT('',(-0.1727,0.00325000000000004,0.181383623719215));
#2936=CARTESIAN_POINT('',(-0.1727,0.0065,0.169883623719216));
#2937=CARTESIAN_POINT('',(-0.1727,0.0065,0.158383623719215));
#2938=CARTESIAN_POINT('',(-0.1727,0.0065,0.181383623719215));
#2939=CARTESIAN_POINT('',(-0.1727,2.08166817117217E-17,0.158383623719215));
#2940=CARTESIAN_POINT('',(-0.1727,-0.0065,0.158383623719215));
#2941=CARTESIAN_POINT('',(-0.1727,-0.0065,0.169883623719216));
#2942=CARTESIAN_POINT('',(-0.1727,-0.0065,0.181383623719215));
#2943=CARTESIAN_POINT('',(-0.1727,0.00325000000000004,0.181383623719215));
#2944=CARTESIAN_POINT('',(-0.1686,-3.16020953378807E-17,0.169883623719216));
#2945=CARTESIAN_POINT('',(-0.1686,0.00229128784747794,0.170883623719215));
#2946=CARTESIAN_POINT('',(-0.1686,-0.00229128784747792,0.170883623719215));
#2947=CARTESIAN_POINT('',(-0.1686,7.90644776380775E-17,0.175883623719215));
#2948=CARTESIAN_POINT('',(0.0165,0.,0.3528));
#2949=CARTESIAN_POINT('',(-0.0165,0.,0.3528));
#2950=CARTESIAN_POINT('',(-0.0115,0.,0.3431));
#2951=CARTESIAN_POINT('',(-0.0115,0.,0.3431));
#2952=CARTESIAN_POINT('',(0.0115,0.,0.3431));
#2953=CARTESIAN_POINT('',(0.0115,0.,0.3431));
#2954=CARTESIAN_POINT('',(-0.0055,0.,0.3431));
#2955=CARTESIAN_POINT('',(-0.0055,1.73117977721425E-18,0.3431));
#2956=CARTESIAN_POINT('',(-0.000204545454545454,0.00148598827620705,0.3431));
#2957=CARTESIAN_POINT('',(-0.000204545454545454,-0.00148598827620705,0.3431));
#2958=CARTESIAN_POINT('',(2.43945488809238E-19,-2.74856607393634E-19,0.3431));
#2959=CARTESIAN_POINT('',(-0.0055,1.73117977721425E-18,0.337));
#2960=CARTESIAN_POINT('',(-0.000204545454545454,0.00148598827620705,0.337));
#2961=CARTESIAN_POINT('',(-0.000204545454545454,-0.00148598827620705,0.337));
#2962=CARTESIAN_POINT('',(2.43945488809238E-19,-2.74856607393634E-19,0.337));
#2963=CARTESIAN_POINT('',(1.7347234759768E-17,-0.0663694367110729,-0.0179));
#2964=CARTESIAN_POINT('',(-0.0115,-0.0663694367110729,-0.0179));
#2965=CARTESIAN_POINT('',(0.0115,-0.0663694367110729,-0.0179));
#2966=CARTESIAN_POINT('',(0.0115,-0.0608694367110729,-0.0179));
#2967=CARTESIAN_POINT('',(0.0115,-0.0553694367110729,-0.0179));
#2968=CARTESIAN_POINT('',(1.90819582357449E-17,-0.0553694367110729,-0.0179));
#2969=CARTESIAN_POINT('',(-0.0115,-0.0553694367110729,-0.0179));
#2970=CARTESIAN_POINT('',(-0.0115,-0.0608694367110729,-0.0179));
#2971=CARTESIAN_POINT('',(0.148474603891373,-0.14138789281249,-0.015));
#2972=CARTESIAN_POINT('',(0.132790192961693,-0.14138789281249,-0.015));
#2973=CARTESIAN_POINT('',(0.164159014821052,-0.14138789281249,-0.015));
#2974=CARTESIAN_POINT('',(0.132790192961693,-0.14138789281249,0.0004));
#2975=CARTESIAN_POINT('',(0.132790192961693,-0.146214124690125,-0.00795927882117111));
#2976=CARTESIAN_POINT('',(0.164159014821052,-0.14138789281249,0.0004));
#2977=CARTESIAN_POINT('',(0.164159014821052,-0.146214124690125,-0.00795927882117111));
#2978=CARTESIAN_POINT('',(0.128477432999585,-0.0877877608561767,-0.0243247328745838));
#2979=CARTESIAN_POINT('',(0.128477432999585,-0.0877877608561767,-0.0243247328745838));
#2980=CARTESIAN_POINT('',(0.128477432999585,-0.0787676193750509,-0.00870138953781439));
#2981=CARTESIAN_POINT('',(0.148425032060707,-0.0787676193750509,-0.00870138953781439));
#2982=CARTESIAN_POINT('',(0.168372631121828,-0.0787676193750509,-0.00870138953781439));
#2983=CARTESIAN_POINT('',(0.168372631121828,-0.0870377608561767,-0.0230256947689072));
#2984=CARTESIAN_POINT('',(0.148425032060707,-0.0877877608561767,-0.0243247328745838));
#2985=CARTESIAN_POINT('',(0.165,-0.0878079023373025,-0.0243596189432335));
#2986=CARTESIAN_POINT('',(0.165,-0.0953079023373025,-0.03735));
#2987=CARTESIAN_POINT('',(0.168372631121828,-0.0870377608561767,-0.0230256947689072));
#2988=CARTESIAN_POINT('',(0.168372631121828,-0.0953079023373025,-0.03735));
#2989=CARTESIAN_POINT('',(0.166686315560914,-0.0953079023373025,-0.03735));
#2990=CARTESIAN_POINT('',(0.168372631121828,-0.0870377608561767,-0.0230256947689072));
#2991=CARTESIAN_POINT('',(0.168372631121828,-0.0953079023373025,-0.03735));
#2992=CARTESIAN_POINT('',(0.166686315560914,-0.0953079023373025,-0.03735));
#2993=CARTESIAN_POINT('',(0.162576165497303,-0.109510718959367,-0.02915));
#2994=CARTESIAN_POINT('',(0.165,-0.109510718959367,-0.02915));
#2995=CARTESIAN_POINT('',(0.165,-0.0953079023373025,-0.03735));
#2996=CARTESIAN_POINT('',(0.165,-0.0878079023373025,-0.0243596189432335));
#2997=CARTESIAN_POINT('',(0.165,-0.102010718959367,-0.0161596189432335));
#2998=CARTESIAN_POINT('',(0.148425032060707,-0.0877877608561767,-0.0243247328745838));
#2999=CARTESIAN_POINT('',(0.128477432999585,-0.0877877608561767,-0.0243247328745838));
#3000=CARTESIAN_POINT('',(0.128477432999585,-0.0968079023373024,-0.0399480762113533));
#3001=CARTESIAN_POINT('',(0.132,-0.0960579023373024,-0.0386490381056766));
#3002=CARTESIAN_POINT('',(0.132,-0.0968079023373024,-0.0399480762113533));
#3003=CARTESIAN_POINT('',(0.130238716499793,-0.0968079023373024,-0.0399480762113533));
#3004=CARTESIAN_POINT('',(0.132,-0.0960579023373024,-0.0386490381056766));
#3005=CARTESIAN_POINT('',(0.132,-0.102010718959367,-0.0161596189432334));
#3006=CARTESIAN_POINT('',(0.132,-0.109510718959367,-0.02915));
#3007=CARTESIAN_POINT('',(0.132,-0.109510718959367,-0.02915));
#3008=CARTESIAN_POINT('',(0.132,-0.0968079023373024,-0.0399480762113533));
#3009=CARTESIAN_POINT('',(0.128477432999585,-0.0877877608561767,-0.0243247328745838));
#3010=CARTESIAN_POINT('',(0.128477432999585,-0.0968079023373024,-0.0399480762113533));
#3011=CARTESIAN_POINT('',(0.130238716499793,-0.0968079023373024,-0.0399480762113533));
#3012=CARTESIAN_POINT('',(0.148425032060707,-0.101990577478241,-0.0161247328745838));
#3013=CARTESIAN_POINT('',(0.134639896810055,-0.109510718959367,-0.02915));
#3014=CARTESIAN_POINT('',(0.148425032060707,-0.101990577478241,-0.0161247328745838));
#3015=CARTESIAN_POINT('',(0.134639896810055,-0.109510718959367,-0.02915));
#3016=CARTESIAN_POINT('',(0.132,-0.148169872981078,0.0104903810567666));
#3017=CARTESIAN_POINT('',(0.132,-0.155669872981078,-0.0025));
#3018=CARTESIAN_POINT('',(0.132,-0.155669872981078,-0.0025));
#3019=CARTESIAN_POINT('',(0.132,-0.148169872981078,0.0104903810567666));
#3020=CARTESIAN_POINT('',(0.132,-0.140669872981078,0.0234807621135332));
#3021=CARTESIAN_POINT('',(0.132,-0.140669872981078,0.0234807621135332));
#3022=CARTESIAN_POINT('',(0.162576165497303,-0.155669872981078,-0.0025));
#3023=CARTESIAN_POINT('',(0.165,-0.155669872981078,-0.0025));
#3024=CARTESIAN_POINT('',(0.165,-0.155669872981078,-0.0025));
#3025=CARTESIAN_POINT('',(0.162576165497303,-0.155669872981078,-0.0025));
#3026=CARTESIAN_POINT('',(0.165,-0.148169872981078,0.0104903810567666));
#3027=CARTESIAN_POINT('',(0.165,-0.140669872981078,0.0234807621135332));
#3028=CARTESIAN_POINT('',(0.165,-0.140669872981078,0.0234807621135332));
#3029=CARTESIAN_POINT('',(0.165,-0.148169872981078,0.0104903810567666));
#3030=CARTESIAN_POINT('',(0.1485,-0.140669872981078,0.0234807621135332));
#3031=CARTESIAN_POINT('',(0.1485,-0.140669872981078,0.0234807621135332));
#3032=CARTESIAN_POINT('',(0.148425032060707,-0.148149731499952,0.0105252671254162));
#3033=CARTESIAN_POINT('',(-0.0927767977118492,-0.025,0.0141660999506712));
#3034=CARTESIAN_POINT('',(0.0943746343255043,-0.025,0.0137453675270081));
#3035=MECHANICAL_DESIGN_GEOMETRIC_PRESENTATION_REPRESENTATION('',(#1818),
#3036);
#3036=(
GEOMETRIC_REPRESENTATION_CONTEXT(3)
GLOBAL_UNCERTAINTY_ASSIGNED_CONTEXT((#3037))
GLOBAL_UNIT_ASSIGNED_CONTEXT((#3040,#3039,#3038))
REPRESENTATION_CONTEXT('Part 1','TOP_LEVEL_ASSEMBLY_PART')
);
#3037=UNCERTAINTY_MEASURE_WITH_UNIT(LENGTH_MEASURE(2.E-5),#3040,
'DISTANCE_ACCURACY_VALUE','Maximum Tolerance applied to model');
#3038=(
NAMED_UNIT(*)
SI_UNIT($,.STERADIAN.)
SOLID_ANGLE_UNIT()
);
#3039=(
NAMED_UNIT(*)
PLANE_ANGLE_UNIT()
SI_UNIT($,.RADIAN.)
);
#3040=(
LENGTH_UNIT()
NAMED_UNIT(*)
SI_UNIT($,.METRE.)
);
#3041=PRODUCT_DEFINITION_SHAPE('','',#3042);
#3042=PRODUCT_DEFINITION('','',#3044,#3043);
#3043=PRODUCT_DEFINITION_CONTEXT('',#3050,'design');
#3044=PRODUCT_DEFINITION_FORMATION_WITH_SPECIFIED_SOURCE('','',#3046,
 .NOT_KNOWN.);
#3045=PRODUCT_RELATED_PRODUCT_CATEGORY('','',(#3046));
#3046=PRODUCT('Part 1','Part 1','Part 1',(#3048));
#3047=PRODUCT_CATEGORY('','');
#3048=PRODUCT_CONTEXT('',#3050,'mechanical');
#3049=APPLICATION_PROTOCOL_DEFINITION('international standard',
'ap242_managed_model_based_3d_engineering',2020,#3050);
#3050=APPLICATION_CONTEXT('managed model based 3d engineering');
ENDSEC;
END-ISO-10303-21;
