ISO-10303-21;
HEADER;
/* Generated by software containing ST-Developer
 * from STEP Tools, Inc. (www.steptools.com) 
 */
/* OPTION: using custom renumber hook */

FILE_DESCRIPTION(
/* description */ ('STEP AP242 Edition 2',
'CAx-IF Rec.Pracs.---Representation and Presentation of Product Manufa
cturing Information (PMI)---4.0---2014-10-13',
'CAx-IF Rec.Pracs.---3D Tessellated Geometry---0.4---2014-09-14','2;1',
'CAx-IF Rec.Pracs.---User Defined Attributes---1.5---2016-08-15'),
/* implementation_level */ '2;1');

FILE_NAME(
/* name */ 'Assembly 2 - Tower Pro - Micro Servo 9g - SG90.1 (5)',
/* time_stamp */ '2026-07-06T02:05:32Z',
/* author */ (''),
/* organization */ (''),
/* preprocessor_version */ 'ST-DEVELOPER v20',
/* originating_system */ 'ONSHAPE BY PTC INC, 1.217',
/* authorisation */ '  ');

FILE_SCHEMA (('AP242_MANAGED_MODEL_BASED_3D_ENGINEERING_MIM_LF { 1 0 10303 442 3 1 4 }'));
ENDSEC;

DATA;
#10=SHAPE_REPRESENTATION_RELATIONSHIP('','',#1678,#11);
#11=ADVANCED_BREP_SHAPE_REPRESENTATION('',(#1676),#4033);
#12=SPHERICAL_SURFACE('',#1812,0.0001);
#13=SPHERICAL_SURFACE('',#1814,0.0001);
#14=TOROIDAL_SURFACE('',#1787,0.00075,0.0001);
#15=TOROIDAL_SURFACE('',#1789,0.00075,0.0001);
#16=TOROIDAL_SURFACE('',#1791,0.00075,0.0001);
#17=TOROIDAL_SURFACE('',#1793,0.00075,0.0001);
#18=TOROIDAL_SURFACE('',#1797,0.0062,0.0001);
#19=TOROIDAL_SURFACE('',#1798,0.0062,0.0001);
#20=TOROIDAL_SURFACE('',#1801,0.0029,0.0001);
#21=TOROIDAL_SURFACE('',#1806,0.0062,0.0001);
#22=TOROIDAL_SURFACE('',#1808,0.0062,0.0001);
#23=TOROIDAL_SURFACE('',#1818,0.006,0.0001);
#24=TOROIDAL_SURFACE('',#1823,0.0002,0.0001);
#25=TOROIDAL_SURFACE('',#1825,0.0002,0.0001);
#26=TOROIDAL_SURFACE('',#1831,0.0027,0.0001);
#27=B_SPLINE_SURFACE_WITH_KNOTS('',3,3,((#2672,#2673,#2674,#2675,#2676,
#2677),(#2678,#2679,#2680,#2681,#2682,#2683),(#2684,#2685,#2686,#2687,#2688,
#2689),(#2690,#2691,#2692,#2693,#2694,#2695),(#2696,#2697,#2698,#2699,#2700,
#2701),(#2702,#2703,#2704,#2705,#2706,#2707),(#2708,#2709,#2710,#2711,#2712,
#2713),(#2714,#2715,#2716,#2717,#2718,#2719)),.UNSPECIFIED.,.F.,.F.,.F.,
(4,2,2,4),(4,2,4),(0.,0.25,0.5,1.),(0.,0.5,1.),.UNSPECIFIED.);
#28=B_SPLINE_SURFACE_WITH_KNOTS('',3,3,((#2740,#2741,#2742,#2743,#2744,
#2745,#2746,#2747),(#2748,#2749,#2750,#2751,#2752,#2753,#2754,#2755),(#2756,
#2757,#2758,#2759,#2760,#2761,#2762,#2763),(#2764,#2765,#2766,#2767,#2768,
#2769,#2770,#2771),(#2772,#2773,#2774,#2775,#2776,#2777,#2778,#2779),(#2780,
#2781,#2782,#2783,#2784,#2785,#2786,#2787)),.UNSPECIFIED.,.F.,.F.,.F.,(4,
2,4),(4,2,2,4),(0.,0.5,1.),(0.,0.25,0.5,1.),.UNSPECIFIED.);
#29=B_SPLINE_SURFACE_WITH_KNOTS('',3,3,((#2801,#2802,#2803,#2804,#2805,
#2806,#2807,#2808),(#2809,#2810,#2811,#2812,#2813,#2814,#2815,#2816),(#2817,
#2818,#2819,#2820,#2821,#2822,#2823,#2824),(#2825,#2826,#2827,#2828,#2829,
#2830,#2831,#2832),(#2833,#2834,#2835,#2836,#2837,#2838,#2839,#2840),(#2841,
#2842,#2843,#2844,#2845,#2846,#2847,#2848),(#2849,#2850,#2851,#2852,#2853,
#2854,#2855,#2856),(#2857,#2858,#2859,#2860,#2861,#2862,#2863,#2864)),
 .UNSPECIFIED.,.F.,.F.,.F.,(4,2,2,4),(4,2,2,4),(0.,0.25,0.5,1.),(0.,0.25,
0.5,1.),.UNSPECIFIED.);
#30=B_SPLINE_SURFACE_WITH_KNOTS('',3,3,((#2884,#2885,#2886,#2887,#2888,
#2889),(#2890,#2891,#2892,#2893,#2894,#2895),(#2896,#2897,#2898,#2899,#2900,
#2901),(#2902,#2903,#2904,#2905,#2906,#2907),(#2908,#2909,#2910,#2911,#2912,
#2913),(#2914,#2915,#2916,#2917,#2918,#2919),(#2920,#2921,#2922,#2923,#2924,
#2925),(#2926,#2927,#2928,#2929,#2930,#2931),(#2932,#2933,#2934,#2935,#2936,
#2937),(#2938,#2939,#2940,#2941,#2942,#2943)),.UNSPECIFIED.,.F.,.F.,.F.,
(4,2,2,2,4),(4,2,4),(0.,0.25,0.5,0.75,1.),(0.,0.5,1.),.UNSPECIFIED.);
#31=B_SPLINE_SURFACE_WITH_KNOTS('',3,3,((#2954,#2955,#2956,#2957,#2958,
#2959,#2960,#2961,#2962,#2963),(#2964,#2965,#2966,#2967,#2968,#2969,#2970,
#2971,#2972,#2973),(#2974,#2975,#2976,#2977,#2978,#2979,#2980,#2981,#2982,
#2983),(#2984,#2985,#2986,#2987,#2988,#2989,#2990,#2991,#2992,#2993),(#2994,
#2995,#2996,#2997,#2998,#2999,#3000,#3001,#3002,#3003),(#3004,#3005,#3006,
#3007,#3008,#3009,#3010,#3011,#3012,#3013)),.UNSPECIFIED.,.F.,.F.,.F.,(4,
2,4),(4,2,2,2,4),(0.,0.5,1.),(0.,0.25,0.5,0.75,1.),.UNSPECIFIED.);
#32=B_SPLINE_SURFACE_WITH_KNOTS('',3,3,((#3029,#3030,#3031,#3032,#3033,
#3034,#3035,#3036,#3037,#3038),(#3039,#3040,#3041,#3042,#3043,#3044,#3045,
#3046,#3047,#3048),(#3049,#3050,#3051,#3052,#3053,#3054,#3055,#3056,#3057,
#3058),(#3059,#3060,#3061,#3062,#3063,#3064,#3065,#3066,#3067,#3068),(#3069,
#3070,#3071,#3072,#3073,#3074,#3075,#3076,#3077,#3078),(#3079,#3080,#3081,
#3082,#3083,#3084,#3085,#3086,#3087,#3088)),.UNSPECIFIED.,.F.,.F.,.F.,(4,
2,4),(4,2,2,2,4),(0.,0.5,1.),(0.,0.25,0.5,0.75,1.),.UNSPECIFIED.);
#33=B_SPLINE_SURFACE_WITH_KNOTS('',3,3,((#3109,#3110,#3111,#3112,#3113,
#3114,#3115,#3116),(#3117,#3118,#3119,#3120,#3121,#3122,#3123,#3124),(#3125,
#3126,#3127,#3128,#3129,#3130,#3131,#3132),(#3133,#3134,#3135,#3136,#3137,
#3138,#3139,#3140),(#3141,#3142,#3143,#3144,#3145,#3146,#3147,#3148),(#3149,
#3150,#3151,#3152,#3153,#3154,#3155,#3156),(#3157,#3158,#3159,#3160,#3161,
#3162,#3163,#3164),(#3165,#3166,#3167,#3168,#3169,#3170,#3171,#3172)),
 .UNSPECIFIED.,.F.,.F.,.F.,(4,2,2,4),(4,2,2,4),(0.,0.25,0.5,1.),(0.,0.25,
0.5,1.),.UNSPECIFIED.);
#34=B_SPLINE_SURFACE_WITH_KNOTS('',3,3,((#3190,#3191,#3192,#3193,#3194,
#3195),(#3196,#3197,#3198,#3199,#3200,#3201),(#3202,#3203,#3204,#3205,#3206,
#3207),(#3208,#3209,#3210,#3211,#3212,#3213),(#3214,#3215,#3216,#3217,#3218,
#3219),(#3220,#3221,#3222,#3223,#3224,#3225),(#3226,#3227,#3228,#3229,#3230,
#3231),(#3232,#3233,#3234,#3235,#3236,#3237)),.UNSPECIFIED.,.F.,.F.,.F.,
(4,2,2,4),(4,2,4),(0.,0.25,0.5,1.),(0.,0.5,1.),.UNSPECIFIED.);
#35=B_SPLINE_SURFACE_WITH_KNOTS('',3,3,((#3248,#3249,#3250,#3251,#3252,
#3253,#3254,#3255),(#3256,#3257,#3258,#3259,#3260,#3261,#3262,#3263),(#3264,
#3265,#3266,#3267,#3268,#3269,#3270,#3271),(#3272,#3273,#3274,#3275,#3276,
#3277,#3278,#3279),(#3280,#3281,#3282,#3283,#3284,#3285,#3286,#3287),(#3288,
#3289,#3290,#3291,#3292,#3293,#3294,#3295)),.UNSPECIFIED.,.F.,.F.,.F.,(4,
2,4),(4,2,2,4),(0.,0.5,1.),(0.,0.25,0.5,1.),.UNSPECIFIED.);
#36=B_SPLINE_SURFACE_WITH_KNOTS('',3,3,((#3309,#3310,#3311,#3312,#3313,
#3314,#3315,#3316),(#3317,#3318,#3319,#3320,#3321,#3322,#3323,#3324),(#3325,
#3326,#3327,#3328,#3329,#3330,#3331,#3332),(#3333,#3334,#3335,#3336,#3337,
#3338,#3339,#3340),(#3341,#3342,#3343,#3344,#3345,#3346,#3347,#3348),(#3349,
#3350,#3351,#3352,#3353,#3354,#3355,#3356),(#3357,#3358,#3359,#3360,#3361,
#3362,#3363,#3364),(#3365,#3366,#3367,#3368,#3369,#3370,#3371,#3372)),
 .UNSPECIFIED.,.F.,.F.,.F.,(4,2,2,4),(4,2,2,4),(0.,0.25,0.5,1.),(0.,0.25,
0.5,1.),.UNSPECIFIED.);
#37=B_SPLINE_SURFACE_WITH_KNOTS('',3,3,((#3390,#3391,#3392,#3393,#3394,
#3395),(#3396,#3397,#3398,#3399,#3400,#3401),(#3402,#3403,#3404,#3405,#3406,
#3407),(#3408,#3409,#3410,#3411,#3412,#3413),(#3414,#3415,#3416,#3417,#3418,
#3419),(#3420,#3421,#3422,#3423,#3424,#3425),(#3426,#3427,#3428,#3429,#3430,
#3431),(#3432,#3433,#3434,#3435,#3436,#3437)),.UNSPECIFIED.,.F.,.F.,.F.,
(4,2,2,4),(4,2,4),(0.,0.25,0.5,1.),(0.,0.5,1.),.UNSPECIFIED.);
#38=B_SPLINE_SURFACE_WITH_KNOTS('',3,3,((#3458,#3459,#3460,#3461,#3462,
#3463,#3464,#3465),(#3466,#3467,#3468,#3469,#3470,#3471,#3472,#3473),(#3474,
#3475,#3476,#3477,#3478,#3479,#3480,#3481),(#3482,#3483,#3484,#3485,#3486,
#3487,#3488,#3489),(#3490,#3491,#3492,#3493,#3494,#3495,#3496,#3497),(#3498,
#3499,#3500,#3501,#3502,#3503,#3504,#3505)),.UNSPECIFIED.,.F.,.F.,.F.,(4,
2,4),(4,2,2,4),(0.,0.5,1.),(0.,0.25,0.5,1.),.UNSPECIFIED.);
#39=B_SPLINE_SURFACE_WITH_KNOTS('',3,3,((#3519,#3520,#3521,#3522,#3523,
#3524,#3525,#3526),(#3527,#3528,#3529,#3530,#3531,#3532,#3533,#3534),(#3535,
#3536,#3537,#3538,#3539,#3540,#3541,#3542),(#3543,#3544,#3545,#3546,#3547,
#3548,#3549,#3550),(#3551,#3552,#3553,#3554,#3555,#3556,#3557,#3558),(#3559,
#3560,#3561,#3562,#3563,#3564,#3565,#3566),(#3567,#3568,#3569,#3570,#3571,
#3572,#3573,#3574),(#3575,#3576,#3577,#3578,#3579,#3580,#3581,#3582)),
 .UNSPECIFIED.,.F.,.F.,.F.,(4,2,2,4),(4,2,2,4),(0.,0.25,0.5,1.),(0.,0.25,
0.5,1.),.UNSPECIFIED.);
#40=B_SPLINE_SURFACE_WITH_KNOTS('',3,3,((#3602,#3603,#3604,#3605,#3606,
#3607),(#3608,#3609,#3610,#3611,#3612,#3613),(#3614,#3615,#3616,#3617,#3618,
#3619),(#3620,#3621,#3622,#3623,#3624,#3625),(#3626,#3627,#3628,#3629,#3630,
#3631),(#3632,#3633,#3634,#3635,#3636,#3637),(#3638,#3639,#3640,#3641,#3642,
#3643),(#3644,#3645,#3646,#3647,#3648,#3649),(#3650,#3651,#3652,#3653,#3654,
#3655),(#3656,#3657,#3658,#3659,#3660,#3661)),.UNSPECIFIED.,.F.,.F.,.F.,
(4,2,2,2,4),(4,2,4),(0.,0.25,0.5,0.75,1.),(0.,0.5,1.),.UNSPECIFIED.);
#41=B_SPLINE_SURFACE_WITH_KNOTS('',3,3,((#3672,#3673,#3674,#3675,#3676,
#3677,#3678,#3679,#3680,#3681),(#3682,#3683,#3684,#3685,#3686,#3687,#3688,
#3689,#3690,#3691),(#3692,#3693,#3694,#3695,#3696,#3697,#3698,#3699,#3700,
#3701),(#3702,#3703,#3704,#3705,#3706,#3707,#3708,#3709,#3710,#3711),(#3712,
#3713,#3714,#3715,#3716,#3717,#3718,#3719,#3720,#3721),(#3722,#3723,#3724,
#3725,#3726,#3727,#3728,#3729,#3730,#3731)),.UNSPECIFIED.,.F.,.F.,.F.,(4,
2,4),(4,2,2,2,4),(0.,0.5,1.),(0.,0.25,0.5,0.75,1.),.UNSPECIFIED.);
#42=B_SPLINE_SURFACE_WITH_KNOTS('',3,3,((#3762,#3763,#3764,#3765,#3766,
#3767,#3768,#3769),(#3770,#3771,#3772,#3773,#3774,#3775,#3776,#3777),(#3778,
#3779,#3780,#3781,#3782,#3783,#3784,#3785),(#3786,#3787,#3788,#3789,#3790,
#3791,#3792,#3793),(#3794,#3795,#3796,#3797,#3798,#3799,#3800,#3801),(#3802,
#3803,#3804,#3805,#3806,#3807,#3808,#3809),(#3810,#3811,#3812,#3813,#3814,
#3815,#3816,#3817),(#3818,#3819,#3820,#3821,#3822,#3823,#3824,#3825)),
 .UNSPECIFIED.,.F.,.F.,.F.,(4,2,2,4),(4,2,2,4),(0.,0.25,0.5,1.),(0.,0.25,
0.5,1.),.UNSPECIFIED.);
#43=B_SPLINE_SURFACE_WITH_KNOTS('',3,3,((#3844,#3845,#3846,#3847,#3848,
#3849),(#3850,#3851,#3852,#3853,#3854,#3855),(#3856,#3857,#3858,#3859,#3860,
#3861),(#3862,#3863,#3864,#3865,#3866,#3867),(#3868,#3869,#3870,#3871,#3872,
#3873),(#3874,#3875,#3876,#3877,#3878,#3879),(#3880,#3881,#3882,#3883,#3884,
#3885),(#3886,#3887,#3888,#3889,#3890,#3891),(#3892,#3893,#3894,#3895,#3896,
#3897),(#3898,#3899,#3900,#3901,#3902,#3903)),.UNSPECIFIED.,.F.,.F.,.F.,
(4,2,2,2,4),(4,2,4),(0.,0.25,0.5,0.75,1.),(0.,0.5,1.),.UNSPECIFIED.);
#44=B_SPLINE_SURFACE_WITH_KNOTS('',3,3,((#3908,#3909,#3910,#3911,#3912,
#3913,#3914,#3915),(#3916,#3917,#3918,#3919,#3920,#3921,#3922,#3923),(#3924,
#3925,#3926,#3927,#3928,#3929,#3930,#3931),(#3932,#3933,#3934,#3935,#3936,
#3937,#3938,#3939),(#3940,#3941,#3942,#3943,#3944,#3945,#3946,#3947),(#3948,
#3949,#3950,#3951,#3952,#3953,#3954,#3955),(#3956,#3957,#3958,#3959,#3960,
#3961,#3962,#3963),(#3964,#3965,#3966,#3967,#3968,#3969,#3970,#3971)),
 .UNSPECIFIED.,.F.,.F.,.F.,(4,2,2,4),(4,2,2,4),(0.,0.25,0.5,1.),(0.,0.25,
0.5,1.),.UNSPECIFIED.);
#45=B_SPLINE_CURVE_WITH_KNOTS('',3,(#2401,#2402,#2403,#2404),
 .UNSPECIFIED.,.F.,.F.,(4,4),(0.,1.),.UNSPECIFIED.);
#46=B_SPLINE_CURVE_WITH_KNOTS('',3,(#2426,#2427,#2428,#2429),
 .UNSPECIFIED.,.F.,.F.,(4,4),(0.,1.),.UNSPECIFIED.);
#47=B_SPLINE_CURVE_WITH_KNOTS('',3,(#2453,#2454,#2455,#2456),
 .UNSPECIFIED.,.F.,.F.,(4,4),(0.,1.),.UNSPECIFIED.);
#48=B_SPLINE_CURVE_WITH_KNOTS('',3,(#2458,#2459,#2460,#2461),
 .UNSPECIFIED.,.F.,.F.,(4,4),(0.,1.),.UNSPECIFIED.);
#49=B_SPLINE_CURVE_WITH_KNOTS('',3,(#2502,#2503,#2504,#2505),
 .UNSPECIFIED.,.F.,.F.,(4,4),(0.,1.),.UNSPECIFIED.);
#50=B_SPLINE_CURVE_WITH_KNOTS('',3,(#2515,#2516,#2517,#2518),
 .UNSPECIFIED.,.F.,.F.,(4,4),(0.,1.),.UNSPECIFIED.);
#51=B_SPLINE_CURVE_WITH_KNOTS('',3,(#2562,#2563,#2564,#2565),
 .UNSPECIFIED.,.F.,.F.,(4,4),(0.,1.),.UNSPECIFIED.);
#52=B_SPLINE_CURVE_WITH_KNOTS('',3,(#2567,#2568,#2569,#2570),
 .UNSPECIFIED.,.F.,.F.,(4,4),(0.,1.),.UNSPECIFIED.);
#53=B_SPLINE_CURVE_WITH_KNOTS('',3,(#2574,#2575,#2576,#2577),
 .UNSPECIFIED.,.F.,.F.,(4,4),(0.,1.),.UNSPECIFIED.);
#54=B_SPLINE_CURVE_WITH_KNOTS('',3,(#2579,#2580,#2581,#2582),
 .UNSPECIFIED.,.F.,.F.,(4,4),(0.,1.),.UNSPECIFIED.);
#55=B_SPLINE_CURVE_WITH_KNOTS('',3,(#2586,#2587,#2588,#2589),
 .UNSPECIFIED.,.F.,.F.,(4,4),(0.,1.),.UNSPECIFIED.);
#56=B_SPLINE_CURVE_WITH_KNOTS('',3,(#2591,#2592,#2593,#2594),
 .UNSPECIFIED.,.F.,.F.,(4,4),(0.,1.),.UNSPECIFIED.);
#57=B_SPLINE_CURVE_WITH_KNOTS('',3,(#2720,#2721,#2722,#2723,#2724,#2725,
#2726,#2727),.UNSPECIFIED.,.F.,.F.,(4,2,2,4),(0.,0.25,0.5,1.),
 .UNSPECIFIED.);
#58=B_SPLINE_CURVE_WITH_KNOTS('',3,(#2730,#2731,#2732,#2733),
 .UNSPECIFIED.,.F.,.F.,(4,4),(0.,1.),.UNSPECIFIED.);
#59=B_SPLINE_CURVE_WITH_KNOTS('',3,(#2734,#2735,#2736,#2737,#2738,#2739),
 .UNSPECIFIED.,.F.,.F.,(4,2,4),(0.,0.5,1.),.UNSPECIFIED.);
#60=B_SPLINE_CURVE_WITH_KNOTS('',3,(#2788,#2789,#2790,#2791),
 .UNSPECIFIED.,.F.,.F.,(4,4),(0.,1.),.UNSPECIFIED.);
#61=B_SPLINE_CURVE_WITH_KNOTS('',3,(#2793,#2794,#2795,#2796,#2797,#2798,
#2799,#2800),.UNSPECIFIED.,.F.,.F.,(4,2,2,4),(0.,0.25,0.5,1.),
 .UNSPECIFIED.);
#62=B_SPLINE_CURVE_WITH_KNOTS('',3,(#2865,#2866,#2867,#2868),
 .UNSPECIFIED.,.F.,.F.,(4,4),(0.,1.),.UNSPECIFIED.);
#63=B_SPLINE_CURVE_WITH_KNOTS('',3,(#2869,#2870,#2871,#2872),
 .UNSPECIFIED.,.F.,.F.,(4,4),(0.,1.),.UNSPECIFIED.);
#64=B_SPLINE_CURVE_WITH_KNOTS('',3,(#2874,#2875,#2876,#2877,#2878,#2879,
#2880,#2881,#2882,#2883),.UNSPECIFIED.,.F.,.F.,(4,2,2,2,4),(0.,0.25,0.5,
0.75,1.),.UNSPECIFIED.);
#65=B_SPLINE_CURVE_WITH_KNOTS('',3,(#2944,#2945,#2946,#2947),
 .UNSPECIFIED.,.F.,.F.,(4,4),(0.,1.),.UNSPECIFIED.);
#66=B_SPLINE_CURVE_WITH_KNOTS('',3,(#2948,#2949,#2950,#2951,#2952,#2953),
 .UNSPECIFIED.,.F.,.F.,(4,2,4),(0.,0.5,1.),.UNSPECIFIED.);
#67=B_SPLINE_CURVE_WITH_KNOTS('',3,(#3014,#3015,#3016,#3017),
 .UNSPECIFIED.,.F.,.F.,(4,4),(0.,1.),.UNSPECIFIED.);
#68=B_SPLINE_CURVE_WITH_KNOTS('',3,(#3019,#3020,#3021,#3022,#3023,#3024,
#3025,#3026,#3027,#3028),.UNSPECIFIED.,.F.,.F.,(4,2,2,2,4),(0.,0.25,0.5,
0.75,1.),.UNSPECIFIED.);
#69=B_SPLINE_CURVE_WITH_KNOTS('',3,(#3089,#3090,#3091,#3092,#3093,#3094),
 .UNSPECIFIED.,.F.,.F.,(4,2,4),(0.,0.5,1.),.UNSPECIFIED.);
#70=B_SPLINE_CURVE_WITH_KNOTS('',3,(#3096,#3097,#3098,#3099),
 .UNSPECIFIED.,.F.,.F.,(4,4),(0.,1.),.UNSPECIFIED.);
#71=B_SPLINE_CURVE_WITH_KNOTS('',3,(#3101,#3102,#3103,#3104,#3105,#3106,
#3107,#3108),.UNSPECIFIED.,.F.,.F.,(4,2,2,4),(0.,0.25,0.5,1.),
 .UNSPECIFIED.);
#72=B_SPLINE_CURVE_WITH_KNOTS('',3,(#3173,#3174,#3175,#3176),
 .UNSPECIFIED.,.F.,.F.,(4,4),(0.,1.),.UNSPECIFIED.);
#73=B_SPLINE_CURVE_WITH_KNOTS('',3,(#3177,#3178,#3179,#3180),
 .UNSPECIFIED.,.F.,.F.,(4,4),(0.,1.),.UNSPECIFIED.);
#74=B_SPLINE_CURVE_WITH_KNOTS('',3,(#3182,#3183,#3184,#3185,#3186,#3187,
#3188,#3189),.UNSPECIFIED.,.F.,.F.,(4,2,2,4),(0.,0.25,0.5,1.),
 .UNSPECIFIED.);
#75=B_SPLINE_CURVE_WITH_KNOTS('',3,(#3238,#3239,#3240,#3241),
 .UNSPECIFIED.,.F.,.F.,(4,4),(0.,1.),.UNSPECIFIED.);
#76=B_SPLINE_CURVE_WITH_KNOTS('',3,(#3242,#3243,#3244,#3245,#3246,#3247),
 .UNSPECIFIED.,.F.,.F.,(4,2,4),(0.,0.5,1.),.UNSPECIFIED.);
#77=B_SPLINE_CURVE_WITH_KNOTS('',3,(#3296,#3297,#3298,#3299),
 .UNSPECIFIED.,.F.,.F.,(4,4),(0.,1.),.UNSPECIFIED.);
#78=B_SPLINE_CURVE_WITH_KNOTS('',3,(#3301,#3302,#3303,#3304,#3305,#3306,
#3307,#3308),.UNSPECIFIED.,.F.,.F.,(4,2,2,4),(0.,0.25,0.5,1.),
 .UNSPECIFIED.);
#79=B_SPLINE_CURVE_WITH_KNOTS('',3,(#3373,#3374,#3375,#3376),
 .UNSPECIFIED.,.F.,.F.,(4,4),(0.,1.),.UNSPECIFIED.);
#80=B_SPLINE_CURVE_WITH_KNOTS('',3,(#3377,#3378,#3379,#3380),
 .UNSPECIFIED.,.F.,.F.,(4,4),(0.,1.),.UNSPECIFIED.);
#81=B_SPLINE_CURVE_WITH_KNOTS('',3,(#3382,#3383,#3384,#3385,#3386,#3387,
#3388,#3389),.UNSPECIFIED.,.F.,.F.,(4,2,2,4),(0.,0.25,0.5,1.),
 .UNSPECIFIED.);
#82=B_SPLINE_CURVE_WITH_KNOTS('',3,(#3438,#3439,#3440,#3441,#3442,#3443,
#3444,#3445),.UNSPECIFIED.,.F.,.F.,(4,2,2,4),(0.,0.25,0.5,1.),
 .UNSPECIFIED.);
#83=B_SPLINE_CURVE_WITH_KNOTS('',3,(#3448,#3449,#3450,#3451),
 .UNSPECIFIED.,.F.,.F.,(4,4),(0.,1.),.UNSPECIFIED.);
#84=B_SPLINE_CURVE_WITH_KNOTS('',3,(#3452,#3453,#3454,#3455,#3456,#3457),
 .UNSPECIFIED.,.F.,.F.,(4,2,4),(0.,0.5,1.),.UNSPECIFIED.);
#85=B_SPLINE_CURVE_WITH_KNOTS('',3,(#3506,#3507,#3508,#3509),
 .UNSPECIFIED.,.F.,.F.,(4,4),(0.,1.),.UNSPECIFIED.);
#86=B_SPLINE_CURVE_WITH_KNOTS('',3,(#3511,#3512,#3513,#3514,#3515,#3516,
#3517,#3518),.UNSPECIFIED.,.F.,.F.,(4,2,2,4),(0.,0.25,0.5,1.),
 .UNSPECIFIED.);
#87=B_SPLINE_CURVE_WITH_KNOTS('',3,(#3583,#3584,#3585,#3586),
 .UNSPECIFIED.,.F.,.F.,(4,4),(0.,1.),.UNSPECIFIED.);
#88=B_SPLINE_CURVE_WITH_KNOTS('',3,(#3587,#3588,#3589,#3590),
 .UNSPECIFIED.,.F.,.F.,(4,4),(0.,1.),.UNSPECIFIED.);
#89=B_SPLINE_CURVE_WITH_KNOTS('',3,(#3592,#3593,#3594,#3595,#3596,#3597,
#3598,#3599,#3600,#3601),.UNSPECIFIED.,.F.,.F.,(4,2,2,2,4),(0.,0.25,0.5,
0.75,1.),.UNSPECIFIED.);
#90=B_SPLINE_CURVE_WITH_KNOTS('',3,(#3662,#3663,#3664,#3665),
 .UNSPECIFIED.,.F.,.F.,(4,4),(0.,1.),.UNSPECIFIED.);
#91=B_SPLINE_CURVE_WITH_KNOTS('',3,(#3666,#3667,#3668,#3669,#3670,#3671),
 .UNSPECIFIED.,.F.,.F.,(4,2,4),(0.,0.5,1.),.UNSPECIFIED.);
#92=B_SPLINE_CURVE_WITH_KNOTS('',3,(#3732,#3733,#3734,#3735),
 .UNSPECIFIED.,.F.,.F.,(4,4),(0.,1.),.UNSPECIFIED.);
#93=B_SPLINE_CURVE_WITH_KNOTS('',3,(#3737,#3738,#3739,#3740,#3741,#3742,
#3743,#3744,#3745,#3746),.UNSPECIFIED.,.F.,.F.,(4,2,2,2,4),(0.,0.25,0.5,
0.75,1.),.UNSPECIFIED.);
#94=B_SPLINE_CURVE_WITH_KNOTS('',3,(#3751,#3752,#3753,#3754),
 .UNSPECIFIED.,.F.,.F.,(4,4),(0.,1.),.UNSPECIFIED.);
#95=B_SPLINE_CURVE_WITH_KNOTS('',3,(#3826,#3827,#3828,#3829),
 .UNSPECIFIED.,.F.,.F.,(4,4),(0.,1.),.UNSPECIFIED.);
#96=B_SPLINE_CURVE_WITH_KNOTS('',3,(#3840,#3841,#3842,#3843),
 .UNSPECIFIED.,.F.,.F.,(4,4),(0.,1.),.UNSPECIFIED.);
#97=B_SPLINE_CURVE_WITH_KNOTS('',3,(#3904,#3905,#3906,#3907),
 .UNSPECIFIED.,.F.,.F.,(4,4),(0.,1.),.UNSPECIFIED.);
#98=B_SPLINE_CURVE_WITH_KNOTS('',3,(#3972,#3973,#3974,#3975),
 .UNSPECIFIED.,.F.,.F.,(4,4),(0.,1.),.UNSPECIFIED.);
#99=CYLINDRICAL_SURFACE('',#1707,0.00085);
#100=CYLINDRICAL_SURFACE('',#1709,0.00085);
#101=CYLINDRICAL_SURFACE('',#1713,0.00085);
#102=CYLINDRICAL_SURFACE('',#1717,0.00085);
#103=CYLINDRICAL_SURFACE('',#1728,0.00085);
#104=CYLINDRICAL_SURFACE('',#1730,0.00085);
#105=CYLINDRICAL_SURFACE('',#1733,0.00085);
#106=CYLINDRICAL_SURFACE('',#1735,0.00085);
#107=CYLINDRICAL_SURFACE('',#1740,0.0011);
#108=CYLINDRICAL_SURFACE('',#1744,0.0011);
#109=CYLINDRICAL_SURFACE('',#1746,0.0061);
#110=CYLINDRICAL_SURFACE('',#1760,0.0028);
#111=CYLINDRICAL_SURFACE('',#1763,0.0005);
#112=CYLINDRICAL_SURFACE('',#1766,0.0005);
#113=CYLINDRICAL_SURFACE('',#1769,0.0005);
#114=CYLINDRICAL_SURFACE('',#1772,0.0005);
#115=CYLINDRICAL_SURFACE('',#1779,0.0025);
#116=CYLINDRICAL_SURFACE('',#1780,0.0001);
#117=CYLINDRICAL_SURFACE('',#1782,0.0001);
#118=CYLINDRICAL_SURFACE('',#1784,0.0001);
#119=CYLINDRICAL_SURFACE('',#1795,0.0001);
#120=CYLINDRICAL_SURFACE('',#1796,0.0001);
#121=CYLINDRICAL_SURFACE('',#1799,0.0001);
#122=CYLINDRICAL_SURFACE('',#1800,0.0001);
#123=CYLINDRICAL_SURFACE('',#1804,0.0001);
#124=CYLINDRICAL_SURFACE('',#1810,0.0001);
#125=CYLINDRICAL_SURFACE('',#1816,0.0001);
#126=CYLINDRICAL_SURFACE('',#1821,0.0001);
#127=CYLINDRICAL_SURFACE('',#1827,0.0001);
#128=CYLINDRICAL_SURFACE('',#1829,0.0001);
#129=CYLINDRICAL_SURFACE('',#1832,0.0008);
#130=CYLINDRICAL_SURFACE('',#1836,0.00085);
#131=CYLINDRICAL_SURFACE('',#1838,0.00085);
#132=CYLINDRICAL_SURFACE('',#1841,0.00085);
#133=CYLINDRICAL_SURFACE('',#1843,0.00085);
#134=LINE('',#2293,#242);
#135=LINE('',#2297,#243);
#136=LINE('',#2301,#244);
#137=LINE('',#2303,#245);
#138=LINE('',#2307,#246);
#139=LINE('',#2309,#247);
#140=LINE('',#2313,#248);
#141=LINE('',#2315,#249);
#142=LINE('',#2320,#250);
#143=LINE('',#2324,#251);
#144=LINE('',#2328,#252);
#145=LINE('',#2332,#253);
#146=LINE('',#2335,#254);
#147=LINE('',#2340,#255);
#148=LINE('',#2344,#256);
#149=LINE('',#2348,#257);
#150=LINE('',#2355,#258);
#151=LINE('',#2359,#259);
#152=LINE('',#2361,#260);
#153=LINE('',#2363,#261);
#154=LINE('',#2365,#262);
#155=LINE('',#2367,#263);
#156=LINE('',#2370,#264);
#157=LINE('',#2372,#265);
#158=LINE('',#2374,#266);
#159=LINE('',#2376,#267);
#160=LINE('',#2380,#268);
#161=LINE('',#2382,#269);
#162=LINE('',#2386,#270);
#163=LINE('',#2390,#271);
#164=LINE('',#2394,#272);
#165=LINE('',#2398,#273);
#166=LINE('',#2399,#274);
#167=LINE('',#2407,#275);
#168=LINE('',#2409,#276);
#169=LINE('',#2410,#277);
#170=LINE('',#2412,#278);
#171=LINE('',#2414,#279);
#172=LINE('',#2416,#280);
#173=LINE('',#2418,#281);
#174=LINE('',#2420,#282);
#175=LINE('',#2422,#283);
#176=LINE('',#2424,#284);
#177=LINE('',#2433,#285);
#178=LINE('',#2437,#286);
#179=LINE('',#2439,#287);
#180=LINE('',#2441,#288);
#181=LINE('',#2445,#289);
#182=LINE('',#2449,#290);
#183=LINE('',#2451,#291);
#184=LINE('',#2463,#292);
#185=LINE('',#2465,#293);
#186=LINE('',#2467,#294);
#187=LINE('',#2468,#295);
#188=LINE('',#2470,#296);
#189=LINE('',#2472,#297);
#190=LINE('',#2474,#298);
#191=LINE('',#2475,#299);
#192=LINE('',#2478,#300);
#193=LINE('',#2483,#301);
#194=LINE('',#2486,#302);
#195=LINE('',#2489,#303);
#196=LINE('',#2493,#304);
#197=LINE('',#2497,#305);
#198=LINE('',#2500,#306);
#199=LINE('',#2508,#307);
#200=LINE('',#2510,#308);
#201=LINE('',#2511,#309);
#202=LINE('',#2513,#310);
#203=LINE('',#2524,#311);
#204=LINE('',#2526,#312);
#205=LINE('',#2528,#313);
#206=LINE('',#2534,#314);
#207=LINE('',#2539,#315);
#208=LINE('',#2543,#316);
#209=LINE('',#2544,#317);
#210=LINE('',#2548,#318);
#211=LINE('',#2550,#319);
#212=LINE('',#2553,#320);
#213=LINE('',#2558,#321);
#214=LINE('',#2598,#322);
#215=LINE('',#2603,#323);
#216=LINE('',#2613,#324);
#217=LINE('',#2616,#325);
#218=LINE('',#2618,#326);
#219=LINE('',#2620,#327);
#220=LINE('',#2622,#328);
#221=LINE('',#2625,#329);
#222=LINE('',#2627,#330);
#223=LINE('',#2629,#331);
#224=LINE('',#2634,#332);
#225=LINE('',#2638,#333);
#226=LINE('',#2640,#334);
#227=LINE('',#2642,#335);
#228=LINE('',#2646,#336);
#229=LINE('',#2648,#337);
#230=LINE('',#2650,#338);
#231=LINE('',#2654,#339);
#232=LINE('',#2656,#340);
#233=LINE('',#2658,#341);
#234=LINE('',#2662,#342);
#235=LINE('',#2664,#343);
#236=LINE('',#4012,#344);
#237=LINE('',#4014,#345);
#238=LINE('',#4016,#346);
#239=LINE('',#4020,#347);
#240=LINE('',#4024,#348);
#241=LINE('',#4026,#349);
#242=VECTOR('',#1852,1.);
#243=VECTOR('',#1855,1.);
#244=VECTOR('',#1858,1.);
#245=VECTOR('',#1859,1.);
#246=VECTOR('',#1862,1.);
#247=VECTOR('',#1863,1.);
#248=VECTOR('',#1866,1.);
#249=VECTOR('',#1869,1.);
#250=VECTOR('',#1872,1.);
#251=VECTOR('',#1875,1.);
#252=VECTOR('',#1878,1.);
#253=VECTOR('',#1881,1.);
#254=VECTOR('',#1884,1.);
#255=VECTOR('',#1887,1.);
#256=VECTOR('',#1890,1.);
#257=VECTOR('',#1893,1.);
#258=VECTOR('',#1900,1.);
#259=VECTOR('',#1903,1.);
#260=VECTOR('',#1906,1.);
#261=VECTOR('',#1907,1.);
#262=VECTOR('',#1908,1.);
#263=VECTOR('',#1911,1.);
#264=VECTOR('',#1912,1.);
#265=VECTOR('',#1913,1.);
#266=VECTOR('',#1914,1.);
#267=VECTOR('',#1917,1.);
#268=VECTOR('',#1920,1.);
#269=VECTOR('',#1921,1.);
#270=VECTOR('',#1924,1.);
#271=VECTOR('',#1927,1.);
#272=VECTOR('',#1930,1.);
#273=VECTOR('',#1935,1.);
#274=VECTOR('',#1936,1.);
#275=VECTOR('',#1939,1.);
#276=VECTOR('',#1940,1.);
#277=VECTOR('',#1941,1.);
#278=VECTOR('',#1942,1.);
#279=VECTOR('',#1943,1.);
#280=VECTOR('',#1944,1.);
#281=VECTOR('',#1945,1.);
#282=VECTOR('',#1946,1.);
#283=VECTOR('',#1947,1.);
#284=VECTOR('',#1948,1.);
#285=VECTOR('',#1953,1.);
#286=VECTOR('',#1958,1.);
#287=VECTOR('',#1959,1.);
#288=VECTOR('',#1960,1.);
#289=VECTOR('',#1965,1.);
#290=VECTOR('',#1970,1.);
#291=VECTOR('',#1971,1.);
#292=VECTOR('',#1972,1.);
#293=VECTOR('',#1973,1.);
#294=VECTOR('',#1974,1.);
#295=VECTOR('',#1975,1.);
#296=VECTOR('',#1976,1.);
#297=VECTOR('',#1977,1.);
#298=VECTOR('',#1978,1.);
#299=VECTOR('',#1979,1.);
#300=VECTOR('',#1984,1.);
#301=VECTOR('',#1989,1.);
#302=VECTOR('',#1992,1.);
#303=VECTOR('',#1995,1.);
#304=VECTOR('',#2000,1.);
#305=VECTOR('',#2003,1.);
#306=VECTOR('',#2006,1.);
#307=VECTOR('',#2009,1.);
#308=VECTOR('',#2010,1.);
#309=VECTOR('',#2011,1.);
#310=VECTOR('',#2012,1.);
#311=VECTOR('',#2021,1.);
#312=VECTOR('',#2024,1.);
#313=VECTOR('',#2025,1.);
#314=VECTOR('',#2036,1.);
#315=VECTOR('',#2039,1.);
#316=VECTOR('',#2044,1.);
#317=VECTOR('',#2045,1.);
#318=VECTOR('',#2052,1.);
#319=VECTOR('',#2055,1.);
#320=VECTOR('',#2060,1.);
#321=VECTOR('',#2063,1.);
#322=VECTOR('',#2074,1.);
#323=VECTOR('',#2077,1.);
#324=VECTOR('',#2088,1.);
#325=VECTOR('',#2089,1.);
#326=VECTOR('',#2090,1.);
#327=VECTOR('',#2091,1.);
#328=VECTOR('',#2094,1.);
#329=VECTOR('',#2095,1.);
#330=VECTOR('',#2096,1.);
#331=VECTOR('',#2097,1.);
#332=VECTOR('',#2106,1.);
#333=VECTOR('',#2109,1.);
#334=VECTOR('',#2112,1.);
#335=VECTOR('',#2113,1.);
#336=VECTOR('',#2118,1.);
#337=VECTOR('',#2121,1.);
#338=VECTOR('',#2122,1.);
#339=VECTOR('',#2127,1.);
#340=VECTOR('',#2130,1.);
#341=VECTOR('',#2131,1.);
#342=VECTOR('',#2136,1.);
#343=VECTOR('',#2139,1.);
#344=VECTOR('',#2262,1.);
#345=VECTOR('',#2263,1.);
#346=VECTOR('',#2264,1.);
#347=VECTOR('',#2271,1.);
#348=VECTOR('',#2276,1.);
#349=VECTOR('',#2277,1.);
#350=ORIENTED_EDGE('',*,*,#842,.F.);
#351=ORIENTED_EDGE('',*,*,#843,.T.);
#352=ORIENTED_EDGE('',*,*,#844,.F.);
#353=ORIENTED_EDGE('',*,*,#845,.F.);
#354=ORIENTED_EDGE('',*,*,#846,.F.);
#355=ORIENTED_EDGE('',*,*,#847,.F.);
#356=ORIENTED_EDGE('',*,*,#848,.F.);
#357=ORIENTED_EDGE('',*,*,#849,.F.);
#358=ORIENTED_EDGE('',*,*,#850,.F.);
#359=ORIENTED_EDGE('',*,*,#851,.F.);
#360=ORIENTED_EDGE('',*,*,#852,.F.);
#361=ORIENTED_EDGE('',*,*,#853,.F.);
#362=ORIENTED_EDGE('',*,*,#854,.T.);
#363=ORIENTED_EDGE('',*,*,#855,.T.);
#364=ORIENTED_EDGE('',*,*,#856,.T.);
#365=ORIENTED_EDGE('',*,*,#857,.T.);
#366=ORIENTED_EDGE('',*,*,#858,.T.);
#367=ORIENTED_EDGE('',*,*,#859,.T.);
#368=ORIENTED_EDGE('',*,*,#860,.T.);
#369=ORIENTED_EDGE('',*,*,#861,.T.);
#370=ORIENTED_EDGE('',*,*,#862,.T.);
#371=ORIENTED_EDGE('',*,*,#863,.T.);
#372=ORIENTED_EDGE('',*,*,#864,.F.);
#373=ORIENTED_EDGE('',*,*,#865,.F.);
#374=ORIENTED_EDGE('',*,*,#866,.F.);
#375=ORIENTED_EDGE('',*,*,#867,.F.);
#376=ORIENTED_EDGE('',*,*,#868,.F.);
#377=ORIENTED_EDGE('',*,*,#869,.F.);
#378=ORIENTED_EDGE('',*,*,#870,.F.);
#379=ORIENTED_EDGE('',*,*,#871,.F.);
#380=ORIENTED_EDGE('',*,*,#872,.T.);
#381=ORIENTED_EDGE('',*,*,#873,.T.);
#382=ORIENTED_EDGE('',*,*,#874,.T.);
#383=ORIENTED_EDGE('',*,*,#875,.T.);
#384=ORIENTED_EDGE('',*,*,#851,.T.);
#385=ORIENTED_EDGE('',*,*,#876,.T.);
#386=ORIENTED_EDGE('',*,*,#877,.F.);
#387=ORIENTED_EDGE('',*,*,#878,.T.);
#388=ORIENTED_EDGE('',*,*,#879,.F.);
#389=ORIENTED_EDGE('',*,*,#880,.F.);
#390=ORIENTED_EDGE('',*,*,#881,.T.);
#391=ORIENTED_EDGE('',*,*,#882,.F.);
#392=ORIENTED_EDGE('',*,*,#877,.T.);
#393=ORIENTED_EDGE('',*,*,#883,.F.);
#394=ORIENTED_EDGE('',*,*,#884,.F.);
#395=ORIENTED_EDGE('',*,*,#885,.F.);
#396=ORIENTED_EDGE('',*,*,#886,.T.);
#397=ORIENTED_EDGE('',*,*,#887,.T.);
#398=ORIENTED_EDGE('',*,*,#888,.T.);
#399=ORIENTED_EDGE('',*,*,#889,.F.);
#400=ORIENTED_EDGE('',*,*,#890,.F.);
#401=ORIENTED_EDGE('',*,*,#891,.F.);
#402=ORIENTED_EDGE('',*,*,#892,.T.);
#403=ORIENTED_EDGE('',*,*,#893,.T.);
#404=ORIENTED_EDGE('',*,*,#846,.T.);
#405=ORIENTED_EDGE('',*,*,#894,.F.);
#406=ORIENTED_EDGE('',*,*,#887,.F.);
#407=ORIENTED_EDGE('',*,*,#895,.T.);
#408=ORIENTED_EDGE('',*,*,#896,.F.);
#409=ORIENTED_EDGE('',*,*,#897,.T.);
#410=ORIENTED_EDGE('',*,*,#898,.T.);
#411=ORIENTED_EDGE('',*,*,#888,.F.);
#412=ORIENTED_EDGE('',*,*,#894,.T.);
#413=ORIENTED_EDGE('',*,*,#845,.T.);
#414=ORIENTED_EDGE('',*,*,#899,.F.);
#415=ORIENTED_EDGE('',*,*,#900,.T.);
#416=ORIENTED_EDGE('',*,*,#901,.T.);
#417=ORIENTED_EDGE('',*,*,#902,.T.);
#418=ORIENTED_EDGE('',*,*,#903,.F.);
#419=ORIENTED_EDGE('',*,*,#904,.F.);
#420=ORIENTED_EDGE('',*,*,#905,.F.);
#421=ORIENTED_EDGE('',*,*,#906,.T.);
#422=ORIENTED_EDGE('',*,*,#907,.F.);
#423=ORIENTED_EDGE('',*,*,#908,.T.);
#424=ORIENTED_EDGE('',*,*,#909,.F.);
#425=ORIENTED_EDGE('',*,*,#910,.F.);
#426=ORIENTED_EDGE('',*,*,#903,.T.);
#427=ORIENTED_EDGE('',*,*,#911,.T.);
#428=ORIENTED_EDGE('',*,*,#912,.T.);
#429=ORIENTED_EDGE('',*,*,#913,.F.);
#430=ORIENTED_EDGE('',*,*,#909,.T.);
#431=ORIENTED_EDGE('',*,*,#914,.T.);
#432=ORIENTED_EDGE('',*,*,#915,.F.);
#433=ORIENTED_EDGE('',*,*,#916,.F.);
#434=ORIENTED_EDGE('',*,*,#882,.T.);
#435=ORIENTED_EDGE('',*,*,#917,.F.);
#436=ORIENTED_EDGE('',*,*,#918,.T.);
#437=ORIENTED_EDGE('',*,*,#919,.F.);
#438=ORIENTED_EDGE('',*,*,#920,.F.);
#439=ORIENTED_EDGE('',*,*,#921,.T.);
#440=ORIENTED_EDGE('',*,*,#922,.T.);
#441=ORIENTED_EDGE('',*,*,#923,.F.);
#442=ORIENTED_EDGE('',*,*,#915,.T.);
#443=ORIENTED_EDGE('',*,*,#924,.T.);
#444=ORIENTED_EDGE('',*,*,#925,.F.);
#445=ORIENTED_EDGE('',*,*,#926,.T.);
#446=ORIENTED_EDGE('',*,*,#927,.T.);
#447=ORIENTED_EDGE('',*,*,#853,.T.);
#448=ORIENTED_EDGE('',*,*,#928,.F.);
#449=ORIENTED_EDGE('',*,*,#892,.F.);
#450=ORIENTED_EDGE('',*,*,#852,.T.);
#451=ORIENTED_EDGE('',*,*,#878,.F.);
#452=ORIENTED_EDGE('',*,*,#893,.F.);
#453=ORIENTED_EDGE('',*,*,#928,.T.);
#454=ORIENTED_EDGE('',*,*,#886,.F.);
#455=ORIENTED_EDGE('',*,*,#929,.F.);
#456=ORIENTED_EDGE('',*,*,#847,.T.);
#457=ORIENTED_EDGE('',*,*,#895,.F.);
#458=ORIENTED_EDGE('',*,*,#930,.F.);
#459=ORIENTED_EDGE('',*,*,#931,.F.);
#460=ORIENTED_EDGE('',*,*,#879,.T.);
#461=ORIENTED_EDGE('',*,*,#916,.T.);
#462=ORIENTED_EDGE('',*,*,#923,.T.);
#463=ORIENTED_EDGE('',*,*,#932,.F.);
#464=ORIENTED_EDGE('',*,*,#933,.F.);
#465=ORIENTED_EDGE('',*,*,#934,.F.);
#466=ORIENTED_EDGE('',*,*,#904,.T.);
#467=ORIENTED_EDGE('',*,*,#910,.T.);
#468=ORIENTED_EDGE('',*,*,#913,.T.);
#469=ORIENTED_EDGE('',*,*,#935,.F.);
#470=ORIENTED_EDGE('',*,*,#936,.F.);
#471=ORIENTED_EDGE('',*,*,#924,.F.);
#472=ORIENTED_EDGE('',*,*,#914,.F.);
#473=ORIENTED_EDGE('',*,*,#881,.F.);
#474=ORIENTED_EDGE('',*,*,#937,.F.);
#475=ORIENTED_EDGE('',*,*,#938,.F.);
#476=ORIENTED_EDGE('',*,*,#939,.F.);
#477=ORIENTED_EDGE('',*,*,#911,.F.);
#478=ORIENTED_EDGE('',*,*,#908,.F.);
#479=ORIENTED_EDGE('',*,*,#902,.F.);
#480=ORIENTED_EDGE('',*,*,#940,.F.);
#481=ORIENTED_EDGE('',*,*,#941,.F.);
#482=ORIENTED_EDGE('',*,*,#942,.F.);
#483=ORIENTED_EDGE('',*,*,#943,.T.);
#484=ORIENTED_EDGE('',*,*,#944,.T.);
#485=ORIENTED_EDGE('',*,*,#890,.T.);
#486=ORIENTED_EDGE('',*,*,#945,.F.);
#487=ORIENTED_EDGE('',*,*,#946,.T.);
#488=ORIENTED_EDGE('',*,*,#947,.F.);
#489=ORIENTED_EDGE('',*,*,#944,.F.);
#490=ORIENTED_EDGE('',*,*,#948,.T.);
#491=ORIENTED_EDGE('',*,*,#917,.T.);
#492=ORIENTED_EDGE('',*,*,#891,.T.);
#493=ORIENTED_EDGE('',*,*,#922,.F.);
#494=ORIENTED_EDGE('',*,*,#949,.T.);
#495=ORIENTED_EDGE('',*,*,#950,.T.);
#496=ORIENTED_EDGE('',*,*,#932,.T.);
#497=ORIENTED_EDGE('',*,*,#950,.F.);
#498=ORIENTED_EDGE('',*,*,#951,.T.);
#499=ORIENTED_EDGE('',*,*,#952,.T.);
#500=ORIENTED_EDGE('',*,*,#933,.T.);
#501=ORIENTED_EDGE('',*,*,#952,.F.);
#502=ORIENTED_EDGE('',*,*,#953,.T.);
#503=ORIENTED_EDGE('',*,*,#905,.T.);
#504=ORIENTED_EDGE('',*,*,#934,.T.);
#505=ORIENTED_EDGE('',*,*,#898,.F.);
#506=ORIENTED_EDGE('',*,*,#954,.T.);
#507=ORIENTED_EDGE('',*,*,#945,.T.);
#508=ORIENTED_EDGE('',*,*,#889,.T.);
#509=ORIENTED_EDGE('',*,*,#955,.T.);
#510=ORIENTED_EDGE('',*,*,#956,.T.);
#511=ORIENTED_EDGE('',*,*,#957,.T.);
#512=ORIENTED_EDGE('',*,*,#958,.T.);
#513=ORIENTED_EDGE('',*,*,#938,.T.);
#514=ORIENTED_EDGE('',*,*,#959,.T.);
#515=ORIENTED_EDGE('',*,*,#930,.T.);
#516=ORIENTED_EDGE('',*,*,#960,.F.);
#517=ORIENTED_EDGE('',*,*,#937,.T.);
#518=ORIENTED_EDGE('',*,*,#880,.T.);
#519=ORIENTED_EDGE('',*,*,#931,.T.);
#520=ORIENTED_EDGE('',*,*,#959,.F.);
#521=ORIENTED_EDGE('',*,*,#939,.T.);
#522=ORIENTED_EDGE('',*,*,#960,.T.);
#523=ORIENTED_EDGE('',*,*,#935,.T.);
#524=ORIENTED_EDGE('',*,*,#912,.F.);
#525=ORIENTED_EDGE('',*,*,#850,.T.);
#526=ORIENTED_EDGE('',*,*,#961,.T.);
#527=ORIENTED_EDGE('',*,*,#883,.T.);
#528=ORIENTED_EDGE('',*,*,#876,.F.);
#529=ORIENTED_EDGE('',*,*,#849,.T.);
#530=ORIENTED_EDGE('',*,*,#962,.T.);
#531=ORIENTED_EDGE('',*,*,#884,.T.);
#532=ORIENTED_EDGE('',*,*,#961,.F.);
#533=ORIENTED_EDGE('',*,*,#848,.T.);
#534=ORIENTED_EDGE('',*,*,#929,.T.);
#535=ORIENTED_EDGE('',*,*,#885,.T.);
#536=ORIENTED_EDGE('',*,*,#962,.F.);
#537=ORIENTED_EDGE('',*,*,#963,.T.);
#538=ORIENTED_EDGE('',*,*,#964,.T.);
#539=ORIENTED_EDGE('',*,*,#965,.T.);
#540=ORIENTED_EDGE('',*,*,#966,.T.);
#541=ORIENTED_EDGE('',*,*,#967,.F.);
#542=ORIENTED_EDGE('',*,*,#968,.F.);
#543=ORIENTED_EDGE('',*,*,#969,.T.);
#544=ORIENTED_EDGE('',*,*,#970,.F.);
#545=ORIENTED_EDGE('',*,*,#971,.F.);
#546=ORIENTED_EDGE('',*,*,#972,.T.);
#547=ORIENTED_EDGE('',*,*,#973,.F.);
#548=ORIENTED_EDGE('',*,*,#974,.F.);
#549=ORIENTED_EDGE('',*,*,#975,.T.);
#550=ORIENTED_EDGE('',*,*,#976,.T.);
#551=ORIENTED_EDGE('',*,*,#977,.T.);
#552=ORIENTED_EDGE('',*,*,#978,.T.);
#553=ORIENTED_EDGE('',*,*,#979,.F.);
#554=ORIENTED_EDGE('',*,*,#980,.T.);
#555=ORIENTED_EDGE('',*,*,#981,.F.);
#556=ORIENTED_EDGE('',*,*,#982,.F.);
#557=ORIENTED_EDGE('',*,*,#983,.T.);
#558=ORIENTED_EDGE('',*,*,#984,.T.);
#559=ORIENTED_EDGE('',*,*,#985,.T.);
#560=ORIENTED_EDGE('',*,*,#986,.T.);
#561=ORIENTED_EDGE('',*,*,#987,.T.);
#562=ORIENTED_EDGE('',*,*,#988,.T.);
#563=ORIENTED_EDGE('',*,*,#989,.F.);
#564=ORIENTED_EDGE('',*,*,#990,.T.);
#565=ORIENTED_EDGE('',*,*,#989,.T.);
#566=ORIENTED_EDGE('',*,*,#991,.T.);
#567=ORIENTED_EDGE('',*,*,#983,.F.);
#568=ORIENTED_EDGE('',*,*,#992,.T.);
#569=ORIENTED_EDGE('',*,*,#865,.T.);
#570=ORIENTED_EDGE('',*,*,#993,.F.);
#571=ORIENTED_EDGE('',*,*,#994,.F.);
#572=ORIENTED_EDGE('',*,*,#995,.T.);
#573=ORIENTED_EDGE('',*,*,#866,.T.);
#574=ORIENTED_EDGE('',*,*,#995,.F.);
#575=ORIENTED_EDGE('',*,*,#996,.F.);
#576=ORIENTED_EDGE('',*,*,#997,.T.);
#577=ORIENTED_EDGE('',*,*,#867,.T.);
#578=ORIENTED_EDGE('',*,*,#997,.F.);
#579=ORIENTED_EDGE('',*,*,#998,.F.);
#580=ORIENTED_EDGE('',*,*,#999,.T.);
#581=ORIENTED_EDGE('',*,*,#868,.T.);
#582=ORIENTED_EDGE('',*,*,#999,.F.);
#583=ORIENTED_EDGE('',*,*,#1000,.F.);
#584=ORIENTED_EDGE('',*,*,#1001,.T.);
#585=ORIENTED_EDGE('',*,*,#869,.T.);
#586=ORIENTED_EDGE('',*,*,#1001,.F.);
#587=ORIENTED_EDGE('',*,*,#1002,.F.);
#588=ORIENTED_EDGE('',*,*,#1003,.T.);
#589=ORIENTED_EDGE('',*,*,#870,.T.);
#590=ORIENTED_EDGE('',*,*,#1003,.F.);
#591=ORIENTED_EDGE('',*,*,#1004,.F.);
#592=ORIENTED_EDGE('',*,*,#1005,.T.);
#593=ORIENTED_EDGE('',*,*,#871,.T.);
#594=ORIENTED_EDGE('',*,*,#1005,.F.);
#595=ORIENTED_EDGE('',*,*,#1006,.F.);
#596=ORIENTED_EDGE('',*,*,#1007,.T.);
#597=ORIENTED_EDGE('',*,*,#864,.T.);
#598=ORIENTED_EDGE('',*,*,#1007,.F.);
#599=ORIENTED_EDGE('',*,*,#1008,.F.);
#600=ORIENTED_EDGE('',*,*,#993,.T.);
#601=ORIENTED_EDGE('',*,*,#994,.T.);
#602=ORIENTED_EDGE('',*,*,#1008,.T.);
#603=ORIENTED_EDGE('',*,*,#1006,.T.);
#604=ORIENTED_EDGE('',*,*,#1004,.T.);
#605=ORIENTED_EDGE('',*,*,#1002,.T.);
#606=ORIENTED_EDGE('',*,*,#1000,.T.);
#607=ORIENTED_EDGE('',*,*,#998,.T.);
#608=ORIENTED_EDGE('',*,*,#996,.T.);
#609=ORIENTED_EDGE('',*,*,#1009,.T.);
#610=ORIENTED_EDGE('',*,*,#1010,.T.);
#611=ORIENTED_EDGE('',*,*,#982,.T.);
#612=ORIENTED_EDGE('',*,*,#1010,.F.);
#613=ORIENTED_EDGE('',*,*,#1011,.F.);
#614=ORIENTED_EDGE('',*,*,#1012,.T.);
#615=ORIENTED_EDGE('',*,*,#920,.T.);
#616=ORIENTED_EDGE('',*,*,#1013,.T.);
#617=ORIENTED_EDGE('',*,*,#1013,.F.);
#618=ORIENTED_EDGE('',*,*,#919,.T.);
#619=ORIENTED_EDGE('',*,*,#1014,.T.);
#620=ORIENTED_EDGE('',*,*,#1015,.T.);
#621=ORIENTED_EDGE('',*,*,#1015,.F.);
#622=ORIENTED_EDGE('',*,*,#1016,.T.);
#623=ORIENTED_EDGE('',*,*,#1017,.T.);
#624=ORIENTED_EDGE('',*,*,#1018,.T.);
#625=ORIENTED_EDGE('',*,*,#1018,.F.);
#626=ORIENTED_EDGE('',*,*,#1019,.T.);
#627=ORIENTED_EDGE('',*,*,#968,.T.);
#628=ORIENTED_EDGE('',*,*,#1020,.T.);
#629=ORIENTED_EDGE('',*,*,#1020,.F.);
#630=ORIENTED_EDGE('',*,*,#967,.T.);
#631=ORIENTED_EDGE('',*,*,#1021,.F.);
#632=ORIENTED_EDGE('',*,*,#1022,.T.);
#633=ORIENTED_EDGE('',*,*,#1023,.F.);
#634=ORIENTED_EDGE('',*,*,#973,.T.);
#635=ORIENTED_EDGE('',*,*,#1024,.T.);
#636=ORIENTED_EDGE('',*,*,#1025,.T.);
#637=ORIENTED_EDGE('',*,*,#1025,.F.);
#638=ORIENTED_EDGE('',*,*,#1026,.T.);
#639=ORIENTED_EDGE('',*,*,#1027,.T.);
#640=ORIENTED_EDGE('',*,*,#1028,.T.);
#641=ORIENTED_EDGE('',*,*,#1028,.F.);
#642=ORIENTED_EDGE('',*,*,#1029,.T.);
#643=ORIENTED_EDGE('',*,*,#896,.T.);
#644=ORIENTED_EDGE('',*,*,#1030,.T.);
#645=ORIENTED_EDGE('',*,*,#1030,.F.);
#646=ORIENTED_EDGE('',*,*,#907,.T.);
#647=ORIENTED_EDGE('',*,*,#1031,.T.);
#648=ORIENTED_EDGE('',*,*,#1032,.T.);
#649=ORIENTED_EDGE('',*,*,#1032,.F.);
#650=ORIENTED_EDGE('',*,*,#1033,.T.);
#651=ORIENTED_EDGE('',*,*,#1034,.F.);
#652=ORIENTED_EDGE('',*,*,#1035,.T.);
#653=ORIENTED_EDGE('',*,*,#1036,.F.);
#654=ORIENTED_EDGE('',*,*,#1037,.T.);
#655=ORIENTED_EDGE('',*,*,#942,.T.);
#656=ORIENTED_EDGE('',*,*,#1038,.T.);
#657=ORIENTED_EDGE('',*,*,#1038,.F.);
#658=ORIENTED_EDGE('',*,*,#947,.T.);
#659=ORIENTED_EDGE('',*,*,#1039,.T.);
#660=ORIENTED_EDGE('',*,*,#1040,.T.);
#661=ORIENTED_EDGE('',*,*,#1040,.F.);
#662=ORIENTED_EDGE('',*,*,#1041,.T.);
#663=ORIENTED_EDGE('',*,*,#1042,.F.);
#664=ORIENTED_EDGE('',*,*,#1043,.T.);
#665=ORIENTED_EDGE('',*,*,#1043,.F.);
#666=ORIENTED_EDGE('',*,*,#1044,.F.);
#667=ORIENTED_EDGE('',*,*,#971,.T.);
#668=ORIENTED_EDGE('',*,*,#1045,.T.);
#669=ORIENTED_EDGE('',*,*,#1045,.F.);
#670=ORIENTED_EDGE('',*,*,#970,.T.);
#671=ORIENTED_EDGE('',*,*,#1046,.F.);
#672=ORIENTED_EDGE('',*,*,#1047,.T.);
#673=ORIENTED_EDGE('',*,*,#1039,.F.);
#674=ORIENTED_EDGE('',*,*,#946,.F.);
#675=ORIENTED_EDGE('',*,*,#1048,.F.);
#676=ORIENTED_EDGE('',*,*,#957,.F.);
#677=ORIENTED_EDGE('',*,*,#1041,.F.);
#678=ORIENTED_EDGE('',*,*,#1049,.F.);
#679=ORIENTED_EDGE('',*,*,#943,.F.);
#680=ORIENTED_EDGE('',*,*,#1037,.F.);
#681=ORIENTED_EDGE('',*,*,#1050,.F.);
#682=ORIENTED_EDGE('',*,*,#875,.F.);
#683=ORIENTED_EDGE('',*,*,#1051,.F.);
#684=ORIENTED_EDGE('',*,*,#860,.F.);
#685=ORIENTED_EDGE('',*,*,#1052,.F.);
#686=ORIENTED_EDGE('',*,*,#951,.F.);
#687=ORIENTED_EDGE('',*,*,#1052,.T.);
#688=ORIENTED_EDGE('',*,*,#859,.F.);
#689=ORIENTED_EDGE('',*,*,#1053,.F.);
#690=ORIENTED_EDGE('',*,*,#953,.F.);
#691=ORIENTED_EDGE('',*,*,#1048,.T.);
#692=ORIENTED_EDGE('',*,*,#954,.F.);
#693=ORIENTED_EDGE('',*,*,#1054,.F.);
#694=ORIENTED_EDGE('',*,*,#958,.F.);
#695=ORIENTED_EDGE('',*,*,#1050,.T.);
#696=ORIENTED_EDGE('',*,*,#1036,.T.);
#697=ORIENTED_EDGE('',*,*,#1047,.F.);
#698=ORIENTED_EDGE('',*,*,#1055,.F.);
#699=ORIENTED_EDGE('',*,*,#1049,.T.);
#700=ORIENTED_EDGE('',*,*,#874,.F.);
#701=ORIENTED_EDGE('',*,*,#1056,.F.);
#702=ORIENTED_EDGE('',*,*,#948,.F.);
#703=ORIENTED_EDGE('',*,*,#1051,.T.);
#704=ORIENTED_EDGE('',*,*,#949,.F.);
#705=ORIENTED_EDGE('',*,*,#1057,.F.);
#706=ORIENTED_EDGE('',*,*,#861,.F.);
#707=ORIENTED_EDGE('',*,*,#1053,.T.);
#708=ORIENTED_EDGE('',*,*,#858,.F.);
#709=ORIENTED_EDGE('',*,*,#1033,.F.);
#710=ORIENTED_EDGE('',*,*,#1031,.F.);
#711=ORIENTED_EDGE('',*,*,#906,.F.);
#712=ORIENTED_EDGE('',*,*,#1054,.T.);
#713=ORIENTED_EDGE('',*,*,#897,.F.);
#714=ORIENTED_EDGE('',*,*,#1029,.F.);
#715=ORIENTED_EDGE('',*,*,#1027,.F.);
#716=ORIENTED_EDGE('',*,*,#955,.F.);
#717=ORIENTED_EDGE('',*,*,#1042,.T.);
#718=ORIENTED_EDGE('',*,*,#956,.F.);
#719=ORIENTED_EDGE('',*,*,#1026,.F.);
#720=ORIENTED_EDGE('',*,*,#1024,.F.);
#721=ORIENTED_EDGE('',*,*,#972,.F.);
#722=ORIENTED_EDGE('',*,*,#1044,.T.);
#723=ORIENTED_EDGE('',*,*,#1046,.T.);
#724=ORIENTED_EDGE('',*,*,#969,.F.);
#725=ORIENTED_EDGE('',*,*,#1019,.F.);
#726=ORIENTED_EDGE('',*,*,#1017,.F.);
#727=ORIENTED_EDGE('',*,*,#872,.F.);
#728=ORIENTED_EDGE('',*,*,#1055,.T.);
#729=ORIENTED_EDGE('',*,*,#1056,.T.);
#730=ORIENTED_EDGE('',*,*,#873,.F.);
#731=ORIENTED_EDGE('',*,*,#1016,.F.);
#732=ORIENTED_EDGE('',*,*,#1014,.F.);
#733=ORIENTED_EDGE('',*,*,#918,.F.);
#734=ORIENTED_EDGE('',*,*,#1057,.T.);
#735=ORIENTED_EDGE('',*,*,#921,.F.);
#736=ORIENTED_EDGE('',*,*,#1012,.F.);
#737=ORIENTED_EDGE('',*,*,#1058,.F.);
#738=ORIENTED_EDGE('',*,*,#862,.F.);
#739=ORIENTED_EDGE('',*,*,#974,.T.);
#740=ORIENTED_EDGE('',*,*,#1023,.T.);
#741=ORIENTED_EDGE('',*,*,#1035,.F.);
#742=ORIENTED_EDGE('',*,*,#1059,.F.);
#743=ORIENTED_EDGE('',*,*,#1058,.T.);
#744=ORIENTED_EDGE('',*,*,#1011,.T.);
#745=ORIENTED_EDGE('',*,*,#1022,.F.);
#746=ORIENTED_EDGE('',*,*,#1060,.F.);
#747=ORIENTED_EDGE('',*,*,#1061,.F.);
#748=ORIENTED_EDGE('',*,*,#992,.F.);
#749=ORIENTED_EDGE('',*,*,#1062,.F.);
#750=ORIENTED_EDGE('',*,*,#855,.F.);
#751=ORIENTED_EDGE('',*,*,#1062,.T.);
#752=ORIENTED_EDGE('',*,*,#986,.F.);
#753=ORIENTED_EDGE('',*,*,#1063,.F.);
#754=ORIENTED_EDGE('',*,*,#856,.F.);
#755=ORIENTED_EDGE('',*,*,#1034,.T.);
#756=ORIENTED_EDGE('',*,*,#857,.F.);
#757=ORIENTED_EDGE('',*,*,#1064,.F.);
#758=ORIENTED_EDGE('',*,*,#975,.F.);
#759=ORIENTED_EDGE('',*,*,#1059,.T.);
#760=ORIENTED_EDGE('',*,*,#1021,.T.);
#761=ORIENTED_EDGE('',*,*,#966,.F.);
#762=ORIENTED_EDGE('',*,*,#1065,.F.);
#763=ORIENTED_EDGE('',*,*,#863,.F.);
#764=ORIENTED_EDGE('',*,*,#1060,.T.);
#765=ORIENTED_EDGE('',*,*,#1061,.T.);
#766=ORIENTED_EDGE('',*,*,#854,.F.);
#767=ORIENTED_EDGE('',*,*,#1066,.F.);
#768=ORIENTED_EDGE('',*,*,#990,.F.);
#769=ORIENTED_EDGE('',*,*,#1064,.T.);
#770=ORIENTED_EDGE('',*,*,#1063,.T.);
#771=ORIENTED_EDGE('',*,*,#1067,.F.);
#772=ORIENTED_EDGE('',*,*,#1066,.T.);
#773=ORIENTED_EDGE('',*,*,#1065,.T.);
#774=ORIENTED_EDGE('',*,*,#1068,.F.);
#775=ORIENTED_EDGE('',*,*,#1067,.T.);
#776=ORIENTED_EDGE('',*,*,#985,.F.);
#777=ORIENTED_EDGE('',*,*,#1069,.F.);
#778=ORIENTED_EDGE('',*,*,#963,.F.);
#779=ORIENTED_EDGE('',*,*,#1070,.F.);
#780=ORIENTED_EDGE('',*,*,#964,.F.);
#781=ORIENTED_EDGE('',*,*,#1071,.F.);
#782=ORIENTED_EDGE('',*,*,#980,.F.);
#783=ORIENTED_EDGE('',*,*,#1068,.T.);
#784=ORIENTED_EDGE('',*,*,#965,.F.);
#785=ORIENTED_EDGE('',*,*,#1072,.F.);
#786=ORIENTED_EDGE('',*,*,#987,.F.);
#787=ORIENTED_EDGE('',*,*,#1071,.T.);
#788=ORIENTED_EDGE('',*,*,#1069,.T.);
#789=ORIENTED_EDGE('',*,*,#1073,.F.);
#790=ORIENTED_EDGE('',*,*,#981,.T.);
#791=ORIENTED_EDGE('',*,*,#1070,.T.);
#792=ORIENTED_EDGE('',*,*,#979,.T.);
#793=ORIENTED_EDGE('',*,*,#1074,.F.);
#794=ORIENTED_EDGE('',*,*,#1072,.T.);
#795=ORIENTED_EDGE('',*,*,#1073,.T.);
#796=ORIENTED_EDGE('',*,*,#984,.F.);
#797=ORIENTED_EDGE('',*,*,#1075,.F.);
#798=ORIENTED_EDGE('',*,*,#976,.F.);
#799=ORIENTED_EDGE('',*,*,#1074,.T.);
#800=ORIENTED_EDGE('',*,*,#978,.F.);
#801=ORIENTED_EDGE('',*,*,#1076,.F.);
#802=ORIENTED_EDGE('',*,*,#988,.F.);
#803=ORIENTED_EDGE('',*,*,#1075,.T.);
#804=ORIENTED_EDGE('',*,*,#991,.F.);
#805=ORIENTED_EDGE('',*,*,#1076,.T.);
#806=ORIENTED_EDGE('',*,*,#977,.F.);
#807=ORIENTED_EDGE('',*,*,#1077,.F.);
#808=ORIENTED_EDGE('',*,*,#1009,.F.);
#809=ORIENTED_EDGE('',*,*,#1077,.T.);
#810=ORIENTED_EDGE('',*,*,#941,.T.);
#811=ORIENTED_EDGE('',*,*,#1078,.F.);
#812=ORIENTED_EDGE('',*,*,#1079,.F.);
#813=ORIENTED_EDGE('',*,*,#1080,.T.);
#814=ORIENTED_EDGE('',*,*,#940,.T.);
#815=ORIENTED_EDGE('',*,*,#901,.F.);
#816=ORIENTED_EDGE('',*,*,#1081,.F.);
#817=ORIENTED_EDGE('',*,*,#1078,.T.);
#818=ORIENTED_EDGE('',*,*,#844,.T.);
#819=ORIENTED_EDGE('',*,*,#1082,.F.);
#820=ORIENTED_EDGE('',*,*,#1083,.F.);
#821=ORIENTED_EDGE('',*,*,#899,.T.);
#822=ORIENTED_EDGE('',*,*,#843,.F.);
#823=ORIENTED_EDGE('',*,*,#1084,.F.);
#824=ORIENTED_EDGE('',*,*,#1085,.T.);
#825=ORIENTED_EDGE('',*,*,#1082,.T.);
#826=ORIENTED_EDGE('',*,*,#842,.T.);
#827=ORIENTED_EDGE('',*,*,#927,.F.);
#828=ORIENTED_EDGE('',*,*,#1086,.F.);
#829=ORIENTED_EDGE('',*,*,#1084,.T.);
#830=ORIENTED_EDGE('',*,*,#936,.T.);
#831=ORIENTED_EDGE('',*,*,#1080,.F.);
#832=ORIENTED_EDGE('',*,*,#1087,.F.);
#833=ORIENTED_EDGE('',*,*,#925,.T.);
#834=ORIENTED_EDGE('',*,*,#1079,.T.);
#835=ORIENTED_EDGE('',*,*,#1081,.T.);
#836=ORIENTED_EDGE('',*,*,#900,.F.);
#837=ORIENTED_EDGE('',*,*,#1083,.T.);
#838=ORIENTED_EDGE('',*,*,#1085,.F.);
#839=ORIENTED_EDGE('',*,*,#1086,.T.);
#840=ORIENTED_EDGE('',*,*,#926,.F.);
#841=ORIENTED_EDGE('',*,*,#1087,.T.);
#842=EDGE_CURVE('',#1088,#1089,#1241,.T.);
#843=EDGE_CURVE('',#1088,#1090,#134,.T.);
#844=EDGE_CURVE('',#1091,#1090,#1242,.T.);
#845=EDGE_CURVE('',#1092,#1091,#135,.T.);
#846=EDGE_CURVE('',#1093,#1092,#1243,.T.);
#847=EDGE_CURVE('',#1094,#1093,#136,.T.);
#848=EDGE_CURVE('',#1095,#1094,#137,.T.);
#849=EDGE_CURVE('',#1096,#1095,#1244,.T.);
#850=EDGE_CURVE('',#1097,#1096,#138,.T.);
#851=EDGE_CURVE('',#1098,#1097,#139,.T.);
#852=EDGE_CURVE('',#1099,#1098,#1245,.T.);
#853=EDGE_CURVE('',#1089,#1099,#140,.T.);
#854=EDGE_CURVE('',#1100,#1101,#141,.F.);
#855=EDGE_CURVE('',#1101,#1102,#1246,.T.);
#856=EDGE_CURVE('',#1102,#1103,#142,.F.);
#857=EDGE_CURVE('',#1103,#1104,#1247,.T.);
#858=EDGE_CURVE('',#1104,#1105,#143,.F.);
#859=EDGE_CURVE('',#1105,#1106,#1248,.F.);
#860=EDGE_CURVE('',#1106,#1107,#144,.F.);
#861=EDGE_CURVE('',#1107,#1108,#1249,.F.);
#862=EDGE_CURVE('',#1108,#1109,#145,.F.);
#863=EDGE_CURVE('',#1109,#1100,#1250,.T.);
#864=EDGE_CURVE('',#1110,#1111,#146,.T.);
#865=EDGE_CURVE('',#1112,#1110,#1251,.T.);
#866=EDGE_CURVE('',#1113,#1112,#147,.T.);
#867=EDGE_CURVE('',#1114,#1113,#1252,.T.);
#868=EDGE_CURVE('',#1115,#1114,#148,.T.);
#869=EDGE_CURVE('',#1116,#1115,#1253,.T.);
#870=EDGE_CURVE('',#1117,#1116,#149,.T.);
#871=EDGE_CURVE('',#1111,#1117,#1254,.T.);
#872=EDGE_CURVE('',#1118,#1119,#1255,.T.);
#873=EDGE_CURVE('',#1119,#1120,#150,.F.);
#874=EDGE_CURVE('',#1120,#1121,#1256,.F.);
#875=EDGE_CURVE('',#1121,#1118,#151,.F.);
#876=EDGE_CURVE('',#1097,#1122,#152,.T.);
#877=EDGE_CURVE('',#1123,#1122,#153,.T.);
#878=EDGE_CURVE('',#1123,#1098,#154,.T.);
#879=EDGE_CURVE('',#1124,#1125,#155,.T.);
#880=EDGE_CURVE('',#1126,#1124,#156,.T.);
#881=EDGE_CURVE('',#1126,#1127,#157,.T.);
#882=EDGE_CURVE('',#1125,#1127,#158,.T.);
#883=EDGE_CURVE('',#1128,#1122,#159,.T.);
#884=EDGE_CURVE('',#1129,#1128,#1257,.T.);
#885=EDGE_CURVE('',#1130,#1129,#160,.T.);
#886=EDGE_CURVE('',#1130,#1131,#161,.T.);
#887=EDGE_CURVE('',#1131,#1132,#1258,.T.);
#888=EDGE_CURVE('',#1132,#1133,#162,.T.);
#889=EDGE_CURVE('',#1134,#1133,#1259,.T.);
#890=EDGE_CURVE('',#1135,#1134,#163,.T.);
#891=EDGE_CURVE('',#1136,#1135,#1260,.T.);
#892=EDGE_CURVE('',#1136,#1137,#164,.T.);
#893=EDGE_CURVE('',#1137,#1123,#1261,.T.);
#894=EDGE_CURVE('',#1132,#1092,#165,.T.);
#895=EDGE_CURVE('',#1131,#1093,#166,.T.);
#896=EDGE_CURVE('',#1138,#1139,#45,.T.);
#897=EDGE_CURVE('',#1138,#1140,#167,.T.);
#898=EDGE_CURVE('',#1140,#1133,#168,.T.);
#899=EDGE_CURVE('',#1141,#1091,#169,.T.);
#900=EDGE_CURVE('',#1141,#1142,#170,.T.);
#901=EDGE_CURVE('',#1142,#1143,#171,.T.);
#902=EDGE_CURVE('',#1143,#1144,#172,.T.);
#903=EDGE_CURVE('',#1145,#1144,#173,.T.);
#904=EDGE_CURVE('',#1146,#1145,#174,.T.);
#905=EDGE_CURVE('',#1147,#1146,#175,.T.);
#906=EDGE_CURVE('',#1147,#1148,#176,.T.);
#907=EDGE_CURVE('',#1139,#1148,#46,.T.);
#908=EDGE_CURVE('',#1144,#1149,#1262,.T.);
#909=EDGE_CURVE('',#1150,#1149,#177,.T.);
#910=EDGE_CURVE('',#1145,#1150,#1263,.T.);
#911=EDGE_CURVE('',#1149,#1151,#178,.T.);
#912=EDGE_CURVE('',#1151,#1152,#179,.T.);
#913=EDGE_CURVE('',#1150,#1152,#180,.T.);
#914=EDGE_CURVE('',#1127,#1153,#1264,.T.);
#915=EDGE_CURVE('',#1154,#1153,#181,.T.);
#916=EDGE_CURVE('',#1125,#1154,#1265,.T.);
#917=EDGE_CURVE('',#1155,#1136,#182,.T.);
#918=EDGE_CURVE('',#1155,#1156,#183,.T.);
#919=EDGE_CURVE('',#1157,#1156,#47,.T.);
#920=EDGE_CURVE('',#1158,#1157,#48,.T.);
#921=EDGE_CURVE('',#1158,#1159,#184,.T.);
#922=EDGE_CURVE('',#1159,#1160,#185,.T.);
#923=EDGE_CURVE('',#1154,#1160,#186,.T.);
#924=EDGE_CURVE('',#1153,#1161,#187,.T.);
#925=EDGE_CURVE('',#1162,#1161,#188,.T.);
#926=EDGE_CURVE('',#1162,#1163,#189,.T.);
#927=EDGE_CURVE('',#1163,#1089,#190,.T.);
#928=EDGE_CURVE('',#1137,#1099,#191,.T.);
#929=EDGE_CURVE('',#1094,#1130,#192,.T.);
#930=EDGE_CURVE('',#1164,#1165,#1266,.T.);
#931=EDGE_CURVE('',#1124,#1164,#193,.T.);
#932=EDGE_CURVE('',#1166,#1160,#1267,.T.);
#933=EDGE_CURVE('',#1167,#1166,#194,.T.);
#934=EDGE_CURVE('',#1146,#1167,#1268,.T.);
#935=EDGE_CURVE('',#1165,#1152,#195,.T.);
#936=EDGE_CURVE('',#1161,#1168,#1269,.T.);
#937=EDGE_CURVE('',#1169,#1126,#196,.T.);
#938=EDGE_CURVE('',#1170,#1169,#1270,.T.);
#939=EDGE_CURVE('',#1151,#1170,#197,.T.);
#940=EDGE_CURVE('',#1171,#1143,#1271,.T.);
#941=EDGE_CURVE('',#1168,#1171,#198,.T.);
#942=EDGE_CURVE('',#1172,#1173,#49,.T.);
#943=EDGE_CURVE('',#1172,#1174,#199,.T.);
#944=EDGE_CURVE('',#1174,#1135,#200,.T.);
#945=EDGE_CURVE('',#1175,#1134,#201,.T.);
#946=EDGE_CURVE('',#1175,#1176,#202,.T.);
#947=EDGE_CURVE('',#1173,#1176,#50,.T.);
#948=EDGE_CURVE('',#1174,#1155,#1272,.T.);
#949=EDGE_CURVE('',#1159,#1177,#1273,.T.);
#950=EDGE_CURVE('',#1177,#1166,#203,.T.);
#951=EDGE_CURVE('',#1177,#1178,#204,.T.);
#952=EDGE_CURVE('',#1178,#1167,#205,.T.);
#953=EDGE_CURVE('',#1178,#1147,#1274,.T.);
#954=EDGE_CURVE('',#1140,#1175,#1275,.T.);
#955=EDGE_CURVE('',#1179,#1180,#206,.F.);
#956=EDGE_CURVE('',#1180,#1181,#1276,.T.);
#957=EDGE_CURVE('',#1181,#1182,#207,.F.);
#958=EDGE_CURVE('',#1182,#1179,#1277,.F.);
#959=EDGE_CURVE('',#1169,#1164,#208,.T.);
#960=EDGE_CURVE('',#1170,#1165,#209,.T.);
#961=EDGE_CURVE('',#1096,#1128,#210,.T.);
#962=EDGE_CURVE('',#1095,#1129,#211,.T.);
#963=EDGE_CURVE('',#1183,#1184,#212,.F.);
#964=EDGE_CURVE('',#1184,#1185,#1278,.F.);
#965=EDGE_CURVE('',#1185,#1186,#213,.T.);
#966=EDGE_CURVE('',#1186,#1187,#1279,.F.);
#967=EDGE_CURVE('',#1188,#1187,#51,.T.);
#968=EDGE_CURVE('',#1189,#1188,#52,.T.);
#969=EDGE_CURVE('',#1189,#1190,#1280,.F.);
#970=EDGE_CURVE('',#1191,#1190,#53,.T.);
#971=EDGE_CURVE('',#1192,#1191,#54,.T.);
#972=EDGE_CURVE('',#1192,#1193,#1281,.F.);
#973=EDGE_CURVE('',#1194,#1193,#55,.T.);
#974=EDGE_CURVE('',#1195,#1194,#56,.T.);
#975=EDGE_CURVE('',#1195,#1183,#1282,.F.);
#976=EDGE_CURVE('',#1196,#1197,#214,.T.);
#977=EDGE_CURVE('',#1197,#1198,#1283,.T.);
#978=EDGE_CURVE('',#1198,#1199,#215,.T.);
#979=EDGE_CURVE('',#1200,#1199,#1284,.T.);
#980=EDGE_CURVE('',#1200,#1201,#1285,.T.);
#981=EDGE_CURVE('',#1196,#1201,#1286,.T.);
#982=EDGE_CURVE('',#1202,#1202,#1287,.T.);
#983=EDGE_CURVE('',#1203,#1204,#216,.T.);
#984=EDGE_CURVE('',#1204,#1205,#217,.F.);
#985=EDGE_CURVE('',#1205,#1206,#218,.T.);
#986=EDGE_CURVE('',#1206,#1203,#219,.T.);
#987=EDGE_CURVE('',#1207,#1208,#220,.F.);
#988=EDGE_CURVE('',#1208,#1209,#221,.F.);
#989=EDGE_CURVE('',#1210,#1209,#222,.T.);
#990=EDGE_CURVE('',#1210,#1207,#223,.T.);
#991=EDGE_CURVE('',#1209,#1204,#1288,.F.);
#992=EDGE_CURVE('',#1203,#1210,#1289,.F.);
#993=EDGE_CURVE('',#1211,#1110,#224,.T.);
#994=EDGE_CURVE('',#1212,#1211,#1290,.T.);
#995=EDGE_CURVE('',#1212,#1112,#225,.T.);
#996=EDGE_CURVE('',#1213,#1212,#226,.T.);
#997=EDGE_CURVE('',#1213,#1113,#227,.T.);
#998=EDGE_CURVE('',#1214,#1213,#1291,.T.);
#999=EDGE_CURVE('',#1214,#1114,#228,.T.);
#1000=EDGE_CURVE('',#1215,#1214,#229,.T.);
#1001=EDGE_CURVE('',#1215,#1115,#230,.T.);
#1002=EDGE_CURVE('',#1216,#1215,#1292,.T.);
#1003=EDGE_CURVE('',#1216,#1116,#231,.T.);
#1004=EDGE_CURVE('',#1217,#1216,#232,.T.);
#1005=EDGE_CURVE('',#1217,#1117,#233,.T.);
#1006=EDGE_CURVE('',#1218,#1217,#1293,.T.);
#1007=EDGE_CURVE('',#1218,#1111,#234,.T.);
#1008=EDGE_CURVE('',#1211,#1218,#235,.T.);
#1009=EDGE_CURVE('',#1219,#1219,#1294,.T.);
#1010=EDGE_CURVE('',#1220,#1220,#1295,.F.);
#1011=EDGE_CURVE('',#1221,#1222,#57,.F.);
#1012=EDGE_CURVE('',#1221,#1158,#58,.F.);
#1013=EDGE_CURVE('',#1157,#1222,#59,.F.);
#1014=EDGE_CURVE('',#1156,#1223,#60,.F.);
#1015=EDGE_CURVE('',#1223,#1222,#61,.F.);
#1016=EDGE_CURVE('',#1223,#1119,#62,.F.);
#1017=EDGE_CURVE('',#1119,#1224,#63,.F.);
#1018=EDGE_CURVE('',#1224,#1222,#64,.F.);
#1019=EDGE_CURVE('',#1224,#1189,#65,.F.);
#1020=EDGE_CURVE('',#1188,#1222,#66,.F.);
#1021=EDGE_CURVE('',#1225,#1187,#67,.T.);
#1022=EDGE_CURVE('',#1225,#1222,#68,.F.);
#1023=EDGE_CURVE('',#1194,#1226,#69,.F.);
#1024=EDGE_CURVE('',#1193,#1227,#70,.F.);
#1025=EDGE_CURVE('',#1227,#1226,#71,.F.);
#1026=EDGE_CURVE('',#1227,#1180,#72,.F.);
#1027=EDGE_CURVE('',#1180,#1228,#73,.F.);
#1028=EDGE_CURVE('',#1228,#1226,#74,.F.);
#1029=EDGE_CURVE('',#1228,#1138,#75,.F.);
#1030=EDGE_CURVE('',#1139,#1226,#76,.F.);
#1031=EDGE_CURVE('',#1148,#1229,#77,.F.);
#1032=EDGE_CURVE('',#1229,#1226,#78,.F.);
#1033=EDGE_CURVE('',#1229,#1104,#79,.F.);
#1034=EDGE_CURVE('',#1230,#1104,#80,.T.);
#1035=EDGE_CURVE('',#1230,#1226,#81,.F.);
#1036=EDGE_CURVE('',#1231,#1232,#82,.F.);
#1037=EDGE_CURVE('',#1231,#1172,#83,.F.);
#1038=EDGE_CURVE('',#1173,#1232,#84,.F.);
#1039=EDGE_CURVE('',#1176,#1233,#85,.F.);
#1040=EDGE_CURVE('',#1233,#1232,#86,.F.);
#1041=EDGE_CURVE('',#1233,#1181,#87,.F.);
#1042=EDGE_CURVE('',#1234,#1181,#88,.T.);
#1043=EDGE_CURVE('',#1234,#1232,#89,.F.);
#1044=EDGE_CURVE('',#1192,#1234,#90,.T.);
#1045=EDGE_CURVE('',#1191,#1232,#91,.F.);
#1046=EDGE_CURVE('',#1235,#1190,#92,.T.);
#1047=EDGE_CURVE('',#1235,#1232,#93,.F.);
#1048=EDGE_CURVE('',#1182,#1175,#1296,.T.);
#1049=EDGE_CURVE('',#1174,#1121,#1297,.T.);
#1050=EDGE_CURVE('',#1118,#1231,#94,.F.);
#1051=EDGE_CURVE('',#1107,#1177,#1298,.T.);
#1052=EDGE_CURVE('',#1178,#1106,#1299,.T.);
#1053=EDGE_CURVE('',#1147,#1105,#1300,.T.);
#1054=EDGE_CURVE('',#1179,#1140,#1301,.T.);
#1055=EDGE_CURVE('',#1118,#1235,#95,.T.);
#1056=EDGE_CURVE('',#1155,#1120,#1302,.T.);
#1057=EDGE_CURVE('',#1108,#1159,#1303,.T.);
#1058=EDGE_CURVE('',#1109,#1221,#96,.F.);
#1059=EDGE_CURVE('',#1195,#1230,#97,.T.);
#1060=EDGE_CURVE('',#1109,#1225,#98,.T.);
#1061=EDGE_CURVE('',#1210,#1101,#1304,.T.);
#1062=EDGE_CURVE('',#1102,#1203,#1305,.T.);
#1063=EDGE_CURVE('',#1103,#1206,#1306,.T.);
#1064=EDGE_CURVE('',#1183,#1103,#1307,.T.);
#1065=EDGE_CURVE('',#1100,#1186,#1308,.T.);
#1066=EDGE_CURVE('',#1207,#1100,#1309,.T.);
#1067=EDGE_CURVE('',#1183,#1206,#1310,.F.);
#1068=EDGE_CURVE('',#1207,#1186,#1311,.F.);
#1069=EDGE_CURVE('',#1184,#1205,#1312,.F.);
#1070=EDGE_CURVE('',#1185,#1200,#1313,.T.);
#1071=EDGE_CURVE('',#1201,#1184,#1314,.T.);
#1072=EDGE_CURVE('',#1208,#1185,#1315,.F.);
#1073=EDGE_CURVE('',#1196,#1205,#1316,.F.);
#1074=EDGE_CURVE('',#1208,#1199,#1317,.F.);
#1075=EDGE_CURVE('',#1197,#1204,#1318,.T.);
#1076=EDGE_CURVE('',#1209,#1198,#1319,.T.);
#1077=EDGE_CURVE('',#1236,#1236,#1320,.T.);
#1078=EDGE_CURVE('',#1237,#1171,#236,.T.);
#1079=EDGE_CURVE('',#1238,#1237,#237,.T.);
#1080=EDGE_CURVE('',#1238,#1168,#238,.T.);
#1081=EDGE_CURVE('',#1237,#1142,#1321,.T.);
#1082=EDGE_CURVE('',#1239,#1090,#239,.T.);
#1083=EDGE_CURVE('',#1141,#1239,#1322,.T.);
#1084=EDGE_CURVE('',#1240,#1088,#240,.T.);
#1085=EDGE_CURVE('',#1240,#1239,#241,.T.);
#1086=EDGE_CURVE('',#1240,#1163,#1323,.T.);
#1087=EDGE_CURVE('',#1162,#1238,#1324,.T.);
#1088=VERTEX_POINT('',#2291);
#1089=VERTEX_POINT('',#2292);
#1090=VERTEX_POINT('',#2294);
#1091=VERTEX_POINT('',#2296);
#1092=VERTEX_POINT('',#2298);
#1093=VERTEX_POINT('',#2300);
#1094=VERTEX_POINT('',#2302);
#1095=VERTEX_POINT('',#2304);
#1096=VERTEX_POINT('',#2306);
#1097=VERTEX_POINT('',#2308);
#1098=VERTEX_POINT('',#2310);
#1099=VERTEX_POINT('',#2312);
#1100=VERTEX_POINT('',#2316);
#1101=VERTEX_POINT('',#2317);
#1102=VERTEX_POINT('',#2319);
#1103=VERTEX_POINT('',#2321);
#1104=VERTEX_POINT('',#2323);
#1105=VERTEX_POINT('',#2325);
#1106=VERTEX_POINT('',#2327);
#1107=VERTEX_POINT('',#2329);
#1108=VERTEX_POINT('',#2331);
#1109=VERTEX_POINT('',#2333);
#1110=VERTEX_POINT('',#2336);
#1111=VERTEX_POINT('',#2337);
#1112=VERTEX_POINT('',#2339);
#1113=VERTEX_POINT('',#2341);
#1114=VERTEX_POINT('',#2343);
#1115=VERTEX_POINT('',#2345);
#1116=VERTEX_POINT('',#2347);
#1117=VERTEX_POINT('',#2349);
#1118=VERTEX_POINT('',#2353);
#1119=VERTEX_POINT('',#2354);
#1120=VERTEX_POINT('',#2356);
#1121=VERTEX_POINT('',#2358);
#1122=VERTEX_POINT('',#2362);
#1123=VERTEX_POINT('',#2364);
#1124=VERTEX_POINT('',#2368);
#1125=VERTEX_POINT('',#2369);
#1126=VERTEX_POINT('',#2371);
#1127=VERTEX_POINT('',#2373);
#1128=VERTEX_POINT('',#2377);
#1129=VERTEX_POINT('',#2379);
#1130=VERTEX_POINT('',#2381);
#1131=VERTEX_POINT('',#2383);
#1132=VERTEX_POINT('',#2385);
#1133=VERTEX_POINT('',#2387);
#1134=VERTEX_POINT('',#2389);
#1135=VERTEX_POINT('',#2391);
#1136=VERTEX_POINT('',#2393);
#1137=VERTEX_POINT('',#2395);
#1138=VERTEX_POINT('',#2405);
#1139=VERTEX_POINT('',#2406);
#1140=VERTEX_POINT('',#2408);
#1141=VERTEX_POINT('',#2411);
#1142=VERTEX_POINT('',#2413);
#1143=VERTEX_POINT('',#2415);
#1144=VERTEX_POINT('',#2417);
#1145=VERTEX_POINT('',#2419);
#1146=VERTEX_POINT('',#2421);
#1147=VERTEX_POINT('',#2423);
#1148=VERTEX_POINT('',#2425);
#1149=VERTEX_POINT('',#2432);
#1150=VERTEX_POINT('',#2434);
#1151=VERTEX_POINT('',#2438);
#1152=VERTEX_POINT('',#2440);
#1153=VERTEX_POINT('',#2444);
#1154=VERTEX_POINT('',#2446);
#1155=VERTEX_POINT('',#2450);
#1156=VERTEX_POINT('',#2452);
#1157=VERTEX_POINT('',#2457);
#1158=VERTEX_POINT('',#2462);
#1159=VERTEX_POINT('',#2464);
#1160=VERTEX_POINT('',#2466);
#1161=VERTEX_POINT('',#2469);
#1162=VERTEX_POINT('',#2471);
#1163=VERTEX_POINT('',#2473);
#1164=VERTEX_POINT('',#2481);
#1165=VERTEX_POINT('',#2482);
#1166=VERTEX_POINT('',#2485);
#1167=VERTEX_POINT('',#2487);
#1168=VERTEX_POINT('',#2492);
#1169=VERTEX_POINT('',#2494);
#1170=VERTEX_POINT('',#2496);
#1171=VERTEX_POINT('',#2499);
#1172=VERTEX_POINT('',#2506);
#1173=VERTEX_POINT('',#2507);
#1174=VERTEX_POINT('',#2509);
#1175=VERTEX_POINT('',#2512);
#1176=VERTEX_POINT('',#2514);
#1177=VERTEX_POINT('',#2523);
#1178=VERTEX_POINT('',#2527);
#1179=VERTEX_POINT('',#2535);
#1180=VERTEX_POINT('',#2536);
#1181=VERTEX_POINT('',#2538);
#1182=VERTEX_POINT('',#2540);
#1183=VERTEX_POINT('',#2554);
#1184=VERTEX_POINT('',#2555);
#1185=VERTEX_POINT('',#2557);
#1186=VERTEX_POINT('',#2559);
#1187=VERTEX_POINT('',#2561);
#1188=VERTEX_POINT('',#2566);
#1189=VERTEX_POINT('',#2571);
#1190=VERTEX_POINT('',#2573);
#1191=VERTEX_POINT('',#2578);
#1192=VERTEX_POINT('',#2583);
#1193=VERTEX_POINT('',#2585);
#1194=VERTEX_POINT('',#2590);
#1195=VERTEX_POINT('',#2595);
#1196=VERTEX_POINT('',#2599);
#1197=VERTEX_POINT('',#2600);
#1198=VERTEX_POINT('',#2602);
#1199=VERTEX_POINT('',#2604);
#1200=VERTEX_POINT('',#2606);
#1201=VERTEX_POINT('',#2608);
#1202=VERTEX_POINT('',#2611);
#1203=VERTEX_POINT('',#2614);
#1204=VERTEX_POINT('',#2615);
#1205=VERTEX_POINT('',#2617);
#1206=VERTEX_POINT('',#2619);
#1207=VERTEX_POINT('',#2623);
#1208=VERTEX_POINT('',#2624);
#1209=VERTEX_POINT('',#2626);
#1210=VERTEX_POINT('',#2628);
#1211=VERTEX_POINT('',#2635);
#1212=VERTEX_POINT('',#2637);
#1213=VERTEX_POINT('',#2641);
#1214=VERTEX_POINT('',#2645);
#1215=VERTEX_POINT('',#2649);
#1216=VERTEX_POINT('',#2653);
#1217=VERTEX_POINT('',#2657);
#1218=VERTEX_POINT('',#2661);
#1219=VERTEX_POINT('',#2668);
#1220=VERTEX_POINT('',#2670);
#1221=VERTEX_POINT('',#2728);
#1222=VERTEX_POINT('',#2729);
#1223=VERTEX_POINT('',#2792);
#1224=VERTEX_POINT('',#2873);
#1225=VERTEX_POINT('',#3018);
#1226=VERTEX_POINT('',#3095);
#1227=VERTEX_POINT('',#3100);
#1228=VERTEX_POINT('',#3181);
#1229=VERTEX_POINT('',#3300);
#1230=VERTEX_POINT('',#3381);
#1231=VERTEX_POINT('',#3446);
#1232=VERTEX_POINT('',#3447);
#1233=VERTEX_POINT('',#3510);
#1234=VERTEX_POINT('',#3591);
#1235=VERTEX_POINT('',#3736);
#1236=VERTEX_POINT('',#4009);
#1237=VERTEX_POINT('',#4013);
#1238=VERTEX_POINT('',#4015);
#1239=VERTEX_POINT('',#4021);
#1240=VERTEX_POINT('',#4025);
#1241=CIRCLE('',#1681,0.00085);
#1242=CIRCLE('',#1682,0.00085);
#1243=CIRCLE('',#1683,0.00085);
#1244=CIRCLE('',#1684,0.0011);
#1245=CIRCLE('',#1685,0.00085);
#1246=CIRCLE('',#1687,0.0029);
#1247=CIRCLE('',#1688,0.0062);
#1248=CIRCLE('',#1689,0.00075);
#1249=CIRCLE('',#1690,0.00075);
#1250=CIRCLE('',#1691,0.0062);
#1251=CIRCLE('',#1692,0.0005);
#1252=CIRCLE('',#1693,0.0005);
#1253=CIRCLE('',#1694,0.0005);
#1254=CIRCLE('',#1695,0.0005);
#1255=CIRCLE('',#1697,0.0062);
#1256=CIRCLE('',#1698,0.00075);
#1257=CIRCLE('',#1702,0.0011);
#1258=CIRCLE('',#1703,0.00085);
#1259=CIRCLE('',#1704,0.00085);
#1260=CIRCLE('',#1705,0.00085);
#1261=CIRCLE('',#1706,0.00085);
#1262=CIRCLE('',#1710,0.00085);
#1263=CIRCLE('',#1711,0.00085);
#1264=CIRCLE('',#1714,0.00085);
#1265=CIRCLE('',#1715,0.00085);
#1266=CIRCLE('',#1720,0.0011);
#1267=CIRCLE('',#1721,0.00085);
#1268=CIRCLE('',#1722,0.00085);
#1269=CIRCLE('',#1724,0.00085);
#1270=CIRCLE('',#1725,0.0011);
#1271=CIRCLE('',#1726,0.00085);
#1272=CIRCLE('',#1729,0.00085);
#1273=CIRCLE('',#1731,0.00085);
#1274=CIRCLE('',#1734,0.00085);
#1275=CIRCLE('',#1736,0.00085);
#1276=CIRCLE('',#1738,0.0062);
#1277=CIRCLE('',#1739,0.00075);
#1278=CIRCLE('',#1747,0.0061);
#1279=CIRCLE('',#1748,0.0061);
#1280=CIRCLE('',#1749,0.0061);
#1281=CIRCLE('',#1750,0.0061);
#1282=CIRCLE('',#1751,0.0061);
#1283=CIRCLE('',#1753,0.0027);
#1284=CIRCLE('',#1754,0.0002);
#1285=CIRCLE('',#1755,0.006);
#1286=CIRCLE('',#1756,0.0002);
#1287=CIRCLE('',#1757,0.0025);
#1288=CIRCLE('',#1761,0.0028);
#1289=CIRCLE('',#1762,0.0028);
#1290=CIRCLE('',#1764,0.0005);
#1291=CIRCLE('',#1767,0.0005);
#1292=CIRCLE('',#1770,0.0005);
#1293=CIRCLE('',#1773,0.0005);
#1294=CIRCLE('',#1777,0.0008);
#1295=CIRCLE('',#1778,0.0025);
#1296=CIRCLE('',#1781,0.0001);
#1297=CIRCLE('',#1783,0.0001);
#1298=CIRCLE('',#1785,0.0001);
#1299=CIRCLE('',#1786,0.0001);
#1300=CIRCLE('',#1788,0.0001);
#1301=CIRCLE('',#1790,0.0001);
#1302=CIRCLE('',#1792,0.0001);
#1303=CIRCLE('',#1794,0.0001);
#1304=CIRCLE('',#1802,0.0001);
#1305=CIRCLE('',#1803,0.0001);
#1306=CIRCLE('',#1805,0.0001);
#1307=CIRCLE('',#1807,0.0001);
#1308=CIRCLE('',#1809,0.0001);
#1309=CIRCLE('',#1811,0.0001);
#1310=CIRCLE('',#1813,0.0001);
#1311=CIRCLE('',#1815,0.0001);
#1312=CIRCLE('',#1817,0.0001);
#1313=CIRCLE('',#1819,0.0001);
#1314=CIRCLE('',#1820,0.0001);
#1315=CIRCLE('',#1822,0.0001);
#1316=CIRCLE('',#1824,0.0001);
#1317=CIRCLE('',#1826,0.0001);
#1318=CIRCLE('',#1828,0.0001);
#1319=CIRCLE('',#1830,0.0001);
#1320=CIRCLE('',#1833,0.0008);
#1321=CIRCLE('',#1837,0.00085);
#1322=CIRCLE('',#1839,0.00085);
#1323=CIRCLE('',#1842,0.00085);
#1324=CIRCLE('',#1844,0.00085);
#1325=EDGE_LOOP('',(#350,#351,#352,#353,#354,#355,#356,#357,#358,#359,#360,
#361));
#1326=EDGE_LOOP('',(#362,#363,#364,#365,#366,#367,#368,#369,#370,#371));
#1327=EDGE_LOOP('',(#372,#373,#374,#375,#376,#377,#378,#379));
#1328=EDGE_LOOP('',(#380,#381,#382,#383));
#1329=EDGE_LOOP('',(#384,#385,#386,#387));
#1330=EDGE_LOOP('',(#388,#389,#390,#391));
#1331=EDGE_LOOP('',(#392,#393,#394,#395,#396,#397,#398,#399,#400,#401,#402,
#403));
#1332=EDGE_LOOP('',(#404,#405,#406,#407));
#1333=EDGE_LOOP('',(#408,#409,#410,#411,#412,#413,#414,#415,#416,#417,#418,
#419,#420,#421,#422));
#1334=EDGE_LOOP('',(#423,#424,#425,#426));
#1335=EDGE_LOOP('',(#427,#428,#429,#430));
#1336=EDGE_LOOP('',(#431,#432,#433,#434));
#1337=EDGE_LOOP('',(#435,#436,#437,#438,#439,#440,#441,#442,#443,#444,#445,
#446,#447,#448,#449));
#1338=EDGE_LOOP('',(#450,#451,#452,#453));
#1339=EDGE_LOOP('',(#454,#455,#456,#457));
#1340=EDGE_LOOP('',(#458,#459,#460,#461,#462,#463,#464,#465,#466,#467,#468,
#469));
#1341=EDGE_LOOP('',(#470,#471,#472,#473,#474,#475,#476,#477,#478,#479,#480,
#481));
#1342=EDGE_LOOP('',(#482,#483,#484,#485,#486,#487,#488));
#1343=EDGE_LOOP('',(#489,#490,#491,#492));
#1344=EDGE_LOOP('',(#493,#494,#495,#496));
#1345=EDGE_LOOP('',(#497,#498,#499,#500));
#1346=EDGE_LOOP('',(#501,#502,#503,#504));
#1347=EDGE_LOOP('',(#505,#506,#507,#508));
#1348=EDGE_LOOP('',(#509,#510,#511,#512));
#1349=EDGE_LOOP('',(#513,#514,#515,#516));
#1350=EDGE_LOOP('',(#517,#518,#519,#520));
#1351=EDGE_LOOP('',(#521,#522,#523,#524));
#1352=EDGE_LOOP('',(#525,#526,#527,#528));
#1353=EDGE_LOOP('',(#529,#530,#531,#532));
#1354=EDGE_LOOP('',(#533,#534,#535,#536));
#1355=EDGE_LOOP('',(#537,#538,#539,#540,#541,#542,#543,#544,#545,#546,#547,
#548,#549));
#1356=EDGE_LOOP('',(#550,#551,#552,#553,#554,#555));
#1357=EDGE_LOOP('',(#556));
#1358=EDGE_LOOP('',(#557,#558,#559,#560));
#1359=EDGE_LOOP('',(#561,#562,#563,#564));
#1360=EDGE_LOOP('',(#565,#566,#567,#568));
#1361=EDGE_LOOP('',(#569,#570,#571,#572));
#1362=EDGE_LOOP('',(#573,#574,#575,#576));
#1363=EDGE_LOOP('',(#577,#578,#579,#580));
#1364=EDGE_LOOP('',(#581,#582,#583,#584));
#1365=EDGE_LOOP('',(#585,#586,#587,#588));
#1366=EDGE_LOOP('',(#589,#590,#591,#592));
#1367=EDGE_LOOP('',(#593,#594,#595,#596));
#1368=EDGE_LOOP('',(#597,#598,#599,#600));
#1369=EDGE_LOOP('',(#601,#602,#603,#604,#605,#606,#607,#608));
#1370=EDGE_LOOP('',(#609));
#1371=EDGE_LOOP('',(#610));
#1372=EDGE_LOOP('',(#611));
#1373=EDGE_LOOP('',(#612));
#1374=EDGE_LOOP('',(#613,#614,#615,#616));
#1375=EDGE_LOOP('',(#617,#618,#619,#620));
#1376=EDGE_LOOP('',(#621,#622,#623,#624));
#1377=EDGE_LOOP('',(#625,#626,#627,#628));
#1378=EDGE_LOOP('',(#629,#630,#631,#632));
#1379=EDGE_LOOP('',(#633,#634,#635,#636));
#1380=EDGE_LOOP('',(#637,#638,#639,#640));
#1381=EDGE_LOOP('',(#641,#642,#643,#644));
#1382=EDGE_LOOP('',(#645,#646,#647,#648));
#1383=EDGE_LOOP('',(#649,#650,#651,#652));
#1384=EDGE_LOOP('',(#653,#654,#655,#656));
#1385=EDGE_LOOP('',(#657,#658,#659,#660));
#1386=EDGE_LOOP('',(#661,#662,#663,#664));
#1387=EDGE_LOOP('',(#665,#666,#667,#668));
#1388=EDGE_LOOP('',(#669,#670,#671,#672));
#1389=EDGE_LOOP('',(#673,#674,#675,#676,#677));
#1390=EDGE_LOOP('',(#678,#679,#680,#681,#682));
#1391=EDGE_LOOP('',(#683,#684,#685,#686));
#1392=EDGE_LOOP('',(#687,#688,#689,#690));
#1393=EDGE_LOOP('',(#691,#692,#693,#694));
#1394=EDGE_LOOP('',(#695,#696,#697,#698));
#1395=EDGE_LOOP('',(#699,#700,#701,#702));
#1396=EDGE_LOOP('',(#703,#704,#705,#706));
#1397=EDGE_LOOP('',(#707,#708,#709,#710,#711));
#1398=EDGE_LOOP('',(#712,#713,#714,#715,#716));
#1399=EDGE_LOOP('',(#717,#718,#719,#720,#721,#722));
#1400=EDGE_LOOP('',(#723,#724,#725,#726,#727,#728));
#1401=EDGE_LOOP('',(#729,#730,#731,#732,#733));
#1402=EDGE_LOOP('',(#734,#735,#736,#737,#738));
#1403=EDGE_LOOP('',(#739,#740,#741,#742));
#1404=EDGE_LOOP('',(#743,#744,#745,#746));
#1405=EDGE_LOOP('',(#747,#748,#749,#750));
#1406=EDGE_LOOP('',(#751,#752,#753,#754));
#1407=EDGE_LOOP('',(#755,#756,#757,#758,#759));
#1408=EDGE_LOOP('',(#760,#761,#762,#763,#764));
#1409=EDGE_LOOP('',(#765,#766,#767,#768));
#1410=EDGE_LOOP('',(#769,#770,#771));
#1411=EDGE_LOOP('',(#772,#773,#774));
#1412=EDGE_LOOP('',(#775,#776,#777,#778));
#1413=EDGE_LOOP('',(#779,#780,#781,#782));
#1414=EDGE_LOOP('',(#783,#784,#785,#786));
#1415=EDGE_LOOP('',(#787,#788,#789,#790));
#1416=EDGE_LOOP('',(#791,#792,#793,#794));
#1417=EDGE_LOOP('',(#795,#796,#797,#798));
#1418=EDGE_LOOP('',(#799,#800,#801,#802));
#1419=EDGE_LOOP('',(#803,#804,#805,#806));
#1420=EDGE_LOOP('',(#807));
#1421=EDGE_LOOP('',(#808));
#1422=EDGE_LOOP('',(#809));
#1423=EDGE_LOOP('',(#810,#811,#812,#813));
#1424=EDGE_LOOP('',(#814,#815,#816,#817));
#1425=EDGE_LOOP('',(#818,#819,#820,#821));
#1426=EDGE_LOOP('',(#822,#823,#824,#825));
#1427=EDGE_LOOP('',(#826,#827,#828,#829));
#1428=EDGE_LOOP('',(#830,#831,#832,#833));
#1429=EDGE_LOOP('',(#834,#835,#836,#837,#838,#839,#840,#841));
#1430=FACE_BOUND('',#1325,.T.);
#1431=FACE_BOUND('',#1326,.T.);
#1432=FACE_BOUND('',#1327,.T.);
#1433=FACE_BOUND('',#1328,.T.);
#1434=FACE_BOUND('',#1329,.T.);
#1435=FACE_BOUND('',#1330,.T.);
#1436=FACE_BOUND('',#1331,.T.);
#1437=FACE_BOUND('',#1332,.T.);
#1438=FACE_BOUND('',#1333,.T.);
#1439=FACE_BOUND('',#1334,.T.);
#1440=FACE_BOUND('',#1335,.T.);
#1441=FACE_BOUND('',#1336,.T.);
#1442=FACE_BOUND('',#1337,.T.);
#1443=FACE_BOUND('',#1338,.T.);
#1444=FACE_BOUND('',#1339,.T.);
#1445=FACE_BOUND('',#1340,.T.);
#1446=FACE_BOUND('',#1341,.T.);
#1447=FACE_BOUND('',#1342,.T.);
#1448=FACE_BOUND('',#1343,.T.);
#1449=FACE_BOUND('',#1344,.T.);
#1450=FACE_BOUND('',#1345,.T.);
#1451=FACE_BOUND('',#1346,.T.);
#1452=FACE_BOUND('',#1347,.T.);
#1453=FACE_BOUND('',#1348,.T.);
#1454=FACE_BOUND('',#1349,.T.);
#1455=FACE_BOUND('',#1350,.T.);
#1456=FACE_BOUND('',#1351,.T.);
#1457=FACE_BOUND('',#1352,.T.);
#1458=FACE_BOUND('',#1353,.T.);
#1459=FACE_BOUND('',#1354,.T.);
#1460=FACE_BOUND('',#1355,.T.);
#1461=FACE_BOUND('',#1356,.T.);
#1462=FACE_BOUND('',#1357,.T.);
#1463=FACE_BOUND('',#1358,.T.);
#1464=FACE_BOUND('',#1359,.T.);
#1465=FACE_BOUND('',#1360,.T.);
#1466=FACE_BOUND('',#1361,.T.);
#1467=FACE_BOUND('',#1362,.T.);
#1468=FACE_BOUND('',#1363,.T.);
#1469=FACE_BOUND('',#1364,.T.);
#1470=FACE_BOUND('',#1365,.T.);
#1471=FACE_BOUND('',#1366,.T.);
#1472=FACE_BOUND('',#1367,.T.);
#1473=FACE_BOUND('',#1368,.T.);
#1474=FACE_BOUND('',#1369,.T.);
#1475=FACE_BOUND('',#1370,.T.);
#1476=FACE_BOUND('',#1371,.T.);
#1477=FACE_BOUND('',#1372,.T.);
#1478=FACE_BOUND('',#1373,.T.);
#1479=FACE_BOUND('',#1374,.T.);
#1480=FACE_BOUND('',#1375,.T.);
#1481=FACE_BOUND('',#1376,.T.);
#1482=FACE_BOUND('',#1377,.T.);
#1483=FACE_BOUND('',#1378,.T.);
#1484=FACE_BOUND('',#1379,.T.);
#1485=FACE_BOUND('',#1380,.T.);
#1486=FACE_BOUND('',#1381,.T.);
#1487=FACE_BOUND('',#1382,.T.);
#1488=FACE_BOUND('',#1383,.T.);
#1489=FACE_BOUND('',#1384,.T.);
#1490=FACE_BOUND('',#1385,.T.);
#1491=FACE_BOUND('',#1386,.T.);
#1492=FACE_BOUND('',#1387,.T.);
#1493=FACE_BOUND('',#1388,.T.);
#1494=FACE_BOUND('',#1389,.T.);
#1495=FACE_BOUND('',#1390,.T.);
#1496=FACE_BOUND('',#1391,.T.);
#1497=FACE_BOUND('',#1392,.T.);
#1498=FACE_BOUND('',#1393,.T.);
#1499=FACE_BOUND('',#1394,.T.);
#1500=FACE_BOUND('',#1395,.T.);
#1501=FACE_BOUND('',#1396,.T.);
#1502=FACE_BOUND('',#1397,.T.);
#1503=FACE_BOUND('',#1398,.T.);
#1504=FACE_BOUND('',#1399,.T.);
#1505=FACE_BOUND('',#1400,.T.);
#1506=FACE_BOUND('',#1401,.T.);
#1507=FACE_BOUND('',#1402,.T.);
#1508=FACE_BOUND('',#1403,.T.);
#1509=FACE_BOUND('',#1404,.T.);
#1510=FACE_BOUND('',#1405,.T.);
#1511=FACE_BOUND('',#1406,.T.);
#1512=FACE_BOUND('',#1407,.T.);
#1513=FACE_BOUND('',#1408,.T.);
#1514=FACE_BOUND('',#1409,.T.);
#1515=FACE_BOUND('',#1410,.T.);
#1516=FACE_BOUND('',#1411,.T.);
#1517=FACE_BOUND('',#1412,.T.);
#1518=FACE_BOUND('',#1413,.T.);
#1519=FACE_BOUND('',#1414,.T.);
#1520=FACE_BOUND('',#1415,.T.);
#1521=FACE_BOUND('',#1416,.T.);
#1522=FACE_BOUND('',#1417,.T.);
#1523=FACE_BOUND('',#1418,.T.);
#1524=FACE_BOUND('',#1419,.T.);
#1525=FACE_BOUND('',#1420,.T.);
#1526=FACE_BOUND('',#1421,.T.);
#1527=FACE_BOUND('',#1422,.T.);
#1528=FACE_BOUND('',#1423,.T.);
#1529=FACE_BOUND('',#1424,.T.);
#1530=FACE_BOUND('',#1425,.T.);
#1531=FACE_BOUND('',#1426,.T.);
#1532=FACE_BOUND('',#1427,.T.);
#1533=FACE_BOUND('',#1428,.T.);
#1534=FACE_BOUND('',#1429,.T.);
#1535=PLANE('',#1680);
#1536=PLANE('',#1686);
#1537=PLANE('',#1696);
#1538=PLANE('',#1699);
#1539=PLANE('',#1700);
#1540=PLANE('',#1701);
#1541=PLANE('',#1708);
#1542=PLANE('',#1712);
#1543=PLANE('',#1716);
#1544=PLANE('',#1718);
#1545=PLANE('',#1719);
#1546=PLANE('',#1723);
#1547=PLANE('',#1727);
#1548=PLANE('',#1732);
#1549=PLANE('',#1737);
#1550=PLANE('',#1741);
#1551=PLANE('',#1742);
#1552=PLANE('',#1743);
#1553=PLANE('',#1745);
#1554=PLANE('',#1752);
#1555=PLANE('',#1758);
#1556=PLANE('',#1759);
#1557=PLANE('',#1765);
#1558=PLANE('',#1768);
#1559=PLANE('',#1771);
#1560=PLANE('',#1774);
#1561=PLANE('',#1775);
#1562=PLANE('',#1776);
#1563=PLANE('',#1834);
#1564=PLANE('',#1835);
#1565=PLANE('',#1840);
#1566=PLANE('',#1845);
#1567=ADVANCED_FACE('',(#1430),#1535,.T.);
#1568=ADVANCED_FACE('',(#1431,#1432),#1536,.F.);
#1569=ADVANCED_FACE('',(#1433),#1537,.F.);
#1570=ADVANCED_FACE('',(#1434),#1538,.F.);
#1571=ADVANCED_FACE('',(#1435),#1539,.F.);
#1572=ADVANCED_FACE('',(#1436),#1540,.F.);
#1573=ADVANCED_FACE('',(#1437),#99,.T.);
#1574=ADVANCED_FACE('',(#1438),#1541,.F.);
#1575=ADVANCED_FACE('',(#1439),#100,.T.);
#1576=ADVANCED_FACE('',(#1440),#1542,.F.);
#1577=ADVANCED_FACE('',(#1441),#101,.T.);
#1578=ADVANCED_FACE('',(#1442),#1543,.F.);
#1579=ADVANCED_FACE('',(#1443),#102,.T.);
#1580=ADVANCED_FACE('',(#1444),#1544,.F.);
#1581=ADVANCED_FACE('',(#1445),#1545,.F.);
#1582=ADVANCED_FACE('',(#1446),#1546,.T.);
#1583=ADVANCED_FACE('',(#1447),#1547,.F.);
#1584=ADVANCED_FACE('',(#1448),#103,.T.);
#1585=ADVANCED_FACE('',(#1449),#104,.T.);
#1586=ADVANCED_FACE('',(#1450),#1548,.F.);
#1587=ADVANCED_FACE('',(#1451),#105,.T.);
#1588=ADVANCED_FACE('',(#1452),#106,.T.);
#1589=ADVANCED_FACE('',(#1453),#1549,.F.);
#1590=ADVANCED_FACE('',(#1454),#107,.F.);
#1591=ADVANCED_FACE('',(#1455),#1550,.F.);
#1592=ADVANCED_FACE('',(#1456),#1551,.F.);
#1593=ADVANCED_FACE('',(#1457),#1552,.F.);
#1594=ADVANCED_FACE('',(#1458),#108,.F.);
#1595=ADVANCED_FACE('',(#1459),#1553,.F.);
#1596=ADVANCED_FACE('',(#1460),#109,.T.);
#1597=ADVANCED_FACE('',(#1461,#1462),#1554,.T.);
#1598=ADVANCED_FACE('',(#1463),#1555,.T.);
#1599=ADVANCED_FACE('',(#1464),#1556,.T.);
#1600=ADVANCED_FACE('',(#1465),#110,.T.);
#1601=ADVANCED_FACE('',(#1466),#111,.F.);
#1602=ADVANCED_FACE('',(#1467),#1557,.F.);
#1603=ADVANCED_FACE('',(#1468),#112,.F.);
#1604=ADVANCED_FACE('',(#1469),#1558,.F.);
#1605=ADVANCED_FACE('',(#1470),#113,.F.);
#1606=ADVANCED_FACE('',(#1471),#1559,.F.);
#1607=ADVANCED_FACE('',(#1472),#114,.F.);
#1608=ADVANCED_FACE('',(#1473),#1560,.F.);
#1609=ADVANCED_FACE('',(#1474),#1561,.F.);
#1610=ADVANCED_FACE('',(#1475,#1476),#1562,.F.);
#1611=ADVANCED_FACE('',(#1477,#1478),#115,.F.);
#1612=ADVANCED_FACE('',(#1479),#27,.T.);
#1613=ADVANCED_FACE('',(#1480),#28,.T.);
#1614=ADVANCED_FACE('',(#1481),#29,.T.);
#1615=ADVANCED_FACE('',(#1482),#30,.T.);
#1616=ADVANCED_FACE('',(#1483),#31,.T.);
#1617=ADVANCED_FACE('',(#1484),#32,.T.);
#1618=ADVANCED_FACE('',(#1485),#33,.T.);
#1619=ADVANCED_FACE('',(#1486),#34,.T.);
#1620=ADVANCED_FACE('',(#1487),#35,.T.);
#1621=ADVANCED_FACE('',(#1488),#36,.T.);
#1622=ADVANCED_FACE('',(#1489),#37,.T.);
#1623=ADVANCED_FACE('',(#1490),#38,.T.);
#1624=ADVANCED_FACE('',(#1491),#39,.T.);
#1625=ADVANCED_FACE('',(#1492),#40,.T.);
#1626=ADVANCED_FACE('',(#1493),#41,.T.);
#1627=ADVANCED_FACE('',(#1494),#116,.T.);
#1628=ADVANCED_FACE('',(#1495),#117,.T.);
#1629=ADVANCED_FACE('',(#1496),#118,.T.);
#1630=ADVANCED_FACE('',(#1497),#14,.T.);
#1631=ADVANCED_FACE('',(#1498),#15,.T.);
#1632=ADVANCED_FACE('',(#1499),#42,.T.);
#1633=ADVANCED_FACE('',(#1500),#16,.T.);
#1634=ADVANCED_FACE('',(#1501),#17,.T.);
#1635=ADVANCED_FACE('',(#1502),#119,.T.);
#1636=ADVANCED_FACE('',(#1503),#120,.T.);
#1637=ADVANCED_FACE('',(#1504),#18,.F.);
#1638=ADVANCED_FACE('',(#1505),#19,.F.);
#1639=ADVANCED_FACE('',(#1506),#121,.T.);
#1640=ADVANCED_FACE('',(#1507),#122,.T.);
#1641=ADVANCED_FACE('',(#1508),#43,.T.);
#1642=ADVANCED_FACE('',(#1509),#44,.T.);
#1643=ADVANCED_FACE('',(#1510),#20,.F.);
#1644=ADVANCED_FACE('',(#1511),#123,.F.);
#1645=ADVANCED_FACE('',(#1512),#21,.F.);
#1646=ADVANCED_FACE('',(#1513),#22,.F.);
#1647=ADVANCED_FACE('',(#1514),#124,.F.);
#1648=ADVANCED_FACE('',(#1515),#12,.F.);
#1649=ADVANCED_FACE('',(#1516),#13,.F.);
#1650=ADVANCED_FACE('',(#1517),#125,.F.);
#1651=ADVANCED_FACE('',(#1518),#23,.T.);
#1652=ADVANCED_FACE('',(#1519),#126,.F.);
#1653=ADVANCED_FACE('',(#1520),#24,.T.);
#1654=ADVANCED_FACE('',(#1521),#25,.T.);
#1655=ADVANCED_FACE('',(#1522),#127,.T.);
#1656=ADVANCED_FACE('',(#1523),#128,.T.);
#1657=ADVANCED_FACE('',(#1524),#26,.T.);
#1658=ADVANCED_FACE('',(#1525,#1526),#129,.F.);
#1659=ADVANCED_FACE('',(#1527),#1563,.F.);
#1660=ADVANCED_FACE('',(#1528),#1564,.F.);
#1661=ADVANCED_FACE('',(#1529),#130,.T.);
#1662=ADVANCED_FACE('',(#1530),#131,.T.);
#1663=ADVANCED_FACE('',(#1531),#1565,.T.);
#1664=ADVANCED_FACE('',(#1532),#132,.T.);
#1665=ADVANCED_FACE('',(#1533),#133,.T.);
#1666=ADVANCED_FACE('',(#1534),#1566,.T.);
#1667=CLOSED_SHELL('',(#1567,#1568,#1569,#1570,#1571,#1572,#1573,#1574,
#1575,#1576,#1577,#1578,#1579,#1580,#1581,#1582,#1583,#1584,#1585,#1586,
#1587,#1588,#1589,#1590,#1591,#1592,#1593,#1594,#1595,#1596,#1597,#1598,
#1599,#1600,#1601,#1602,#1603,#1604,#1605,#1606,#1607,#1608,#1609,#1610,
#1611,#1612,#1613,#1614,#1615,#1616,#1617,#1618,#1619,#1620,#1621,#1622,
#1623,#1624,#1625,#1626,#1627,#1628,#1629,#1630,#1631,#1632,#1633,#1634,
#1635,#1636,#1637,#1638,#1639,#1640,#1641,#1642,#1643,#1644,#1645,#1646,
#1647,#1648,#1649,#1650,#1651,#1652,#1653,#1654,#1655,#1656,#1657,#1658,
#1659,#1660,#1661,#1662,#1663,#1664,#1665,#1666));
#1668=STYLED_ITEM('',(#1669),#1676);
#1669=PRESENTATION_STYLE_ASSIGNMENT((#1670));
#1670=SURFACE_STYLE_USAGE(.BOTH.,#1671);
#1671=SURFACE_SIDE_STYLE('',(#1672));
#1672=SURFACE_STYLE_FILL_AREA(#1673);
#1673=FILL_AREA_STYLE('',(#1674));
#1674=FILL_AREA_STYLE_COLOUR('',#1675);
#1675=DRAUGHTING_PRE_DEFINED_COLOUR('blue');
#1676=MANIFOLD_SOLID_BREP('Tower Pro - Micro Servo 9g - SG90.1',#1667);
#1677=SHAPE_DEFINITION_REPRESENTATION(#4038,#1678);
#1678=SHAPE_REPRESENTATION('Tower Pro - Micro Servo 9g - SG90.1',(#1679),
#4033);
#1679=AXIS2_PLACEMENT_3D('',#2288,#1846,#1847);
#1680=AXIS2_PLACEMENT_3D('',#2289,#1848,#1849);
#1681=AXIS2_PLACEMENT_3D('',#2290,#1850,#1851);
#1682=AXIS2_PLACEMENT_3D('',#2295,#1853,#1854);
#1683=AXIS2_PLACEMENT_3D('',#2299,#1856,#1857);
#1684=AXIS2_PLACEMENT_3D('',#2305,#1860,#1861);
#1685=AXIS2_PLACEMENT_3D('',#2311,#1864,#1865);
#1686=AXIS2_PLACEMENT_3D('',#2314,#1867,#1868);
#1687=AXIS2_PLACEMENT_3D('',#2318,#1870,#1871);
#1688=AXIS2_PLACEMENT_3D('',#2322,#1873,#1874);
#1689=AXIS2_PLACEMENT_3D('',#2326,#1876,#1877);
#1690=AXIS2_PLACEMENT_3D('',#2330,#1879,#1880);
#1691=AXIS2_PLACEMENT_3D('',#2334,#1882,#1883);
#1692=AXIS2_PLACEMENT_3D('',#2338,#1885,#1886);
#1693=AXIS2_PLACEMENT_3D('',#2342,#1888,#1889);
#1694=AXIS2_PLACEMENT_3D('',#2346,#1891,#1892);
#1695=AXIS2_PLACEMENT_3D('',#2350,#1894,#1895);
#1696=AXIS2_PLACEMENT_3D('',#2351,#1896,#1897);
#1697=AXIS2_PLACEMENT_3D('',#2352,#1898,#1899);
#1698=AXIS2_PLACEMENT_3D('',#2357,#1901,#1902);
#1699=AXIS2_PLACEMENT_3D('',#2360,#1904,#1905);
#1700=AXIS2_PLACEMENT_3D('',#2366,#1909,#1910);
#1701=AXIS2_PLACEMENT_3D('',#2375,#1915,#1916);
#1702=AXIS2_PLACEMENT_3D('',#2378,#1918,#1919);
#1703=AXIS2_PLACEMENT_3D('',#2384,#1922,#1923);
#1704=AXIS2_PLACEMENT_3D('',#2388,#1925,#1926);
#1705=AXIS2_PLACEMENT_3D('',#2392,#1928,#1929);
#1706=AXIS2_PLACEMENT_3D('',#2396,#1931,#1932);
#1707=AXIS2_PLACEMENT_3D('',#2397,#1933,#1934);
#1708=AXIS2_PLACEMENT_3D('',#2400,#1937,#1938);
#1709=AXIS2_PLACEMENT_3D('',#2430,#1949,#1950);
#1710=AXIS2_PLACEMENT_3D('',#2431,#1951,#1952);
#1711=AXIS2_PLACEMENT_3D('',#2435,#1954,#1955);
#1712=AXIS2_PLACEMENT_3D('',#2436,#1956,#1957);
#1713=AXIS2_PLACEMENT_3D('',#2442,#1961,#1962);
#1714=AXIS2_PLACEMENT_3D('',#2443,#1963,#1964);
#1715=AXIS2_PLACEMENT_3D('',#2447,#1966,#1967);
#1716=AXIS2_PLACEMENT_3D('',#2448,#1968,#1969);
#1717=AXIS2_PLACEMENT_3D('',#2476,#1980,#1981);
#1718=AXIS2_PLACEMENT_3D('',#2477,#1982,#1983);
#1719=AXIS2_PLACEMENT_3D('',#2479,#1985,#1986);
#1720=AXIS2_PLACEMENT_3D('',#2480,#1987,#1988);
#1721=AXIS2_PLACEMENT_3D('',#2484,#1990,#1991);
#1722=AXIS2_PLACEMENT_3D('',#2488,#1993,#1994);
#1723=AXIS2_PLACEMENT_3D('',#2490,#1996,#1997);
#1724=AXIS2_PLACEMENT_3D('',#2491,#1998,#1999);
#1725=AXIS2_PLACEMENT_3D('',#2495,#2001,#2002);
#1726=AXIS2_PLACEMENT_3D('',#2498,#2004,#2005);
#1727=AXIS2_PLACEMENT_3D('',#2501,#2007,#2008);
#1728=AXIS2_PLACEMENT_3D('',#2519,#2013,#2014);
#1729=AXIS2_PLACEMENT_3D('',#2520,#2015,#2016);
#1730=AXIS2_PLACEMENT_3D('',#2521,#2017,#2018);
#1731=AXIS2_PLACEMENT_3D('',#2522,#2019,#2020);
#1732=AXIS2_PLACEMENT_3D('',#2525,#2022,#2023);
#1733=AXIS2_PLACEMENT_3D('',#2529,#2026,#2027);
#1734=AXIS2_PLACEMENT_3D('',#2530,#2028,#2029);
#1735=AXIS2_PLACEMENT_3D('',#2531,#2030,#2031);
#1736=AXIS2_PLACEMENT_3D('',#2532,#2032,#2033);
#1737=AXIS2_PLACEMENT_3D('',#2533,#2034,#2035);
#1738=AXIS2_PLACEMENT_3D('',#2537,#2037,#2038);
#1739=AXIS2_PLACEMENT_3D('',#2541,#2040,#2041);
#1740=AXIS2_PLACEMENT_3D('',#2542,#2042,#2043);
#1741=AXIS2_PLACEMENT_3D('',#2545,#2046,#2047);
#1742=AXIS2_PLACEMENT_3D('',#2546,#2048,#2049);
#1743=AXIS2_PLACEMENT_3D('',#2547,#2050,#2051);
#1744=AXIS2_PLACEMENT_3D('',#2549,#2053,#2054);
#1745=AXIS2_PLACEMENT_3D('',#2551,#2056,#2057);
#1746=AXIS2_PLACEMENT_3D('',#2552,#2058,#2059);
#1747=AXIS2_PLACEMENT_3D('',#2556,#2061,#2062);
#1748=AXIS2_PLACEMENT_3D('',#2560,#2064,#2065);
#1749=AXIS2_PLACEMENT_3D('',#2572,#2066,#2067);
#1750=AXIS2_PLACEMENT_3D('',#2584,#2068,#2069);
#1751=AXIS2_PLACEMENT_3D('',#2596,#2070,#2071);
#1752=AXIS2_PLACEMENT_3D('',#2597,#2072,#2073);
#1753=AXIS2_PLACEMENT_3D('',#2601,#2075,#2076);
#1754=AXIS2_PLACEMENT_3D('',#2605,#2078,#2079);
#1755=AXIS2_PLACEMENT_3D('',#2607,#2080,#2081);
#1756=AXIS2_PLACEMENT_3D('',#2609,#2082,#2083);
#1757=AXIS2_PLACEMENT_3D('',#2610,#2084,#2085);
#1758=AXIS2_PLACEMENT_3D('',#2612,#2086,#2087);
#1759=AXIS2_PLACEMENT_3D('',#2621,#2092,#2093);
#1760=AXIS2_PLACEMENT_3D('',#2630,#2098,#2099);
#1761=AXIS2_PLACEMENT_3D('',#2631,#2100,#2101);
#1762=AXIS2_PLACEMENT_3D('',#2632,#2102,#2103);
#1763=AXIS2_PLACEMENT_3D('',#2633,#2104,#2105);
#1764=AXIS2_PLACEMENT_3D('',#2636,#2107,#2108);
#1765=AXIS2_PLACEMENT_3D('',#2639,#2110,#2111);
#1766=AXIS2_PLACEMENT_3D('',#2643,#2114,#2115);
#1767=AXIS2_PLACEMENT_3D('',#2644,#2116,#2117);
#1768=AXIS2_PLACEMENT_3D('',#2647,#2119,#2120);
#1769=AXIS2_PLACEMENT_3D('',#2651,#2123,#2124);
#1770=AXIS2_PLACEMENT_3D('',#2652,#2125,#2126);
#1771=AXIS2_PLACEMENT_3D('',#2655,#2128,#2129);
#1772=AXIS2_PLACEMENT_3D('',#2659,#2132,#2133);
#1773=AXIS2_PLACEMENT_3D('',#2660,#2134,#2135);
#1774=AXIS2_PLACEMENT_3D('',#2663,#2137,#2138);
#1775=AXIS2_PLACEMENT_3D('',#2665,#2140,#2141);
#1776=AXIS2_PLACEMENT_3D('',#2666,#2142,#2143);
#1777=AXIS2_PLACEMENT_3D('',#2667,#2144,#2145);
#1778=AXIS2_PLACEMENT_3D('',#2669,#2146,#2147);
#1779=AXIS2_PLACEMENT_3D('',#2671,#2148,#2149);
#1780=AXIS2_PLACEMENT_3D('',#3747,#2150,#2151);
#1781=AXIS2_PLACEMENT_3D('',#3748,#2152,#2153);
#1782=AXIS2_PLACEMENT_3D('',#3749,#2154,#2155);
#1783=AXIS2_PLACEMENT_3D('',#3750,#2156,#2157);
#1784=AXIS2_PLACEMENT_3D('',#3755,#2158,#2159);
#1785=AXIS2_PLACEMENT_3D('',#3756,#2160,#2161);
#1786=AXIS2_PLACEMENT_3D('',#3757,#2162,#2163);
#1787=AXIS2_PLACEMENT_3D('',#3758,#2164,#2165);
#1788=AXIS2_PLACEMENT_3D('',#3759,#2166,#2167);
#1789=AXIS2_PLACEMENT_3D('',#3760,#2168,#2169);
#1790=AXIS2_PLACEMENT_3D('',#3761,#2170,#2171);
#1791=AXIS2_PLACEMENT_3D('',#3830,#2172,#2173);
#1792=AXIS2_PLACEMENT_3D('',#3831,#2174,#2175);
#1793=AXIS2_PLACEMENT_3D('',#3832,#2176,#2177);
#1794=AXIS2_PLACEMENT_3D('',#3833,#2178,#2179);
#1795=AXIS2_PLACEMENT_3D('',#3834,#2180,#2181);
#1796=AXIS2_PLACEMENT_3D('',#3835,#2182,#2183);
#1797=AXIS2_PLACEMENT_3D('',#3836,#2184,#2185);
#1798=AXIS2_PLACEMENT_3D('',#3837,#2186,#2187);
#1799=AXIS2_PLACEMENT_3D('',#3838,#2188,#2189);
#1800=AXIS2_PLACEMENT_3D('',#3839,#2190,#2191);
#1801=AXIS2_PLACEMENT_3D('',#3976,#2192,#2193);
#1802=AXIS2_PLACEMENT_3D('',#3977,#2194,#2195);
#1803=AXIS2_PLACEMENT_3D('',#3978,#2196,#2197);
#1804=AXIS2_PLACEMENT_3D('',#3979,#2198,#2199);
#1805=AXIS2_PLACEMENT_3D('',#3980,#2200,#2201);
#1806=AXIS2_PLACEMENT_3D('',#3981,#2202,#2203);
#1807=AXIS2_PLACEMENT_3D('',#3982,#2204,#2205);
#1808=AXIS2_PLACEMENT_3D('',#3983,#2206,#2207);
#1809=AXIS2_PLACEMENT_3D('',#3984,#2208,#2209);
#1810=AXIS2_PLACEMENT_3D('',#3985,#2210,#2211);
#1811=AXIS2_PLACEMENT_3D('',#3986,#2212,#2213);
#1812=AXIS2_PLACEMENT_3D('',#3987,#2214,#2215);
#1813=AXIS2_PLACEMENT_3D('',#3988,#2216,#2217);
#1814=AXIS2_PLACEMENT_3D('',#3989,#2218,#2219);
#1815=AXIS2_PLACEMENT_3D('',#3990,#2220,#2221);
#1816=AXIS2_PLACEMENT_3D('',#3991,#2222,#2223);
#1817=AXIS2_PLACEMENT_3D('',#3992,#2224,#2225);
#1818=AXIS2_PLACEMENT_3D('',#3993,#2226,#2227);
#1819=AXIS2_PLACEMENT_3D('',#3994,#2228,#2229);
#1820=AXIS2_PLACEMENT_3D('',#3995,#2230,#2231);
#1821=AXIS2_PLACEMENT_3D('',#3996,#2232,#2233);
#1822=AXIS2_PLACEMENT_3D('',#3997,#2234,#2235);
#1823=AXIS2_PLACEMENT_3D('',#3998,#2236,#2237);
#1824=AXIS2_PLACEMENT_3D('',#3999,#2238,#2239);
#1825=AXIS2_PLACEMENT_3D('',#4000,#2240,#2241);
#1826=AXIS2_PLACEMENT_3D('',#4001,#2242,#2243);
#1827=AXIS2_PLACEMENT_3D('',#4002,#2244,#2245);
#1828=AXIS2_PLACEMENT_3D('',#4003,#2246,#2247);
#1829=AXIS2_PLACEMENT_3D('',#4004,#2248,#2249);
#1830=AXIS2_PLACEMENT_3D('',#4005,#2250,#2251);
#1831=AXIS2_PLACEMENT_3D('',#4006,#2252,#2253);
#1832=AXIS2_PLACEMENT_3D('',#4007,#2254,#2255);
#1833=AXIS2_PLACEMENT_3D('',#4008,#2256,#2257);
#1834=AXIS2_PLACEMENT_3D('',#4010,#2258,#2259);
#1835=AXIS2_PLACEMENT_3D('',#4011,#2260,#2261);
#1836=AXIS2_PLACEMENT_3D('',#4017,#2265,#2266);
#1837=AXIS2_PLACEMENT_3D('',#4018,#2267,#2268);
#1838=AXIS2_PLACEMENT_3D('',#4019,#2269,#2270);
#1839=AXIS2_PLACEMENT_3D('',#4022,#2272,#2273);
#1840=AXIS2_PLACEMENT_3D('',#4023,#2274,#2275);
#1841=AXIS2_PLACEMENT_3D('',#4027,#2278,#2279);
#1842=AXIS2_PLACEMENT_3D('',#4028,#2280,#2281);
#1843=AXIS2_PLACEMENT_3D('',#4029,#2282,#2283);
#1844=AXIS2_PLACEMENT_3D('',#4030,#2284,#2285);
#1845=AXIS2_PLACEMENT_3D('',#4031,#2286,#2287);
#1846=DIRECTION('',(0.,0.,1.));
#1847=DIRECTION('',(1.,0.,0.));
#1848=DIRECTION('',(0.,-1.,0.));
#1849=DIRECTION('',(0.,0.,-1.));
#1850=DIRECTION('',(0.,-1.,0.));
#1851=DIRECTION('',(0.,0.,-1.));
#1852=DIRECTION('',(0.,0.,1.));
#1853=DIRECTION('',(0.,-1.,0.));
#1854=DIRECTION('',(0.,0.,-1.));
#1855=DIRECTION('',(1.,0.,0.));
#1856=DIRECTION('',(0.,1.,0.));
#1857=DIRECTION('',(0.,0.,-1.));
#1858=DIRECTION('',(0.,0.,1.));
#1859=DIRECTION('',(-1.,0.,0.));
#1860=DIRECTION('',(0.,-1.,0.));
#1861=DIRECTION('',(0.,0.,-1.));
#1862=DIRECTION('',(1.,0.,-9.054847799396E-17));
#1863=DIRECTION('',(0.,0.,1.));
#1864=DIRECTION('',(0.,1.,0.));
#1865=DIRECTION('',(0.,0.,-1.));
#1866=DIRECTION('',(-1.,0.,0.));
#1867=DIRECTION('',(0.,-1.,0.));
#1868=DIRECTION('',(0.,0.,-1.));
#1869=DIRECTION('',(-1.,0.,0.));
#1870=DIRECTION('',(0.,-1.,0.));
#1871=DIRECTION('',(0.,0.,-1.));
#1872=DIRECTION('',(1.,0.,0.));
#1873=DIRECTION('',(0.,-1.,0.));
#1874=DIRECTION('',(0.,0.,-1.));
#1875=DIRECTION('',(-1.,0.,0.));
#1876=DIRECTION('',(0.,-1.,0.));
#1877=DIRECTION('',(0.,0.,-1.));
#1878=DIRECTION('',(0.,0.,1.));
#1879=DIRECTION('',(0.,-1.,0.));
#1880=DIRECTION('',(0.,0.,-1.));
#1881=DIRECTION('',(1.,0.,0.));
#1882=DIRECTION('',(0.,-1.,0.));
#1883=DIRECTION('',(0.,0.,-1.));
#1884=DIRECTION('',(1.,0.,0.));
#1885=DIRECTION('',(0.,1.,0.));
#1886=DIRECTION('',(0.,0.,-1.));
#1887=DIRECTION('',(0.,0.,1.));
#1888=DIRECTION('',(0.,1.,0.));
#1889=DIRECTION('',(0.,0.,1.));
#1890=DIRECTION('',(-1.,0.,0.));
#1891=DIRECTION('',(0.,1.,0.));
#1892=DIRECTION('',(0.,0.,-1.));
#1893=DIRECTION('',(0.,0.,-1.));
#1894=DIRECTION('',(0.,1.,0.));
#1895=DIRECTION('',(0.,0.,-1.));
#1896=DIRECTION('',(0.,-1.,0.));
#1897=DIRECTION('',(0.,0.,-1.));
#1898=DIRECTION('',(0.,-1.,0.));
#1899=DIRECTION('',(0.,0.,-1.));
#1900=DIRECTION('',(1.,0.,0.));
#1901=DIRECTION('',(0.,-1.,0.));
#1902=DIRECTION('',(0.,0.,-1.));
#1903=DIRECTION('',(0.,0.,-1.));
#1904=DIRECTION('',(1.,0.,0.));
#1905=DIRECTION('',(0.,0.,-1.));
#1906=DIRECTION('',(0.,1.,0.));
#1907=DIRECTION('',(0.,0.,1.));
#1908=DIRECTION('',(0.,-1.,0.));
#1909=DIRECTION('',(-1.,0.,0.));
#1910=DIRECTION('',(0.,0.,1.));
#1911=DIRECTION('',(0.,0.,-1.));
#1912=DIRECTION('',(0.,1.,0.));
#1913=DIRECTION('',(0.,0.,-1.));
#1914=DIRECTION('',(0.,-1.,0.));
#1915=DIRECTION('',(0.,-1.,0.));
#1916=DIRECTION('',(0.,0.,-1.));
#1917=DIRECTION('',(-1.,0.,9.054847799396E-17));
#1918=DIRECTION('',(0.,1.,0.));
#1919=DIRECTION('',(0.,0.,1.));
#1920=DIRECTION('',(1.,0.,0.));
#1921=DIRECTION('',(0.,0.,1.));
#1922=DIRECTION('',(0.,1.,0.));
#1923=DIRECTION('',(0.,0.,-1.));
#1924=DIRECTION('',(1.,0.,0.));
#1925=DIRECTION('',(0.,1.,0.));
#1926=DIRECTION('',(0.,0.,1.));
#1927=DIRECTION('',(0.,0.,1.));
#1928=DIRECTION('',(0.,1.,0.));
#1929=DIRECTION('',(0.,0.,1.));
#1930=DIRECTION('',(-1.,0.,0.));
#1931=DIRECTION('',(0.,1.,0.));
#1932=DIRECTION('',(0.,0.,-1.));
#1933=DIRECTION('',(0.,-1.,0.));
#1934=DIRECTION('',(0.,0.,-1.));
#1935=DIRECTION('',(0.,-1.,0.));
#1936=DIRECTION('',(0.,-1.,0.));
#1937=DIRECTION('',(0.,0.,-1.));
#1938=DIRECTION('',(-1.,0.,0.));
#1939=DIRECTION('',(-1.,0.,0.));
#1940=DIRECTION('',(0.,-1.,0.));
#1941=DIRECTION('',(0.,1.,0.));
#1942=DIRECTION('',(1.,0.,0.));
#1943=DIRECTION('',(0.,1.,0.));
#1944=DIRECTION('',(1.,0.,0.));
#1945=DIRECTION('',(0.,-1.,0.));
#1946=DIRECTION('',(1.,0.,0.));
#1947=DIRECTION('',(0.,-1.,0.));
#1948=DIRECTION('',(-1.,0.,0.));
#1949=DIRECTION('',(0.,-1.,0.));
#1950=DIRECTION('',(0.,0.,-1.));
#1951=DIRECTION('',(0.,1.,0.));
#1952=DIRECTION('',(0.,0.,1.));
#1953=DIRECTION('',(0.,-1.,0.));
#1954=DIRECTION('',(0.,1.,0.));
#1955=DIRECTION('',(0.,0.,1.));
#1956=DIRECTION('',(-1.,0.,0.));
#1957=DIRECTION('',(0.,0.,1.));
#1958=DIRECTION('',(0.,0.,-1.));
#1959=DIRECTION('',(0.,1.,0.));
#1960=DIRECTION('',(0.,0.,-1.));
#1961=DIRECTION('',(0.,-1.,0.));
#1962=DIRECTION('',(0.,0.,-1.));
#1963=DIRECTION('',(0.,1.,0.));
#1964=DIRECTION('',(0.,0.,-1.));
#1965=DIRECTION('',(0.,-1.,0.));
#1966=DIRECTION('',(0.,1.,0.));
#1967=DIRECTION('',(0.,0.,-1.));
#1968=DIRECTION('',(0.,0.,1.));
#1969=DIRECTION('',(1.,0.,0.));
#1970=DIRECTION('',(0.,-1.,0.));
#1971=DIRECTION('',(1.,0.,0.));
#1972=DIRECTION('',(1.,0.,0.));
#1973=DIRECTION('',(0.,-1.,0.));
#1974=DIRECTION('',(-1.,0.,0.));
#1975=DIRECTION('',(-1.,0.,0.));
#1976=DIRECTION('',(0.,1.,0.));
#1977=DIRECTION('',(-1.,0.,0.));
#1978=DIRECTION('',(0.,1.,0.));
#1979=DIRECTION('',(0.,-1.,0.));
#1980=DIRECTION('',(0.,-1.,0.));
#1981=DIRECTION('',(0.,0.,-1.));
#1982=DIRECTION('',(1.,0.,0.));
#1983=DIRECTION('',(0.,0.,-1.));
#1984=DIRECTION('',(0.,1.,0.));
#1985=DIRECTION('',(0.,-1.,0.));
#1986=DIRECTION('',(0.,0.,-1.));
#1987=DIRECTION('',(0.,1.,0.));
#1988=DIRECTION('',(0.,0.,1.));
#1989=DIRECTION('',(-1.,0.,0.));
#1990=DIRECTION('',(0.,1.,0.));
#1991=DIRECTION('',(0.,0.,1.));
#1992=DIRECTION('',(0.,0.,-1.));
#1993=DIRECTION('',(0.,1.,0.));
#1994=DIRECTION('',(0.,0.,1.));
#1995=DIRECTION('',(1.,0.,0.));
#1996=DIRECTION('',(0.,-1.,0.));
#1997=DIRECTION('',(0.,0.,-1.));
#1998=DIRECTION('',(0.,-1.,0.));
#1999=DIRECTION('',(0.,0.,-1.));
#2000=DIRECTION('',(1.,0.,0.));
#2001=DIRECTION('',(0.,-1.,0.));
#2002=DIRECTION('',(0.,0.,-1.));
#2003=DIRECTION('',(-1.,0.,0.));
#2004=DIRECTION('',(0.,-1.,0.));
#2005=DIRECTION('',(0.,0.,-1.));
#2006=DIRECTION('',(0.,0.,1.));
#2007=DIRECTION('',(1.,0.,0.));
#2008=DIRECTION('',(0.,0.,-1.));
#2009=DIRECTION('',(0.,0.,-1.));
#2010=DIRECTION('',(0.,-1.,0.));
#2011=DIRECTION('',(0.,-1.,0.));
#2012=DIRECTION('',(0.,0.,-1.));
#2013=DIRECTION('',(0.,-1.,0.));
#2014=DIRECTION('',(0.,0.,-1.));
#2015=DIRECTION('',(0.,-1.,0.));
#2016=DIRECTION('',(0.,0.,-1.));
#2017=DIRECTION('',(0.,-1.,0.));
#2018=DIRECTION('',(0.,0.,-1.));
#2019=DIRECTION('',(0.,-1.,0.));
#2020=DIRECTION('',(0.,0.,-1.));
#2021=DIRECTION('',(0.,-1.,0.));
#2022=DIRECTION('',(-1.,0.,0.));
#2023=DIRECTION('',(0.,0.,1.));
#2024=DIRECTION('',(0.,0.,1.));
#2025=DIRECTION('',(0.,-1.,0.));
#2026=DIRECTION('',(0.,-1.,0.));
#2027=DIRECTION('',(0.,0.,-1.));
#2028=DIRECTION('',(0.,-1.,0.));
#2029=DIRECTION('',(0.,0.,-1.));
#2030=DIRECTION('',(0.,-1.,0.));
#2031=DIRECTION('',(0.,0.,-1.));
#2032=DIRECTION('',(0.,-1.,0.));
#2033=DIRECTION('',(0.,0.,-1.));
#2034=DIRECTION('',(0.,-1.,0.));
#2035=DIRECTION('',(0.,0.,-1.));
#2036=DIRECTION('',(-1.,0.,0.));
#2037=DIRECTION('',(0.,-1.,0.));
#2038=DIRECTION('',(0.,0.,-1.));
#2039=DIRECTION('',(0.,0.,-1.));
#2040=DIRECTION('',(0.,-1.,0.));
#2041=DIRECTION('',(0.,0.,-1.));
#2042=DIRECTION('',(0.,1.,0.));
#2043=DIRECTION('',(0.,0.,1.));
#2044=DIRECTION('',(0.,1.,0.));
#2045=DIRECTION('',(0.,1.,0.));
#2046=DIRECTION('',(0.,0.,-1.));
#2047=DIRECTION('',(-1.,0.,0.));
#2048=DIRECTION('',(0.,0.,1.));
#2049=DIRECTION('',(1.,0.,0.));
#2050=DIRECTION('',(-9.054847799396E-17,0.,-1.));
#2051=DIRECTION('',(-1.,0.,9.054847799396E-17));
#2052=DIRECTION('',(0.,1.,0.));
#2053=DIRECTION('',(0.,1.,0.));
#2054=DIRECTION('',(0.,0.,1.));
#2055=DIRECTION('',(0.,1.,0.));
#2056=DIRECTION('',(0.,0.,1.));
#2057=DIRECTION('',(1.,0.,0.));
#2058=DIRECTION('',(0.,-1.,0.));
#2059=DIRECTION('',(0.,0.,-1.));
#2060=DIRECTION('',(0.,-1.,0.));
#2061=DIRECTION('',(0.,1.,0.));
#2062=DIRECTION('',(0.,0.,1.));
#2063=DIRECTION('',(0.,-1.,0.));
#2064=DIRECTION('',(0.,-1.,0.));
#2065=DIRECTION('',(0.,0.,-1.));
#2066=DIRECTION('',(0.,-1.,0.));
#2067=DIRECTION('',(0.,0.,-1.));
#2068=DIRECTION('',(0.,-1.,0.));
#2069=DIRECTION('',(0.,0.,-1.));
#2070=DIRECTION('',(0.,-1.,0.));
#2071=DIRECTION('',(0.,0.,-1.));
#2072=DIRECTION('',(0.,1.,0.));
#2073=DIRECTION('',(0.,0.,1.));
#2074=DIRECTION('',(1.,0.,0.));
#2075=DIRECTION('',(0.,1.,0.));
#2076=DIRECTION('',(0.,0.,1.));
#2077=DIRECTION('',(-1.,0.,0.));
#2078=DIRECTION('',(0.,1.,0.));
#2079=DIRECTION('',(0.,0.,1.));
#2080=DIRECTION('',(0.,1.,0.));
#2081=DIRECTION('',(0.,0.,1.));
#2082=DIRECTION('',(0.,1.,0.));
#2083=DIRECTION('',(0.,0.,1.));
#2084=DIRECTION('',(0.,1.,0.));
#2085=DIRECTION('',(0.,0.,1.));
#2086=DIRECTION('',(0.,0.,1.));
#2087=DIRECTION('',(1.,0.,0.));
#2088=DIRECTION('',(0.,1.,0.));
#2089=DIRECTION('',(1.,0.,0.));
#2090=DIRECTION('',(0.,-1.,0.));
#2091=DIRECTION('',(1.,0.,0.));
#2092=DIRECTION('',(0.,0.,-1.));
#2093=DIRECTION('',(-1.,0.,0.));
#2094=DIRECTION('',(0.,-1.,0.));
#2095=DIRECTION('',(-1.,0.,0.));
#2096=DIRECTION('',(0.,1.,0.));
#2097=DIRECTION('',(-1.,0.,0.));
#2098=DIRECTION('',(0.,1.,0.));
#2099=DIRECTION('',(0.,0.,1.));
#2100=DIRECTION('',(0.,1.,0.));
#2101=DIRECTION('',(0.,0.,1.));
#2102=DIRECTION('',(0.,-1.,0.));
#2103=DIRECTION('',(0.,0.,-1.));
#2104=DIRECTION('',(0.,1.,0.));
#2105=DIRECTION('',(0.,0.,1.));
#2106=DIRECTION('',(0.,1.,0.));
#2107=DIRECTION('',(0.,1.,0.));
#2108=DIRECTION('',(0.,0.,-1.));
#2109=DIRECTION('',(0.,1.,0.));
#2110=DIRECTION('',(-1.,0.,0.));
#2111=DIRECTION('',(0.,0.,1.));
#2112=DIRECTION('',(0.,0.,1.));
#2113=DIRECTION('',(0.,1.,0.));
#2114=DIRECTION('',(0.,1.,0.));
#2115=DIRECTION('',(0.,0.,1.));
#2116=DIRECTION('',(0.,1.,0.));
#2117=DIRECTION('',(0.,0.,1.));
#2118=DIRECTION('',(0.,1.,0.));
#2119=DIRECTION('',(0.,0.,-1.));
#2120=DIRECTION('',(-1.,0.,0.));
#2121=DIRECTION('',(-1.,0.,0.));
#2122=DIRECTION('',(0.,1.,0.));
#2123=DIRECTION('',(0.,1.,0.));
#2124=DIRECTION('',(0.,0.,1.));
#2125=DIRECTION('',(0.,1.,0.));
#2126=DIRECTION('',(0.,0.,-1.));
#2127=DIRECTION('',(0.,1.,0.));
#2128=DIRECTION('',(1.,0.,0.));
#2129=DIRECTION('',(0.,0.,-1.));
#2130=DIRECTION('',(0.,0.,-1.));
#2131=DIRECTION('',(0.,1.,0.));
#2132=DIRECTION('',(0.,1.,0.));
#2133=DIRECTION('',(0.,0.,1.));
#2134=DIRECTION('',(0.,1.,0.));
#2135=DIRECTION('',(0.,0.,-1.));
#2136=DIRECTION('',(0.,1.,0.));
#2137=DIRECTION('',(0.,0.,1.));
#2138=DIRECTION('',(1.,0.,0.));
#2139=DIRECTION('',(1.,0.,0.));
#2140=DIRECTION('',(0.,-1.,0.));
#2141=DIRECTION('',(0.,0.,-1.));
#2142=DIRECTION('',(0.,-1.,0.));
#2143=DIRECTION('',(0.,0.,-1.));
#2144=DIRECTION('',(0.,-1.,0.));
#2145=DIRECTION('',(0.,0.,-1.));
#2146=DIRECTION('',(0.,-1.,0.));
#2147=DIRECTION('',(0.,0.,-1.));
#2148=DIRECTION('',(0.,1.,0.));
#2149=DIRECTION('',(0.,0.,1.));
#2150=DIRECTION('',(0.,0.,-1.));
#2151=DIRECTION('',(-1.,0.,0.));
#2152=DIRECTION('',(0.,0.,1.));
#2153=DIRECTION('',(1.,0.,0.));
#2154=DIRECTION('',(0.,0.,-1.));
#2155=DIRECTION('',(-1.,0.,0.));
#2156=DIRECTION('',(0.,0.,-1.));
#2157=DIRECTION('',(-1.,0.,0.));
#2158=DIRECTION('',(0.,0.,1.));
#2159=DIRECTION('',(1.,0.,0.));
#2160=DIRECTION('',(0.,0.,-1.));
#2161=DIRECTION('',(-1.,0.,0.));
#2162=DIRECTION('',(0.,0.,1.));
#2163=DIRECTION('',(1.,0.,0.));
#2164=DIRECTION('',(0.,-1.,0.));
#2165=DIRECTION('',(0.,0.,-1.));
#2166=DIRECTION('',(-1.,0.,0.));
#2167=DIRECTION('',(0.,0.,1.));
#2168=DIRECTION('',(0.,-1.,0.));
#2169=DIRECTION('',(0.,0.,-1.));
#2170=DIRECTION('',(1.,0.,0.));
#2171=DIRECTION('',(0.,0.,-1.));
#2172=DIRECTION('',(0.,-1.,0.));
#2173=DIRECTION('',(0.,0.,-1.));
#2174=DIRECTION('',(1.,0.,0.));
#2175=DIRECTION('',(0.,0.,-1.));
#2176=DIRECTION('',(0.,-1.,0.));
#2177=DIRECTION('',(0.,0.,-1.));
#2178=DIRECTION('',(-1.,0.,0.));
#2179=DIRECTION('',(0.,0.,1.));
#2180=DIRECTION('',(-1.,0.,0.));
#2181=DIRECTION('',(0.,0.,1.));
#2182=DIRECTION('',(-1.,0.,0.));
#2183=DIRECTION('',(0.,0.,1.));
#2184=DIRECTION('',(0.,-1.,0.));
#2185=DIRECTION('',(0.,0.,-1.));
#2186=DIRECTION('',(0.,-1.,0.));
#2187=DIRECTION('',(0.,0.,-1.));
#2188=DIRECTION('',(1.,0.,0.));
#2189=DIRECTION('',(0.,0.,-1.));
#2190=DIRECTION('',(1.,0.,0.));
#2191=DIRECTION('',(0.,0.,-1.));
#2192=DIRECTION('',(0.,-1.,0.));
#2193=DIRECTION('',(0.,0.,-1.));
#2194=DIRECTION('',(1.,0.,0.));
#2195=DIRECTION('',(0.,0.,-1.));
#2196=DIRECTION('',(1.,0.,0.));
#2197=DIRECTION('',(0.,0.,-1.));
#2198=DIRECTION('',(1.,0.,0.));
#2199=DIRECTION('',(0.,0.,-1.));
#2200=DIRECTION('',(1.,0.,-3.79470760369927E-15));
#2201=DIRECTION('',(-3.79470760369927E-15,0.,-1.));
#2202=DIRECTION('',(0.,-1.,0.));
#2203=DIRECTION('',(0.,0.,-1.));
#2204=DIRECTION('',(-0.467741935483872,-6.3390852826774E-15,0.88386508121421));
#2205=DIRECTION('',(0.88386508121421,0.,0.467741935483872));
#2206=DIRECTION('',(0.,-1.,0.));
#2207=DIRECTION('',(0.,0.,-1.));
#2208=DIRECTION('',(-0.467741935483867,0.,-0.883865081214213));
#2209=DIRECTION('',(-0.883865081214213,0.,0.467741935483867));
#2210=DIRECTION('',(-1.,0.,0.));
#2211=DIRECTION('',(0.,0.,1.));
#2212=DIRECTION('',(1.,3.79470760369929E-15,0.));
#2213=DIRECTION('',(-3.79470760369929E-15,1.,0.));
#2214=DIRECTION('',(0.,0.,1.));
#2215=DIRECTION('',(1.,0.,0.));
#2216=DIRECTION('',(0.,1.,0.));
#2217=DIRECTION('',(0.,0.,1.));
#2218=DIRECTION('',(0.,0.,1.));
#2219=DIRECTION('',(1.,0.,0.));
#2220=DIRECTION('',(0.,1.,0.));
#2221=DIRECTION('',(0.,0.,1.));
#2222=DIRECTION('',(0.,-1.,0.));
#2223=DIRECTION('',(0.,0.,-1.));
#2224=DIRECTION('',(0.,1.,0.));
#2225=DIRECTION('',(0.,0.,1.));
#2226=DIRECTION('',(0.,1.,0.));
#2227=DIRECTION('',(0.,0.,1.));
#2228=DIRECTION('',(0.467741935483872,0.,0.88386508121421));
#2229=DIRECTION('',(0.88386508121421,0.,-0.467741935483872));
#2230=DIRECTION('',(0.467741935483872,0.,-0.88386508121421));
#2231=DIRECTION('',(-0.88386508121421,0.,-0.467741935483872));
#2232=DIRECTION('',(0.,-1.,0.));
#2233=DIRECTION('',(0.,0.,-1.));
#2234=DIRECTION('',(0.,1.,0.));
#2235=DIRECTION('',(0.,0.,1.));
#2236=DIRECTION('',(0.,1.,0.));
#2237=DIRECTION('',(0.,0.,1.));
#2238=DIRECTION('',(-1.,0.,0.));
#2239=DIRECTION('',(0.,0.,1.));
#2240=DIRECTION('',(0.,1.,0.));
#2241=DIRECTION('',(0.,0.,1.));
#2242=DIRECTION('',(-1.,0.,0.));
#2243=DIRECTION('',(0.,0.,1.));
#2244=DIRECTION('',(1.,0.,0.));
#2245=DIRECTION('',(0.,0.,-1.));
#2246=DIRECTION('',(1.,0.,0.));
#2247=DIRECTION('',(0.,0.,-1.));
#2248=DIRECTION('',(-1.,0.,0.));
#2249=DIRECTION('',(0.,0.,1.));
#2250=DIRECTION('',(1.,0.,0.));
#2251=DIRECTION('',(0.,0.,-1.));
#2252=DIRECTION('',(0.,1.,0.));
#2253=DIRECTION('',(0.,0.,1.));
#2254=DIRECTION('',(0.,1.,0.));
#2255=DIRECTION('',(0.,0.,1.));
#2256=DIRECTION('',(0.,1.,0.));
#2257=DIRECTION('',(0.,0.,1.));
#2258=DIRECTION('',(0.,-1.,0.));
#2259=DIRECTION('',(0.,0.,-1.));
#2260=DIRECTION('',(-1.,0.,0.));
#2261=DIRECTION('',(0.,0.,1.));
#2262=DIRECTION('',(0.,1.,0.));
#2263=DIRECTION('',(0.,0.,1.));
#2264=DIRECTION('',(0.,1.,0.));
#2265=DIRECTION('',(0.,1.,0.));
#2266=DIRECTION('',(0.,0.,1.));
#2267=DIRECTION('',(0.,-1.,0.));
#2268=DIRECTION('',(0.,0.,-1.));
#2269=DIRECTION('',(0.,1.,0.));
#2270=DIRECTION('',(0.,0.,1.));
#2271=DIRECTION('',(0.,1.,0.));
#2272=DIRECTION('',(0.,-1.,0.));
#2273=DIRECTION('',(0.,0.,-1.));
#2274=DIRECTION('',(-1.,0.,0.));
#2275=DIRECTION('',(0.,0.,1.));
#2276=DIRECTION('',(0.,1.,0.));
#2277=DIRECTION('',(0.,0.,1.));
#2278=DIRECTION('',(0.,1.,0.));
#2279=DIRECTION('',(0.,0.,1.));
#2280=DIRECTION('',(0.,-1.,0.));
#2281=DIRECTION('',(0.,0.,-1.));
#2282=DIRECTION('',(0.,1.,0.));
#2283=DIRECTION('',(0.,0.,1.));
#2284=DIRECTION('',(0.,-1.,0.));
#2285=DIRECTION('',(0.,0.,-1.));
#2286=DIRECTION('',(0.,-1.,0.));
#2287=DIRECTION('',(1.,0.,0.));
#2288=CARTESIAN_POINT('',(0.,0.,0.));
#2289=CARTESIAN_POINT('',(-0.0152,0.00515,0.00525));
#2290=CARTESIAN_POINT('',(-0.0104,0.00515,-0.00525));
#2291=CARTESIAN_POINT('',(-0.01125,0.00515,-0.00525));
#2292=CARTESIAN_POINT('',(-0.0104,0.00515,-0.0061));
#2293=CARTESIAN_POINT('',(-0.01125,0.00515,0.00340602496759067));
#2294=CARTESIAN_POINT('',(-0.01125,0.00515,0.00525));
#2295=CARTESIAN_POINT('',(-0.0104,0.00515,0.00525));
#2296=CARTESIAN_POINT('',(-0.0104,0.00515,0.0061));
#2297=CARTESIAN_POINT('',(-0.0152,0.00515,0.0061));
#2298=CARTESIAN_POINT('',(-0.0152,0.00515,0.0061));
#2299=CARTESIAN_POINT('',(-0.0152,0.00515,0.00525));
#2300=CARTESIAN_POINT('',(-0.01605,0.00515,0.00525));
#2301=CARTESIAN_POINT('',(-0.01605,0.00515,0.00525));
#2302=CARTESIAN_POINT('',(-0.01605,0.00515,0.00055));
#2303=CARTESIAN_POINT('',(-0.0152,0.00515,0.00055));
#2304=CARTESIAN_POINT('',(-0.0148526279441629,0.00515,0.00055));
#2305=CARTESIAN_POINT('',(-0.0139,0.00515,0.));
#2306=CARTESIAN_POINT('',(-0.0148526279441629,0.00515,-0.00055));
#2307=CARTESIAN_POINT('',(-0.0152,0.00515,-0.00055));
#2308=CARTESIAN_POINT('',(-0.01605,0.00515,-0.00055));
#2309=CARTESIAN_POINT('',(-0.01605,0.00515,0.00525));
#2310=CARTESIAN_POINT('',(-0.01605,0.00515,-0.00525));
#2311=CARTESIAN_POINT('',(-0.0152,0.00515,-0.00525));
#2312=CARTESIAN_POINT('',(-0.0152,0.00515,-0.0061));
#2313=CARTESIAN_POINT('',(-0.0152,0.00515,-0.0061));
#2314=CARTESIAN_POINT('',(-0.0104,0.01195,0.00525));
#2315=CARTESIAN_POINT('',(-0.0104,0.01195,-0.0029));
#2316=CARTESIAN_POINT('',(0.000329963503528104,0.01195,-0.0029));
#2317=CARTESIAN_POINT('',(0.00045,0.01195,-0.0029));
#2318=CARTESIAN_POINT('',(0.00045,0.01195,0.));
#2319=CARTESIAN_POINT('',(0.00045,0.01195,0.0029));
#2320=CARTESIAN_POINT('',(-0.0104,0.01195,0.0029));
#2321=CARTESIAN_POINT('',(0.000329963503528104,0.01195,0.0029));
#2322=CARTESIAN_POINT('',(-0.00515,0.01195,0.));
#2323=CARTESIAN_POINT('',(-0.00358795006481866,0.01195,0.006));
#2324=CARTESIAN_POINT('',(-0.0104,0.01195,0.006));
#2325=CARTESIAN_POINT('',(0.0104,0.01195,0.006));
#2326=CARTESIAN_POINT('',(0.0104,0.01195,0.00525));
#2327=CARTESIAN_POINT('',(0.01115,0.01195,0.00525));
#2328=CARTESIAN_POINT('',(0.01115,0.01195,0.00525));
#2329=CARTESIAN_POINT('',(0.01115,0.01195,-0.00525));
#2330=CARTESIAN_POINT('',(0.0104,0.01195,-0.00525));
#2331=CARTESIAN_POINT('',(0.0104,0.01195,-0.006));
#2332=CARTESIAN_POINT('',(-0.0104,0.01195,-0.006));
#2333=CARTESIAN_POINT('',(-0.00358795006481866,0.01195,-0.006));
#2334=CARTESIAN_POINT('',(-0.00515,0.01195,0.));
#2335=CARTESIAN_POINT('',(0.00975,0.01195,0.0051));
#2336=CARTESIAN_POINT('',(0.00475,0.01195,0.0051));
#2337=CARTESIAN_POINT('',(0.00975,0.01195,0.0051));
#2338=CARTESIAN_POINT('',(0.00475,0.01195,0.0046));
#2339=CARTESIAN_POINT('',(0.00425,0.01195,0.0046));
#2340=CARTESIAN_POINT('',(0.00425,0.01195,-0.0046));
#2341=CARTESIAN_POINT('',(0.00425,0.01195,-0.0046));
#2342=CARTESIAN_POINT('',(0.00475,0.01195,-0.0046));
#2343=CARTESIAN_POINT('',(0.00475,0.01195,-0.0051));
#2344=CARTESIAN_POINT('',(0.00975,0.01195,-0.0051));
#2345=CARTESIAN_POINT('',(0.00975,0.01195,-0.0051));
#2346=CARTESIAN_POINT('',(0.00975,0.01195,-0.0046));
#2347=CARTESIAN_POINT('',(0.01025,0.01195,-0.0046));
#2348=CARTESIAN_POINT('',(0.01025,0.01195,-0.0046));
#2349=CARTESIAN_POINT('',(0.01025,0.01195,0.0046));
#2350=CARTESIAN_POINT('',(0.00975,0.01195,0.0046));
#2351=CARTESIAN_POINT('',(-0.0104,0.01195,0.00525));
#2352=CARTESIAN_POINT('',(-0.00515,0.01195,0.));
#2353=CARTESIAN_POINT('',(-0.01115,0.01195,-0.00156204993518133));
#2354=CARTESIAN_POINT('',(-0.00671204993518134,0.01195,-0.006));
#2355=CARTESIAN_POINT('',(-0.0104,0.01195,-0.006));
#2356=CARTESIAN_POINT('',(-0.0104,0.01195,-0.006));
#2357=CARTESIAN_POINT('',(-0.0104,0.01195,-0.00525));
#2358=CARTESIAN_POINT('',(-0.01115,0.01195,-0.00525));
#2359=CARTESIAN_POINT('',(-0.01115,0.01195,0.00525));
#2360=CARTESIAN_POINT('',(-0.01605,0.00765,0.00525));
#2361=CARTESIAN_POINT('',(-0.01605,-0.01055,-0.00055));
#2362=CARTESIAN_POINT('',(-0.01605,0.00765,-0.00055));
#2363=CARTESIAN_POINT('',(-0.01605,0.00765,0.00525));
#2364=CARTESIAN_POINT('',(-0.01605,0.00765,-0.00525));
#2365=CARTESIAN_POINT('',(-0.01605,0.00765,-0.00525));
#2366=CARTESIAN_POINT('',(0.01605,0.00765,0.00525));
#2367=CARTESIAN_POINT('',(0.01605,0.00765,0.00525));
#2368=CARTESIAN_POINT('',(0.01605,0.00765,-0.00055));
#2369=CARTESIAN_POINT('',(0.01605,0.00765,-0.00525));
#2370=CARTESIAN_POINT('',(0.01605,-0.01055,-0.00055));
#2371=CARTESIAN_POINT('',(0.01605,0.00515,-0.00055));
#2372=CARTESIAN_POINT('',(0.01605,0.00515,0.00525));
#2373=CARTESIAN_POINT('',(0.01605,0.00515,-0.00525));
#2374=CARTESIAN_POINT('',(0.01605,0.00765,-0.00525));
#2375=CARTESIAN_POINT('',(-0.0152,0.00765,0.00525));
#2376=CARTESIAN_POINT('',(-0.01605,0.00765,-0.00055));
#2377=CARTESIAN_POINT('',(-0.0148526279441629,0.00765,-0.00055));
#2378=CARTESIAN_POINT('',(-0.0139,0.00765,0.));
#2379=CARTESIAN_POINT('',(-0.0148526279441629,0.00765,0.00055));
#2380=CARTESIAN_POINT('',(-0.01605,0.00765,0.00055));
#2381=CARTESIAN_POINT('',(-0.01605,0.00765,0.00055));
#2382=CARTESIAN_POINT('',(-0.01605,0.00765,0.00525));
#2383=CARTESIAN_POINT('',(-0.01605,0.00765,0.00525));
#2384=CARTESIAN_POINT('',(-0.0152,0.00765,0.00525));
#2385=CARTESIAN_POINT('',(-0.0152,0.00765,0.0061));
#2386=CARTESIAN_POINT('',(-0.0152,0.00765,0.0061));
#2387=CARTESIAN_POINT('',(-0.0104,0.00765,0.0061));
#2388=CARTESIAN_POINT('',(-0.0104,0.00765,0.00525));
#2389=CARTESIAN_POINT('',(-0.01125,0.00765,0.00525));
#2390=CARTESIAN_POINT('',(-0.01125,0.00765,-0.00525));
#2391=CARTESIAN_POINT('',(-0.01125,0.00765,-0.00525));
#2392=CARTESIAN_POINT('',(-0.0104,0.00765,-0.00525));
#2393=CARTESIAN_POINT('',(-0.0104,0.00765,-0.0061));
#2394=CARTESIAN_POINT('',(-0.0152,0.00765,-0.0061));
#2395=CARTESIAN_POINT('',(-0.0152,0.00765,-0.0061));
#2396=CARTESIAN_POINT('',(-0.0152,0.00765,-0.00525));
#2397=CARTESIAN_POINT('',(-0.0152,0.00765,0.00525));
#2398=CARTESIAN_POINT('',(-0.0152,0.00765,0.0061));
#2399=CARTESIAN_POINT('',(-0.01605,0.00765,0.00525));
#2400=CARTESIAN_POINT('',(-0.0152,0.00765,0.0061));
#2401=CARTESIAN_POINT('',(-0.00671204993518133,0.01185,0.0061));
#2402=CARTESIAN_POINT('',(-0.00619136662345422,0.01185,0.0061));
#2403=CARTESIAN_POINT('',(-0.00567068331172711,0.01185,0.0061));
#2404=CARTESIAN_POINT('',(-0.00515,0.01185,0.0061));
#2405=CARTESIAN_POINT('',(-0.00671204993518134,0.01185,0.0061));
#2406=CARTESIAN_POINT('',(-0.00515,0.01185,0.0061));
#2407=CARTESIAN_POINT('',(-0.0152,0.01185,0.0061));
#2408=CARTESIAN_POINT('',(-0.0104,0.01185,0.0061));
#2409=CARTESIAN_POINT('',(-0.0104,0.0600447260192408,0.0061));
#2410=CARTESIAN_POINT('',(-0.0104,-0.0105472,0.0061));
#2411=CARTESIAN_POINT('',(-0.0104,-0.0105472,0.0061));
#2412=CARTESIAN_POINT('',(-0.0152,-0.0105472,0.0061));
#2413=CARTESIAN_POINT('',(0.0104,-0.0105472,0.0061));
#2414=CARTESIAN_POINT('',(0.0104,-0.0105472,0.0061));
#2415=CARTESIAN_POINT('',(0.0104,0.00515,0.0061));
#2416=CARTESIAN_POINT('',(-0.0152,0.00515,0.0061));
#2417=CARTESIAN_POINT('',(0.0152,0.00515,0.0061));
#2418=CARTESIAN_POINT('',(0.0152,0.00765,0.0061));
#2419=CARTESIAN_POINT('',(0.0152,0.00765,0.0061));
#2420=CARTESIAN_POINT('',(-0.0152,0.00765,0.0061));
#2421=CARTESIAN_POINT('',(0.0104,0.00765,0.0061));
#2422=CARTESIAN_POINT('',(0.0104,0.0600447260192408,0.0061));
#2423=CARTESIAN_POINT('',(0.0104,0.01185,0.0061));
#2424=CARTESIAN_POINT('',(-0.0152,0.01185,0.0061));
#2425=CARTESIAN_POINT('',(-0.00358795006481866,0.01185,0.0061));
#2426=CARTESIAN_POINT('',(-0.00515,0.01185,0.0061));
#2427=CARTESIAN_POINT('',(-0.00462931668827289,0.01185,0.0061));
#2428=CARTESIAN_POINT('',(-0.00410863337654577,0.01185,0.0061));
#2429=CARTESIAN_POINT('',(-0.00358795006481866,0.01185,0.0061));
#2430=CARTESIAN_POINT('',(0.0152,0.00765,0.00525));
#2431=CARTESIAN_POINT('',(0.0152,0.00515,0.00525));
#2432=CARTESIAN_POINT('',(0.01605,0.00515,0.00525));
#2433=CARTESIAN_POINT('',(0.01605,0.00765,0.00525));
#2434=CARTESIAN_POINT('',(0.01605,0.00765,0.00525));
#2435=CARTESIAN_POINT('',(0.0152,0.00765,0.00525));
#2436=CARTESIAN_POINT('',(0.01605,0.00765,0.00525));
#2437=CARTESIAN_POINT('',(0.01605,0.00515,0.00525));
#2438=CARTESIAN_POINT('',(0.01605,0.00515,0.00055));
#2439=CARTESIAN_POINT('',(0.01605,-0.01055,0.00055));
#2440=CARTESIAN_POINT('',(0.01605,0.00765,0.00055));
#2441=CARTESIAN_POINT('',(0.01605,0.00765,0.00525));
#2442=CARTESIAN_POINT('',(0.0152,0.00765,-0.00525));
#2443=CARTESIAN_POINT('',(0.0152,0.00515,-0.00525));
#2444=CARTESIAN_POINT('',(0.0152,0.00515,-0.0061));
#2445=CARTESIAN_POINT('',(0.0152,0.00765,-0.0061));
#2446=CARTESIAN_POINT('',(0.0152,0.00765,-0.0061));
#2447=CARTESIAN_POINT('',(0.0152,0.00765,-0.00525));
#2448=CARTESIAN_POINT('',(-0.0152,0.00765,-0.0061));
#2449=CARTESIAN_POINT('',(-0.0104,0.0600447260192408,-0.0061));
#2450=CARTESIAN_POINT('',(-0.0104,0.01185,-0.0061));
#2451=CARTESIAN_POINT('',(-0.0152,0.01185,-0.0061));
#2452=CARTESIAN_POINT('',(-0.00671204993518134,0.01185,-0.0061));
#2453=CARTESIAN_POINT('',(-0.00515,0.01185,-0.0061));
#2454=CARTESIAN_POINT('',(-0.00567068331172711,0.01185,-0.0061));
#2455=CARTESIAN_POINT('',(-0.00619136662345422,0.01185,-0.0061));
#2456=CARTESIAN_POINT('',(-0.00671204993518133,0.01185,-0.0061));
#2457=CARTESIAN_POINT('',(-0.00515,0.01185,-0.0061));
#2458=CARTESIAN_POINT('',(-0.00358795006481866,0.01185,-0.0061));
#2459=CARTESIAN_POINT('',(-0.00410863337654577,0.01185,-0.0061));
#2460=CARTESIAN_POINT('',(-0.00462931668827289,0.01185,-0.0061));
#2461=CARTESIAN_POINT('',(-0.00515,0.01185,-0.0061));
#2462=CARTESIAN_POINT('',(-0.00358795006481866,0.01185,-0.0061));
#2463=CARTESIAN_POINT('',(-0.0152,0.01185,-0.0061));
#2464=CARTESIAN_POINT('',(0.0104,0.01185,-0.0061));
#2465=CARTESIAN_POINT('',(0.0104,0.0600447260192408,-0.0061));
#2466=CARTESIAN_POINT('',(0.0104,0.00765,-0.0061));
#2467=CARTESIAN_POINT('',(-0.0152,0.00765,-0.0061));
#2468=CARTESIAN_POINT('',(-0.0152,0.00515,-0.0061));
#2469=CARTESIAN_POINT('',(0.0104,0.00515,-0.0061));
#2470=CARTESIAN_POINT('',(0.0104,-0.0105472,-0.0061));
#2471=CARTESIAN_POINT('',(0.0104,-0.0105472,-0.0061));
#2472=CARTESIAN_POINT('',(-0.0152,-0.0105472,-0.0061));
#2473=CARTESIAN_POINT('',(-0.0104,-0.0105472,-0.0061));
#2474=CARTESIAN_POINT('',(-0.0104,-0.0105472,-0.0061));
#2475=CARTESIAN_POINT('',(-0.0152,0.00765,-0.0061));
#2476=CARTESIAN_POINT('',(-0.0152,0.00765,-0.00525));
#2477=CARTESIAN_POINT('',(-0.01605,0.00765,0.00525));
#2478=CARTESIAN_POINT('',(-0.01605,-0.01055,0.00055));
#2479=CARTESIAN_POINT('',(-0.0152,0.00765,0.00525));
#2480=CARTESIAN_POINT('',(0.0139,0.00765,-1.64994686434468E-20));
#2481=CARTESIAN_POINT('',(0.0148526279441629,0.00765,-0.00055));
#2482=CARTESIAN_POINT('',(0.0148526279441629,0.00765,0.00055));
#2483=CARTESIAN_POINT('',(0.0148526279441629,0.00765,-0.00055));
#2484=CARTESIAN_POINT('',(0.0104,0.00765,-0.00525));
#2485=CARTESIAN_POINT('',(0.01125,0.00765,-0.00525));
#2486=CARTESIAN_POINT('',(0.01125,0.00765,0.00525));
#2487=CARTESIAN_POINT('',(0.01125,0.00765,0.00525));
#2488=CARTESIAN_POINT('',(0.0104,0.00765,0.00525));
#2489=CARTESIAN_POINT('',(0.0148526279441629,0.00765,0.00055));
#2490=CARTESIAN_POINT('',(-0.0152,0.00515,0.00525));
#2491=CARTESIAN_POINT('',(0.0104,0.00515,-0.00525));
#2492=CARTESIAN_POINT('',(0.01125,0.00515,-0.00525));
#2493=CARTESIAN_POINT('',(-0.0152,0.00515,-0.00055));
#2494=CARTESIAN_POINT('',(0.0148526279441629,0.00515,-0.00055));
#2495=CARTESIAN_POINT('',(0.0139,0.00515,-1.64994686434468E-20));
#2496=CARTESIAN_POINT('',(0.0148526279441629,0.00515,0.00055));
#2497=CARTESIAN_POINT('',(-0.0152,0.00515,0.00055));
#2498=CARTESIAN_POINT('',(0.0104,0.00515,0.00525));
#2499=CARTESIAN_POINT('',(0.01125,0.00515,0.00525));
#2500=CARTESIAN_POINT('',(0.01125,0.00515,0.));
#2501=CARTESIAN_POINT('',(-0.01125,0.0600447260192408,-0.00525));
#2502=CARTESIAN_POINT('',(-0.01125,0.01185,-0.00156204993518133));
#2503=CARTESIAN_POINT('',(-0.01125,0.01185,-0.00104136662345422));
#2504=CARTESIAN_POINT('',(-0.01125,0.01185,-0.00052068331172711));
#2505=CARTESIAN_POINT('',(-0.01125,0.01185,0.));
#2506=CARTESIAN_POINT('',(-0.01125,0.01185,-0.00156204993518133));
#2507=CARTESIAN_POINT('',(-0.01125,0.01185,0.));
#2508=CARTESIAN_POINT('',(-0.01125,0.01185,-0.00525));
#2509=CARTESIAN_POINT('',(-0.01125,0.01185,-0.00525));
#2510=CARTESIAN_POINT('',(-0.01125,0.0600447260192408,-0.00525));
#2511=CARTESIAN_POINT('',(-0.01125,0.0600447260192408,0.00525));
#2512=CARTESIAN_POINT('',(-0.01125,0.01185,0.00525));
#2513=CARTESIAN_POINT('',(-0.01125,0.01185,-0.00525));
#2514=CARTESIAN_POINT('',(-0.01125,0.01185,0.00156204993518133));
#2515=CARTESIAN_POINT('',(-0.01125,0.01185,0.));
#2516=CARTESIAN_POINT('',(-0.01125,0.01185,0.00052068331172711));
#2517=CARTESIAN_POINT('',(-0.01125,0.01185,0.00104136662345422));
#2518=CARTESIAN_POINT('',(-0.01125,0.01185,0.00156204993518133));
#2519=CARTESIAN_POINT('',(-0.0104,0.0600447260192408,-0.00525));
#2520=CARTESIAN_POINT('',(-0.0104,0.01185,-0.00525));
#2521=CARTESIAN_POINT('',(0.0104,0.0600447260192408,-0.00525));
#2522=CARTESIAN_POINT('',(0.0104,0.01185,-0.00525));
#2523=CARTESIAN_POINT('',(0.01125,0.01185,-0.00525));
#2524=CARTESIAN_POINT('',(0.01125,0.0600447260192408,-0.00525));
#2525=CARTESIAN_POINT('',(0.01125,0.0600447260192408,0.00525));
#2526=CARTESIAN_POINT('',(0.01125,0.01185,0.00525));
#2527=CARTESIAN_POINT('',(0.01125,0.01185,0.00525));
#2528=CARTESIAN_POINT('',(0.01125,0.0600447260192408,0.00525));
#2529=CARTESIAN_POINT('',(0.0104,0.0600447260192408,0.00525));
#2530=CARTESIAN_POINT('',(0.0104,0.01185,0.00525));
#2531=CARTESIAN_POINT('',(-0.0104,0.0600447260192408,0.00525));
#2532=CARTESIAN_POINT('',(-0.0104,0.01185,0.00525));
#2533=CARTESIAN_POINT('',(-0.0104,0.01195,0.00525));
#2534=CARTESIAN_POINT('',(-0.0104,0.01195,0.006));
#2535=CARTESIAN_POINT('',(-0.0104,0.01195,0.006));
#2536=CARTESIAN_POINT('',(-0.00671204993518134,0.01195,0.006));
#2537=CARTESIAN_POINT('',(-0.00515,0.01195,0.));
#2538=CARTESIAN_POINT('',(-0.01115,0.01195,0.00156204993518133));
#2539=CARTESIAN_POINT('',(-0.01115,0.01195,0.00525));
#2540=CARTESIAN_POINT('',(-0.01115,0.01195,0.00525));
#2541=CARTESIAN_POINT('',(-0.0104,0.01195,0.00525));
#2542=CARTESIAN_POINT('',(0.0139,-0.01055,-1.64994686434468E-20));
#2543=CARTESIAN_POINT('',(0.0148526279441629,-0.01055,-0.00055));
#2544=CARTESIAN_POINT('',(0.0148526279441629,-0.01055,0.00055));
#2545=CARTESIAN_POINT('',(0.0148526279441629,-0.01055,-0.00055));
#2546=CARTESIAN_POINT('',(0.0148526279441629,-0.01055,0.00055));
#2547=CARTESIAN_POINT('',(-0.01605,-0.01055,-0.00055));
#2548=CARTESIAN_POINT('',(-0.0148526279441629,-0.01055,-0.00055));
#2549=CARTESIAN_POINT('',(-0.0139,-0.01055,0.));
#2550=CARTESIAN_POINT('',(-0.0148526279441629,-0.01055,0.00055));
#2551=CARTESIAN_POINT('',(-0.01605,-0.01055,0.00055));
#2552=CARTESIAN_POINT('',(-0.00515,0.0162,0.));
#2553=CARTESIAN_POINT('',(0.000241576995406682,0.0162,0.00285322580645161));
#2554=CARTESIAN_POINT('',(0.000241576995406681,0.01205,0.00285322580645161));
#2555=CARTESIAN_POINT('',(0.000241576995406681,0.0161,0.00285322580645161));
#2556=CARTESIAN_POINT('',(-0.00515,0.0161,0.));
#2557=CARTESIAN_POINT('',(0.000241576995406681,0.0161,-0.00285322580645161));
#2558=CARTESIAN_POINT('',(0.000241576995406682,0.0162,-0.00285322580645161));
#2559=CARTESIAN_POINT('',(0.000241576995406681,0.01205,-0.00285322580645161));
#2560=CARTESIAN_POINT('',(-0.00515,0.01205,0.));
#2561=CARTESIAN_POINT('',(-0.00361314441861191,0.01205,-0.00590322580645161));
#2562=CARTESIAN_POINT('',(-0.00515,0.01205,-0.0061));
#2563=CARTESIAN_POINT('',(-0.00463213428965229,0.01205,-0.0061));
#2564=CARTESIAN_POINT('',(-0.00411430478346453,0.01205,-0.00603369872569053));
#2565=CARTESIAN_POINT('',(-0.00361314441861191,0.01205,-0.00590322580645161));
#2566=CARTESIAN_POINT('',(-0.00515,0.01205,-0.0061));
#2567=CARTESIAN_POINT('',(-0.0066868555813881,0.01205,-0.00590322580645161));
#2568=CARTESIAN_POINT('',(-0.00618569521653547,0.01205,-0.00603369872569053));
#2569=CARTESIAN_POINT('',(-0.00566786571034769,0.01205,-0.0061));
#2570=CARTESIAN_POINT('',(-0.00514999999999997,0.01205,-0.0061));
#2571=CARTESIAN_POINT('',(-0.00668685558138809,0.01205,-0.00590322580645161));
#2572=CARTESIAN_POINT('',(-0.00515,0.01205,0.));
#2573=CARTESIAN_POINT('',(-0.0110532258064516,0.01205,-0.00153685558138808));
#2574=CARTESIAN_POINT('',(-0.01125,0.01205,1.12055182121983E-18));
#2575=CARTESIAN_POINT('',(-0.01125,0.01205,-0.000517865710347697));
#2576=CARTESIAN_POINT('',(-0.0111836987256905,0.01205,-0.00103569521653544));
#2577=CARTESIAN_POINT('',(-0.0110532258064516,0.01205,-0.00153685558138806));
#2578=CARTESIAN_POINT('',(-0.01125,0.01205,1.12055182121983E-18));
#2579=CARTESIAN_POINT('',(-0.0110532258064516,0.01205,0.00153685558138809));
#2580=CARTESIAN_POINT('',(-0.0111836987256905,0.01205,0.00103569521653547));
#2581=CARTESIAN_POINT('',(-0.01125,0.01205,0.00051786571034771));
#2582=CARTESIAN_POINT('',(-0.01125,0.01205,1.12055182121983E-18));
#2583=CARTESIAN_POINT('',(-0.0110532258064516,0.01205,0.00153685558138808));
#2584=CARTESIAN_POINT('',(-0.00515,0.01205,0.));
#2585=CARTESIAN_POINT('',(-0.00668685558138809,0.01205,0.00590322580645161));
#2586=CARTESIAN_POINT('',(-0.00515000000000001,0.01205,0.0061));
#2587=CARTESIAN_POINT('',(-0.00566786571034772,0.01205,0.0061));
#2588=CARTESIAN_POINT('',(-0.00618569521653548,0.01205,0.00603369872569052));
#2589=CARTESIAN_POINT('',(-0.0066868555813881,0.01205,0.00590322580645161));
#2590=CARTESIAN_POINT('',(-0.00515,0.01205,0.0061));
#2591=CARTESIAN_POINT('',(-0.00361314441861192,0.01205,0.00590322580645161));
#2592=CARTESIAN_POINT('',(-0.00411430478346454,0.01205,0.00603369872569053));
#2593=CARTESIAN_POINT('',(-0.0046321342896523,0.01205,0.0061));
#2594=CARTESIAN_POINT('',(-0.00515000000000001,0.01205,0.0061));
#2595=CARTESIAN_POINT('',(-0.00361314441861191,0.01205,0.00590322580645161));
#2596=CARTESIAN_POINT('',(-0.00515,0.01205,0.));
#2597=CARTESIAN_POINT('',(-0.00515,0.0162,0.));
#2598=CARTESIAN_POINT('',(-0.00515,0.0162,0.0027));
#2599=CARTESIAN_POINT('',(0.000329963503528103,0.0162,0.0027));
#2600=CARTESIAN_POINT('',(0.00045,0.0162,0.0027));
#2601=CARTESIAN_POINT('',(0.00045,0.0162,0.));
#2602=CARTESIAN_POINT('',(0.00045,0.0162,-0.0027));
#2603=CARTESIAN_POINT('',(-0.00515,0.0162,-0.0027));
#2604=CARTESIAN_POINT('',(0.000329963503528103,0.0162,-0.0027));
#2605=CARTESIAN_POINT('',(0.000329963503528103,0.0162,-0.0029));
#2606=CARTESIAN_POINT('',(0.00015319048728526,0.0162,-0.00280645161290322));
#2607=CARTESIAN_POINT('',(-0.00515,0.0162,0.));
#2608=CARTESIAN_POINT('',(0.00015319048728526,0.0162,0.00280645161290322));
#2609=CARTESIAN_POINT('',(0.000329963503528103,0.0162,0.0029));
#2610=CARTESIAN_POINT('',(-0.00515,0.0162,0.));
#2611=CARTESIAN_POINT('',(-0.00515,0.0162,0.0025));
#2612=CARTESIAN_POINT('',(-0.00515,-0.000571980673998825,0.0028));
#2613=CARTESIAN_POINT('',(0.00045,-0.000571980673998825,0.0028));
#2614=CARTESIAN_POINT('',(0.00045,0.01205,0.0028));
#2615=CARTESIAN_POINT('',(0.00045,0.0161,0.0028));
#2616=CARTESIAN_POINT('',(-0.00515,0.0161,0.0028));
#2617=CARTESIAN_POINT('',(0.000329963503528103,0.0161,0.0028));
#2618=CARTESIAN_POINT('',(0.000329963503528103,-0.000571980673998825,0.0028));
#2619=CARTESIAN_POINT('',(0.000329963503528103,0.01205,0.0028));
#2620=CARTESIAN_POINT('',(-0.00515,0.01205,0.0028));
#2621=CARTESIAN_POINT('',(-0.00515,-0.000571980673998825,-0.0028));
#2622=CARTESIAN_POINT('',(0.000329963503528103,-0.000571980673998825,-0.0028));
#2623=CARTESIAN_POINT('',(0.000329963503528103,0.01205,-0.0028));
#2624=CARTESIAN_POINT('',(0.000329963503528103,0.0161,-0.0028));
#2625=CARTESIAN_POINT('',(-0.00515,0.0161,-0.0028));
#2626=CARTESIAN_POINT('',(0.00045,0.0161,-0.0028));
#2627=CARTESIAN_POINT('',(0.00045,-0.000571980673998825,-0.0028));
#2628=CARTESIAN_POINT('',(0.00045,0.01205,-0.0028));
#2629=CARTESIAN_POINT('',(-0.00515,0.01205,-0.0028));
#2630=CARTESIAN_POINT('',(0.00045,-0.000571980673998825,0.));
#2631=CARTESIAN_POINT('',(0.00045,0.0161,0.));
#2632=CARTESIAN_POINT('',(0.00045,0.01205,0.));
#2633=CARTESIAN_POINT('',(0.00475,0.01185,0.0046));
#2634=CARTESIAN_POINT('',(0.00475,0.01185,0.0051));
#2635=CARTESIAN_POINT('',(0.00475,0.01185,0.0051));
#2636=CARTESIAN_POINT('',(0.00475,0.01185,0.0046));
#2637=CARTESIAN_POINT('',(0.00425,0.01185,0.0046));
#2638=CARTESIAN_POINT('',(0.00425,0.01185,0.0046));
#2639=CARTESIAN_POINT('',(0.00425,0.01185,-0.0046));
#2640=CARTESIAN_POINT('',(0.00425,0.01185,-0.0046));
#2641=CARTESIAN_POINT('',(0.00425,0.01185,-0.0046));
#2642=CARTESIAN_POINT('',(0.00425,0.01185,-0.0046));
#2643=CARTESIAN_POINT('',(0.00475,0.01185,-0.0046));
#2644=CARTESIAN_POINT('',(0.00475,0.01185,-0.0046));
#2645=CARTESIAN_POINT('',(0.00475,0.01185,-0.0051));
#2646=CARTESIAN_POINT('',(0.00475,0.01185,-0.0051));
#2647=CARTESIAN_POINT('',(0.00975,0.01185,-0.0051));
#2648=CARTESIAN_POINT('',(0.00975,0.01185,-0.0051));
#2649=CARTESIAN_POINT('',(0.00975,0.01185,-0.0051));
#2650=CARTESIAN_POINT('',(0.00975,0.01185,-0.0051));
#2651=CARTESIAN_POINT('',(0.00975,0.01185,-0.0046));
#2652=CARTESIAN_POINT('',(0.00975,0.01185,-0.0046));
#2653=CARTESIAN_POINT('',(0.01025,0.01185,-0.0046));
#2654=CARTESIAN_POINT('',(0.01025,0.01185,-0.0046));
#2655=CARTESIAN_POINT('',(0.01025,0.01185,-0.0046));
#2656=CARTESIAN_POINT('',(0.01025,0.01185,-0.0046));
#2657=CARTESIAN_POINT('',(0.01025,0.01185,0.0046));
#2658=CARTESIAN_POINT('',(0.01025,0.01185,0.0046));
#2659=CARTESIAN_POINT('',(0.00975,0.01185,0.0046));
#2660=CARTESIAN_POINT('',(0.00975,0.01185,0.0046));
#2661=CARTESIAN_POINT('',(0.00975,0.01185,0.0051));
#2662=CARTESIAN_POINT('',(0.00975,0.01185,0.0051));
#2663=CARTESIAN_POINT('',(0.00975,0.01185,0.0051));
#2664=CARTESIAN_POINT('',(0.00975,0.01185,0.0051));
#2665=CARTESIAN_POINT('',(0.00475,0.01185,0.0046));
#2666=CARTESIAN_POINT('',(-0.0104,0.01195,0.00525));
#2667=CARTESIAN_POINT('',(-0.00515,0.01195,0.));
#2668=CARTESIAN_POINT('',(-0.00515,0.01195,-0.0008));
#2669=CARTESIAN_POINT('',(-0.00515,0.01195,0.));
#2670=CARTESIAN_POINT('',(-0.00515,0.01195,-0.0025));
#2671=CARTESIAN_POINT('',(-0.00515,0.00487893218813452,0.));
#2672=CARTESIAN_POINT('',(-0.00515,0.0119503153762538,-0.00609979563092231));
#2673=CARTESIAN_POINT('',(-0.00515,0.0119340305101361,-0.00609978955404279));
#2674=CARTESIAN_POINT('',(-0.00515,0.0119165896224169,-0.00609984666846671));
#2675=CARTESIAN_POINT('',(-0.00515,0.0118805769221237,-0.00610177827884722));
#2676=CARTESIAN_POINT('',(-0.00515,0.0118671264575551,-0.0061));
#2677=CARTESIAN_POINT('',(-0.00515,0.01185,-0.0061));
#2678=CARTESIAN_POINT('',(-0.00502032748481293,0.0119462441597244,-0.00609979411170242));
#2679=CARTESIAN_POINT('',(-0.00504890329077878,0.01193227687807,-0.00609979950343637));
#2680=CARTESIAN_POINT('',(-0.00505489253636665,0.0119166578970518,-0.0060998409258197));
#2681=CARTESIAN_POINT('',(-0.00504646930078542,0.0118805536094571,-0.00610178160987265));
#2682=CARTESIAN_POINT('',(-0.00503205681961632,0.0118671264575551,-0.0061));
#2683=CARTESIAN_POINT('',(-0.00501982917206822,0.01185,-0.0061));
#2684=CARTESIAN_POINT('',(-0.00489074727572111,0.0119432791023833,-0.00609627706539349));
#2685=CARTESIAN_POINT('',(-0.00493995661154868,0.011930709825346,-0.00609882903360908));
#2686=CARTESIAN_POINT('',(-0.00494886632971484,0.0119161166932547,-0.00609974130526219));
#2687=CARTESIAN_POINT('',(-0.00493289914707106,0.0118802964762601,-0.0061020600992008));
#2688=CARTESIAN_POINT('',(-0.00490802224626111,0.0118667758651155,-0.0061));
#2689=CARTESIAN_POINT('',(-0.00488965834413644,0.01185,-0.0061));
#2690=CARTESIAN_POINT('',(-0.00463116072888137,0.0119376560360762,-0.00608753976447155));
#2691=CARTESIAN_POINT('',(-0.00470289200232205,0.011926918756557,-0.00609401954227195));
#2692=CARTESIAN_POINT('',(-0.00471393366565067,0.01191363661469,-0.00609710898305949));
#2693=CARTESIAN_POINT('',(-0.00468864868210682,0.011879259103818,-0.00610149534316727));
#2694=CARTESIAN_POINT('',(-0.00465232203523436,0.0118656362583215,-0.0061));
#2695=CARTESIAN_POINT('',(-0.00462931668827289,0.01185,-0.0061));
#2696=CARTESIAN_POINT('',(-0.00450115439113346,0.0119349980271102,-0.00608231950985855));
#2697=CARTESIAN_POINT('',(-0.00457479049635477,0.011924448821609,-0.00609036977413287));
#2698=CARTESIAN_POINT('',(-0.00458504363226754,0.0119114518210395,-0.00609476553478505));
#2699=CARTESIAN_POINT('',(-0.00455797658287158,0.0118783559051314,-0.00610074672449097));
#2700=CARTESIAN_POINT('',(-0.00452065639756284,0.0118648472439671,-0.0061));
#2701=CARTESIAN_POINT('',(-0.00449914586034111,0.01185,-0.0061));
#2702=CARTESIAN_POINT('',(-0.00410958007363578,0.0119246266677724,-0.00607209570237445));
#2703=CARTESIAN_POINT('',(-0.00415631198600867,0.0119140333122772,-0.0060824923741213));
#2704=CARTESIAN_POINT('',(-0.00416227885872027,0.0119020577860335,-0.00608945388222074));
#2705=CARTESIAN_POINT('',(-0.00414464310097292,0.0118745409142987,-0.00609867834037981));
#2706=CARTESIAN_POINT('',(-0.00412104047051397,0.0118622167124781,-0.0061));
#2707=CARTESIAN_POINT('',(-0.00410863337654578,0.01185,-0.0061));
#2708=CARTESIAN_POINT('',(-0.00385146287423259,0.0119207337251706,-0.00607068763106673));
#2709=CARTESIAN_POINT('',(-0.00388012632080833,0.0119094903839661,-0.00608193852944151));
#2710=CARTESIAN_POINT('',(-0.00387942325563079,0.0118968628061322,-0.00608926662167483));
#2711=CARTESIAN_POINT('',(-0.00386359567877778,0.011872173467608,-0.00609829735695408));
#2712=CARTESIAN_POINT('',(-0.00384847116710231,0.0118601117069176,-0.0061));
#2713=CARTESIAN_POINT('',(-0.00384829172068222,0.01185,-0.0061));
#2714=CARTESIAN_POINT('',(-0.00359172153744462,0.0119207106781154,-0.00607071067812192));
#2715=CARTESIAN_POINT('',(-0.00359074513560677,0.0119091175981375,-0.00608230375809877));
#2716=CARTESIAN_POINT('',(-0.00358980226745028,0.0118957931462652,-0.00608962608856829));
#2717=CARTESIAN_POINT('',(-0.00358840473205623,0.0118705875648531,-0.0060984742095189));
#2718=CARTESIAN_POINT('',(-0.00358795006481866,0.0118587064353132,-0.0061));
#2719=CARTESIAN_POINT('',(-0.00358795006481866,0.01185,-0.0061));
#2720=CARTESIAN_POINT('',(-0.00515,0.0119503153762538,-0.00609979563092231));
#2721=CARTESIAN_POINT('',(-0.00502032748481293,0.0119462441597244,-0.00609979411170242));
#2722=CARTESIAN_POINT('',(-0.00489074727572111,0.0119432791023833,-0.00609627706539349));
#2723=CARTESIAN_POINT('',(-0.00463116072888137,0.0119376560360762,-0.00608753976447155));
#2724=CARTESIAN_POINT('',(-0.00450115439113346,0.0119349980271102,-0.00608231950985855));
#2725=CARTESIAN_POINT('',(-0.00410958007363578,0.0119246266677724,-0.00607209570237445));
#2726=CARTESIAN_POINT('',(-0.00385146287423259,0.0119207337251706,-0.00607068763106673));
#2727=CARTESIAN_POINT('',(-0.00359172153744462,0.0119207106781154,-0.00607071067812192));
#2728=CARTESIAN_POINT('',(-0.00359172153744462,0.0119207106781154,-0.00607071067812192));
#2729=CARTESIAN_POINT('',(-0.00515,0.0119503153762538,-0.00609979563092231));
#2730=CARTESIAN_POINT('',(-0.00358795006481866,0.01185,-0.0061));
#2731=CARTESIAN_POINT('',(-0.00358920722236064,0.0118761799387784,-0.0061));
#2732=CARTESIAN_POINT('',(-0.00359046437990262,0.0119021986658733,-0.0060892226903623));
#2733=CARTESIAN_POINT('',(-0.0035917215374446,0.0119207106781154,-0.00607071067812192));
#2734=CARTESIAN_POINT('',(-0.00515,0.0119503153762538,-0.00609979563092231));
#2735=CARTESIAN_POINT('',(-0.00515,0.0119340305101361,-0.00609978955404279));
#2736=CARTESIAN_POINT('',(-0.00515,0.0119165896224169,-0.00609984666846671));
#2737=CARTESIAN_POINT('',(-0.00515,0.0118805769221237,-0.00610177827884722));
#2738=CARTESIAN_POINT('',(-0.00515,0.0118671264575551,-0.0061));
#2739=CARTESIAN_POINT('',(-0.00515,0.01185,-0.0061));
#2740=CARTESIAN_POINT('',(-0.00515,0.0119503153762538,-0.00609979563092231));
#2741=CARTESIAN_POINT('',(-0.00527967251518707,0.0119462441597244,-0.00609979411170244));
#2742=CARTESIAN_POINT('',(-0.0054092527242789,0.0119432791023833,-0.00609627706539353));
#2743=CARTESIAN_POINT('',(-0.00566883927111863,0.0119376560360762,-0.00608753976447161));
#2744=CARTESIAN_POINT('',(-0.00579884560886654,0.0119349980271102,-0.00608231950985861));
#2745=CARTESIAN_POINT('',(-0.00619041992636423,0.0119246266677724,-0.00607209570237445));
#2746=CARTESIAN_POINT('',(-0.00644853712576741,0.0119207337251706,-0.00607068763106673));
#2747=CARTESIAN_POINT('',(-0.00670827846255538,0.0119207106781154,-0.00607071067812192));
#2748=CARTESIAN_POINT('',(-0.00515,0.0119340305101361,-0.00609978955404279));
#2749=CARTESIAN_POINT('',(-0.00525109670922123,0.01193227687807,-0.00609979950343639));
#2750=CARTESIAN_POINT('',(-0.00536004338845133,0.011930709825346,-0.00609882903360911));
#2751=CARTESIAN_POINT('',(-0.00559710799767796,0.011926918756557,-0.00609401954227201));
#2752=CARTESIAN_POINT('',(-0.00572520950364524,0.011924448821609,-0.00609036977413293));
#2753=CARTESIAN_POINT('',(-0.00614368801399134,0.0119140333122772,-0.0060824923741213));
#2754=CARTESIAN_POINT('',(-0.00641987367919167,0.0119094903839661,-0.00608193852944152));
#2755=CARTESIAN_POINT('',(-0.00670925486439323,0.0119091175981375,-0.00608230375809877));
#2756=CARTESIAN_POINT('',(-0.00515,0.0119165896224169,-0.00609984666846671));
#2757=CARTESIAN_POINT('',(-0.00524510746363336,0.0119166578970518,-0.00609984092581971));
#2758=CARTESIAN_POINT('',(-0.00535113367028516,0.0119161166932547,-0.00609974130526221));
#2759=CARTESIAN_POINT('',(-0.00558606633434934,0.01191363661469,-0.00609710898305953));
#2760=CARTESIAN_POINT('',(-0.00571495636773246,0.0119114518210394,-0.00609476553478509));
#2761=CARTESIAN_POINT('',(-0.00613772114127974,0.0119020577860335,-0.00608945388222074));
#2762=CARTESIAN_POINT('',(-0.00642057674436921,0.0118968628061322,-0.00608926662167483));
#2763=CARTESIAN_POINT('',(-0.00671019773254972,0.0118957931462652,-0.00608962608856829));
#2764=CARTESIAN_POINT('',(-0.00515,0.0118805769221237,-0.00610177827884722));
#2765=CARTESIAN_POINT('',(-0.00525353069921458,0.0118805536094571,-0.00610178160987266));
#2766=CARTESIAN_POINT('',(-0.00536710085292895,0.0118802964762602,-0.0061020600992008));
#2767=CARTESIAN_POINT('',(-0.00561135131789318,0.011879259103818,-0.00610149534316728));
#2768=CARTESIAN_POINT('',(-0.00574202341712842,0.0118783559051314,-0.00610074672449099));
#2769=CARTESIAN_POINT('',(-0.00615535689902709,0.0118745409142987,-0.00609867834037981));
#2770=CARTESIAN_POINT('',(-0.00643640432122223,0.011872173467608,-0.00609829735695408));
#2771=CARTESIAN_POINT('',(-0.00671159526794378,0.0118705875648531,-0.0060984742095189));
#2772=CARTESIAN_POINT('',(-0.00515,0.0118671264575551,-0.0061));
#2773=CARTESIAN_POINT('',(-0.00526794318038368,0.0118671264575551,-0.0061));
#2774=CARTESIAN_POINT('',(-0.0053919777537389,0.0118667758651155,-0.0061));
#2775=CARTESIAN_POINT('',(-0.00564767796476564,0.0118656362583215,-0.0061));
#2776=CARTESIAN_POINT('',(-0.00577934360243716,0.0118648472439671,-0.0061));
#2777=CARTESIAN_POINT('',(-0.00617895952948603,0.0118622167124781,-0.0061));
#2778=CARTESIAN_POINT('',(-0.00645152883289769,0.0118601117069176,-0.0061));
#2779=CARTESIAN_POINT('',(-0.00671204993518134,0.0118587064353132,-0.0061));
#2780=CARTESIAN_POINT('',(-0.00515,0.01185,-0.0061));
#2781=CARTESIAN_POINT('',(-0.00528017082793178,0.01185,-0.0061));
#2782=CARTESIAN_POINT('',(-0.00541034165586356,0.01185,-0.0061));
#2783=CARTESIAN_POINT('',(-0.00567068331172712,0.01185,-0.0061));
#2784=CARTESIAN_POINT('',(-0.00580085413965889,0.01185,-0.0061));
#2785=CARTESIAN_POINT('',(-0.00619136662345423,0.01185,-0.0061));
#2786=CARTESIAN_POINT('',(-0.00645170827931778,0.01185,-0.0061));
#2787=CARTESIAN_POINT('',(-0.00671204993518134,0.01185,-0.0061));
#2788=CARTESIAN_POINT('',(-0.00670827846255538,0.0119207106781154,-0.00607071067812192));
#2789=CARTESIAN_POINT('',(-0.00670953562009736,0.0119021986658733,-0.0060892226903623));
#2790=CARTESIAN_POINT('',(-0.00671079277763935,0.0118761799387784,-0.0061));
#2791=CARTESIAN_POINT('',(-0.00671204993518133,0.01185,-0.0061));
#2792=CARTESIAN_POINT('',(-0.00670827846255538,0.0119207106781154,-0.00607071067812192));
#2793=CARTESIAN_POINT('',(-0.00515,0.0119503153762538,-0.00609979563092231));
#2794=CARTESIAN_POINT('',(-0.00527967251518707,0.0119462441597244,-0.00609979411170244));
#2795=CARTESIAN_POINT('',(-0.0054092527242789,0.0119432791023833,-0.00609627706539353));
#2796=CARTESIAN_POINT('',(-0.00566883927111863,0.0119376560360762,-0.00608753976447161));
#2797=CARTESIAN_POINT('',(-0.00579884560886654,0.0119349980271102,-0.00608231950985861));
#2798=CARTESIAN_POINT('',(-0.00619041992636423,0.0119246266677724,-0.00607209570237445));
#2799=CARTESIAN_POINT('',(-0.00644853712576741,0.0119207337251706,-0.00607068763106673));
#2800=CARTESIAN_POINT('',(-0.00670827846255538,0.0119207106781154,-0.00607071067812192));
#2801=CARTESIAN_POINT('',(-0.00515,0.0119503153762538,-0.00609979563092231));
#2802=CARTESIAN_POINT('',(-0.00527967251518707,0.0119543865927833,-0.00609979715014221));
#2803=CARTESIAN_POINT('',(-0.00540892412483188,0.0119602851252319,-0.00609628341138074));
#2804=CARTESIAN_POINT('',(-0.00566657306793789,0.0119731301020783,-0.00608139803456781));
#2805=CARTESIAN_POINT('',(-0.00579497040139911,0.0119800765464759,-0.00607002639651634));
#2806=CARTESIAN_POINT('',(-0.00617886228985877,0.0119985776677583,-0.00602288355843605));
#2807=CARTESIAN_POINT('',(-0.00643609340577272,0.0119958324960619,-0.0059815166204048));
#2808=CARTESIAN_POINT('',(-0.00669062646180929,0.0119792887548652,-0.00593250913588592));
#2809=CARTESIAN_POINT('',(-0.00527967251518707,0.0119462441597244,-0.00609979411170244));
#2810=CARTESIAN_POINT('',(-0.00538046774777316,0.0119509976430785,-0.00609744662371754));
#2811=CARTESIAN_POINT('',(-0.00548749340134967,0.0119567498117405,-0.00609301995662913));
#2812=CARTESIAN_POINT('',(-0.0057128074024858,0.0119688026912308,-0.00607777340458284));
#2813=CARTESIAN_POINT('',(-0.00583110015206949,0.0119751092888138,-0.0060669587000884));
#2814=CARTESIAN_POINT('',(-0.00620104931973376,0.0119926740842007,-0.00602095508336707));
#2815=CARTESIAN_POINT('',(-0.00644946175746758,0.0119890788923882,-0.00598219927090894));
#2816=CARTESIAN_POINT('',(-0.0066916163272572,0.0119734922512905,-0.0059382409446146));
#2817=CARTESIAN_POINT('',(-0.0054092527242789,0.0119432791023833,-0.00609627706539353));
#2818=CARTESIAN_POINT('',(-0.0054879757424489,0.0119484080405269,-0.00609334266573678));
#2819=CARTESIAN_POINT('',(-0.00557800152002157,0.0119537893329941,-0.0060887472498391));
#2820=CARTESIAN_POINT('',(-0.00577712074787765,0.0119645821563039,-0.00607381200257778));
#2821=CARTESIAN_POINT('',(-0.00588622080119716,0.0119700025172785,-0.00606347994190928));
#2822=CARTESIAN_POINT('',(-0.00623677685098241,0.011985590400452,-0.00601930748181861));
#2823=CARTESIAN_POINT('',(-0.00647230825991278,0.0119815655551465,-0.00598309910423938));
#2824=CARTESIAN_POINT('',(-0.00669287091407567,0.0119683039372403,-0.00594502246960852));
#2825=CARTESIAN_POINT('',(-0.00566883927111863,0.0119376560360762,-0.00608753976447161));
#2826=CARTESIAN_POINT('',(-0.00571559822112042,0.0119433111512628,-0.00608366694897512));
#2827=CARTESIAN_POINT('',(-0.00577950876189913,0.011948041941796,-0.00607865120892325));
#2828=CARTESIAN_POINT('',(-0.00593406258292893,0.0119565987192592,-0.00606424964363467));
#2829=CARTESIAN_POINT('',(-0.00602471411697513,0.0119604357438542,-0.00605487353176689));
#2830=CARTESIAN_POINT('',(-0.00632536360257825,0.0119719968159076,-0.00601590611376255));
#2831=CARTESIAN_POINT('',(-0.00652629974454289,0.0119679182174121,-0.00598585064669863));
#2832=CARTESIAN_POINT('',(-0.00669581832963561,0.0119597372387755,-0.00595924212152793));
#2833=CARTESIAN_POINT('',(-0.00579884560886654,0.0119349980271102,-0.00608231950985861));
#2834=CARTESIAN_POINT('',(-0.00583570134019049,0.0119406635070453,-0.0060781177611165));
#2835=CARTESIAN_POINT('',(-0.00589049083771622,0.011945044493087,-0.00607286173118087));
#2836=CARTESIAN_POINT('',(-0.00602666976335264,0.0119525726468198,-0.00605869100717593));
#2837=CARTESIAN_POINT('',(-0.00610806689500545,0.0119557301163316,-0.00604978537891763));
#2838=CARTESIAN_POINT('',(-0.00637821145799974,0.0119653465576069,-0.00601417491817722));
#2839=CARTESIAN_POINT('',(-0.0065574447267278,0.0119617842169193,-0.00598770235582743));
#2840=CARTESIAN_POINT('',(-0.00669751115837708,0.0119563588543609,-0.00596668024845343));
#2841=CARTESIAN_POINT('',(-0.00619041992636423,0.0119246266677724,-0.00607209570237445));
#2842=CARTESIAN_POINT('',(-0.00621379038443422,0.0119302617368659,-0.00606659546047888));
#2843=CARTESIAN_POINT('',(-0.00624924131031983,0.0119343867262319,-0.00606027172806724));
#2844=CARTESIAN_POINT('',(-0.00633538440241145,0.0119409696809462,-0.00604610994406814));
#2845=CARTESIAN_POINT('',(-0.00638608097064154,0.0119434335330492,-0.0060382770729441));
#2846=CARTESIAN_POINT('',(-0.00654762709278124,0.0119503496885514,-0.00601208858665263));
#2847=CARTESIAN_POINT('',(-0.00664734066025074,0.0119497994263921,-0.00599546156212996));
#2848=CARTESIAN_POINT('',(-0.00670311020625875,0.0119498289214497,-0.00598781528622904));
#2849=CARTESIAN_POINT('',(-0.00644853712576741,0.0119207337251706,-0.00607068763106673));
#2850=CARTESIAN_POINT('',(-0.00646286884905528,0.0119263553957728,-0.00606506218187933));
#2851=CARTESIAN_POINT('',(-0.00648552410810898,0.0119309953732508,-0.00605797455555948));
#2852=CARTESIAN_POINT('',(-0.00653771218951229,0.0119385909262572,-0.00604296876932799));
#2853=CARTESIAN_POINT('',(-0.0065672450118619,0.0119415465017856,-0.00603505060941635));
#2854=CARTESIAN_POINT('',(-0.00665150556150094,0.0119483051018949,-0.00601319106030342));
#2855=CARTESIAN_POINT('',(-0.00670189537138059,0.01195,-0.00600114460172413));
#2856=CARTESIAN_POINT('',(-0.00670742325843747,0.01195,-0.006));
#2857=CARTESIAN_POINT('',(-0.00670827846255538,0.0119207106781154,-0.00607071067812192));
#2858=CARTESIAN_POINT('',(-0.00670779026163646,0.0119265072181043,-0.0060649141381335));
#2859=CARTESIAN_POINT('',(-0.00670722219213602,0.0119312360707166,-0.00605774216035753));
#2860=CARTESIAN_POINT('',(-0.00670634705270854,0.0119389015210658,-0.00604267447971615));
#2861=CARTESIAN_POINT('',(-0.0067060399827815,0.0119418381188028,-0.00603477877685075));
#2862=CARTESIAN_POINT('',(-0.00670614137746513,0.0119484742095178,-0.00601304680634891));
#2863=CARTESIAN_POINT('',(-0.00670757244654055,0.01195,-0.00600116567680685));
#2864=CARTESIAN_POINT('',(-0.00671204993518134,0.01195,-0.006));
#2865=CARTESIAN_POINT('',(-0.00671204993518133,0.01195,-0.006));
#2866=CARTESIAN_POINT('',(-0.00671079277763935,0.01195,-0.00602617993878146));
#2867=CARTESIAN_POINT('',(-0.00670953562009736,0.0119392226903597,-0.00605219866587936));
#2868=CARTESIAN_POINT('',(-0.00670827846255538,0.0119207106781154,-0.00607071067812192));
#2869=CARTESIAN_POINT('',(-0.00669062646180926,0.0119792887548652,-0.00593250913588593));
#2870=CARTESIAN_POINT('',(-0.0066964824691932,0.0119607770800732,-0.00595011438831927));
#2871=CARTESIAN_POINT('',(-0.00670423751664746,0.01195,-0.00597498157077638));
#2872=CARTESIAN_POINT('',(-0.00671204993518135,0.01195,-0.006));
#2873=CARTESIAN_POINT('',(-0.00669062646180929,0.0119792887548652,-0.00593250913588592));
#2874=CARTESIAN_POINT('',(-0.00515,0.0119503153762538,-0.00609979563092231));
#2875=CARTESIAN_POINT('',(-0.00527967251518707,0.0119543865927833,-0.00609979715014221));
#2876=CARTESIAN_POINT('',(-0.00540892412483188,0.0119602851252319,-0.00609628341138074));
#2877=CARTESIAN_POINT('',(-0.00566657306793789,0.0119731301020783,-0.00608139803456781));
#2878=CARTESIAN_POINT('',(-0.00579497040139911,0.0119800765464759,-0.00607002639651634));
#2879=CARTESIAN_POINT('',(-0.00605089832703888,0.0119924106273309,-0.00603859783779615));
#2880=CARTESIAN_POINT('',(-0.00617918808742731,0.0119948078546205,-0.00602039896360829));
#2881=CARTESIAN_POINT('',(-0.00643541889080337,0.0119923828536868,-0.00597960648378289));
#2882=CARTESIAN_POINT('',(-0.006563359933791,0.0119875606254635,-0.00595701287814536));
#2883=CARTESIAN_POINT('',(-0.00669062646180929,0.0119792887548652,-0.00593250913588592));
#2884=CARTESIAN_POINT('',(-0.00515,0.0119503153762538,-0.00609979563092231));
#2885=CARTESIAN_POINT('',(-0.00515,0.0119666002423716,-0.00609980170780184));
#2886=CARTESIAN_POINT('',(-0.00515,0.0119839496527415,-0.00609987180461375));
#2887=CARTESIAN_POINT('',(-0.00515,0.012019604718826,-0.00609817213402661));
#2888=CARTESIAN_POINT('',(-0.00515,0.0120329476466094,-0.0061));
#2889=CARTESIAN_POINT('',(-0.00515,0.01205,-0.0061));
#2890=CARTESIAN_POINT('',(-0.00527967251518707,0.0119543865927833,-0.00609979715014221));
#2891=CARTESIAN_POINT('',(-0.00525049375595095,0.0119683337668744,-0.00609981295846683));
#2892=CARTESIAN_POINT('',(-0.00524428209621296,0.011983884288181,-0.00609987677798302));
#2893=CARTESIAN_POINT('',(-0.00525243084110872,0.0120196297649731,-0.00609816908262887));
#2894=CARTESIAN_POINT('',(-0.00526679124574248,0.0120329476466094,-0.0061));
#2895=CARTESIAN_POINT('',(-0.00527875661524986,0.01205,-0.0061));
#2896=CARTESIAN_POINT('',(-0.00540892412483188,0.0119602851252319,-0.00609628341138074));
#2897=CARTESIAN_POINT('',(-0.0053593537441921,0.0119724894548806,-0.00609791859862107));
#2898=CARTESIAN_POINT('',(-0.00535009975114323,0.0119864386795729,-0.00609819226952612));
#2899=CARTESIAN_POINT('',(-0.00536527826067977,0.0120207533445026,-0.00609585973879681));
#2900=CARTESIAN_POINT('',(-0.0053897107632652,0.0120335947084274,-0.00609663351675267));
#2901=CARTESIAN_POINT('',(-0.00540751337389403,0.01205,-0.00609592482059424));
#2902=CARTESIAN_POINT('',(-0.00566657306793789,0.0119731301020783,-0.00608139803456781));
#2903=CARTESIAN_POINT('',(-0.00559546025959353,0.0119833254471242,-0.00608608492937886));
#2904=CARTESIAN_POINT('',(-0.0055840900937622,0.0119945307945346,-0.0060865432713303));
#2905=CARTESIAN_POINT('',(-0.00560782701004419,0.0120242603770739,-0.00608285354215153));
#2906=CARTESIAN_POINT('',(-0.0056429340921575,0.0120354731676582,-0.0060814126939301));
#2907=CARTESIAN_POINT('',(-0.00566477577970243,0.01205,-0.00607960676793352));
#2908=CARTESIAN_POINT('',(-0.00579497040139911,0.0119800765464759,-0.00607002639651634));
#2909=CARTESIAN_POINT('',(-0.00572271590648114,0.0119900177051967,-0.00607616044911884));
#2910=CARTESIAN_POINT('',(-0.00571226568165281,0.0120000804719394,-0.00607659311384675));
#2911=CARTESIAN_POINT('',(-0.00573752053239892,0.0120266498070333,-0.00607216310283256));
#2912=CARTESIAN_POINT('',(-0.00577322560797337,0.012036704565071,-0.00606955734596907));
#2913=CARTESIAN_POINT('',(-0.00579328171386099,0.01205,-0.00606736386543118));
#2914=CARTESIAN_POINT('',(-0.00605089832703888,0.0119924106273309,-0.00603859783779615));
#2915=CARTESIAN_POINT('',(-0.00599723354089631,0.0120036012441138,-0.00604321204959523));
#2916=CARTESIAN_POINT('',(-0.00599009438580358,0.0120119010965158,-0.0060432836385703));
#2917=CARTESIAN_POINT('',(-0.00600950880213438,0.0120317484058701,-0.00603938603702985));
#2918=CARTESIAN_POINT('',(-0.0060360623735579,0.0120390419074506,-0.0060367719576153));
#2919=CARTESIAN_POINT('',(-0.00604978304044784,0.01205,-0.00603465874089417));
#2920=CARTESIAN_POINT('',(-0.00617918808742731,0.0119948078546205,-0.00602039896360829));
#2921=CARTESIAN_POINT('',(-0.00613457903556988,0.0120067338013023,-0.0060233283171051));
#2922=CARTESIAN_POINT('',(-0.00612963504696213,0.0120151609223234,-0.00602260087306393));
#2923=CARTESIAN_POINT('',(-0.00614664324252826,0.0120333258152115,-0.00601840673175217));
#2924=CARTESIAN_POINT('',(-0.00616859542670214,0.0120401478524174,-0.0060158436418351));
#2925=CARTESIAN_POINT('',(-0.00617777872040797,0.01205,-0.00601419645955149));
#2926=CARTESIAN_POINT('',(-0.00643541889080337,0.0119923828536868,-0.00597960648378289));
#2927=CARTESIAN_POINT('',(-0.00641046312344584,0.0120049885456014,-0.00597702150176376));
#2928=CARTESIAN_POINT('',(-0.00640882229493927,0.0120150194638244,-0.00597362275857364));
#2929=CARTESIAN_POINT('',(-0.00641905034891724,0.0120336818204432,-0.00596774414247461));
#2930=CARTESIAN_POINT('',(-0.00643091923140178,0.0120415245018638,-0.00596549032136873));
#2931=CARTESIAN_POINT('',(-0.00643298288602645,0.01205,-0.00596496798535988));
#2932=CARTESIAN_POINT('',(-0.006563359933791,0.0119875606254635,-0.00595701287814536));
#2933=CARTESIAN_POINT('',(-0.00654900171664823,0.012000110732712,-0.00595059841891254));
#2934=CARTESIAN_POINT('',(-0.0065484629420596,0.0120116181795178,-0.00594532968180448));
#2935=CARTESIAN_POINT('',(-0.00655431120755588,0.0120324604163336,-0.00593806538015757));
#2936=CARTESIAN_POINT('',(-0.0065606982476408,0.0120417952063435,-0.00593606981561871));
#2937=CARTESIAN_POINT('',(-0.00656019165984512,0.01205,-0.00593620170152428));
#2938=CARTESIAN_POINT('',(-0.00669062646180929,0.0119792887548652,-0.00593250913588592));
#2939=CARTESIAN_POINT('',(-0.00668864673091347,0.0119908817620146,-0.00592104551842855));
#2940=CARTESIAN_POINT('',(-0.00668770401080817,0.0120042062715779,-0.00591372468606997));
#2941=CARTESIAN_POINT('',(-0.00668680843604548,0.0120294120888502,-0.0059048148300815));
#2942=CARTESIAN_POINT('',(-0.00668685558138809,0.0120412933965592,-0.00590322580645161));
#2943=CARTESIAN_POINT('',(-0.00668685558138809,0.01205,-0.00590322580645161));
#2944=CARTESIAN_POINT('',(-0.0066868555813881,0.01205,-0.00590322580645161));
#2945=CARTESIAN_POINT('',(-0.00668565858480483,0.012023819793925,-0.00590353743452416));
#2946=CARTESIAN_POINT('',(-0.00668717622813223,0.0119978008076665,-0.00591427873218614));
#2947=CARTESIAN_POINT('',(-0.00669062646180926,0.0119792887548652,-0.00593250913588593));
#2948=CARTESIAN_POINT('',(-0.00515,0.0119503153762538,-0.00609979563092231));
#2949=CARTESIAN_POINT('',(-0.00515,0.0119666002423716,-0.00609980170780184));
#2950=CARTESIAN_POINT('',(-0.00515,0.0119839496527415,-0.00609987180461375));
#2951=CARTESIAN_POINT('',(-0.00515,0.012019604718826,-0.00609817213402661));
#2952=CARTESIAN_POINT('',(-0.00515,0.0120329476466094,-0.0061));
#2953=CARTESIAN_POINT('',(-0.00515,0.01205,-0.0061));
#2954=CARTESIAN_POINT('',(-0.00515,0.0119503153762538,-0.00609979563092231));
#2955=CARTESIAN_POINT('',(-0.00502032748481293,0.0119543865927833,-0.00609979715014218));
#2956=CARTESIAN_POINT('',(-0.00489107587516813,0.0119602851252319,-0.0060962834113807));
#2957=CARTESIAN_POINT('',(-0.00463342693206211,0.0119731301020783,-0.00608139803456775));
#2958=CARTESIAN_POINT('',(-0.0045050295986009,0.0119800765464759,-0.00607002639651628));
#2959=CARTESIAN_POINT('',(-0.00424910167296113,0.0119924106273309,-0.00603859783779612));
#2960=CARTESIAN_POINT('',(-0.0041208119125727,0.0119948078546205,-0.00602039896360827));
#2961=CARTESIAN_POINT('',(-0.00386458110919664,0.0119923828536868,-0.00597960648378289));
#2962=CARTESIAN_POINT('',(-0.00373664006620901,0.0119875606254635,-0.00595701287814536));
#2963=CARTESIAN_POINT('',(-0.00360937353819072,0.0119792887548652,-0.00593250913588592));
#2964=CARTESIAN_POINT('',(-0.00515,0.0119666002423716,-0.00609980170780184));
#2965=CARTESIAN_POINT('',(-0.00504950624404905,0.0119683337668744,-0.00609981295846681));
#2966=CARTESIAN_POINT('',(-0.0049406462558079,0.0119724894548806,-0.00609791859862104));
#2967=CARTESIAN_POINT('',(-0.00470453974040647,0.0119833254471242,-0.00608608492937882));
#2968=CARTESIAN_POINT('',(-0.00457728409351886,0.0119900177051967,-0.00607616044911878));
#2969=CARTESIAN_POINT('',(-0.0043027664591037,0.0120036012441138,-0.00604321204959521));
#2970=CARTESIAN_POINT('',(-0.00416542096443013,0.0120067338013023,-0.00602332831710509));
#2971=CARTESIAN_POINT('',(-0.00388953687655417,0.0120049885456014,-0.00597702150176376));
#2972=CARTESIAN_POINT('',(-0.00375099828335177,0.012000110732712,-0.00595059841891254));
#2973=CARTESIAN_POINT('',(-0.00361135326908654,0.0119908817620146,-0.00592104551842855));
#2974=CARTESIAN_POINT('',(-0.00515,0.0119839496527415,-0.00609987180461375));
#2975=CARTESIAN_POINT('',(-0.00505571790378704,0.011983884288181,-0.00609987677798301));
#2976=CARTESIAN_POINT('',(-0.00494990024885678,0.0119864386795729,-0.0060981922695261));
#2977=CARTESIAN_POINT('',(-0.0047159099062378,0.0119945307945346,-0.00608654327133027));
#2978=CARTESIAN_POINT('',(-0.0045877343183472,0.0120000804719394,-0.00607659311384671));
#2979=CARTESIAN_POINT('',(-0.00430990561419643,0.0120119010965158,-0.00604328363857029));
#2980=CARTESIAN_POINT('',(-0.00417036495303788,0.0120151609223234,-0.00602260087306392));
#2981=CARTESIAN_POINT('',(-0.00389117770506073,0.0120150194638244,-0.00597362275857364));
#2982=CARTESIAN_POINT('',(-0.0037515370579404,0.0120116181795178,-0.00594532968180448));
#2983=CARTESIAN_POINT('',(-0.00361229598919183,0.0120042062715779,-0.00591372468606997));
#2984=CARTESIAN_POINT('',(-0.00515,0.012019604718826,-0.00609817213402661));
#2985=CARTESIAN_POINT('',(-0.00504756915889128,0.0120196297649731,-0.00609816908262886));
#2986=CARTESIAN_POINT('',(-0.00493472173932023,0.0120207533445026,-0.0060958597387968));
#2987=CARTESIAN_POINT('',(-0.00469217298995581,0.0120242603770739,-0.00608285354215152));
#2988=CARTESIAN_POINT('',(-0.00456247946760108,0.0120266498070333,-0.00607216310283255));
#2989=CARTESIAN_POINT('',(-0.00429049119786563,0.0120317484058701,-0.00603938603702985));
#2990=CARTESIAN_POINT('',(-0.00415335675747174,0.0120333258152115,-0.00601840673175217));
#2991=CARTESIAN_POINT('',(-0.00388094965108276,0.0120336818204432,-0.00596774414247461));
#2992=CARTESIAN_POINT('',(-0.00374568879244413,0.0120324604163336,-0.00593806538015757));
#2993=CARTESIAN_POINT('',(-0.00361319156395452,0.0120294120888502,-0.0059048148300815));
#2994=CARTESIAN_POINT('',(-0.00515,0.0120329476466094,-0.0061));
#2995=CARTESIAN_POINT('',(-0.00503320875425753,0.0120329476466094,-0.0061));
#2996=CARTESIAN_POINT('',(-0.00491028923673481,0.0120335947084274,-0.00609663351675267));
#2997=CARTESIAN_POINT('',(-0.0046570659078425,0.0120354731676582,-0.0060814126939301));
#2998=CARTESIAN_POINT('',(-0.00452677439202663,0.012036704565071,-0.00606955734596908));
#2999=CARTESIAN_POINT('',(-0.0042639376264421,0.0120390419074506,-0.0060367719576153));
#3000=CARTESIAN_POINT('',(-0.00413140457329787,0.0120401478524174,-0.0060158436418351));
#3001=CARTESIAN_POINT('',(-0.00386908076859822,0.0120415245018638,-0.00596549032136873));
#3002=CARTESIAN_POINT('',(-0.00373930175235921,0.0120417952063435,-0.00593606981561871));
#3003=CARTESIAN_POINT('',(-0.00361314441861191,0.0120412933965592,-0.00590322580645161));
#3004=CARTESIAN_POINT('',(-0.00515,0.01205,-0.0061));
#3005=CARTESIAN_POINT('',(-0.00502124338475015,0.01205,-0.0061));
#3006=CARTESIAN_POINT('',(-0.00489248662610598,0.01205,-0.00609592482059424));
#3007=CARTESIAN_POINT('',(-0.00463522422029757,0.01205,-0.00607960676793352));
#3008=CARTESIAN_POINT('',(-0.00450671828613902,0.01205,-0.00606736386543118));
#3009=CARTESIAN_POINT('',(-0.00425021695955216,0.01205,-0.00603465874089417));
#3010=CARTESIAN_POINT('',(-0.00412222127959203,0.01205,-0.00601419645955149));
#3011=CARTESIAN_POINT('',(-0.00386701711397356,0.01205,-0.00596496798535988));
#3012=CARTESIAN_POINT('',(-0.00373980834015488,0.01205,-0.00593620170152428));
#3013=CARTESIAN_POINT('',(-0.00361314441861191,0.01205,-0.00590322580645161));
#3014=CARTESIAN_POINT('',(-0.00360937353819072,0.0119792887548652,-0.00593250913588592));
#3015=CARTESIAN_POINT('',(-0.00361282377186776,0.0119978008076665,-0.00591427873218614));
#3016=CARTESIAN_POINT('',(-0.00361434141519517,0.012023819793925,-0.00590353743452416));
#3017=CARTESIAN_POINT('',(-0.00361314441861191,0.01205,-0.00590322580645161));
#3018=CARTESIAN_POINT('',(-0.00360937353819072,0.0119792887548652,-0.00593250913588592));
#3019=CARTESIAN_POINT('',(-0.00515,0.0119503153762538,-0.00609979563092231));
#3020=CARTESIAN_POINT('',(-0.00502032748481293,0.0119543865927833,-0.00609979715014218));
#3021=CARTESIAN_POINT('',(-0.00489107587516813,0.0119602851252319,-0.0060962834113807));
#3022=CARTESIAN_POINT('',(-0.00463342693206211,0.0119731301020783,-0.00608139803456775));
#3023=CARTESIAN_POINT('',(-0.0045050295986009,0.0119800765464759,-0.00607002639651628));
#3024=CARTESIAN_POINT('',(-0.00424910167296113,0.0119924106273309,-0.00603859783779612));
#3025=CARTESIAN_POINT('',(-0.0041208119125727,0.0119948078546205,-0.00602039896360827));
#3026=CARTESIAN_POINT('',(-0.00386458110919664,0.0119923828536868,-0.00597960648378289));
#3027=CARTESIAN_POINT('',(-0.00373664006620901,0.0119875606254635,-0.00595701287814536));
#3028=CARTESIAN_POINT('',(-0.00360937353819072,0.0119792887548652,-0.00593250913588592));
#3029=CARTESIAN_POINT('',(-0.00515,0.0119503153762538,0.00609979563092231));
#3030=CARTESIAN_POINT('',(-0.00527967251518706,0.0119543865927833,0.0060997971501422));
#3031=CARTESIAN_POINT('',(-0.00540892412483186,0.0119602851252319,0.00609628341138072));
#3032=CARTESIAN_POINT('',(-0.00566657306793787,0.0119731301020783,0.00608139803456779));
#3033=CARTESIAN_POINT('',(-0.00579497040139908,0.0119800765464759,0.00607002639651633));
#3034=CARTESIAN_POINT('',(-0.00605089832703885,0.0119924106273309,0.00603859783779614));
#3035=CARTESIAN_POINT('',(-0.00617918808742729,0.0119948078546205,0.00602039896360829));
#3036=CARTESIAN_POINT('',(-0.00643541889080336,0.0119923828536868,0.00597960648378289));
#3037=CARTESIAN_POINT('',(-0.00656335993379099,0.0119875606254635,0.00595701287814536));
#3038=CARTESIAN_POINT('',(-0.00669062646180929,0.0119792887548652,0.00593250913588592));
#3039=CARTESIAN_POINT('',(-0.00515,0.0119666002423716,0.00609980170780184));
#3040=CARTESIAN_POINT('',(-0.00525049375595095,0.0119683337668744,0.00609981295846683));
#3041=CARTESIAN_POINT('',(-0.00535935374419209,0.0119724894548806,0.00609791859862106));
#3042=CARTESIAN_POINT('',(-0.00559546025959352,0.0119833254471242,0.00608608492937885));
#3043=CARTESIAN_POINT('',(-0.00572271590648113,0.0119900177051967,0.00607616044911882));
#3044=CARTESIAN_POINT('',(-0.00599723354089629,0.0120036012441138,0.00604321204959522));
#3045=CARTESIAN_POINT('',(-0.00613457903556986,0.0120067338013023,0.0060233283171051));
#3046=CARTESIAN_POINT('',(-0.00641046312344582,0.0120049885456014,0.00597702150176376));
#3047=CARTESIAN_POINT('',(-0.00654900171664822,0.012000110732712,0.00595059841891254));
#3048=CARTESIAN_POINT('',(-0.00668864673091347,0.0119908817620146,0.00592104551842855));
#3049=CARTESIAN_POINT('',(-0.00515,0.0119839496527415,0.00609987180461374));
#3050=CARTESIAN_POINT('',(-0.00524428209621295,0.011983884288181,0.00609987677798302));
#3051=CARTESIAN_POINT('',(-0.00535009975114322,0.0119864386795729,0.00609819226952611));
#3052=CARTESIAN_POINT('',(-0.00558409009376219,0.0119945307945346,0.00608654327133029));
#3053=CARTESIAN_POINT('',(-0.00571226568165279,0.0120000804719394,0.00607659311384673));
#3054=CARTESIAN_POINT('',(-0.00599009438580356,0.0120119010965158,0.0060432836385703));
#3055=CARTESIAN_POINT('',(-0.00612963504696211,0.0120151609223234,0.00602260087306393));
#3056=CARTESIAN_POINT('',(-0.00640882229493926,0.0120150194638244,0.00597362275857365));
#3057=CARTESIAN_POINT('',(-0.00654846294205959,0.0120116181795178,0.00594532968180448));
#3058=CARTESIAN_POINT('',(-0.00668770401080817,0.0120042062715779,0.00591372468606997));
#3059=CARTESIAN_POINT('',(-0.00515,0.012019604718826,0.00609817213402661));
#3060=CARTESIAN_POINT('',(-0.00525243084110872,0.0120196297649731,0.00609816908262886));
#3061=CARTESIAN_POINT('',(-0.00536527826067977,0.0120207533445026,0.00609585973879681));
#3062=CARTESIAN_POINT('',(-0.00560782701004418,0.0120242603770739,0.00608285354215152));
#3063=CARTESIAN_POINT('',(-0.00573752053239891,0.0120266498070333,0.00607216310283256));
#3064=CARTESIAN_POINT('',(-0.00600950880213436,0.0120317484058701,0.00603938603702985));
#3065=CARTESIAN_POINT('',(-0.00614664324252824,0.0120333258152115,0.00601840673175217));
#3066=CARTESIAN_POINT('',(-0.00641905034891724,0.0120336818204432,0.00596774414247461));
#3067=CARTESIAN_POINT('',(-0.00655431120755587,0.0120324604163336,0.00593806538015757));
#3068=CARTESIAN_POINT('',(-0.00668680843604548,0.0120294120888502,0.0059048148300815));
#3069=CARTESIAN_POINT('',(-0.00515,0.0120329476466094,0.0061));
#3070=CARTESIAN_POINT('',(-0.00526679124574247,0.0120329476466094,0.0061));
#3071=CARTESIAN_POINT('',(-0.00538971076326519,0.0120335947084274,0.00609663351675267));
#3072=CARTESIAN_POINT('',(-0.0056429340921575,0.0120354731676582,0.0060814126939301));
#3073=CARTESIAN_POINT('',(-0.00577322560797336,0.012036704565071,0.00606955734596908));
#3074=CARTESIAN_POINT('',(-0.00603606237355789,0.0120390419074506,0.0060367719576153));
#3075=CARTESIAN_POINT('',(-0.00616859542670213,0.0120401478524174,0.0060158436418351));
#3076=CARTESIAN_POINT('',(-0.00643091923140177,0.0120415245018638,0.00596549032136873));
#3077=CARTESIAN_POINT('',(-0.00656069824764079,0.0120417952063435,0.00593606981561872));
#3078=CARTESIAN_POINT('',(-0.00668685558138809,0.0120412933965592,0.00590322580645161));
#3079=CARTESIAN_POINT('',(-0.00515,0.01205,0.0061));
#3080=CARTESIAN_POINT('',(-0.00527875661524985,0.01205,0.0061));
#3081=CARTESIAN_POINT('',(-0.00540751337389403,0.01205,0.00609592482059424));
#3082=CARTESIAN_POINT('',(-0.00566477577970243,0.01205,0.00607960676793352));
#3083=CARTESIAN_POINT('',(-0.00579328171386098,0.01205,0.00606736386543118));
#3084=CARTESIAN_POINT('',(-0.00604978304044784,0.01205,0.00603465874089417));
#3085=CARTESIAN_POINT('',(-0.00617777872040797,0.01205,0.00601419645955149));
#3086=CARTESIAN_POINT('',(-0.00643298288602644,0.01205,0.00596496798535988));
#3087=CARTESIAN_POINT('',(-0.00656019165984512,0.01205,0.00593620170152428));
#3088=CARTESIAN_POINT('',(-0.00668685558138809,0.01205,0.00590322580645161));
#3089=CARTESIAN_POINT('',(-0.00515,0.0119503153762538,0.00609979563092231));
#3090=CARTESIAN_POINT('',(-0.00515,0.0119666002423716,0.00609980170780184));
#3091=CARTESIAN_POINT('',(-0.00515,0.0119839496527415,0.00609987180461374));
#3092=CARTESIAN_POINT('',(-0.00515,0.012019604718826,0.00609817213402661));
#3093=CARTESIAN_POINT('',(-0.00515,0.0120329476466094,0.0061));
#3094=CARTESIAN_POINT('',(-0.00515,0.01205,0.0061));
#3095=CARTESIAN_POINT('',(-0.00515,0.0119503153762538,0.00609979563092231));
#3096=CARTESIAN_POINT('',(-0.00669062646180929,0.0119792887548652,0.00593250913588592));
#3097=CARTESIAN_POINT('',(-0.00668717622813225,0.0119978008076665,0.00591427873218614));
#3098=CARTESIAN_POINT('',(-0.00668565858480484,0.012023819793925,0.00590353743452416));
#3099=CARTESIAN_POINT('',(-0.0066868555813881,0.01205,0.00590322580645161));
#3100=CARTESIAN_POINT('',(-0.00669062646180928,0.0119792887548652,0.00593250913588592));
#3101=CARTESIAN_POINT('',(-0.00515,0.0119503153762538,0.00609979563092231));
#3102=CARTESIAN_POINT('',(-0.00527967251518706,0.0119543865927833,0.0060997971501422));
#3103=CARTESIAN_POINT('',(-0.00540892412483186,0.0119602851252319,0.00609628341138073));
#3104=CARTESIAN_POINT('',(-0.00566657306793787,0.0119731301020783,0.00608139803456779));
#3105=CARTESIAN_POINT('',(-0.00579497040139908,0.0119800765464759,0.00607002639651633));
#3106=CARTESIAN_POINT('',(-0.00617886228985874,0.0119985776677583,0.00602288355843605));
#3107=CARTESIAN_POINT('',(-0.00643609340577269,0.0119958324960619,0.0059815166204048));
#3108=CARTESIAN_POINT('',(-0.00669062646180929,0.0119792887548652,0.00593250913588592));
#3109=CARTESIAN_POINT('',(-0.00515,0.0119503153762538,0.00609979563092231));
#3110=CARTESIAN_POINT('',(-0.00527967251518707,0.0119462441597244,0.00609979411170244));
#3111=CARTESIAN_POINT('',(-0.00540925272427888,0.0119432791023833,0.00609627706539352));
#3112=CARTESIAN_POINT('',(-0.00566883927111861,0.0119376560360762,0.00608753976447159));
#3113=CARTESIAN_POINT('',(-0.00579884560886651,0.0119349980271102,0.00608231950985859));
#3114=CARTESIAN_POINT('',(-0.00619041992636421,0.0119246266677724,0.00607209570237445));
#3115=CARTESIAN_POINT('',(-0.00644853712576739,0.0119207337251706,0.00607068763106673));
#3116=CARTESIAN_POINT('',(-0.00670827846255538,0.0119207106781154,0.00607071067812192));
#3117=CARTESIAN_POINT('',(-0.00527967251518706,0.0119543865927833,0.0060997971501422));
#3118=CARTESIAN_POINT('',(-0.00538046774777315,0.0119509976430785,0.00609744662371752));
#3119=CARTESIAN_POINT('',(-0.00548797574244888,0.0119484080405269,0.00609334266573676));
#3120=CARTESIAN_POINT('',(-0.00571559822112039,0.0119433111512628,0.0060836669489751));
#3121=CARTESIAN_POINT('',(-0.00583570134019046,0.0119406635070454,0.00607811776111648));
#3122=CARTESIAN_POINT('',(-0.00621379038443419,0.011930261736866,0.00606659546047888));
#3123=CARTESIAN_POINT('',(-0.00646286884905527,0.0119263553957728,0.00606506218187933));
#3124=CARTESIAN_POINT('',(-0.00670779026163646,0.0119265072181043,0.0060649141381335));
#3125=CARTESIAN_POINT('',(-0.00540892412483186,0.0119602851252319,0.00609628341138073));
#3126=CARTESIAN_POINT('',(-0.00548749340134965,0.0119567498117405,0.00609301995662911));
#3127=CARTESIAN_POINT('',(-0.00557800152002155,0.0119537893329941,0.00608874724983908));
#3128=CARTESIAN_POINT('',(-0.0057795087618991,0.011948041941796,0.00607865120892323));
#3129=CARTESIAN_POINT('',(-0.00589049083771619,0.011945044493087,0.00607286173118085));
#3130=CARTESIAN_POINT('',(-0.0062492413103198,0.0119343867262319,0.00606027172806724));
#3131=CARTESIAN_POINT('',(-0.00648552410810897,0.0119309953732508,0.00605797455555948));
#3132=CARTESIAN_POINT('',(-0.00670722219213602,0.0119312360707166,0.00605774216035753));
#3133=CARTESIAN_POINT('',(-0.00566657306793787,0.0119731301020783,0.00608139803456779));
#3134=CARTESIAN_POINT('',(-0.00571280740248577,0.0119688026912308,0.00607777340458282));
#3135=CARTESIAN_POINT('',(-0.00577712074787763,0.0119645821563039,0.00607381200257776));
#3136=CARTESIAN_POINT('',(-0.0059340625829289,0.0119565987192592,0.00606424964363465));
#3137=CARTESIAN_POINT('',(-0.00602666976335261,0.0119525726468198,0.00605869100717591));
#3138=CARTESIAN_POINT('',(-0.00633538440241143,0.0119409696809462,0.00604610994406813));
#3139=CARTESIAN_POINT('',(-0.00653771218951229,0.0119385909262572,0.00604296876932799));
#3140=CARTESIAN_POINT('',(-0.00670634705270854,0.0119389015210658,0.00604267447971615));
#3141=CARTESIAN_POINT('',(-0.00579497040139908,0.0119800765464759,0.00607002639651633));
#3142=CARTESIAN_POINT('',(-0.00583110015206946,0.0119751092888138,0.00606695870008838));
#3143=CARTESIAN_POINT('',(-0.00588622080119713,0.0119700025172785,0.00606347994190926));
#3144=CARTESIAN_POINT('',(-0.0060247141169751,0.0119604357438542,0.00605487353176688));
#3145=CARTESIAN_POINT('',(-0.00610806689500542,0.0119557301163317,0.00604978537891761));
#3146=CARTESIAN_POINT('',(-0.00638608097064152,0.0119434335330492,0.0060382770729441));
#3147=CARTESIAN_POINT('',(-0.0065672450118619,0.0119415465017856,0.00603505060941634));
#3148=CARTESIAN_POINT('',(-0.0067060399827815,0.0119418381188028,0.00603477877685075));
#3149=CARTESIAN_POINT('',(-0.00617886228985874,0.0119985776677583,0.00602288355843605));
#3150=CARTESIAN_POINT('',(-0.00620104931973373,0.0119926740842007,0.00602095508336707));
#3151=CARTESIAN_POINT('',(-0.00623677685098237,0.011985590400452,0.00601930748181862));
#3152=CARTESIAN_POINT('',(-0.00632536360257822,0.0119719968159076,0.00601590611376255));
#3153=CARTESIAN_POINT('',(-0.00637821145799971,0.0119653465576069,0.00601417491817722));
#3154=CARTESIAN_POINT('',(-0.00654762709278123,0.0119503496885514,0.00601208858665263));
#3155=CARTESIAN_POINT('',(-0.00665150556150094,0.0119483051018949,0.00601319106030342));
#3156=CARTESIAN_POINT('',(-0.00670614137746513,0.0119484742095178,0.00601304680634891));
#3157=CARTESIAN_POINT('',(-0.00643609340577269,0.0119958324960619,0.0059815166204048));
#3158=CARTESIAN_POINT('',(-0.00644946175746756,0.0119890788923882,0.00598219927090894));
#3159=CARTESIAN_POINT('',(-0.00647230825991275,0.0119815655551465,0.00598309910423939));
#3160=CARTESIAN_POINT('',(-0.00652629974454286,0.0119679182174121,0.00598585064669863));
#3161=CARTESIAN_POINT('',(-0.00655744472672778,0.0119617842169193,0.00598770235582743));
#3162=CARTESIAN_POINT('',(-0.00664734066025073,0.0119497994263921,0.00599546156212996));
#3163=CARTESIAN_POINT('',(-0.00670189537138059,0.01195,0.00600114460172413));
#3164=CARTESIAN_POINT('',(-0.00670757244654055,0.01195,0.00600116567680685));
#3165=CARTESIAN_POINT('',(-0.00669062646180929,0.0119792887548652,0.00593250913588592));
#3166=CARTESIAN_POINT('',(-0.00669161632725719,0.0119734922512905,0.00593824094461461));
#3167=CARTESIAN_POINT('',(-0.00669287091407567,0.0119683039372403,0.00594502246960852));
#3168=CARTESIAN_POINT('',(-0.00669581832963561,0.0119597372387755,0.00595924212152793));
#3169=CARTESIAN_POINT('',(-0.00669751115837707,0.0119563588543609,0.00596668024845343));
#3170=CARTESIAN_POINT('',(-0.00670311020625875,0.0119498289214497,0.00598781528622904));
#3171=CARTESIAN_POINT('',(-0.00670742325843747,0.01195,0.006));
#3172=CARTESIAN_POINT('',(-0.00671204993518134,0.01195,0.006));
#3173=CARTESIAN_POINT('',(-0.00671204993518135,0.01195,0.00599999999999999));
#3174=CARTESIAN_POINT('',(-0.00670423751664747,0.01195,0.00597498157077638));
#3175=CARTESIAN_POINT('',(-0.00669648246919323,0.0119607770800732,0.00595011438831927));
#3176=CARTESIAN_POINT('',(-0.00669062646180929,0.0119792887548652,0.00593250913588592));
#3177=CARTESIAN_POINT('',(-0.00670827846255538,0.0119207106781154,0.00607071067812192));
#3178=CARTESIAN_POINT('',(-0.00670953562009736,0.0119392226903597,0.00605219866587936));
#3179=CARTESIAN_POINT('',(-0.00671079277763935,0.01195,0.00602617993878146));
#3180=CARTESIAN_POINT('',(-0.00671204993518133,0.01195,0.006));
#3181=CARTESIAN_POINT('',(-0.00670827846255538,0.0119207106781154,0.00607071067812192));
#3182=CARTESIAN_POINT('',(-0.00515,0.0119503153762538,0.00609979563092231));
#3183=CARTESIAN_POINT('',(-0.00527967251518706,0.0119462441597244,0.00609979411170244));
#3184=CARTESIAN_POINT('',(-0.00540925272427888,0.0119432791023833,0.00609627706539352));
#3185=CARTESIAN_POINT('',(-0.00566883927111861,0.0119376560360762,0.0060875397644716));
#3186=CARTESIAN_POINT('',(-0.00579884560886651,0.0119349980271102,0.00608231950985859));
#3187=CARTESIAN_POINT('',(-0.00619041992636421,0.0119246266677724,0.00607209570237445));
#3188=CARTESIAN_POINT('',(-0.00644853712576739,0.0119207337251706,0.00607068763106673));
#3189=CARTESIAN_POINT('',(-0.00670827846255538,0.0119207106781154,0.00607071067812192));
#3190=CARTESIAN_POINT('',(-0.00515,0.0119503153762538,0.00609979563092231));
#3191=CARTESIAN_POINT('',(-0.00515,0.0119340305101361,0.00609978955404279));
#3192=CARTESIAN_POINT('',(-0.00515,0.0119165896224169,0.00609984666846671));
#3193=CARTESIAN_POINT('',(-0.00515,0.0118805769221237,0.00610177827884722));
#3194=CARTESIAN_POINT('',(-0.00515,0.0118671264575551,0.0061));
#3195=CARTESIAN_POINT('',(-0.00515,0.01185,0.0061));
#3196=CARTESIAN_POINT('',(-0.00527967251518706,0.0119462441597244,0.00609979411170244));
#3197=CARTESIAN_POINT('',(-0.00525109670922122,0.01193227687807,0.00609979950343638));
#3198=CARTESIAN_POINT('',(-0.00524510746363335,0.0119166578970518,0.00609984092581971));
#3199=CARTESIAN_POINT('',(-0.00525353069921458,0.0118805536094571,0.00610178160987266));
#3200=CARTESIAN_POINT('',(-0.00526794318038368,0.0118671264575551,0.0061));
#3201=CARTESIAN_POINT('',(-0.00528017082793178,0.01185,0.0061));
#3202=CARTESIAN_POINT('',(-0.00540925272427888,0.0119432791023833,0.00609627706539352));
#3203=CARTESIAN_POINT('',(-0.00536004338845132,0.011930709825346,0.0060988290336091));
#3204=CARTESIAN_POINT('',(-0.00535113367028515,0.0119161166932547,0.00609974130526221));
#3205=CARTESIAN_POINT('',(-0.00536710085292894,0.0118802964762602,0.0061020600992008));
#3206=CARTESIAN_POINT('',(-0.00539197775373889,0.0118667758651155,0.0061));
#3207=CARTESIAN_POINT('',(-0.00541034165586355,0.01185,0.0061));
#3208=CARTESIAN_POINT('',(-0.00566883927111861,0.0119376560360762,0.0060875397644716));
#3209=CARTESIAN_POINT('',(-0.00559710799767793,0.011926918756557,0.00609401954227199));
#3210=CARTESIAN_POINT('',(-0.00558606633434932,0.01191363661469,0.00609710898305952));
#3211=CARTESIAN_POINT('',(-0.00561135131789317,0.011879259103818,0.00610149534316728));
#3212=CARTESIAN_POINT('',(-0.00564767796476563,0.0118656362583215,0.0061));
#3213=CARTESIAN_POINT('',(-0.00567068331172711,0.01185,0.0061));
#3214=CARTESIAN_POINT('',(-0.00579884560886651,0.0119349980271102,0.00608231950985859));
#3215=CARTESIAN_POINT('',(-0.00572520950364521,0.011924448821609,0.00609036977413291));
#3216=CARTESIAN_POINT('',(-0.00571495636773244,0.0119114518210395,0.00609476553478508));
#3217=CARTESIAN_POINT('',(-0.00574202341712841,0.0118783559051314,0.00610074672449098));
#3218=CARTESIAN_POINT('',(-0.00577934360243716,0.0118648472439671,0.0061));
#3219=CARTESIAN_POINT('',(-0.00580085413965889,0.01185,0.0061));
#3220=CARTESIAN_POINT('',(-0.00619041992636421,0.0119246266677724,0.00607209570237445));
#3221=CARTESIAN_POINT('',(-0.0061436880139913,0.0119140333122772,0.0060824923741213));
#3222=CARTESIAN_POINT('',(-0.00613772114127971,0.0119020577860335,0.00608945388222074));
#3223=CARTESIAN_POINT('',(-0.00615535689902707,0.0118745409142987,0.00609867834037981));
#3224=CARTESIAN_POINT('',(-0.00617895952948603,0.0118622167124781,0.0061));
#3225=CARTESIAN_POINT('',(-0.00619136662345422,0.01185,0.0061));
#3226=CARTESIAN_POINT('',(-0.00644853712576739,0.0119207337251706,0.00607068763106673));
#3227=CARTESIAN_POINT('',(-0.00641987367919164,0.0119094903839661,0.00608193852944151));
#3228=CARTESIAN_POINT('',(-0.00642057674436919,0.0118968628061322,0.00608926662167483));
#3229=CARTESIAN_POINT('',(-0.00643640432122221,0.011872173467608,0.00609829735695408));
#3230=CARTESIAN_POINT('',(-0.00645152883289769,0.0118601117069176,0.0061));
#3231=CARTESIAN_POINT('',(-0.00645170827931778,0.01185,0.0061));
#3232=CARTESIAN_POINT('',(-0.00670827846255538,0.0119207106781154,0.00607071067812192));
#3233=CARTESIAN_POINT('',(-0.00670925486439323,0.0119091175981375,0.00608230375809877));
#3234=CARTESIAN_POINT('',(-0.00671019773254972,0.0118957931462652,0.00608962608856829));
#3235=CARTESIAN_POINT('',(-0.00671159526794378,0.0118705875648531,0.0060984742095189));
#3236=CARTESIAN_POINT('',(-0.00671204993518134,0.0118587064353132,0.0061));
#3237=CARTESIAN_POINT('',(-0.00671204993518134,0.01185,0.0061));
#3238=CARTESIAN_POINT('',(-0.00671204993518133,0.01185,0.0061));
#3239=CARTESIAN_POINT('',(-0.00671079277763935,0.0118761799387784,0.0061));
#3240=CARTESIAN_POINT('',(-0.00670953562009736,0.0119021986658733,0.0060892226903623));
#3241=CARTESIAN_POINT('',(-0.00670827846255538,0.0119207106781154,0.00607071067812192));
#3242=CARTESIAN_POINT('',(-0.00515,0.0119503153762538,0.00609979563092231));
#3243=CARTESIAN_POINT('',(-0.00515,0.0119340305101361,0.00609978955404279));
#3244=CARTESIAN_POINT('',(-0.00515,0.0119165896224169,0.00609984666846671));
#3245=CARTESIAN_POINT('',(-0.00515,0.0118805769221237,0.00610177827884722));
#3246=CARTESIAN_POINT('',(-0.00515,0.0118671264575551,0.0061));
#3247=CARTESIAN_POINT('',(-0.00515,0.01185,0.0061));
#3248=CARTESIAN_POINT('',(-0.00515,0.0119503153762538,0.00609979563092231));
#3249=CARTESIAN_POINT('',(-0.00502032748481294,0.0119462441597244,0.00609979411170243));
#3250=CARTESIAN_POINT('',(-0.00489074727572112,0.0119432791023833,0.0060962770653935));
#3251=CARTESIAN_POINT('',(-0.00463116072888139,0.0119376560360762,0.00608753976447157));
#3252=CARTESIAN_POINT('',(-0.00450115439113349,0.0119349980271102,0.00608231950985857));
#3253=CARTESIAN_POINT('',(-0.0041095800736358,0.0119246266677724,0.00607209570237445));
#3254=CARTESIAN_POINT('',(-0.00385146287423261,0.0119207337251706,0.00607068763106673));
#3255=CARTESIAN_POINT('',(-0.00359172153744462,0.0119207106781154,0.00607071067812192));
#3256=CARTESIAN_POINT('',(-0.00515,0.0119340305101361,0.00609978955404279));
#3257=CARTESIAN_POINT('',(-0.00504890329077878,0.01193227687807,0.00609979950343638));
#3258=CARTESIAN_POINT('',(-0.00493995661154869,0.011930709825346,0.00609882903360909));
#3259=CARTESIAN_POINT('',(-0.00470289200232207,0.011926918756557,0.00609401954227197));
#3260=CARTESIAN_POINT('',(-0.00457479049635478,0.011924448821609,0.00609036977413289));
#3261=CARTESIAN_POINT('',(-0.00415631198600869,0.0119140333122772,0.0060824923741213));
#3262=CARTESIAN_POINT('',(-0.00388012632080835,0.0119094903839661,0.00608193852944151));
#3263=CARTESIAN_POINT('',(-0.00359074513560677,0.0119091175981375,0.00608230375809877));
#3264=CARTESIAN_POINT('',(-0.00515,0.0119165896224169,0.00609984666846671));
#3265=CARTESIAN_POINT('',(-0.00505489253636665,0.0119166578970518,0.0060998409258197));
#3266=CARTESIAN_POINT('',(-0.00494886632971485,0.0119161166932547,0.0060997413052622));
#3267=CARTESIAN_POINT('',(-0.00471393366565068,0.01191363661469,0.00609710898305951));
#3268=CARTESIAN_POINT('',(-0.00458504363226756,0.0119114518210394,0.00609476553478506));
#3269=CARTESIAN_POINT('',(-0.00416227885872029,0.0119020577860335,0.00608945388222074));
#3270=CARTESIAN_POINT('',(-0.0038794232556308,0.0118968628061322,0.00608926662167483));
#3271=CARTESIAN_POINT('',(-0.00358980226745028,0.0118957931462652,0.00608962608856829));
#3272=CARTESIAN_POINT('',(-0.00515,0.0118805769221237,0.00610177827884722));
#3273=CARTESIAN_POINT('',(-0.00504646930078542,0.0118805536094571,0.00610178160987266));
#3274=CARTESIAN_POINT('',(-0.00493289914707106,0.0118802964762602,0.0061020600992008));
#3275=CARTESIAN_POINT('',(-0.00468864868210683,0.011879259103818,0.00610149534316727));
#3276=CARTESIAN_POINT('',(-0.00455797658287159,0.0118783559051314,0.00610074672449098));
#3277=CARTESIAN_POINT('',(-0.00414464310097293,0.0118745409142987,0.00609867834037981));
#3278=CARTESIAN_POINT('',(-0.00386359567877778,0.011872173467608,0.00609829735695407));
#3279=CARTESIAN_POINT('',(-0.00358840473205623,0.0118705875648531,0.0060984742095189));
#3280=CARTESIAN_POINT('',(-0.00515,0.0118671264575551,0.0061));
#3281=CARTESIAN_POINT('',(-0.00503205681961632,0.0118671264575551,0.0061));
#3282=CARTESIAN_POINT('',(-0.00490802224626111,0.0118667758651155,0.0061));
#3283=CARTESIAN_POINT('',(-0.00465232203523437,0.0118656362583215,0.0061));
#3284=CARTESIAN_POINT('',(-0.00452065639756285,0.0118648472439671,0.0061));
#3285=CARTESIAN_POINT('',(-0.00412104047051398,0.0118622167124781,0.0061));
#3286=CARTESIAN_POINT('',(-0.00384847116710231,0.0118601117069176,0.0061));
#3287=CARTESIAN_POINT('',(-0.00358795006481866,0.0118587064353132,0.0061));
#3288=CARTESIAN_POINT('',(-0.00515,0.01185,0.0061));
#3289=CARTESIAN_POINT('',(-0.00501982917206822,0.01185,0.0061));
#3290=CARTESIAN_POINT('',(-0.00488965834413644,0.01185,0.0061));
#3291=CARTESIAN_POINT('',(-0.00462931668827289,0.01185,0.0061));
#3292=CARTESIAN_POINT('',(-0.00449914586034111,0.01185,0.0061));
#3293=CARTESIAN_POINT('',(-0.00410863337654578,0.01185,0.0061));
#3294=CARTESIAN_POINT('',(-0.00384829172068222,0.01185,0.0061));
#3295=CARTESIAN_POINT('',(-0.00358795006481866,0.01185,0.0061));
#3296=CARTESIAN_POINT('',(-0.0035917215374446,0.0119207106781154,0.00607071067812192));
#3297=CARTESIAN_POINT('',(-0.00359046437990262,0.0119021986658733,0.0060892226903623));
#3298=CARTESIAN_POINT('',(-0.00358920722236064,0.0118761799387784,0.0061));
#3299=CARTESIAN_POINT('',(-0.00358795006481866,0.01185,0.0061));
#3300=CARTESIAN_POINT('',(-0.00359172153744462,0.0119207106781154,0.00607071067812192));
#3301=CARTESIAN_POINT('',(-0.00515,0.0119503153762538,0.00609979563092231));
#3302=CARTESIAN_POINT('',(-0.00502032748481294,0.0119462441597244,0.00609979411170243));
#3303=CARTESIAN_POINT('',(-0.00489074727572112,0.0119432791023833,0.0060962770653935));
#3304=CARTESIAN_POINT('',(-0.00463116072888139,0.0119376560360762,0.00608753976447157));
#3305=CARTESIAN_POINT('',(-0.00450115439113349,0.0119349980271102,0.00608231950985857));
#3306=CARTESIAN_POINT('',(-0.0041095800736358,0.0119246266677724,0.00607209570237445));
#3307=CARTESIAN_POINT('',(-0.00385146287423261,0.0119207337251706,0.00607068763106673));
#3308=CARTESIAN_POINT('',(-0.00359172153744462,0.0119207106781154,0.00607071067812192));
#3309=CARTESIAN_POINT('',(-0.00515,0.0119503153762538,0.00609979563092231));
#3310=CARTESIAN_POINT('',(-0.00502032748481294,0.0119543865927833,0.00609979715014219));
#3311=CARTESIAN_POINT('',(-0.00489107587516814,0.0119602851252319,0.00609628341138071));
#3312=CARTESIAN_POINT('',(-0.00463342693206213,0.0119731301020782,0.00608139803456777));
#3313=CARTESIAN_POINT('',(-0.00450502959860092,0.0119800765464759,0.0060700263965163));
#3314=CARTESIAN_POINT('',(-0.00412113771014126,0.0119985776677583,0.00602288355843605));
#3315=CARTESIAN_POINT('',(-0.00386390659422731,0.0119958324960619,0.0059815166204048));
#3316=CARTESIAN_POINT('',(-0.00360937353819072,0.0119792887548652,0.00593250913588592));
#3317=CARTESIAN_POINT('',(-0.00502032748481294,0.0119462441597244,0.00609979411170243));
#3318=CARTESIAN_POINT('',(-0.00491953225222686,0.0119509976430784,0.00609744662371751));
#3319=CARTESIAN_POINT('',(-0.00481250659865036,0.0119567498117405,0.00609301995662909));
#3320=CARTESIAN_POINT('',(-0.00458719259751423,0.0119688026912308,0.0060777734045828));
#3321=CARTESIAN_POINT('',(-0.00446889984793053,0.0119751092888138,0.00606695870008835));
#3322=CARTESIAN_POINT('',(-0.00409895068026627,0.0119926740842007,0.00602095508336707));
#3323=CARTESIAN_POINT('',(-0.00385053824253244,0.0119890788923882,0.00598219927090894));
#3324=CARTESIAN_POINT('',(-0.00360838367274281,0.0119734922512905,0.00593824094461461));
#3325=CARTESIAN_POINT('',(-0.00489074727572112,0.0119432791023833,0.0060962770653935));
#3326=CARTESIAN_POINT('',(-0.00481202425755112,0.0119484080405268,0.00609334266573675));
#3327=CARTESIAN_POINT('',(-0.00472199847997845,0.0119537893329941,0.00608874724983906));
#3328=CARTESIAN_POINT('',(-0.00452287925212238,0.0119645821563039,0.00607381200257773));
#3329=CARTESIAN_POINT('',(-0.00441377919880287,0.0119700025172785,0.00606347994190924));
#3330=CARTESIAN_POINT('',(-0.00406322314901762,0.011985590400452,0.00601930748181861));
#3331=CARTESIAN_POINT('',(-0.00382769174008724,0.0119815655551465,0.00598309910423939));
#3332=CARTESIAN_POINT('',(-0.00360712908592433,0.0119683039372403,0.00594502246960852));
#3333=CARTESIAN_POINT('',(-0.00463116072888139,0.0119376560360762,0.00608753976447157));
#3334=CARTESIAN_POINT('',(-0.00458440177887961,0.0119433111512627,0.00608366694897507));
#3335=CARTESIAN_POINT('',(-0.0045204912381009,0.011948041941796,0.0060786512089232));
#3336=CARTESIAN_POINT('',(-0.00436593741707111,0.0119565987192592,0.00606424964363463));
#3337=CARTESIAN_POINT('',(-0.0042752858830249,0.0119604357438542,0.00605487353176685));
#3338=CARTESIAN_POINT('',(-0.00397463639742177,0.0119719968159076,0.00601590611376254));
#3339=CARTESIAN_POINT('',(-0.00377370025545713,0.0119679182174121,0.00598585064669863));
#3340=CARTESIAN_POINT('',(-0.00360418167036439,0.0119597372387755,0.00595924212152793));
#3341=CARTESIAN_POINT('',(-0.00450115439113349,0.0119349980271102,0.00608231950985857));
#3342=CARTESIAN_POINT('',(-0.00446429865980954,0.0119406635070453,0.00607811776111646));
#3343=CARTESIAN_POINT('',(-0.00440950916228381,0.011945044493087,0.00607286173118082));
#3344=CARTESIAN_POINT('',(-0.00427333023664738,0.0119525726468197,0.00605869100717589));
#3345=CARTESIAN_POINT('',(-0.00419193310499458,0.0119557301163316,0.00604978537891759));
#3346=CARTESIAN_POINT('',(-0.00392178854200028,0.0119653465576069,0.00601417491817722));
#3347=CARTESIAN_POINT('',(-0.00374255527327221,0.0119617842169193,0.00598770235582743));
#3348=CARTESIAN_POINT('',(-0.00360248884162293,0.0119563588543609,0.00596668024845343));
#3349=CARTESIAN_POINT('',(-0.0041095800736358,0.0119246266677724,0.00607209570237445));
#3350=CARTESIAN_POINT('',(-0.00408620961556581,0.0119302617368659,0.00606659546047888));
#3351=CARTESIAN_POINT('',(-0.00405075868968021,0.0119343867262319,0.00606027172806724));
#3352=CARTESIAN_POINT('',(-0.00396461559758857,0.0119409696809462,0.00604610994406813));
#3353=CARTESIAN_POINT('',(-0.00391391902935848,0.0119434335330492,0.00603827707294409));
#3354=CARTESIAN_POINT('',(-0.00375237290721877,0.0119503496885514,0.00601208858665263));
#3355=CARTESIAN_POINT('',(-0.00365265933974926,0.0119497994263921,0.00599546156212995));
#3356=CARTESIAN_POINT('',(-0.00359688979374125,0.0119498289214497,0.00598781528622904));
#3357=CARTESIAN_POINT('',(-0.00385146287423261,0.0119207337251706,0.00607068763106673));
#3358=CARTESIAN_POINT('',(-0.00383713115094474,0.0119263553957728,0.00606506218187933));
#3359=CARTESIAN_POINT('',(-0.00381447589189103,0.0119309953732508,0.00605797455555948));
#3360=CARTESIAN_POINT('',(-0.00376228781048772,0.0119385909262572,0.00604296876932799));
#3361=CARTESIAN_POINT('',(-0.00373275498813811,0.0119415465017856,0.00603505060941635));
#3362=CARTESIAN_POINT('',(-0.00364849443849907,0.0119483051018949,0.00601319106030342));
#3363=CARTESIAN_POINT('',(-0.00359810462861942,0.01195,0.00600114460172413));
#3364=CARTESIAN_POINT('',(-0.00359257674156253,0.01195,0.006));
#3365=CARTESIAN_POINT('',(-0.00359172153744462,0.0119207106781154,0.00607071067812192));
#3366=CARTESIAN_POINT('',(-0.00359220973836354,0.0119265072181043,0.0060649141381335));
#3367=CARTESIAN_POINT('',(-0.00359277780786398,0.0119312360707166,0.00605774216035753));
#3368=CARTESIAN_POINT('',(-0.00359365294729146,0.0119389015210658,0.00604267447971615));
#3369=CARTESIAN_POINT('',(-0.0035939600172185,0.0119418381188028,0.00603477877685075));
#3370=CARTESIAN_POINT('',(-0.00359385862253487,0.0119484742095178,0.00601304680634891));
#3371=CARTESIAN_POINT('',(-0.00359242755345946,0.01195,0.00600116567680685));
#3372=CARTESIAN_POINT('',(-0.00358795006481866,0.01195,0.006));
#3373=CARTESIAN_POINT('',(-0.00358795006481866,0.01195,0.006));
#3374=CARTESIAN_POINT('',(-0.00358920722236064,0.01195,0.00602617993878146));
#3375=CARTESIAN_POINT('',(-0.00359046437990262,0.0119392226903597,0.00605219866587936));
#3376=CARTESIAN_POINT('',(-0.0035917215374446,0.0119207106781154,0.00607071067812192));
#3377=CARTESIAN_POINT('',(-0.00360937353819073,0.0119792887548652,0.00593250913588592));
#3378=CARTESIAN_POINT('',(-0.0036035175308068,0.0119607770800732,0.00595011438831927));
#3379=CARTESIAN_POINT('',(-0.00359576248335255,0.01195,0.00597498157077639));
#3380=CARTESIAN_POINT('',(-0.00358795006481867,0.01195,0.006));
#3381=CARTESIAN_POINT('',(-0.00360937353819072,0.0119792887548652,0.00593250913588592));
#3382=CARTESIAN_POINT('',(-0.00515,0.0119503153762538,0.00609979563092231));
#3383=CARTESIAN_POINT('',(-0.00502032748481294,0.0119543865927833,0.00609979715014219));
#3384=CARTESIAN_POINT('',(-0.00489107587516814,0.0119602851252319,0.00609628341138071));
#3385=CARTESIAN_POINT('',(-0.00463342693206213,0.0119731301020782,0.00608139803456777));
#3386=CARTESIAN_POINT('',(-0.00450502959860092,0.0119800765464759,0.0060700263965163));
#3387=CARTESIAN_POINT('',(-0.00412113771014126,0.0119985776677583,0.00602288355843605));
#3388=CARTESIAN_POINT('',(-0.00386390659422731,0.0119958324960619,0.0059815166204048));
#3389=CARTESIAN_POINT('',(-0.00360937353819072,0.0119792887548652,0.00593250913588592));
#3390=CARTESIAN_POINT('',(-0.0112497956309223,0.0119503153762538,8.64875532186562E-19));
#3391=CARTESIAN_POINT('',(-0.0112497895540428,0.0119340305101361,8.10665423562307E-19));
#3392=CARTESIAN_POINT('',(-0.0112498466684667,0.0119165896224169,-2.75935861350731E-19));
#3393=CARTESIAN_POINT('',(-0.0112517782788472,0.0118805769221237,1.32058937673478E-19));
#3394=CARTESIAN_POINT('',(-0.01125,0.0118671264575551,2.44162686734683E-19));
#3395=CARTESIAN_POINT('',(-0.01125,0.01185,0.));
#3396=CARTESIAN_POINT('',(-0.0112497941117024,0.0119462441597244,-0.000129672515187068));
#3397=CARTESIAN_POINT('',(-0.0112497995034364,0.01193227687807,-0.000101096709221224));
#3398=CARTESIAN_POINT('',(-0.0112498409258197,0.0119166578970518,-9.51074636333525E-5));
#3399=CARTESIAN_POINT('',(-0.0112517816098727,0.0118805536094571,-0.000103530699214579));
#3400=CARTESIAN_POINT('',(-0.01125,0.0118671264575551,-0.000117943180383678));
#3401=CARTESIAN_POINT('',(-0.01125,0.01185,-0.000130170827931777));
#3402=CARTESIAN_POINT('',(-0.0112462770653935,0.0119432791023833,-0.000259252724278893));
#3403=CARTESIAN_POINT('',(-0.0112488290336091,0.011930709825346,-0.000210043388451321));
#3404=CARTESIAN_POINT('',(-0.0112497413052622,0.0119161166932547,-0.000201133670285156));
#3405=CARTESIAN_POINT('',(-0.0112520600992008,0.0118802964762602,-0.000217100852928942));
#3406=CARTESIAN_POINT('',(-0.01125,0.0118667758651155,-0.000241977753738894));
#3407=CARTESIAN_POINT('',(-0.01125,0.01185,-0.000260341655863555));
#3408=CARTESIAN_POINT('',(-0.0112375397644716,0.0119376560360762,-0.000518839271118623));
#3409=CARTESIAN_POINT('',(-0.011244019542272,0.011926918756557,-0.000447107997677947));
#3410=CARTESIAN_POINT('',(-0.0112471089830595,0.01191363661469,-0.00043606633434933));
#3411=CARTESIAN_POINT('',(-0.0112514953431673,0.011879259103818,-0.000461351317893172));
#3412=CARTESIAN_POINT('',(-0.01125,0.0118656362583215,-0.000497677964765631));
#3413=CARTESIAN_POINT('',(-0.01125,0.01185,-0.00052068331172711));
#3414=CARTESIAN_POINT('',(-0.0112323195098586,0.0119349980271102,-0.000648845608866529));
#3415=CARTESIAN_POINT('',(-0.0112403697741329,0.011924448821609,-0.000575209503645228));
#3416=CARTESIAN_POINT('',(-0.0112447655347851,0.0119114518210394,-0.000564956367732451));
#3417=CARTESIAN_POINT('',(-0.011250746724491,0.0118783559051314,-0.000592023417128414));
#3418=CARTESIAN_POINT('',(-0.01125,0.0118648472439671,-0.000629343602437154));
#3419=CARTESIAN_POINT('',(-0.01125,0.01185,-0.000650854139658888));
#3420=CARTESIAN_POINT('',(-0.0112220957023745,0.0119246266677724,-0.00104041992636422));
#3421=CARTESIAN_POINT('',(-0.0112324923741213,0.0119140333122772,-0.000993688013991322));
#3422=CARTESIAN_POINT('',(-0.0112394538822207,0.0119020577860335,-0.000987721141279725));
#3423=CARTESIAN_POINT('',(-0.0112486783403798,0.0118745409142987,-0.00100535689902708));
#3424=CARTESIAN_POINT('',(-0.01125,0.0118622167124781,-0.00102895952948603));
#3425=CARTESIAN_POINT('',(-0.01125,0.01185,-0.00104136662345422));
#3426=CARTESIAN_POINT('',(-0.0112206876310667,0.0119207337251706,-0.0012985371257674));
#3427=CARTESIAN_POINT('',(-0.0112319385294415,0.0119094903839661,-0.00126987367919166));
#3428=CARTESIAN_POINT('',(-0.0112392666216748,0.0118968628061322,-0.0012705767443692));
#3429=CARTESIAN_POINT('',(-0.0112482973569541,0.011872173467608,-0.00128640432122221));
#3430=CARTESIAN_POINT('',(-0.01125,0.0118601117069176,-0.00130152883289768));
#3431=CARTESIAN_POINT('',(-0.01125,0.01185,-0.00130170827931778));
#3432=CARTESIAN_POINT('',(-0.0112207106781219,0.0119207106781154,-0.00155827846255538));
#3433=CARTESIAN_POINT('',(-0.0112323037580988,0.0119091175981375,-0.00155925486439322));
#3434=CARTESIAN_POINT('',(-0.0112396260885683,0.0118957931462652,-0.00156019773254972));
#3435=CARTESIAN_POINT('',(-0.0112484742095189,0.0118705875648531,-0.00156159526794377));
#3436=CARTESIAN_POINT('',(-0.01125,0.0118587064353132,-0.00156204993518133));
#3437=CARTESIAN_POINT('',(-0.01125,0.01185,-0.00156204993518133));
#3438=CARTESIAN_POINT('',(-0.0112497956309223,0.0119503153762538,8.64875532186562E-19));
#3439=CARTESIAN_POINT('',(-0.0112497941117024,0.0119462441597244,-0.000129672515187068));
#3440=CARTESIAN_POINT('',(-0.0112462770653935,0.0119432791023833,-0.000259252724278893));
#3441=CARTESIAN_POINT('',(-0.0112375397644716,0.0119376560360762,-0.000518839271118623));
#3442=CARTESIAN_POINT('',(-0.0112323195098586,0.0119349980271102,-0.000648845608866529));
#3443=CARTESIAN_POINT('',(-0.0112220957023745,0.0119246266677724,-0.00104041992636422));
#3444=CARTESIAN_POINT('',(-0.0112206876310667,0.0119207337251706,-0.0012985371257674));
#3445=CARTESIAN_POINT('',(-0.0112207106781219,0.0119207106781154,-0.00155827846255538));
#3446=CARTESIAN_POINT('',(-0.0112207106781219,0.0119207106781154,-0.00155827846255538));
#3447=CARTESIAN_POINT('',(-0.0112497956309223,0.0119503153762538,8.64875532186562E-19));
#3448=CARTESIAN_POINT('',(-0.01125,0.01185,-0.00156204993518133));
#3449=CARTESIAN_POINT('',(-0.01125,0.0118761799387784,-0.00156079277763935));
#3450=CARTESIAN_POINT('',(-0.0112392226903623,0.0119021986658733,-0.00155953562009736));
#3451=CARTESIAN_POINT('',(-0.0112207106781219,0.0119207106781154,-0.00155827846255538));
#3452=CARTESIAN_POINT('',(-0.0112497956309223,0.0119503153762538,8.64875532186562E-19));
#3453=CARTESIAN_POINT('',(-0.0112497895540428,0.0119340305101361,8.10665423562301E-19));
#3454=CARTESIAN_POINT('',(-0.0112498466684667,0.0119165896224169,-2.75935861350737E-19));
#3455=CARTESIAN_POINT('',(-0.0112517782788472,0.0118805769221237,1.32058937673475E-19));
#3456=CARTESIAN_POINT('',(-0.01125,0.0118671264575551,2.44162686734683E-19));
#3457=CARTESIAN_POINT('',(-0.01125,0.01185,0.));
#3458=CARTESIAN_POINT('',(-0.0112497956309223,0.0119503153762538,8.64875532186562E-19));
#3459=CARTESIAN_POINT('',(-0.0112497941117024,0.0119462441597244,0.00012967251518707));
#3460=CARTESIAN_POINT('',(-0.0112462770653935,0.0119432791023833,0.000259252724278894));
#3461=CARTESIAN_POINT('',(-0.0112375397644716,0.0119376560360762,0.000518839271118627));
#3462=CARTESIAN_POINT('',(-0.0112323195098586,0.0119349980271102,0.000648845608866534));
#3463=CARTESIAN_POINT('',(-0.0112220957023744,0.0119246266677724,0.00104041992636423));
#3464=CARTESIAN_POINT('',(-0.0112206876310667,0.0119207337251706,0.0012985371257674));
#3465=CARTESIAN_POINT('',(-0.0112207106781219,0.0119207106781154,0.00155827846255538));
#3466=CARTESIAN_POINT('',(-0.0112497895540428,0.0119340305101361,8.10665423562301E-19));
#3467=CARTESIAN_POINT('',(-0.0112497995034364,0.01193227687807,0.000101096709221226));
#3468=CARTESIAN_POINT('',(-0.0112488290336091,0.011930709825346,0.000210043388451322));
#3469=CARTESIAN_POINT('',(-0.011244019542272,0.011926918756557,0.00044710799767795));
#3470=CARTESIAN_POINT('',(-0.0112403697741329,0.011924448821609,0.000575209503645233));
#3471=CARTESIAN_POINT('',(-0.0112324923741213,0.0119140333122772,0.000993688013991332));
#3472=CARTESIAN_POINT('',(-0.0112319385294415,0.0119094903839661,0.00126987367919166));
#3473=CARTESIAN_POINT('',(-0.0112323037580988,0.0119091175981375,0.00155925486439322));
#3474=CARTESIAN_POINT('',(-0.0112498466684667,0.0119165896224169,-2.75935861350737E-19));
#3475=CARTESIAN_POINT('',(-0.0112498409258197,0.0119166578970518,9.5107463633352E-5));
#3476=CARTESIAN_POINT('',(-0.0112497413052622,0.0119161166932547,0.000201133670285156));
#3477=CARTESIAN_POINT('',(-0.0112471089830595,0.01191363661469,0.000436066334349332));
#3478=CARTESIAN_POINT('',(-0.0112447655347851,0.0119114518210394,0.000564956367732454));
#3479=CARTESIAN_POINT('',(-0.0112394538822207,0.0119020577860335,0.000987721141279732));
#3480=CARTESIAN_POINT('',(-0.0112392666216748,0.0118968628061322,0.00127057674436921));
#3481=CARTESIAN_POINT('',(-0.0112396260885683,0.0118957931462652,0.00156019773254972));
#3482=CARTESIAN_POINT('',(-0.0112517782788472,0.0118805769221237,1.32058937673475E-19));
#3483=CARTESIAN_POINT('',(-0.0112517816098727,0.0118805536094571,0.000103530699214579));
#3484=CARTESIAN_POINT('',(-0.0112520600992008,0.0118802964762602,0.000217100852928942));
#3485=CARTESIAN_POINT('',(-0.0112514953431673,0.011879259103818,0.000461351317893173));
#3486=CARTESIAN_POINT('',(-0.011250746724491,0.0118783559051314,0.000592023417128415));
#3487=CARTESIAN_POINT('',(-0.0112486783403798,0.0118745409142987,0.00100535689902708));
#3488=CARTESIAN_POINT('',(-0.0112482973569541,0.011872173467608,0.00128640432122222));
#3489=CARTESIAN_POINT('',(-0.0112484742095189,0.0118705875648531,0.00156159526794377));
#3490=CARTESIAN_POINT('',(-0.01125,0.0118671264575551,2.44162686734683E-19));
#3491=CARTESIAN_POINT('',(-0.01125,0.0118671264575551,0.000117943180383678));
#3492=CARTESIAN_POINT('',(-0.01125,0.0118667758651155,0.000241977753738894));
#3493=CARTESIAN_POINT('',(-0.01125,0.0118656362583215,0.000497677964765632));
#3494=CARTESIAN_POINT('',(-0.01125,0.0118648472439671,0.000629343602437155));
#3495=CARTESIAN_POINT('',(-0.01125,0.0118622167124781,0.00102895952948603));
#3496=CARTESIAN_POINT('',(-0.01125,0.0118601117069176,0.00130152883289768));
#3497=CARTESIAN_POINT('',(-0.01125,0.0118587064353132,0.00156204993518133));
#3498=CARTESIAN_POINT('',(-0.01125,0.01185,0.));
#3499=CARTESIAN_POINT('',(-0.01125,0.01185,0.000130170827931777));
#3500=CARTESIAN_POINT('',(-0.01125,0.01185,0.000260341655863555));
#3501=CARTESIAN_POINT('',(-0.01125,0.01185,0.00052068331172711));
#3502=CARTESIAN_POINT('',(-0.01125,0.01185,0.000650854139658888));
#3503=CARTESIAN_POINT('',(-0.01125,0.01185,0.00104136662345422));
#3504=CARTESIAN_POINT('',(-0.01125,0.01185,0.00130170827931778));
#3505=CARTESIAN_POINT('',(-0.01125,0.01185,0.00156204993518133));
#3506=CARTESIAN_POINT('',(-0.0112207106781219,0.0119207106781154,0.00155827846255538));
#3507=CARTESIAN_POINT('',(-0.0112392226903623,0.0119021986658733,0.00155953562009736));
#3508=CARTESIAN_POINT('',(-0.01125,0.0118761799387784,0.00156079277763935));
#3509=CARTESIAN_POINT('',(-0.01125,0.01185,0.00156204993518133));
#3510=CARTESIAN_POINT('',(-0.0112207106781219,0.0119207106781154,0.00155827846255538));
#3511=CARTESIAN_POINT('',(-0.0112497956309223,0.0119503153762538,8.64875532186562E-19));
#3512=CARTESIAN_POINT('',(-0.0112497941117024,0.0119462441597244,0.00012967251518707));
#3513=CARTESIAN_POINT('',(-0.0112462770653935,0.0119432791023833,0.000259252724278894));
#3514=CARTESIAN_POINT('',(-0.0112375397644716,0.0119376560360762,0.000518839271118627));
#3515=CARTESIAN_POINT('',(-0.0112323195098586,0.0119349980271102,0.000648845608866534));
#3516=CARTESIAN_POINT('',(-0.0112220957023744,0.0119246266677724,0.00104041992636423));
#3517=CARTESIAN_POINT('',(-0.0112206876310667,0.0119207337251706,0.0012985371257674));
#3518=CARTESIAN_POINT('',(-0.0112207106781219,0.0119207106781154,0.00155827846255538));
#3519=CARTESIAN_POINT('',(-0.0112497956309223,0.0119503153762538,8.64875532186562E-19));
#3520=CARTESIAN_POINT('',(-0.0112497971501422,0.0119543865927833,0.00012967251518707));
#3521=CARTESIAN_POINT('',(-0.0112462834113807,0.0119602851252319,0.000258924124831872));
#3522=CARTESIAN_POINT('',(-0.0112313980345678,0.0119731301020782,0.000516573067937888));
#3523=CARTESIAN_POINT('',(-0.0112200263965163,0.0119800765464759,0.000644970401399101));
#3524=CARTESIAN_POINT('',(-0.011172883558436,0.0119985776677583,0.00102886228985877));
#3525=CARTESIAN_POINT('',(-0.0111315166204048,0.0119958324960619,0.00128609340577271));
#3526=CARTESIAN_POINT('',(-0.0110825091358859,0.0119792887548652,0.00154062646180928));
#3527=CARTESIAN_POINT('',(-0.0112497941117024,0.0119462441597244,0.00012967251518707));
#3528=CARTESIAN_POINT('',(-0.0112474466237175,0.0119509976430784,0.000230467747773158));
#3529=CARTESIAN_POINT('',(-0.0112430199566291,0.0119567498117405,0.000337493401349659));
#3530=CARTESIAN_POINT('',(-0.0112277734045828,0.0119688026912308,0.00056280740248579));
#3531=CARTESIAN_POINT('',(-0.0112169587000884,0.0119751092888138,0.000681100152069485));
#3532=CARTESIAN_POINT('',(-0.0111709550833671,0.0119926740842007,0.00105104931973376));
#3533=CARTESIAN_POINT('',(-0.0111321992709089,0.0119890788923882,0.00129946175746757));
#3534=CARTESIAN_POINT('',(-0.0110882409446146,0.0119734922512905,0.00154161632725719));
#3535=CARTESIAN_POINT('',(-0.0112462770653935,0.0119432791023833,0.000259252724278894));
#3536=CARTESIAN_POINT('',(-0.0112433426657367,0.0119484080405268,0.000337975742448892));
#3537=CARTESIAN_POINT('',(-0.0112387472498391,0.0119537893329941,0.000428001520021566));
#3538=CARTESIAN_POINT('',(-0.0112238120025777,0.0119645821563039,0.000627120747877645));
#3539=CARTESIAN_POINT('',(-0.0112134799419092,0.0119700025172785,0.000736220801197149));
#3540=CARTESIAN_POINT('',(-0.0111693074818186,0.011985590400452,0.0010867768509824));
#3541=CARTESIAN_POINT('',(-0.0111330991042394,0.0119815655551465,0.00132230825991276));
#3542=CARTESIAN_POINT('',(-0.0110950224696085,0.0119683039372403,0.00154287091407566));
#3543=CARTESIAN_POINT('',(-0.0112375397644716,0.0119376560360762,0.000518839271118627));
#3544=CARTESIAN_POINT('',(-0.0112336669489751,0.0119433111512627,0.00056559822112041));
#3545=CARTESIAN_POINT('',(-0.0112286512089232,0.011948041941796,0.000629508761899124));
#3546=CARTESIAN_POINT('',(-0.0112142496436346,0.0119565987192592,0.000784062582928919));
#3547=CARTESIAN_POINT('',(-0.0112048735317669,0.0119604357438542,0.000874714116975122));
#3548=CARTESIAN_POINT('',(-0.0111659061137625,0.0119719968159076,0.00117536360257824));
#3549=CARTESIAN_POINT('',(-0.0111358506466986,0.0119679182174121,0.00137629974454288));
#3550=CARTESIAN_POINT('',(-0.0111092421215279,0.0119597372387755,0.00154581832963561));
#3551=CARTESIAN_POINT('',(-0.0112323195098586,0.0119349980271102,0.000648845608866534));
#3552=CARTESIAN_POINT('',(-0.0112281177611165,0.0119406635070453,0.000685701340190484));
#3553=CARTESIAN_POINT('',(-0.0112228617311808,0.011945044493087,0.000740490837716213));
#3554=CARTESIAN_POINT('',(-0.0112086910071759,0.0119525726468198,0.000876669763352634));
#3555=CARTESIAN_POINT('',(-0.0111997853789176,0.0119557301163316,0.000958066895005441));
#3556=CARTESIAN_POINT('',(-0.0111641749181772,0.0119653465576069,0.00122821145799974));
#3557=CARTESIAN_POINT('',(-0.0111377023558274,0.0119617842169193,0.0014074447267278));
#3558=CARTESIAN_POINT('',(-0.0111166802484534,0.0119563588543609,0.00154751115837708));
#3559=CARTESIAN_POINT('',(-0.0112220957023744,0.0119246266677724,0.00104041992636423));
#3560=CARTESIAN_POINT('',(-0.0112165954604789,0.0119302617368659,0.00106379038443422));
#3561=CARTESIAN_POINT('',(-0.0112102717280672,0.0119343867262319,0.00109924131031982));
#3562=CARTESIAN_POINT('',(-0.0111961099440681,0.0119409696809462,0.00118538440241145));
#3563=CARTESIAN_POINT('',(-0.0111882770729441,0.0119434335330492,0.00123608097064154));
#3564=CARTESIAN_POINT('',(-0.0111620885866526,0.0119503496885514,0.00139762709278125));
#3565=CARTESIAN_POINT('',(-0.0111454615621299,0.0119497994263921,0.00149734066025075));
#3566=CARTESIAN_POINT('',(-0.011137815286229,0.0119498289214497,0.00155311020625875));
#3567=CARTESIAN_POINT('',(-0.0112206876310667,0.0119207337251706,0.0012985371257674));
#3568=CARTESIAN_POINT('',(-0.0112150621818793,0.0119263553957728,0.00131286884905527));
#3569=CARTESIAN_POINT('',(-0.0112079745555595,0.0119309953732508,0.00133552410810898));
#3570=CARTESIAN_POINT('',(-0.011192968769328,0.0119385909262572,0.00138771218951229));
#3571=CARTESIAN_POINT('',(-0.0111850506094163,0.0119415465017856,0.0014172450118619));
#3572=CARTESIAN_POINT('',(-0.0111631910603034,0.0119483051018949,0.00150150556150093));
#3573=CARTESIAN_POINT('',(-0.0111511446017241,0.01195,0.00155189537138058));
#3574=CARTESIAN_POINT('',(-0.01115,0.01195,0.00155742325843747));
#3575=CARTESIAN_POINT('',(-0.0112207106781219,0.0119207106781154,0.00155827846255538));
#3576=CARTESIAN_POINT('',(-0.0112149141381335,0.0119265072181043,0.00155779026163645));
#3577=CARTESIAN_POINT('',(-0.0112077421603575,0.0119312360707166,0.00155722219213601));
#3578=CARTESIAN_POINT('',(-0.0111926744797161,0.0119389015210658,0.00155634705270854));
#3579=CARTESIAN_POINT('',(-0.0111847787768507,0.0119418381188028,0.0015560399827815));
#3580=CARTESIAN_POINT('',(-0.0111630468063489,0.0119484742095178,0.00155614137746512));
#3581=CARTESIAN_POINT('',(-0.0111511656768069,0.01195,0.00155757244654054));
#3582=CARTESIAN_POINT('',(-0.01115,0.01195,0.00156204993518133));
#3583=CARTESIAN_POINT('',(-0.01115,0.01195,0.00156204993518133));
#3584=CARTESIAN_POINT('',(-0.0111761799387815,0.01195,0.00156079277763935));
#3585=CARTESIAN_POINT('',(-0.0112021986658794,0.0119392226903597,0.00155953562009736));
#3586=CARTESIAN_POINT('',(-0.0112207106781219,0.0119207106781154,0.00155827846255538));
#3587=CARTESIAN_POINT('',(-0.0110825091358859,0.0119792887548652,0.00154062646180928));
#3588=CARTESIAN_POINT('',(-0.0111001143883193,0.0119607770800732,0.00154648246919321));
#3589=CARTESIAN_POINT('',(-0.0111249815707764,0.01195,0.00155423751664746));
#3590=CARTESIAN_POINT('',(-0.01115,0.01195,0.00156204993518134));
#3591=CARTESIAN_POINT('',(-0.0110825091358859,0.0119792887548652,0.00154062646180928));
#3592=CARTESIAN_POINT('',(-0.0112497956309223,0.0119503153762538,8.64875532186562E-19));
#3593=CARTESIAN_POINT('',(-0.0112497971501422,0.0119543865927833,0.00012967251518707));
#3594=CARTESIAN_POINT('',(-0.0112462834113807,0.0119602851252319,0.000258924124831872));
#3595=CARTESIAN_POINT('',(-0.0112313980345678,0.0119731301020782,0.000516573067937888));
#3596=CARTESIAN_POINT('',(-0.0112200263965163,0.0119800765464759,0.000644970401399101));
#3597=CARTESIAN_POINT('',(-0.0111885978377961,0.0119924106273309,0.000900898327038877));
#3598=CARTESIAN_POINT('',(-0.0111703989636083,0.0119948078546205,0.00102918808742731));
#3599=CARTESIAN_POINT('',(-0.0111296064837829,0.0119923828536868,0.00128541889080337));
#3600=CARTESIAN_POINT('',(-0.0111070128781454,0.0119875606254635,0.001413359933791));
#3601=CARTESIAN_POINT('',(-0.0110825091358859,0.0119792887548652,0.00154062646180928));
#3602=CARTESIAN_POINT('',(-0.0112497956309223,0.0119503153762538,8.64875532186562E-19));
#3603=CARTESIAN_POINT('',(-0.0112498017078018,0.0119666002423716,1.02750585805937E-18));
#3604=CARTESIAN_POINT('',(-0.0112498718046137,0.0119839496527416,2.12616027156429E-18));
#3605=CARTESIAN_POINT('',(-0.0112481721340266,0.012019604718826,1.43559945069943E-18));
#3606=CARTESIAN_POINT('',(-0.01125,0.0120329476466094,1.17291103425231E-18));
#3607=CARTESIAN_POINT('',(-0.01125,0.01205,1.12055182121983E-18));
#3608=CARTESIAN_POINT('',(-0.0112497971501422,0.0119543865927833,0.00012967251518707));
#3609=CARTESIAN_POINT('',(-0.0112498129584668,0.0119683337668744,0.000100493755950951));
#3610=CARTESIAN_POINT('',(-0.011249876777983,0.011983884288181,9.42820962129578E-5));
#3611=CARTESIAN_POINT('',(-0.0112481690826289,0.0120196297649731,0.000102430841108718));
#3612=CARTESIAN_POINT('',(-0.01125,0.0120329476466094,0.000116791245742474));
#3613=CARTESIAN_POINT('',(-0.01125,0.01205,0.000128756615249855));
#3614=CARTESIAN_POINT('',(-0.0112462834113807,0.0119602851252319,0.000258924124831872));
#3615=CARTESIAN_POINT('',(-0.011247918598621,0.0119724894548806,0.0002093537441921));
#3616=CARTESIAN_POINT('',(-0.0112481922695261,0.0119864386795729,0.000200099751143224));
#3617=CARTESIAN_POINT('',(-0.0112458597387968,0.0120207533445026,0.000215278260679771));
#3618=CARTESIAN_POINT('',(-0.0112466335167527,0.0120335947084274,0.000239710763265195));
#3619=CARTESIAN_POINT('',(-0.0112459248205942,0.01205,0.000257513373894024));
#3620=CARTESIAN_POINT('',(-0.0112313980345678,0.0119731301020782,0.000516573067937888));
#3621=CARTESIAN_POINT('',(-0.0112360849293788,0.0119833254471242,0.00044546025959353));
#3622=CARTESIAN_POINT('',(-0.0112365432713303,0.0119945307945346,0.000434090093762201));
#3623=CARTESIAN_POINT('',(-0.0112328535421515,0.0120242603770739,0.000457827010044185));
#3624=CARTESIAN_POINT('',(-0.0112314126939301,0.0120354731676582,0.000492934092157498));
#3625=CARTESIAN_POINT('',(-0.0112296067679335,0.01205,0.000514775779702425));
#3626=CARTESIAN_POINT('',(-0.0112200263965163,0.0119800765464759,0.000644970401399101));
#3627=CARTESIAN_POINT('',(-0.0112261604491188,0.0119900177051967,0.00057271590648114));
#3628=CARTESIAN_POINT('',(-0.0112265931138467,0.0120000804719393,0.000562265681652801));
#3629=CARTESIAN_POINT('',(-0.0112221631028325,0.0120266498070333,0.000587520532398911));
#3630=CARTESIAN_POINT('',(-0.0112195573459691,0.012036704565071,0.000623225607973361));
#3631=CARTESIAN_POINT('',(-0.0112173638654312,0.01205,0.000643281713860978));
#3632=CARTESIAN_POINT('',(-0.0111885978377961,0.0119924106273309,0.000900898327038877));
#3633=CARTESIAN_POINT('',(-0.0111932120495952,0.0120036012441137,0.00084723354089631));
#3634=CARTESIAN_POINT('',(-0.0111932836385703,0.0120119010965158,0.000840094385803579));
#3635=CARTESIAN_POINT('',(-0.0111893860370298,0.0120317484058701,0.000859508802134368));
#3636=CARTESIAN_POINT('',(-0.0111867719576153,0.0120390419074506,0.00088606237355789));
#3637=CARTESIAN_POINT('',(-0.0111846587408942,0.01205,0.000899783040447829));
#3638=CARTESIAN_POINT('',(-0.0111703989636083,0.0119948078546205,0.00102918808742731));
#3639=CARTESIAN_POINT('',(-0.0111733283171051,0.0120067338013023,0.000984579035569875));
#3640=CARTESIAN_POINT('',(-0.0111726008730639,0.0120151609223234,0.000979635046962124));
#3641=CARTESIAN_POINT('',(-0.0111684067317522,0.0120333258152115,0.000996643242528251));
#3642=CARTESIAN_POINT('',(-0.0111658436418351,0.0120401478524174,0.00101859542670213));
#3643=CARTESIAN_POINT('',(-0.0111641964595515,0.01205,0.00102777872040796));
#3644=CARTESIAN_POINT('',(-0.0111296064837829,0.0119923828536868,0.00128541889080337));
#3645=CARTESIAN_POINT('',(-0.0111270215017638,0.0120049885456014,0.00126046312344583));
#3646=CARTESIAN_POINT('',(-0.0111236227585736,0.0120150194638244,0.00125882229493927));
#3647=CARTESIAN_POINT('',(-0.0111177441424746,0.0120336818204432,0.00126905034891723));
#3648=CARTESIAN_POINT('',(-0.0111154903213687,0.0120415245018638,0.00128091923140177));
#3649=CARTESIAN_POINT('',(-0.0111149679853599,0.01205,0.00128298288602643));
#3650=CARTESIAN_POINT('',(-0.0111070128781454,0.0119875606254635,0.001413359933791));
#3651=CARTESIAN_POINT('',(-0.0111005984189125,0.012000110732712,0.00139900171664823));
#3652=CARTESIAN_POINT('',(-0.0110953296818045,0.0120116181795178,0.00139846294205959));
#3653=CARTESIAN_POINT('',(-0.0110880653801576,0.0120324604163336,0.00140431120755587));
#3654=CARTESIAN_POINT('',(-0.0110860698156187,0.0120417952063435,0.00141069824764079));
#3655=CARTESIAN_POINT('',(-0.0110862017015243,0.01205,0.00141019165984511));
#3656=CARTESIAN_POINT('',(-0.0110825091358859,0.0119792887548652,0.00154062646180928));
#3657=CARTESIAN_POINT('',(-0.0110710455184285,0.0119908817620146,0.00153864673091347));
#3658=CARTESIAN_POINT('',(-0.01106372468607,0.0120042062715779,0.00153770401080816));
#3659=CARTESIAN_POINT('',(-0.0110548148300815,0.0120294120888502,0.00153680843604547));
#3660=CARTESIAN_POINT('',(-0.0110532258064516,0.0120412933965592,0.00153685558138808));
#3661=CARTESIAN_POINT('',(-0.0110532258064516,0.01205,0.00153685558138808));
#3662=CARTESIAN_POINT('',(-0.0110532258064516,0.01205,0.00153685558138809));
#3663=CARTESIAN_POINT('',(-0.0110535374345242,0.012023819793925,0.00153565858480483));
#3664=CARTESIAN_POINT('',(-0.0110642787321861,0.0119978008076665,0.00153717622813224));
#3665=CARTESIAN_POINT('',(-0.0110825091358859,0.0119792887548652,0.00154062646180928));
#3666=CARTESIAN_POINT('',(-0.0112497956309223,0.0119503153762538,8.64875532186562E-19));
#3667=CARTESIAN_POINT('',(-0.0112498017078018,0.0119666002423716,1.02750585805937E-18));
#3668=CARTESIAN_POINT('',(-0.0112498718046137,0.0119839496527416,2.12616027156429E-18));
#3669=CARTESIAN_POINT('',(-0.0112481721340266,0.012019604718826,1.43559945069943E-18));
#3670=CARTESIAN_POINT('',(-0.01125,0.0120329476466094,1.17291103425231E-18));
#3671=CARTESIAN_POINT('',(-0.01125,0.01205,1.12055182121983E-18));
#3672=CARTESIAN_POINT('',(-0.0112497956309223,0.0119503153762538,8.64875532186562E-19));
#3673=CARTESIAN_POINT('',(-0.0112497971501422,0.0119543865927833,-0.000129672515187068));
#3674=CARTESIAN_POINT('',(-0.0112462834113807,0.0119602851252319,-0.00025892412483187));
#3675=CARTESIAN_POINT('',(-0.0112313980345678,0.0119731301020783,-0.000516573067937883));
#3676=CARTESIAN_POINT('',(-0.0112200263965163,0.0119800765464759,-0.000644970401399094));
#3677=CARTESIAN_POINT('',(-0.0111885978377961,0.0119924106273309,-0.000900898327038865));
#3678=CARTESIAN_POINT('',(-0.0111703989636083,0.0119948078546205,-0.00102918808742729));
#3679=CARTESIAN_POINT('',(-0.0111296064837829,0.0119923828536868,-0.00128541889080336));
#3680=CARTESIAN_POINT('',(-0.0111070128781454,0.0119875606254635,-0.00141335993379099));
#3681=CARTESIAN_POINT('',(-0.0110825091358859,0.0119792887548652,-0.00154062646180927));
#3682=CARTESIAN_POINT('',(-0.0112498017078018,0.0119666002423716,1.02750585805937E-18));
#3683=CARTESIAN_POINT('',(-0.0112498129584668,0.0119683337668744,-0.000100493755950949));
#3684=CARTESIAN_POINT('',(-0.0112479185986211,0.0119724894548806,-0.000209353744192097));
#3685=CARTESIAN_POINT('',(-0.0112360849293788,0.0119833254471242,-0.000445460259593523));
#3686=CARTESIAN_POINT('',(-0.0112261604491188,0.0119900177051967,-0.000572715906481131));
#3687=CARTESIAN_POINT('',(-0.0111932120495952,0.0120036012441138,-0.000847233540896294));
#3688=CARTESIAN_POINT('',(-0.0111733283171051,0.0120067338013023,-0.000984579035569858));
#3689=CARTESIAN_POINT('',(-0.0111270215017638,0.0120049885456014,-0.00126046312344582));
#3690=CARTESIAN_POINT('',(-0.0111005984189125,0.012000110732712,-0.00139900171664821));
#3691=CARTESIAN_POINT('',(-0.0110710455184285,0.0119908817620146,-0.00153864673091346));
#3692=CARTESIAN_POINT('',(-0.0112498718046137,0.0119839496527416,2.12616027156429E-18));
#3693=CARTESIAN_POINT('',(-0.011249876777983,0.011983884288181,-9.42820962129536E-5));
#3694=CARTESIAN_POINT('',(-0.0112481922695261,0.0119864386795729,-0.000200099751143219));
#3695=CARTESIAN_POINT('',(-0.0112365432713303,0.0119945307945346,-0.000434090093762193));
#3696=CARTESIAN_POINT('',(-0.0112265931138467,0.0120000804719394,-0.000562265681652791));
#3697=CARTESIAN_POINT('',(-0.0111932836385703,0.0120119010965158,-0.000840094385803563));
#3698=CARTESIAN_POINT('',(-0.0111726008730639,0.0120151609223234,-0.000979635046962106));
#3699=CARTESIAN_POINT('',(-0.0111236227585736,0.0120150194638244,-0.00125882229493925));
#3700=CARTESIAN_POINT('',(-0.0110953296818045,0.0120116181795178,-0.00139846294205958));
#3701=CARTESIAN_POINT('',(-0.01106372468607,0.0120042062715779,-0.00153770401080816));
#3702=CARTESIAN_POINT('',(-0.0112481721340266,0.012019604718826,1.43559945069943E-18));
#3703=CARTESIAN_POINT('',(-0.0112481690826289,0.0120196297649731,-0.000102430841108715));
#3704=CARTESIAN_POINT('',(-0.0112458597387968,0.0120207533445026,-0.000215278260679767));
#3705=CARTESIAN_POINT('',(-0.0112328535421515,0.0120242603770739,-0.000457827010044179));
#3706=CARTESIAN_POINT('',(-0.0112221631028326,0.0120266498070333,-0.000587520532398904));
#3707=CARTESIAN_POINT('',(-0.0111893860370298,0.0120317484058701,-0.000859508802134358));
#3708=CARTESIAN_POINT('',(-0.0111684067317522,0.0120333258152115,-0.000996643242528238));
#3709=CARTESIAN_POINT('',(-0.0111177441424746,0.0120336818204432,-0.00126905034891722));
#3710=CARTESIAN_POINT('',(-0.0110880653801576,0.0120324604163336,-0.00140431120755587));
#3711=CARTESIAN_POINT('',(-0.0110548148300815,0.0120294120888502,-0.00153680843604547));
#3712=CARTESIAN_POINT('',(-0.01125,0.0120329476466094,1.17291103425231E-18));
#3713=CARTESIAN_POINT('',(-0.01125,0.0120329476466094,-0.000116791245742471));
#3714=CARTESIAN_POINT('',(-0.0112466335167527,0.0120335947084274,-0.000239710763265192));
#3715=CARTESIAN_POINT('',(-0.0112314126939301,0.0120354731676582,-0.000492934092157494));
#3716=CARTESIAN_POINT('',(-0.0112195573459691,0.012036704565071,-0.000623225607973356));
#3717=CARTESIAN_POINT('',(-0.0111867719576153,0.0120390419074506,-0.000886062373557884));
#3718=CARTESIAN_POINT('',(-0.0111658436418351,0.0120401478524174,-0.00101859542670212));
#3719=CARTESIAN_POINT('',(-0.0111154903213687,0.0120415245018638,-0.00128091923140176));
#3720=CARTESIAN_POINT('',(-0.0110860698156187,0.0120417952063435,-0.00141069824764078));
#3721=CARTESIAN_POINT('',(-0.0110532258064516,0.0120412933965592,-0.00153685558138808));
#3722=CARTESIAN_POINT('',(-0.01125,0.01205,1.12055182121983E-18));
#3723=CARTESIAN_POINT('',(-0.01125,0.01205,-0.000128756615249853));
#3724=CARTESIAN_POINT('',(-0.0112459248205942,0.01205,-0.000257513373894022));
#3725=CARTESIAN_POINT('',(-0.0112296067679335,0.01205,-0.000514775779702423));
#3726=CARTESIAN_POINT('',(-0.0112173638654312,0.01205,-0.000643281713860975));
#3727=CARTESIAN_POINT('',(-0.0111846587408942,0.01205,-0.000899783040447826));
#3728=CARTESIAN_POINT('',(-0.0111641964595515,0.01205,-0.00102777872040796));
#3729=CARTESIAN_POINT('',(-0.0111149679853599,0.01205,-0.00128298288602643));
#3730=CARTESIAN_POINT('',(-0.0110862017015243,0.01205,-0.00141019165984511));
#3731=CARTESIAN_POINT('',(-0.0110532258064516,0.01205,-0.00153685558138808));
#3732=CARTESIAN_POINT('',(-0.0110825091358859,0.0119792887548652,-0.00154062646180929));
#3733=CARTESIAN_POINT('',(-0.0110642787321861,0.0119978008076665,-0.00153717622813223));
#3734=CARTESIAN_POINT('',(-0.0110535374345242,0.012023819793925,-0.00153565858480481));
#3735=CARTESIAN_POINT('',(-0.0110532258064516,0.01205,-0.00153685558138806));
#3736=CARTESIAN_POINT('',(-0.0110825091358859,0.0119792887548652,-0.00154062646180927));
#3737=CARTESIAN_POINT('',(-0.0112497956309223,0.0119503153762538,8.64875532186562E-19));
#3738=CARTESIAN_POINT('',(-0.0112497971501422,0.0119543865927833,-0.000129672515187068));
#3739=CARTESIAN_POINT('',(-0.0112462834113807,0.0119602851252319,-0.00025892412483187));
#3740=CARTESIAN_POINT('',(-0.0112313980345678,0.0119731301020783,-0.000516573067937883));
#3741=CARTESIAN_POINT('',(-0.0112200263965163,0.0119800765464759,-0.000644970401399094));
#3742=CARTESIAN_POINT('',(-0.0111885978377961,0.0119924106273309,-0.000900898327038865));
#3743=CARTESIAN_POINT('',(-0.0111703989636083,0.0119948078546205,-0.00102918808742729));
#3744=CARTESIAN_POINT('',(-0.0111296064837829,0.0119923828536868,-0.00128541889080336));
#3745=CARTESIAN_POINT('',(-0.0111070128781454,0.0119875606254635,-0.00141335993379099));
#3746=CARTESIAN_POINT('',(-0.0110825091358859,0.0119792887548652,-0.00154062646180927));
#3747=CARTESIAN_POINT('',(-0.01115,0.01185,-0.00525));
#3748=CARTESIAN_POINT('',(-0.01115,0.01185,0.00525));
#3749=CARTESIAN_POINT('',(-0.01115,0.01185,-0.00525));
#3750=CARTESIAN_POINT('',(-0.01115,0.01185,-0.00525));
#3751=CARTESIAN_POINT('',(-0.0112207106781219,0.0119207106781154,-0.00155827846255538));
#3752=CARTESIAN_POINT('',(-0.0112021986658794,0.0119392226903597,-0.00155953562009736));
#3753=CARTESIAN_POINT('',(-0.0111761799387815,0.01195,-0.00156079277763935));
#3754=CARTESIAN_POINT('',(-0.01115,0.01195,-0.00156204993518133));
#3755=CARTESIAN_POINT('',(0.01115,0.01185,0.00525));
#3756=CARTESIAN_POINT('',(0.01115,0.01185,-0.00525));
#3757=CARTESIAN_POINT('',(0.01115,0.01185,0.00525));
#3758=CARTESIAN_POINT('',(0.0104,0.01185,0.00525));
#3759=CARTESIAN_POINT('',(0.0104,0.01185,0.006));
#3760=CARTESIAN_POINT('',(-0.0104,0.01185,0.00525));
#3761=CARTESIAN_POINT('',(-0.0104,0.01185,0.006));
#3762=CARTESIAN_POINT('',(-0.0112497956309223,0.0119503153762538,8.64875532186562E-19));
#3763=CARTESIAN_POINT('',(-0.0112497941117024,0.0119462441597244,-0.000129672515187068));
#3764=CARTESIAN_POINT('',(-0.0112462770653935,0.0119432791023833,-0.000259252724278893));
#3765=CARTESIAN_POINT('',(-0.0112375397644716,0.0119376560360762,-0.000518839271118623));
#3766=CARTESIAN_POINT('',(-0.0112323195098586,0.0119349980271102,-0.000648845608866529));
#3767=CARTESIAN_POINT('',(-0.0112220957023745,0.0119246266677724,-0.00104041992636422));
#3768=CARTESIAN_POINT('',(-0.0112206876310667,0.0119207337251706,-0.0012985371257674));
#3769=CARTESIAN_POINT('',(-0.0112207106781219,0.0119207106781154,-0.00155827846255538));
#3770=CARTESIAN_POINT('',(-0.0112497971501422,0.0119543865927833,-0.000129672515187068));
#3771=CARTESIAN_POINT('',(-0.0112474466237175,0.0119509976430785,-0.000230467747773155));
#3772=CARTESIAN_POINT('',(-0.0112433426657368,0.0119484080405269,-0.00033797574244889));
#3773=CARTESIAN_POINT('',(-0.0112336669489751,0.0119433111512628,-0.000565598221120406));
#3774=CARTESIAN_POINT('',(-0.0112281177611165,0.0119406635070453,-0.000685701340190479));
#3775=CARTESIAN_POINT('',(-0.0112165954604789,0.0119302617368659,-0.00106379038443421));
#3776=CARTESIAN_POINT('',(-0.0112150621818793,0.0119263553957728,-0.00131286884905527));
#3777=CARTESIAN_POINT('',(-0.0112149141381335,0.0119265072181043,-0.00155779026163645));
#3778=CARTESIAN_POINT('',(-0.0112462834113807,0.0119602851252319,-0.00025892412483187));
#3779=CARTESIAN_POINT('',(-0.0112430199566291,0.0119567498117405,-0.000337493401349656));
#3780=CARTESIAN_POINT('',(-0.0112387472498391,0.0119537893329941,-0.000428001520021563));
#3781=CARTESIAN_POINT('',(-0.0112286512089232,0.011948041941796,-0.00062950876189912));
#3782=CARTESIAN_POINT('',(-0.0112228617311808,0.011945044493087,-0.000740490837716209));
#3783=CARTESIAN_POINT('',(-0.0112102717280672,0.0119343867262319,-0.00109924131031981));
#3784=CARTESIAN_POINT('',(-0.0112079745555595,0.0119309953732508,-0.00133552410810898));
#3785=CARTESIAN_POINT('',(-0.0112077421603575,0.0119312360707166,-0.00155722219213601));
#3786=CARTESIAN_POINT('',(-0.0112313980345678,0.0119731301020783,-0.000516573067937883));
#3787=CARTESIAN_POINT('',(-0.0112277734045828,0.0119688026912308,-0.000562807402485786));
#3788=CARTESIAN_POINT('',(-0.0112238120025777,0.0119645821563039,-0.000627120747877641));
#3789=CARTESIAN_POINT('',(-0.0112142496436346,0.0119565987192592,-0.000784062582928915));
#3790=CARTESIAN_POINT('',(-0.0112086910071759,0.0119525726468198,-0.000876669763352631));
#3791=CARTESIAN_POINT('',(-0.0111961099440681,0.0119409696809462,-0.00118538440241145));
#3792=CARTESIAN_POINT('',(-0.011192968769328,0.0119385909262572,-0.00138771218951229));
#3793=CARTESIAN_POINT('',(-0.0111926744797161,0.0119389015210658,-0.00155634705270854));
#3794=CARTESIAN_POINT('',(-0.0112200263965163,0.0119800765464759,-0.000644970401399094));
#3795=CARTESIAN_POINT('',(-0.0112169587000884,0.0119751092888138,-0.000681100152069479));
#3796=CARTESIAN_POINT('',(-0.0112134799419092,0.0119700025172785,-0.000736220801197144));
#3797=CARTESIAN_POINT('',(-0.0112048735317669,0.0119604357438542,-0.000874714116975118));
#3798=CARTESIAN_POINT('',(-0.0111997853789176,0.0119557301163316,-0.000958066895005437));
#3799=CARTESIAN_POINT('',(-0.0111882770729441,0.0119434335330493,-0.00123608097064154));
#3800=CARTESIAN_POINT('',(-0.0111850506094163,0.0119415465017856,-0.0014172450118619));
#3801=CARTESIAN_POINT('',(-0.0111847787768507,0.0119418381188028,-0.0015560399827815));
#3802=CARTESIAN_POINT('',(-0.011172883558436,0.0119985776677583,-0.00102886228985875));
#3803=CARTESIAN_POINT('',(-0.0111709550833671,0.0119926740842007,-0.00105104931973374));
#3804=CARTESIAN_POINT('',(-0.0111693074818186,0.011985590400452,-0.00108677685098239));
#3805=CARTESIAN_POINT('',(-0.0111659061137625,0.0119719968159076,-0.00117536360257824));
#3806=CARTESIAN_POINT('',(-0.0111641749181772,0.0119653465576069,-0.00122821145799973));
#3807=CARTESIAN_POINT('',(-0.0111620885866526,0.0119503496885514,-0.00139762709278124));
#3808=CARTESIAN_POINT('',(-0.0111631910603034,0.0119483051018949,-0.00150150556150093));
#3809=CARTESIAN_POINT('',(-0.0111630468063489,0.0119484742095178,-0.00155614137746512));
#3810=CARTESIAN_POINT('',(-0.0111315166204048,0.0119958324960619,-0.0012860934057727));
#3811=CARTESIAN_POINT('',(-0.0111321992709089,0.0119890788923882,-0.00129946175746756));
#3812=CARTESIAN_POINT('',(-0.0111330991042394,0.0119815655551465,-0.00132230825991276));
#3813=CARTESIAN_POINT('',(-0.0111358506466986,0.0119679182174121,-0.00137629974454287));
#3814=CARTESIAN_POINT('',(-0.0111377023558274,0.0119617842169193,-0.00140744472672779));
#3815=CARTESIAN_POINT('',(-0.0111454615621299,0.0119497994263921,-0.00149734066025075));
#3816=CARTESIAN_POINT('',(-0.0111511446017241,0.01195,-0.00155189537138058));
#3817=CARTESIAN_POINT('',(-0.0111511656768069,0.01195,-0.00155757244654054));
#3818=CARTESIAN_POINT('',(-0.0110825091358859,0.0119792887548652,-0.00154062646180927));
#3819=CARTESIAN_POINT('',(-0.0110882409446146,0.0119734922512905,-0.00154161632725718));
#3820=CARTESIAN_POINT('',(-0.0110950224696085,0.0119683039372403,-0.00154287091407566));
#3821=CARTESIAN_POINT('',(-0.0111092421215279,0.0119597372387755,-0.00154581832963561));
#3822=CARTESIAN_POINT('',(-0.0111166802484534,0.0119563588543609,-0.00154751115837707));
#3823=CARTESIAN_POINT('',(-0.011137815286229,0.0119498289214497,-0.00155311020625875));
#3824=CARTESIAN_POINT('',(-0.01115,0.01195,-0.00155742325843747));
#3825=CARTESIAN_POINT('',(-0.01115,0.01195,-0.00156204993518133));
#3826=CARTESIAN_POINT('',(-0.01115,0.01195,-0.0015620499351813));
#3827=CARTESIAN_POINT('',(-0.0111249815707764,0.01195,-0.00155423751664744));
#3828=CARTESIAN_POINT('',(-0.0111001143883193,0.0119607770800732,-0.0015464824691932));
#3829=CARTESIAN_POINT('',(-0.0110825091358859,0.0119792887548652,-0.00154062646180929));
#3830=CARTESIAN_POINT('',(-0.0104,0.01185,-0.00525));
#3831=CARTESIAN_POINT('',(-0.0104,0.01185,-0.006));
#3832=CARTESIAN_POINT('',(0.0104,0.01185,-0.00525));
#3833=CARTESIAN_POINT('',(0.0104,0.01185,-0.006));
#3834=CARTESIAN_POINT('',(-0.0152,0.01185,0.006));
#3835=CARTESIAN_POINT('',(-0.0152,0.01185,0.006));
#3836=CARTESIAN_POINT('',(-0.00515,0.01205,0.));
#3837=CARTESIAN_POINT('',(-0.00515,0.01205,0.));
#3838=CARTESIAN_POINT('',(-0.0152,0.01185,-0.006));
#3839=CARTESIAN_POINT('',(-0.0152,0.01185,-0.006));
#3840=CARTESIAN_POINT('',(-0.0035917215374446,0.0119207106781154,-0.00607071067812192));
#3841=CARTESIAN_POINT('',(-0.00359046437990262,0.0119392226903597,-0.00605219866587936));
#3842=CARTESIAN_POINT('',(-0.00358920722236064,0.01195,-0.00602617993878146));
#3843=CARTESIAN_POINT('',(-0.00358795006481866,0.01195,-0.006));
#3844=CARTESIAN_POINT('',(-0.00515,0.0119503153762538,0.00609979563092231));
#3845=CARTESIAN_POINT('',(-0.00515,0.0119666002423716,0.00609980170780184));
#3846=CARTESIAN_POINT('',(-0.00515,0.0119839496527415,0.00609987180461374));
#3847=CARTESIAN_POINT('',(-0.00515,0.012019604718826,0.00609817213402661));
#3848=CARTESIAN_POINT('',(-0.00515,0.0120329476466094,0.0061));
#3849=CARTESIAN_POINT('',(-0.00515,0.01205,0.0061));
#3850=CARTESIAN_POINT('',(-0.00502032748481294,0.0119543865927833,0.00609979715014219));
#3851=CARTESIAN_POINT('',(-0.00504950624404905,0.0119683337668744,0.00609981295846682));
#3852=CARTESIAN_POINT('',(-0.00505571790378705,0.011983884288181,0.00609987677798301));
#3853=CARTESIAN_POINT('',(-0.00504756915889128,0.0120196297649731,0.00609816908262886));
#3854=CARTESIAN_POINT('',(-0.00503320875425753,0.0120329476466094,0.0061));
#3855=CARTESIAN_POINT('',(-0.00502124338475015,0.01205,0.0061));
#3856=CARTESIAN_POINT('',(-0.00489107587516814,0.0119602851252319,0.00609628341138071));
#3857=CARTESIAN_POINT('',(-0.00494064625580791,0.0119724894548806,0.00609791859862105));
#3858=CARTESIAN_POINT('',(-0.00494990024885679,0.0119864386795729,0.00609819226952611));
#3859=CARTESIAN_POINT('',(-0.00493472173932023,0.0120207533445026,0.00609585973879681));
#3860=CARTESIAN_POINT('',(-0.00491028923673481,0.0120335947084274,0.00609663351675267));
#3861=CARTESIAN_POINT('',(-0.00489248662610597,0.01205,0.00609592482059424));
#3862=CARTESIAN_POINT('',(-0.00463342693206213,0.0119731301020782,0.00608139803456777));
#3863=CARTESIAN_POINT('',(-0.00470453974040649,0.0119833254471242,0.00608608492937883));
#3864=CARTESIAN_POINT('',(-0.00471590990623782,0.0119945307945346,0.00608654327133028));
#3865=CARTESIAN_POINT('',(-0.00469217298995582,0.0120242603770739,0.00608285354215152));
#3866=CARTESIAN_POINT('',(-0.00465706590784251,0.0120354731676582,0.0060814126939301));
#3867=CARTESIAN_POINT('',(-0.00463522422029757,0.01205,0.00607960676793352));
#3868=CARTESIAN_POINT('',(-0.00450502959860092,0.0119800765464759,0.0060700263965163));
#3869=CARTESIAN_POINT('',(-0.00457728409351888,0.0119900177051967,0.0060761604491188));
#3870=CARTESIAN_POINT('',(-0.00458773431834722,0.0120000804719394,0.00607659311384672));
#3871=CARTESIAN_POINT('',(-0.0045624794676011,0.0120266498070333,0.00607216310283256));
#3872=CARTESIAN_POINT('',(-0.00452677439202664,0.012036704565071,0.00606955734596908));
#3873=CARTESIAN_POINT('',(-0.00450671828613902,0.01205,0.00606736386543118));
#3874=CARTESIAN_POINT('',(-0.00424910167296115,0.0119924106273309,0.00603859783779613));
#3875=CARTESIAN_POINT('',(-0.00430276645910372,0.0120036012441138,0.00604321204959521));
#3876=CARTESIAN_POINT('',(-0.00430990561419645,0.0120119010965158,0.00604328363857029));
#3877=CARTESIAN_POINT('',(-0.00429049119786564,0.0120317484058701,0.00603938603702985));
#3878=CARTESIAN_POINT('',(-0.00426393762644211,0.0120390419074506,0.0060367719576153));
#3879=CARTESIAN_POINT('',(-0.00425021695955216,0.01205,0.00603465874089417));
#3880=CARTESIAN_POINT('',(-0.00412081191257271,0.0119948078546205,0.00602039896360828));
#3881=CARTESIAN_POINT('',(-0.00416542096443016,0.0120067338013023,0.0060233283171051));
#3882=CARTESIAN_POINT('',(-0.0041703649530379,0.0120151609223234,0.00602260087306393));
#3883=CARTESIAN_POINT('',(-0.00415335675747176,0.0120333258152115,0.00601840673175217));
#3884=CARTESIAN_POINT('',(-0.00413140457329788,0.0120401478524174,0.0060158436418351));
#3885=CARTESIAN_POINT('',(-0.00412222127959203,0.01205,0.00601419645955149));
#3886=CARTESIAN_POINT('',(-0.00386458110919665,0.0119923828536868,0.00597960648378289));
#3887=CARTESIAN_POINT('',(-0.00388953687655419,0.0120049885456014,0.00597702150176376));
#3888=CARTESIAN_POINT('',(-0.00389117770506075,0.0120150194638244,0.00597362275857365));
#3889=CARTESIAN_POINT('',(-0.00388094965108277,0.0120336818204432,0.00596774414247461));
#3890=CARTESIAN_POINT('',(-0.00386908076859823,0.0120415245018638,0.00596549032136873));
#3891=CARTESIAN_POINT('',(-0.00386701711397355,0.01205,0.00596496798535988));
#3892=CARTESIAN_POINT('',(-0.00373664006620901,0.0119875606254635,0.00595701287814536));
#3893=CARTESIAN_POINT('',(-0.00375099828335178,0.012000110732712,0.00595059841891254));
#3894=CARTESIAN_POINT('',(-0.00375153705794041,0.0120116181795178,0.00594532968180449));
#3895=CARTESIAN_POINT('',(-0.00374568879244413,0.0120324604163336,0.00593806538015758));
#3896=CARTESIAN_POINT('',(-0.00373930175235921,0.0120417952063435,0.00593606981561872));
#3897=CARTESIAN_POINT('',(-0.00373980834015488,0.01205,0.00593620170152428));
#3898=CARTESIAN_POINT('',(-0.00360937353819072,0.0119792887548652,0.00593250913588592));
#3899=CARTESIAN_POINT('',(-0.00361135326908654,0.0119908817620146,0.00592104551842855));
#3900=CARTESIAN_POINT('',(-0.00361229598919183,0.0120042062715779,0.00591372468606997));
#3901=CARTESIAN_POINT('',(-0.00361319156395452,0.0120294120888502,0.00590481483008151));
#3902=CARTESIAN_POINT('',(-0.00361314441861191,0.0120412933965592,0.00590322580645161));
#3903=CARTESIAN_POINT('',(-0.00361314441861191,0.01205,0.00590322580645161));
#3904=CARTESIAN_POINT('',(-0.00361314441861192,0.01205,0.00590322580645161));
#3905=CARTESIAN_POINT('',(-0.00361434141519518,0.012023819793925,0.00590353743452416));
#3906=CARTESIAN_POINT('',(-0.00361282377186778,0.0119978008076665,0.00591427873218614));
#3907=CARTESIAN_POINT('',(-0.00360937353819073,0.0119792887548652,0.00593250913588592));
#3908=CARTESIAN_POINT('',(-0.00515,0.0119503153762538,-0.00609979563092231));
#3909=CARTESIAN_POINT('',(-0.00502032748481293,0.0119462441597244,-0.00609979411170242));
#3910=CARTESIAN_POINT('',(-0.00489074727572111,0.0119432791023833,-0.00609627706539349));
#3911=CARTESIAN_POINT('',(-0.00463116072888137,0.0119376560360762,-0.00608753976447155));
#3912=CARTESIAN_POINT('',(-0.00450115439113346,0.0119349980271102,-0.00608231950985855));
#3913=CARTESIAN_POINT('',(-0.00410958007363578,0.0119246266677724,-0.00607209570237445));
#3914=CARTESIAN_POINT('',(-0.00385146287423259,0.0119207337251706,-0.00607068763106673));
#3915=CARTESIAN_POINT('',(-0.00359172153744462,0.0119207106781154,-0.00607071067812192));
#3916=CARTESIAN_POINT('',(-0.00502032748481293,0.0119543865927833,-0.00609979715014218));
#3917=CARTESIAN_POINT('',(-0.00491953225222684,0.0119509976430785,-0.0060974466237175));
#3918=CARTESIAN_POINT('',(-0.00481202425755111,0.0119484080405269,-0.00609334266573673));
#3919=CARTESIAN_POINT('',(-0.00458440177887959,0.0119433111512628,-0.00608366694897505));
#3920=CARTESIAN_POINT('',(-0.00446429865980952,0.0119406635070453,-0.00607811776111643));
#3921=CARTESIAN_POINT('',(-0.00408620961556578,0.011930261736866,-0.00606659546047888));
#3922=CARTESIAN_POINT('',(-0.00383713115094472,0.0119263553957728,-0.00606506218187933));
#3923=CARTESIAN_POINT('',(-0.00359220973836354,0.0119265072181043,-0.0060649141381335));
#3924=CARTESIAN_POINT('',(-0.00489107587516813,0.0119602851252319,-0.0060962834113807));
#3925=CARTESIAN_POINT('',(-0.00481250659865034,0.0119567498117405,-0.00609301995662908));
#3926=CARTESIAN_POINT('',(-0.00472199847997843,0.0119537893329941,-0.00608874724983904));
#3927=CARTESIAN_POINT('',(-0.00452049123810087,0.011948041941796,-0.00607865120892317));
#3928=CARTESIAN_POINT('',(-0.00440950916228379,0.011945044493087,-0.00607286173118079));
#3929=CARTESIAN_POINT('',(-0.00405075868968018,0.0119343867262319,-0.00606027172806724));
#3930=CARTESIAN_POINT('',(-0.00381447589189101,0.0119309953732508,-0.00605797455555948));
#3931=CARTESIAN_POINT('',(-0.00359277780786398,0.0119312360707166,-0.00605774216035753));
#3932=CARTESIAN_POINT('',(-0.00463342693206211,0.0119731301020783,-0.00608139803456775));
#3933=CARTESIAN_POINT('',(-0.00458719259751421,0.0119688026912308,-0.00607777340458278));
#3934=CARTESIAN_POINT('',(-0.00452287925212235,0.0119645821563039,-0.00607381200257771));
#3935=CARTESIAN_POINT('',(-0.00436593741707108,0.0119565987192592,-0.0060642496436346));
#3936=CARTESIAN_POINT('',(-0.00427333023664736,0.0119525726468198,-0.00605869100717586));
#3937=CARTESIAN_POINT('',(-0.00396461559758854,0.0119409696809462,-0.00604610994406813));
#3938=CARTESIAN_POINT('',(-0.0037622878104877,0.0119385909262572,-0.00604296876932799));
#3939=CARTESIAN_POINT('',(-0.00359365294729146,0.0119389015210658,-0.00604267447971615));
#3940=CARTESIAN_POINT('',(-0.0045050295986009,0.0119800765464759,-0.00607002639651628));
#3941=CARTESIAN_POINT('',(-0.00446889984793051,0.0119751092888138,-0.00606695870008833));
#3942=CARTESIAN_POINT('',(-0.00441377919880285,0.0119700025172785,-0.00606347994190922));
#3943=CARTESIAN_POINT('',(-0.00427528588302487,0.0119604357438542,-0.00605487353176683));
#3944=CARTESIAN_POINT('',(-0.00419193310499455,0.0119557301163316,-0.00604978537891757));
#3945=CARTESIAN_POINT('',(-0.00391391902935845,0.0119434335330492,-0.00603827707294409));
#3946=CARTESIAN_POINT('',(-0.00373275498813809,0.0119415465017856,-0.00603505060941634));
#3947=CARTESIAN_POINT('',(-0.0035939600172185,0.0119418381188028,-0.00603477877685075));
#3948=CARTESIAN_POINT('',(-0.00412113771014124,0.0119985776677583,-0.00602288355843605));
#3949=CARTESIAN_POINT('',(-0.00409895068026625,0.0119926740842007,-0.00602095508336707));
#3950=CARTESIAN_POINT('',(-0.00406322314901761,0.011985590400452,-0.00601930748181861));
#3951=CARTESIAN_POINT('',(-0.00397463639742176,0.0119719968159076,-0.00601590611376253));
#3952=CARTESIAN_POINT('',(-0.00392178854200027,0.0119653465576069,-0.00601417491817721));
#3953=CARTESIAN_POINT('',(-0.00375237290721876,0.0119503496885514,-0.00601208858665263));
#3954=CARTESIAN_POINT('',(-0.00364849443849906,0.0119483051018949,-0.00601319106030342));
#3955=CARTESIAN_POINT('',(-0.00359385862253487,0.0119484742095178,-0.00601304680634891));
#3956=CARTESIAN_POINT('',(-0.00386390659422729,0.0119958324960619,-0.0059815166204048));
#3957=CARTESIAN_POINT('',(-0.00385053824253243,0.0119890788923882,-0.00598219927090894));
#3958=CARTESIAN_POINT('',(-0.00382769174008723,0.0119815655551465,-0.00598309910423938));
#3959=CARTESIAN_POINT('',(-0.00377370025545713,0.0119679182174121,-0.00598585064669863));
#3960=CARTESIAN_POINT('',(-0.00374255527327221,0.0119617842169193,-0.00598770235582743));
#3961=CARTESIAN_POINT('',(-0.00365265933974926,0.0119497994263921,-0.00599546156212995));
#3962=CARTESIAN_POINT('',(-0.00359810462861942,0.01195,-0.00600114460172413));
#3963=CARTESIAN_POINT('',(-0.00359242755345946,0.01195,-0.00600116567680685));
#3964=CARTESIAN_POINT('',(-0.00360937353819072,0.0119792887548652,-0.00593250913588592));
#3965=CARTESIAN_POINT('',(-0.00360838367274281,0.0119734922512905,-0.0059382409446146));
#3966=CARTESIAN_POINT('',(-0.00360712908592433,0.0119683039372403,-0.00594502246960852));
#3967=CARTESIAN_POINT('',(-0.00360418167036439,0.0119597372387755,-0.00595924212152793));
#3968=CARTESIAN_POINT('',(-0.00360248884162293,0.0119563588543609,-0.00596668024845343));
#3969=CARTESIAN_POINT('',(-0.00359688979374125,0.0119498289214497,-0.00598781528622904));
#3970=CARTESIAN_POINT('',(-0.00359257674156253,0.01195,-0.006));
#3971=CARTESIAN_POINT('',(-0.00358795006481866,0.01195,-0.006));
#3972=CARTESIAN_POINT('',(-0.00358795006481866,0.01195,-0.006));
#3973=CARTESIAN_POINT('',(-0.00359576248335254,0.01195,-0.00597498157077638));
#3974=CARTESIAN_POINT('',(-0.00360351753080679,0.0119607770800732,-0.00595011438831927));
#3975=CARTESIAN_POINT('',(-0.00360937353819072,0.0119792887548652,-0.00593250913588592));
#3976=CARTESIAN_POINT('',(0.00045,0.01205,0.));
#3977=CARTESIAN_POINT('',(0.00045,0.01205,-0.0029));
#3978=CARTESIAN_POINT('',(0.00045,0.01205,0.0029));
#3979=CARTESIAN_POINT('',(-0.00515,0.01205,0.0029));
#3980=CARTESIAN_POINT('',(0.000329963503528104,0.01205,0.0029));
#3981=CARTESIAN_POINT('',(-0.00515,0.01205,0.));
#3982=CARTESIAN_POINT('',(0.000329963503528102,0.01205,0.0029));
#3983=CARTESIAN_POINT('',(-0.00515,0.01205,0.));
#3984=CARTESIAN_POINT('',(0.000329963503528104,0.01205,-0.0029));
#3985=CARTESIAN_POINT('',(-0.00515,0.01205,-0.0029));
#3986=CARTESIAN_POINT('',(0.000329963503528103,0.01205,-0.0029));
#3987=CARTESIAN_POINT('',(0.000329963503528103,0.01205,0.0029));
#3988=CARTESIAN_POINT('',(0.000329963503528103,0.01205,0.0029));
#3989=CARTESIAN_POINT('',(0.000329963503528103,0.01205,-0.0029));
#3990=CARTESIAN_POINT('',(0.000329963503528102,0.01205,-0.0029));
#3991=CARTESIAN_POINT('',(0.000329963503528103,0.0162,0.0029));
#3992=CARTESIAN_POINT('',(0.000329963503528103,0.0161,0.0029));
#3993=CARTESIAN_POINT('',(-0.00515,0.0161,0.));
#3994=CARTESIAN_POINT('',(0.00015319048728526,0.0161,-0.00280645161290322));
#3995=CARTESIAN_POINT('',(0.00015319048728526,0.0161,0.00280645161290322));
#3996=CARTESIAN_POINT('',(0.000329963503528103,0.0162,-0.0029));
#3997=CARTESIAN_POINT('',(0.000329963503528103,0.0161,-0.0029));
#3998=CARTESIAN_POINT('',(0.000329963503528103,0.0161,0.0029));
#3999=CARTESIAN_POINT('',(0.000329963503528103,0.0161,0.0027));
#4000=CARTESIAN_POINT('',(0.000329963503528103,0.0161,-0.0029));
#4001=CARTESIAN_POINT('',(0.000329963503528103,0.0161,-0.0027));
#4002=CARTESIAN_POINT('',(-0.00515,0.0161,0.0027));
#4003=CARTESIAN_POINT('',(0.00045,0.0161,0.0027));
#4004=CARTESIAN_POINT('',(-0.00515,0.0161,-0.0027));
#4005=CARTESIAN_POINT('',(0.00045,0.0161,-0.0027));
#4006=CARTESIAN_POINT('',(0.00045,0.0161,0.));
#4007=CARTESIAN_POINT('',(-0.00515,0.0193,0.));
#4008=CARTESIAN_POINT('',(-0.00515,0.011949,0.));
#4009=CARTESIAN_POINT('',(-0.00515,0.011949,0.0008));
#4010=CARTESIAN_POINT('',(-0.00515,0.011949,0.));
#4011=CARTESIAN_POINT('',(0.01125,-0.0105472,0.));
#4012=CARTESIAN_POINT('',(0.01125,-0.0105472,0.00525));
#4013=CARTESIAN_POINT('',(0.01125,-0.0105472,0.00525));
#4014=CARTESIAN_POINT('',(0.01125,-0.0105472,0.));
#4015=CARTESIAN_POINT('',(0.01125,-0.0105472,-0.00525));
#4016=CARTESIAN_POINT('',(0.01125,-0.0105472,-0.00525));
#4017=CARTESIAN_POINT('',(0.0104,-0.0105472,0.00525));
#4018=CARTESIAN_POINT('',(0.0104,-0.0105472,0.00525));
#4019=CARTESIAN_POINT('',(-0.0104,-0.0105472,0.00525));
#4020=CARTESIAN_POINT('',(-0.01125,-0.0105472,0.00525));
#4021=CARTESIAN_POINT('',(-0.01125,-0.0105472,0.00525));
#4022=CARTESIAN_POINT('',(-0.0104,-0.0105472,0.00525));
#4023=CARTESIAN_POINT('',(-0.01125,-0.0105472,0.00340602496759067));
#4024=CARTESIAN_POINT('',(-0.01125,-0.0105472,-0.00525));
#4025=CARTESIAN_POINT('',(-0.01125,-0.0105472,-0.00525));
#4026=CARTESIAN_POINT('',(-0.01125,-0.0105472,0.00340602496759067));
#4027=CARTESIAN_POINT('',(-0.0104,-0.0105472,-0.00525));
#4028=CARTESIAN_POINT('',(-0.0104,-0.0105472,-0.00525));
#4029=CARTESIAN_POINT('',(0.0104,-0.0105472,-0.00525));
#4030=CARTESIAN_POINT('',(0.0104,-0.0105472,-0.00525));
#4031=CARTESIAN_POINT('',(0.,-0.0105472,0.));
#4032=MECHANICAL_DESIGN_GEOMETRIC_PRESENTATION_REPRESENTATION('',(#1668),
#4033);
#4033=(
GEOMETRIC_REPRESENTATION_CONTEXT(3)
GLOBAL_UNCERTAINTY_ASSIGNED_CONTEXT((#4034))
GLOBAL_UNIT_ASSIGNED_CONTEXT((#4037,#4036,#4035))
REPRESENTATION_CONTEXT('Tower Pro - Micro Servo 9g - SG90.1',
'TOP_LEVEL_ASSEMBLY_PART')
);
#4034=UNCERTAINTY_MEASURE_WITH_UNIT(LENGTH_MEASURE(2.E-5),#4037,
'DISTANCE_ACCURACY_VALUE','Maximum Tolerance applied to model');
#4035=(
NAMED_UNIT(*)
SI_UNIT($,.STERADIAN.)
SOLID_ANGLE_UNIT()
);
#4036=(
NAMED_UNIT(*)
PLANE_ANGLE_UNIT()
SI_UNIT($,.RADIAN.)
);
#4037=(
LENGTH_UNIT()
NAMED_UNIT(*)
SI_UNIT($,.METRE.)
);
#4038=PRODUCT_DEFINITION_SHAPE('','',#4039);
#4039=PRODUCT_DEFINITION('','',#4041,#4040);
#4040=PRODUCT_DEFINITION_CONTEXT('',#4047,'design');
#4041=PRODUCT_DEFINITION_FORMATION_WITH_SPECIFIED_SOURCE('','',#4043,
 .NOT_KNOWN.);
#4042=PRODUCT_RELATED_PRODUCT_CATEGORY('','',(#4043));
#4043=PRODUCT('Tower Pro - Micro Servo 9g - SG90.1',
'Tower Pro - Micro Servo 9g - SG90.1',
'Tower Pro - Micro Servo 9g - SG90.1',(#4045));
#4044=PRODUCT_CATEGORY('','');
#4045=PRODUCT_CONTEXT('',#4047,'mechanical');
#4046=APPLICATION_PROTOCOL_DEFINITION('international standard',
'ap242_managed_model_based_3d_engineering',2020,#4047);
#4047=APPLICATION_CONTEXT('managed model based 3d engineering');
ENDSEC;
END-ISO-10303-21;
